2025-09-27 23:20:30,951 Worker rq:worker:118959e3afe9428581496b32afe54854 started with PID 1377, version 2.4.0
2025-09-27 23:20:30,951 Subscribing to channel rq:pubsub:118959e3afe9428581496b32afe54854
2025-09-27 23:20:30,953 *** Listening on Users-user-Documents-resturantOS-frappe-bench:short, Users-user-Documents-resturantOS-frappe-bench:default, Users-user-Documents-resturantOS-frappe-bench:long...
2025-09-27 23:20:30,954 Cleaning registries for queue: Users-user-Documents-resturantOS-frappe-bench:short
2025-09-27 23:20:30,957 Cleaning registries for queue: Users-user-Documents-resturantOS-frappe-bench:default
2025-09-27 23:20:30,959 Cleaning registries for queue: Users-user-Documents-resturantOS-frappe-bench:long
2025-09-27 23:34:01,058 Cleaning registries for queue: Users-user-Documents-resturantOS-frappe-bench:short
2025-09-27 23:34:01,060 Cleaning registries for queue: Users-user-Documents-resturantOS-frappe-bench:default
2025-09-27 23:34:01,062 Cleaning registries for queue: Users-user-Documents-resturantOS-frappe-bench:long
2025-09-27 23:39:18,164 Worker 118959e3afe9428581496b32afe54854 [PID 1377]: warm shut down requested
2025-09-27 23:39:18,177 Unsubscribing from channel rq:pubsub:118959e3afe9428581496b32afe54854
2025-09-27 23:40:40,218 Worker rq:worker:bab89bc2147648138af43de15960545d started with PID 6803, version 2.4.0
2025-09-27 23:40:40,218 Subscribing to channel rq:pubsub:bab89bc2147648138af43de15960545d
2025-09-27 23:40:40,219 *** Listening on Users-user-Documents-resturantOS-frappe-bench:short, Users-user-Documents-resturantOS-frappe-bench:default, Users-user-Documents-resturantOS-frappe-bench:long...
2025-09-27 23:40:40,220 Cleaning registries for queue: Users-user-Documents-resturantOS-frappe-bench:short
2025-09-27 23:40:40,223 Cleaning registries for queue: Users-user-Documents-resturantOS-frappe-bench:default
2025-09-27 23:40:40,225 Cleaning registries for queue: Users-user-Documents-resturantOS-frappe-bench:long
2025-09-27 23:41:12,550 Worker bab89bc2147648138af43de15960545d [PID 6803]: warm shut down requested
2025-09-27 23:41:12,568 Unsubscribing from channel rq:pubsub:bab89bc2147648138af43de15960545d
2025-09-28 00:21:46,952 Worker rq:worker:ea21e4823cba490b96ef8bf88ba6a3d7 started with PID 13545, version 2.4.0
2025-09-28 00:21:46,953 Subscribing to channel rq:pubsub:ea21e4823cba490b96ef8bf88ba6a3d7
2025-09-28 00:21:46,954 *** Listening on Users-user-Documents-resturantOS-frappe-bench:short, Users-user-Documents-resturantOS-frappe-bench:default, Users-user-Documents-resturantOS-frappe-bench:long...
2025-09-28 00:21:46,955 Cleaning registries for queue: Users-user-Documents-resturantOS-frappe-bench:short
2025-09-28 00:21:46,958 Cleaning registries for queue: Users-user-Documents-resturantOS-frappe-bench:default
2025-09-28 00:21:46,960 Cleaning registries for queue: Users-user-Documents-resturantOS-frappe-bench:long
2025-09-28 00:26:12,614 Users-user-Documents-resturantOS-frappe-bench:default: frappe.utils.background_jobs.execute_job(event=None, is_async=True, job_name='frappe.core.doctype.user.user.create_contact', kwargs={'user': <User: doctype=User daregoodness@gmail.com>, 'ignore_mandatory': T..., method='frappe.core.doctype.user.user.create_contact', site='resturant.localhost', user='Administrator') (resturant.localhost||710392dc-ce5b-4898-8a81-4aad55eceeb8)
2025-09-28 00:26:15,906 Successfully completed frappe.utils.background_jobs.execute_job(event=None, is_async=True, job_name='frappe.core.doctype.user.user.create_contact', kwargs={'user': <User: doctype=User daregoodness@gmail.com>, 'ignore_mandatory': T..., method='frappe.core.doctype.user.user.create_contact', site='resturant.localhost', user='Administrator') job in 0:00:03.142159s on worker ea21e4823cba490b96ef8bf88ba6a3d7
2025-09-28 00:26:15,907 Users-user-Documents-resturantOS-frappe-bench:default: Job OK (resturant.localhost||710392dc-ce5b-4898-8a81-4aad55eceeb8)
2025-09-28 00:26:15,907 Result is kept for 600 seconds
2025-09-28 00:26:15,924 Users-user-Documents-resturantOS-frappe-bench:default: frappe.utils.background_jobs.execute_job(event=None, is_async=True, job_name='frappe.core.doctype.user.user.update_gravatar', kwargs={'name': 'daregoodness@gmail.com'}, method='frappe.core.doctype.user.user.update_gravatar', site='resturant.localhost', user='Administrator') (resturant.localhost||913bcbb5-aa02-487f-a3af-80b62027e870)
2025-09-28 00:26:17,581 Successfully completed frappe.utils.background_jobs.execute_job(event=None, is_async=True, job_name='frappe.core.doctype.user.user.update_gravatar', kwargs={'name': 'daregoodness@gmail.com'}, method='frappe.core.doctype.user.user.update_gravatar', site='resturant.localhost', user='Administrator') job in 0:00:01.641267s on worker ea21e4823cba490b96ef8bf88ba6a3d7
2025-09-28 00:26:17,582 Users-user-Documents-resturantOS-frappe-bench:default: Job OK (resturant.localhost||913bcbb5-aa02-487f-a3af-80b62027e870)
2025-09-28 00:26:17,582 Result is kept for 600 seconds
2025-09-28 00:33:02,646 Cleaning registries for queue: Users-user-Documents-resturantOS-frappe-bench:short
2025-09-28 00:33:02,655 Cleaning registries for queue: Users-user-Documents-resturantOS-frappe-bench:default
2025-09-28 00:33:02,659 Cleaning registries for queue: Users-user-Documents-resturantOS-frappe-bench:long
2025-09-28 00:33:36,570 Worker ea21e4823cba490b96ef8bf88ba6a3d7 [PID 13545]: warm shut down requested
Traceback (most recent call last):
  File "/Users/user/Documents/resturantOS/frappe-bench/env/lib/python3.12/site-packages/redis/connection.py", line 586, in send_packed_command
    self._sock.sendall(item)
BrokenPipeError: [Errno 32] Broken pipe

During handling of the above exception, another exception occurred:

Traceback (most recent call last):
  File "/Users/user/Documents/resturantOS/frappe-bench/apps/frappe/frappe/utils/bench_helper.py", line 48, in invoke
    return super().invoke(ctx)
           ^^^^^^^^^^^^^^^^^^^
  File "/Users/user/Documents/resturantOS/frappe-bench/env/lib/python3.12/site-packages/click/core.py", line 1830, in invoke
    return _process_result(sub_ctx.command.invoke(sub_ctx))
                           ^^^^^^^^^^^^^^^^^^^^^^^^^^^^^^^
  File "/Users/user/Documents/resturantOS/frappe-bench/env/lib/python3.12/site-packages/click/core.py", line 1226, in invoke
    return ctx.invoke(self.callback, **ctx.params)
           ^^^^^^^^^^^^^^^^^^^^^^^^^^^^^^^^^^^^^^^
  File "/Users/user/Documents/resturantOS/frappe-bench/env/lib/python3.12/site-packages/click/core.py", line 794, in invoke
    return callback(*args, **kwargs)
           ^^^^^^^^^^^^^^^^^^^^^^^^^
  File "/Users/user/Documents/resturantOS/frappe-bench/apps/frappe/frappe/commands/scheduler.py", line 206, in start_worker
    start_worker(
  File "/Users/user/Documents/resturantOS/frappe-bench/apps/frappe/frappe/utils/background_jobs.py", line 352, in start_worker
    worker.work(
  File "/Users/user/Documents/resturantOS/frappe-bench/env/lib/python3.12/site-packages/rq/worker.py", line 646, in work
    self.teardown()
  File "/Users/user/Documents/resturantOS/frappe-bench/env/lib/python3.12/site-packages/rq/worker.py", line 1147, in teardown
    self.register_death()
  File "/Users/user/Documents/resturantOS/frappe-bench/env/lib/python3.12/site-packages/rq/worker.py", line 894, in register_death
    p.execute()
  File "/Users/user/Documents/resturantOS/frappe-bench/env/lib/python3.12/site-packages/redis/client.py", line 1607, in execute
    conn = self.connection_pool.get_connection()
           ^^^^^^^^^^^^^^^^^^^^^^^^^^^^^^^^^^^^^
  File "/Users/user/Documents/resturantOS/frappe-bench/env/lib/python3.12/site-packages/redis/utils.py", line 191, in wrapper
    return func(*args, **kwargs)
           ^^^^^^^^^^^^^^^^^^^^^
  File "/Users/user/Documents/resturantOS/frappe-bench/env/lib/python3.12/site-packages/redis/connection.py", line 1530, in get_connection
    connection.connect()
  File "/Users/user/Documents/resturantOS/frappe-bench/env/lib/python3.12/site-packages/redis/connection.py", line 379, in connect
    self.connect_check_health(check_health=True)
  File "/Users/user/Documents/resturantOS/frappe-bench/env/lib/python3.12/site-packages/redis/connection.py", line 397, in connect_check_health
    self.on_connect_check_health(check_health=check_health)
  File "/Users/user/Documents/resturantOS/frappe-bench/env/lib/python3.12/site-packages/redis/connection.py", line 510, in on_connect_check_health
    self.send_command(
  File "/Users/user/Documents/resturantOS/frappe-bench/env/lib/python3.12/site-packages/redis/connection.py", line 608, in send_command
    self.send_packed_command(
  File "/Users/user/Documents/resturantOS/frappe-bench/env/lib/python3.12/site-packages/redis/connection.py", line 597, in send_packed_command
    raise ConnectionError(f"Error {errno} while writing to socket. {errmsg}.")
redis.exceptions.ConnectionError: Error 32 while writing to socket. Broken pipe.

Error 32 while writing to socket. Broken pipe.
2025-09-28 00:49:01,172 Worker rq:worker:64b562e0912c4c9099744bcab233291b started with PID 21814, version 2.4.0
2025-09-28 00:49:01,172 Subscribing to channel rq:pubsub:64b562e0912c4c9099744bcab233291b
2025-09-28 00:49:01,174 *** Listening on Users-user-Documents-resturantOS-frappe-bench:short, Users-user-Documents-resturantOS-frappe-bench:default, Users-user-Documents-resturantOS-frappe-bench:long...
2025-09-28 00:49:01,175 Cleaning registries for queue: Users-user-Documents-resturantOS-frappe-bench:short
2025-09-28 00:49:01,179 Cleaning registries for queue: Users-user-Documents-resturantOS-frappe-bench:default
2025-09-28 00:49:01,182 Cleaning registries for queue: Users-user-Documents-resturantOS-frappe-bench:long
2025-09-28 00:51:35,223 Users-user-Documents-resturantOS-frappe-bench:default: frappe.utils.background_jobs.execute_job(event=None, is_async=True, job_name='frappe.core.doctype.user.user.create_contact', kwargs={'user': <User: doctype=User daregoodness@gmail.com>, 'ignore_mandatory': T..., method='frappe.core.doctype.user.user.create_contact', site='erpnext.localhost', user='Administrator') (erpnext.localhost||e16107b5-c405-4c6b-bdb3-d7d0c5ef9ad1)
2025-09-28 00:51:39,085 Successfully completed frappe.utils.background_jobs.execute_job(event=None, is_async=True, job_name='frappe.core.doctype.user.user.create_contact', kwargs={'user': <User: doctype=User daregoodness@gmail.com>, 'ignore_mandatory': T..., method='frappe.core.doctype.user.user.create_contact', site='erpnext.localhost', user='Administrator') job in 0:00:03.666128s on worker 64b562e0912c4c9099744bcab233291b
2025-09-28 00:51:39,086 Users-user-Documents-resturantOS-frappe-bench:default: Job OK (erpnext.localhost||e16107b5-c405-4c6b-bdb3-d7d0c5ef9ad1)
2025-09-28 00:51:39,086 Result is kept for 600 seconds
2025-09-28 00:51:39,108 Users-user-Documents-resturantOS-frappe-bench:default: frappe.utils.background_jobs.execute_job(event=None, is_async=True, job_name='erpnext.setup.demo.setup_demo_data', kwargs={}, method=<function setup_demo_data at 0x2dd338ae0>, site='erpnext.localhost', user='daregoodness@gmail.com') (erpnext.localhost||20177cad-3cb0-4308-9a14-cd3ebdb1415f)
2025-09-28 00:51:59,407 Successfully completed frappe.utils.background_jobs.execute_job(event=None, is_async=True, job_name='erpnext.setup.demo.setup_demo_data', kwargs={}, method=<function setup_demo_data at 0x2dd338ae0>, site='erpnext.localhost', user='daregoodness@gmail.com') job in 0:00:19.627014s on worker 64b562e0912c4c9099744bcab233291b
2025-09-28 00:51:59,409 Users-user-Documents-resturantOS-frappe-bench:default: Job OK (erpnext.localhost||20177cad-3cb0-4308-9a14-cd3ebdb1415f)
2025-09-28 00:51:59,409 Result is kept for 600 seconds
2025-09-28 00:51:59,442 Users-user-Documents-resturantOS-frappe-bench:default: frappe.utils.background_jobs.execute_job(event=None, is_async=True, job_name='frappe.core.doctype.user.user.update_gravatar', kwargs={'name': 'daregoodness@gmail.com'}, method='frappe.core.doctype.user.user.update_gravatar', site='erpnext.localhost', user='Administrator') (erpnext.localhost||7f4deca9-77ac-4c8c-9f8b-1c2a962bc8d6)
2025-09-28 00:52:01,730 Successfully completed frappe.utils.background_jobs.execute_job(event=None, is_async=True, job_name='frappe.core.doctype.user.user.update_gravatar', kwargs={'name': 'daregoodness@gmail.com'}, method='frappe.core.doctype.user.user.update_gravatar', site='erpnext.localhost', user='Administrator') job in 0:00:02.263755s on worker 64b562e0912c4c9099744bcab233291b
2025-09-28 00:52:01,730 Users-user-Documents-resturantOS-frappe-bench:default: Job OK (erpnext.localhost||7f4deca9-77ac-4c8c-9f8b-1c2a962bc8d6)
2025-09-28 00:52:01,731 Result is kept for 600 seconds
2025-09-28 00:52:01,747 Users-user-Documents-resturantOS-frappe-bench:default: frappe.utils.background_jobs.execute_job(event=None, is_async=True, job_name='frappe.model.delete_doc.delete_dynamic_links', kwargs={'doctype': 'Property Setter', 'name': 'Customer-naming_series-reqd'}, method='frappe.model.delete_doc.delete_dynamic_links', site='erpnext.localhost', user='Administrator') (erpnext.localhost||7ea98e61-47f0-44aa-9d24-7e574e8af379)
2025-09-28 00:52:01,934 Successfully completed frappe.utils.background_jobs.execute_job(event=None, is_async=True, job_name='frappe.model.delete_doc.delete_dynamic_links', kwargs={'doctype': 'Property Setter', 'name': 'Customer-naming_series-reqd'}, method='frappe.model.delete_doc.delete_dynamic_links', site='erpnext.localhost', user='Administrator') job in 0:00:00.159515s on worker 64b562e0912c4c9099744bcab233291b
2025-09-28 00:52:01,939 Users-user-Documents-resturantOS-frappe-bench:default: Job OK (erpnext.localhost||7ea98e61-47f0-44aa-9d24-7e574e8af379)
2025-09-28 00:52:01,940 Result is kept for 600 seconds
2025-09-28 00:52:02,028 Users-user-Documents-resturantOS-frappe-bench:default: frappe.utils.background_jobs.execute_job(event=None, is_async=True, job_name='frappe.model.delete_doc.delete_dynamic_links', kwargs={'doctype': 'Property Setter', 'name': 'Customer-naming_series-hidden'}, method='frappe.model.delete_doc.delete_dynamic_links', site='erpnext.localhost', user='Administrator') (erpnext.localhost||38afdbcb-5839-4312-9fba-beb95cd20a06)
2025-09-28 00:52:02,269 Successfully completed frappe.utils.background_jobs.execute_job(event=None, is_async=True, job_name='frappe.model.delete_doc.delete_dynamic_links', kwargs={'doctype': 'Property Setter', 'name': 'Customer-naming_series-hidden'}, method='frappe.model.delete_doc.delete_dynamic_links', site='erpnext.localhost', user='Administrator') job in 0:00:00.127413s on worker 64b562e0912c4c9099744bcab233291b
2025-09-28 00:52:02,270 Users-user-Documents-resturantOS-frappe-bench:default: Job OK (erpnext.localhost||38afdbcb-5839-4312-9fba-beb95cd20a06)
2025-09-28 00:52:02,270 Result is kept for 600 seconds
2025-09-28 00:52:02,284 Users-user-Documents-resturantOS-frappe-bench:default: frappe.utils.background_jobs.execute_job(event=None, is_async=True, job_name='frappe.model.delete_doc.delete_dynamic_links', kwargs={'doctype': 'Property Setter', 'name': 'Sales Order-tax_id-hidden'}, method='frappe.model.delete_doc.delete_dynamic_links', site='erpnext.localhost', user='Administrator') (erpnext.localhost||10060dfe-aab2-4c76-ae76-f3727421ee5a)
2025-09-28 00:52:02,449 Successfully completed frappe.utils.background_jobs.execute_job(event=None, is_async=True, job_name='frappe.model.delete_doc.delete_dynamic_links', kwargs={'doctype': 'Property Setter', 'name': 'Sales Order-tax_id-hidden'}, method='frappe.model.delete_doc.delete_dynamic_links', site='erpnext.localhost', user='Administrator') job in 0:00:00.121119s on worker 64b562e0912c4c9099744bcab233291b
2025-09-28 00:52:02,449 Users-user-Documents-resturantOS-frappe-bench:default: Job OK (erpnext.localhost||10060dfe-aab2-4c76-ae76-f3727421ee5a)
2025-09-28 00:52:02,450 Result is kept for 600 seconds
2025-09-28 00:52:02,459 Users-user-Documents-resturantOS-frappe-bench:default: frappe.utils.background_jobs.execute_job(event=None, is_async=True, job_name='frappe.model.delete_doc.delete_dynamic_links', kwargs={'doctype': 'Property Setter', 'name': 'Sales Order-tax_id-print_hide'}, method='frappe.model.delete_doc.delete_dynamic_links', site='erpnext.localhost', user='Administrator') (erpnext.localhost||85856e41-4069-4921-a14a-53378cea5542)
2025-09-28 00:52:02,620 Successfully completed frappe.utils.background_jobs.execute_job(event=None, is_async=True, job_name='frappe.model.delete_doc.delete_dynamic_links', kwargs={'doctype': 'Property Setter', 'name': 'Sales Order-tax_id-print_hide'}, method='frappe.model.delete_doc.delete_dynamic_links', site='erpnext.localhost', user='Administrator') job in 0:00:00.141861s on worker 64b562e0912c4c9099744bcab233291b
2025-09-28 00:52:02,622 Users-user-Documents-resturantOS-frappe-bench:default: Job OK (erpnext.localhost||85856e41-4069-4921-a14a-53378cea5542)
2025-09-28 00:52:02,623 Result is kept for 600 seconds
2025-09-28 00:52:02,635 Users-user-Documents-resturantOS-frappe-bench:default: frappe.utils.background_jobs.execute_job(event=None, is_async=True, job_name='frappe.model.delete_doc.delete_dynamic_links', kwargs={'doctype': 'Property Setter', 'name': 'Sales Invoice-tax_id-hidden'}, method='frappe.model.delete_doc.delete_dynamic_links', site='erpnext.localhost', user='Administrator') (erpnext.localhost||ebeb6173-6fb7-4565-917f-c90356a18845)
2025-09-28 00:52:02,910 Successfully completed frappe.utils.background_jobs.execute_job(event=None, is_async=True, job_name='frappe.model.delete_doc.delete_dynamic_links', kwargs={'doctype': 'Property Setter', 'name': 'Sales Invoice-tax_id-hidden'}, method='frappe.model.delete_doc.delete_dynamic_links', site='erpnext.localhost', user='Administrator') job in 0:00:00.234060s on worker 64b562e0912c4c9099744bcab233291b
2025-09-28 00:52:02,911 Users-user-Documents-resturantOS-frappe-bench:default: Job OK (erpnext.localhost||ebeb6173-6fb7-4565-917f-c90356a18845)
2025-09-28 00:52:02,911 Result is kept for 600 seconds
2025-09-28 00:52:02,921 Users-user-Documents-resturantOS-frappe-bench:default: frappe.utils.background_jobs.execute_job(event=None, is_async=True, job_name='frappe.model.delete_doc.delete_dynamic_links', kwargs={'doctype': 'Property Setter', 'name': 'Sales Invoice-tax_id-print_hide'}, method='frappe.model.delete_doc.delete_dynamic_links', site='erpnext.localhost', user='Administrator') (erpnext.localhost||4eca18aa-6496-44c2-8fba-4c596415b9d4)
2025-09-28 00:52:03,079 Successfully completed frappe.utils.background_jobs.execute_job(event=None, is_async=True, job_name='frappe.model.delete_doc.delete_dynamic_links', kwargs={'doctype': 'Property Setter', 'name': 'Sales Invoice-tax_id-print_hide'}, method='frappe.model.delete_doc.delete_dynamic_links', site='erpnext.localhost', user='Administrator') job in 0:00:00.132822s on worker 64b562e0912c4c9099744bcab233291b
2025-09-28 00:52:03,081 Users-user-Documents-resturantOS-frappe-bench:default: Job OK (erpnext.localhost||4eca18aa-6496-44c2-8fba-4c596415b9d4)
2025-09-28 00:52:03,081 Result is kept for 600 seconds
2025-09-28 00:52:03,096 Users-user-Documents-resturantOS-frappe-bench:default: frappe.utils.background_jobs.execute_job(event=None, is_async=True, job_name='frappe.model.delete_doc.delete_dynamic_links', kwargs={'doctype': 'Property Setter', 'name': 'Delivery Note-tax_id-hidden'}, method='frappe.model.delete_doc.delete_dynamic_links', site='erpnext.localhost', user='Administrator') (erpnext.localhost||e35cea35-2c3c-4b87-8640-882a68682aab)
2025-09-28 00:52:03,281 Successfully completed frappe.utils.background_jobs.execute_job(event=None, is_async=True, job_name='frappe.model.delete_doc.delete_dynamic_links', kwargs={'doctype': 'Property Setter', 'name': 'Delivery Note-tax_id-hidden'}, method='frappe.model.delete_doc.delete_dynamic_links', site='erpnext.localhost', user='Administrator') job in 0:00:00.156702s on worker 64b562e0912c4c9099744bcab233291b
2025-09-28 00:52:03,281 Users-user-Documents-resturantOS-frappe-bench:default: Job OK (erpnext.localhost||e35cea35-2c3c-4b87-8640-882a68682aab)
2025-09-28 00:52:03,282 Result is kept for 600 seconds
2025-09-28 00:52:03,294 Users-user-Documents-resturantOS-frappe-bench:default: frappe.utils.background_jobs.execute_job(event=None, is_async=True, job_name='frappe.model.delete_doc.delete_dynamic_links', kwargs={'doctype': 'Property Setter', 'name': 'Delivery Note-tax_id-print_hide'}, method='frappe.model.delete_doc.delete_dynamic_links', site='erpnext.localhost', user='Administrator') (erpnext.localhost||576a10ed-f8be-4efb-9eb7-d1676258aebf)
2025-09-28 00:52:03,422 Successfully completed frappe.utils.background_jobs.execute_job(event=None, is_async=True, job_name='frappe.model.delete_doc.delete_dynamic_links', kwargs={'doctype': 'Property Setter', 'name': 'Delivery Note-tax_id-print_hide'}, method='frappe.model.delete_doc.delete_dynamic_links', site='erpnext.localhost', user='Administrator') job in 0:00:00.099144s on worker 64b562e0912c4c9099744bcab233291b
2025-09-28 00:52:03,423 Users-user-Documents-resturantOS-frappe-bench:default: Job OK (erpnext.localhost||576a10ed-f8be-4efb-9eb7-d1676258aebf)
2025-09-28 00:52:03,424 Result is kept for 600 seconds
2025-09-28 00:52:03,437 Users-user-Documents-resturantOS-frappe-bench:default: frappe.utils.background_jobs.execute_job(event=None, is_async=True, job_name='frappe.model.delete_doc.delete_dynamic_links', kwargs={'doctype': 'Property Setter', 'name': 'Packed Item-rate-read_only'}, method='frappe.model.delete_doc.delete_dynamic_links', site='erpnext.localhost', user='Administrator') (erpnext.localhost||7ef077f7-7b64-432e-a9a7-e3fcac4c96d3)
2025-09-28 00:52:03,540 Successfully completed frappe.utils.background_jobs.execute_job(event=None, is_async=True, job_name='frappe.model.delete_doc.delete_dynamic_links', kwargs={'doctype': 'Property Setter', 'name': 'Packed Item-rate-read_only'}, method='frappe.model.delete_doc.delete_dynamic_links', site='erpnext.localhost', user='Administrator') job in 0:00:00.088624s on worker 64b562e0912c4c9099744bcab233291b
2025-09-28 00:52:03,541 Users-user-Documents-resturantOS-frappe-bench:default: Job OK (erpnext.localhost||7ef077f7-7b64-432e-a9a7-e3fcac4c96d3)
2025-09-28 00:52:03,541 Result is kept for 600 seconds
2025-09-28 00:52:03,549 Users-user-Documents-resturantOS-frappe-bench:default: frappe.utils.background_jobs.execute_job(event=None, is_async=True, job_name='frappe.model.delete_doc.delete_dynamic_links', kwargs={'doctype': 'Property Setter', 'name': 'Sales Invoice Item-discount_account..., method='frappe.model.delete_doc.delete_dynamic_links', site='erpnext.localhost', user='Administrator') (erpnext.localhost||4ca16341-6f71-446e-9d7b-6672e69fb1db)
2025-09-28 00:52:03,662 Successfully completed frappe.utils.background_jobs.execute_job(event=None, is_async=True, job_name='frappe.model.delete_doc.delete_dynamic_links', kwargs={'doctype': 'Property Setter', 'name': 'Sales Invoice Item-discount_account..., method='frappe.model.delete_doc.delete_dynamic_links', site='erpnext.localhost', user='Administrator') job in 0:00:00.097423s on worker 64b562e0912c4c9099744bcab233291b
2025-09-28 00:52:03,663 Users-user-Documents-resturantOS-frappe-bench:default: Job OK (erpnext.localhost||4ca16341-6f71-446e-9d7b-6672e69fb1db)
2025-09-28 00:52:03,663 Result is kept for 600 seconds
2025-09-28 00:52:03,673 Users-user-Documents-resturantOS-frappe-bench:default: frappe.utils.background_jobs.execute_job(event=None, is_async=True, job_name='frappe.model.delete_doc.delete_dynamic_links', kwargs={'doctype': 'Property Setter', 'name': 'Sales Invoice Item-discount_account..., method='frappe.model.delete_doc.delete_dynamic_links', site='erpnext.localhost', user='Administrator') (erpnext.localhost||fa9933c0-9e3c-4c38-9765-e55b9bb8bebd)
2025-09-28 00:52:03,909 Successfully completed frappe.utils.background_jobs.execute_job(event=None, is_async=True, job_name='frappe.model.delete_doc.delete_dynamic_links', kwargs={'doctype': 'Property Setter', 'name': 'Sales Invoice Item-discount_account..., method='frappe.model.delete_doc.delete_dynamic_links', site='erpnext.localhost', user='Administrator') job in 0:00:00.204512s on worker 64b562e0912c4c9099744bcab233291b
2025-09-28 00:52:03,913 Users-user-Documents-resturantOS-frappe-bench:default: Job OK (erpnext.localhost||fa9933c0-9e3c-4c38-9765-e55b9bb8bebd)
2025-09-28 00:52:03,913 Result is kept for 600 seconds
2025-09-28 00:52:03,924 Users-user-Documents-resturantOS-frappe-bench:default: frappe.utils.background_jobs.execute_job(event=None, is_async=True, job_name='frappe.model.delete_doc.delete_dynamic_links', kwargs={'doctype': 'Property Setter', 'name': 'Sales Invoice-additional_discount_a..., method='frappe.model.delete_doc.delete_dynamic_links', site='erpnext.localhost', user='Administrator') (erpnext.localhost||9c293333-c37a-473d-9d8d-f7ff6dbb7266)
2025-09-28 00:52:04,066 Successfully completed frappe.utils.background_jobs.execute_job(event=None, is_async=True, job_name='frappe.model.delete_doc.delete_dynamic_links', kwargs={'doctype': 'Property Setter', 'name': 'Sales Invoice-additional_discount_a..., method='frappe.model.delete_doc.delete_dynamic_links', site='erpnext.localhost', user='Administrator') job in 0:00:00.118669s on worker 64b562e0912c4c9099744bcab233291b
2025-09-28 00:52:04,068 Users-user-Documents-resturantOS-frappe-bench:default: Job OK (erpnext.localhost||9c293333-c37a-473d-9d8d-f7ff6dbb7266)
2025-09-28 00:52:04,068 Result is kept for 600 seconds
2025-09-28 00:52:04,079 Users-user-Documents-resturantOS-frappe-bench:default: frappe.utils.background_jobs.execute_job(event=None, is_async=True, job_name='frappe.model.delete_doc.delete_dynamic_links', kwargs={'doctype': 'Property Setter', 'name': 'Sales Invoice-additional_discount_a..., method='frappe.model.delete_doc.delete_dynamic_links', site='erpnext.localhost', user='Administrator') (erpnext.localhost||ec131dfa-49aa-4112-9b92-eeb103fccf50)
2025-09-28 00:52:04,217 Successfully completed frappe.utils.background_jobs.execute_job(event=None, is_async=True, job_name='frappe.model.delete_doc.delete_dynamic_links', kwargs={'doctype': 'Property Setter', 'name': 'Sales Invoice-additional_discount_a..., method='frappe.model.delete_doc.delete_dynamic_links', site='erpnext.localhost', user='Administrator') job in 0:00:00.113801s on worker 64b562e0912c4c9099744bcab233291b
2025-09-28 00:52:04,218 Users-user-Documents-resturantOS-frappe-bench:default: Job OK (erpnext.localhost||ec131dfa-49aa-4112-9b92-eeb103fccf50)
2025-09-28 00:52:04,218 Result is kept for 600 seconds
2025-09-28 00:52:04,230 Users-user-Documents-resturantOS-frappe-bench:default: frappe.utils.background_jobs.execute_job(event=None, is_async=True, job_name='frappe.model.delete_doc.delete_dynamic_links', kwargs={'doctype': 'Property Setter', 'name': 'Supplier-naming_series-reqd'}, method='frappe.model.delete_doc.delete_dynamic_links', site='erpnext.localhost', user='Administrator') (erpnext.localhost||bf78d9cf-0d76-45f7-914b-ed8069334121)
2025-09-28 00:52:04,407 Successfully completed frappe.utils.background_jobs.execute_job(event=None, is_async=True, job_name='frappe.model.delete_doc.delete_dynamic_links', kwargs={'doctype': 'Property Setter', 'name': 'Supplier-naming_series-reqd'}, method='frappe.model.delete_doc.delete_dynamic_links', site='erpnext.localhost', user='Administrator') job in 0:00:00.154326s on worker 64b562e0912c4c9099744bcab233291b
2025-09-28 00:52:04,408 Users-user-Documents-resturantOS-frappe-bench:default: Job OK (erpnext.localhost||bf78d9cf-0d76-45f7-914b-ed8069334121)
2025-09-28 00:52:04,408 Result is kept for 600 seconds
2025-09-28 00:52:04,419 Users-user-Documents-resturantOS-frappe-bench:default: frappe.utils.background_jobs.execute_job(event=None, is_async=True, job_name='frappe.model.delete_doc.delete_dynamic_links', kwargs={'doctype': 'Property Setter', 'name': 'Supplier-naming_series-hidden'}, method='frappe.model.delete_doc.delete_dynamic_links', site='erpnext.localhost', user='Administrator') (erpnext.localhost||23bcb96b-eb6c-417c-a5e0-93faba97f400)
2025-09-28 00:52:04,544 Successfully completed frappe.utils.background_jobs.execute_job(event=None, is_async=True, job_name='frappe.model.delete_doc.delete_dynamic_links', kwargs={'doctype': 'Property Setter', 'name': 'Supplier-naming_series-hidden'}, method='frappe.model.delete_doc.delete_dynamic_links', site='erpnext.localhost', user='Administrator') job in 0:00:00.105935s on worker 64b562e0912c4c9099744bcab233291b
2025-09-28 00:52:04,545 Users-user-Documents-resturantOS-frappe-bench:default: Job OK (erpnext.localhost||23bcb96b-eb6c-417c-a5e0-93faba97f400)
2025-09-28 00:52:04,545 Result is kept for 600 seconds
2025-09-28 00:52:04,555 Users-user-Documents-resturantOS-frappe-bench:default: frappe.utils.background_jobs.execute_job(event=None, is_async=True, job_name='frappe.model.delete_doc.delete_dynamic_links', kwargs={'doctype': 'Property Setter', 'name': 'Supplier-naming_series-reqd'}, method='frappe.model.delete_doc.delete_dynamic_links', site='erpnext.localhost', user='Administrator') (erpnext.localhost||e92a7056-2bf3-49e1-9ebc-af5bcb337f65)
2025-09-28 00:52:04,700 Successfully completed frappe.utils.background_jobs.execute_job(event=None, is_async=True, job_name='frappe.model.delete_doc.delete_dynamic_links', kwargs={'doctype': 'Property Setter', 'name': 'Supplier-naming_series-reqd'}, method='frappe.model.delete_doc.delete_dynamic_links', site='erpnext.localhost', user='Administrator') job in 0:00:00.123333s on worker 64b562e0912c4c9099744bcab233291b
2025-09-28 00:52:04,701 Users-user-Documents-resturantOS-frappe-bench:default: Job OK (erpnext.localhost||e92a7056-2bf3-49e1-9ebc-af5bcb337f65)
2025-09-28 00:52:04,701 Result is kept for 600 seconds
2025-09-28 00:52:04,712 Users-user-Documents-resturantOS-frappe-bench:default: frappe.utils.background_jobs.execute_job(event=None, is_async=True, job_name='frappe.model.delete_doc.delete_dynamic_links', kwargs={'doctype': 'Property Setter', 'name': 'Supplier-naming_series-hidden'}, method='frappe.model.delete_doc.delete_dynamic_links', site='erpnext.localhost', user='Administrator') (erpnext.localhost||cb20f91c-d739-4bc0-84a4-f5614e057f01)
2025-09-28 00:52:04,852 Successfully completed frappe.utils.background_jobs.execute_job(event=None, is_async=True, job_name='frappe.model.delete_doc.delete_dynamic_links', kwargs={'doctype': 'Property Setter', 'name': 'Supplier-naming_series-hidden'}, method='frappe.model.delete_doc.delete_dynamic_links', site='erpnext.localhost', user='Administrator') job in 0:00:00.117303s on worker 64b562e0912c4c9099744bcab233291b
2025-09-28 00:52:04,853 Users-user-Documents-resturantOS-frappe-bench:default: Job OK (erpnext.localhost||cb20f91c-d739-4bc0-84a4-f5614e057f01)
2025-09-28 00:52:04,853 Result is kept for 600 seconds
2025-09-28 00:52:04,862 Users-user-Documents-resturantOS-frappe-bench:default: frappe.utils.background_jobs.execute_job(event=None, is_async=True, job_name='frappe.model.delete_doc.delete_dynamic_links', kwargs={'doctype': 'Property Setter', 'name': 'Customer-naming_series-reqd'}, method='frappe.model.delete_doc.delete_dynamic_links', site='erpnext.localhost', user='Administrator') (erpnext.localhost||eaec914b-5958-42a6-8740-f88f4654150b)
2025-09-28 00:52:04,987 Successfully completed frappe.utils.background_jobs.execute_job(event=None, is_async=True, job_name='frappe.model.delete_doc.delete_dynamic_links', kwargs={'doctype': 'Property Setter', 'name': 'Customer-naming_series-reqd'}, method='frappe.model.delete_doc.delete_dynamic_links', site='erpnext.localhost', user='Administrator') job in 0:00:00.105581s on worker 64b562e0912c4c9099744bcab233291b
2025-09-28 00:52:04,988 Users-user-Documents-resturantOS-frappe-bench:default: Job OK (erpnext.localhost||eaec914b-5958-42a6-8740-f88f4654150b)
2025-09-28 00:52:04,988 Result is kept for 600 seconds
2025-09-28 00:52:04,997 Users-user-Documents-resturantOS-frappe-bench:default: frappe.utils.background_jobs.execute_job(event=None, is_async=True, job_name='frappe.model.delete_doc.delete_dynamic_links', kwargs={'doctype': 'Property Setter', 'name': 'Customer-naming_series-hidden'}, method='frappe.model.delete_doc.delete_dynamic_links', site='erpnext.localhost', user='Administrator') (erpnext.localhost||6fec956d-d976-402c-b12e-97da9c0e6d84)
2025-09-28 00:52:05,105 Successfully completed frappe.utils.background_jobs.execute_job(event=None, is_async=True, job_name='frappe.model.delete_doc.delete_dynamic_links', kwargs={'doctype': 'Property Setter', 'name': 'Customer-naming_series-hidden'}, method='frappe.model.delete_doc.delete_dynamic_links', site='erpnext.localhost', user='Administrator') job in 0:00:00.090639s on worker 64b562e0912c4c9099744bcab233291b
2025-09-28 00:52:05,105 Users-user-Documents-resturantOS-frappe-bench:default: Job OK (erpnext.localhost||6fec956d-d976-402c-b12e-97da9c0e6d84)
2025-09-28 00:52:05,106 Result is kept for 600 seconds
2025-09-28 00:52:05,114 Users-user-Documents-resturantOS-frappe-bench:default: frappe.utils.background_jobs.execute_job(event=None, is_async=True, job_name='frappe.model.delete_doc.delete_dynamic_links', kwargs={'doctype': 'Property Setter', 'name': 'Sales Order-tax_id-hidden'}, method='frappe.model.delete_doc.delete_dynamic_links', site='erpnext.localhost', user='Administrator') (erpnext.localhost||5d6257d0-c3df-4983-9d36-92976460e6f5)
2025-09-28 00:52:05,229 Successfully completed frappe.utils.background_jobs.execute_job(event=None, is_async=True, job_name='frappe.model.delete_doc.delete_dynamic_links', kwargs={'doctype': 'Property Setter', 'name': 'Sales Order-tax_id-hidden'}, method='frappe.model.delete_doc.delete_dynamic_links', site='erpnext.localhost', user='Administrator') job in 0:00:00.097462s on worker 64b562e0912c4c9099744bcab233291b
2025-09-28 00:52:05,230 Users-user-Documents-resturantOS-frappe-bench:default: Job OK (erpnext.localhost||5d6257d0-c3df-4983-9d36-92976460e6f5)
2025-09-28 00:52:05,230 Result is kept for 600 seconds
2025-09-28 00:52:05,243 Users-user-Documents-resturantOS-frappe-bench:default: frappe.utils.background_jobs.execute_job(event=None, is_async=True, job_name='frappe.model.delete_doc.delete_dynamic_links', kwargs={'doctype': 'Property Setter', 'name': 'Sales Order-tax_id-print_hide'}, method='frappe.model.delete_doc.delete_dynamic_links', site='erpnext.localhost', user='Administrator') (erpnext.localhost||cdbacc73-5fb9-4b7c-9ac5-d65eb0ad9803)
2025-09-28 00:52:05,376 Successfully completed frappe.utils.background_jobs.execute_job(event=None, is_async=True, job_name='frappe.model.delete_doc.delete_dynamic_links', kwargs={'doctype': 'Property Setter', 'name': 'Sales Order-tax_id-print_hide'}, method='frappe.model.delete_doc.delete_dynamic_links', site='erpnext.localhost', user='Administrator') job in 0:00:00.110951s on worker 64b562e0912c4c9099744bcab233291b
2025-09-28 00:52:05,377 Users-user-Documents-resturantOS-frappe-bench:default: Job OK (erpnext.localhost||cdbacc73-5fb9-4b7c-9ac5-d65eb0ad9803)
2025-09-28 00:52:05,378 Result is kept for 600 seconds
2025-09-28 00:52:05,391 Users-user-Documents-resturantOS-frappe-bench:default: frappe.utils.background_jobs.execute_job(event=None, is_async=True, job_name='frappe.model.delete_doc.delete_dynamic_links', kwargs={'doctype': 'Property Setter', 'name': 'Sales Invoice-tax_id-hidden'}, method='frappe.model.delete_doc.delete_dynamic_links', site='erpnext.localhost', user='Administrator') (erpnext.localhost||d34201f7-cee9-4d31-90f4-e3d6068939ea)
2025-09-28 00:52:05,508 Successfully completed frappe.utils.background_jobs.execute_job(event=None, is_async=True, job_name='frappe.model.delete_doc.delete_dynamic_links', kwargs={'doctype': 'Property Setter', 'name': 'Sales Invoice-tax_id-hidden'}, method='frappe.model.delete_doc.delete_dynamic_links', site='erpnext.localhost', user='Administrator') job in 0:00:00.098764s on worker 64b562e0912c4c9099744bcab233291b
2025-09-28 00:52:05,509 Users-user-Documents-resturantOS-frappe-bench:default: Job OK (erpnext.localhost||d34201f7-cee9-4d31-90f4-e3d6068939ea)
2025-09-28 00:52:05,509 Result is kept for 600 seconds
2025-09-28 00:52:05,519 Users-user-Documents-resturantOS-frappe-bench:default: frappe.utils.background_jobs.execute_job(event=None, is_async=True, job_name='frappe.model.delete_doc.delete_dynamic_links', kwargs={'doctype': 'Property Setter', 'name': 'Sales Invoice-tax_id-print_hide'}, method='frappe.model.delete_doc.delete_dynamic_links', site='erpnext.localhost', user='Administrator') (erpnext.localhost||e794dab0-dd56-4246-b2e1-bfaf1cdc27ff)
2025-09-28 00:52:05,626 Successfully completed frappe.utils.background_jobs.execute_job(event=None, is_async=True, job_name='frappe.model.delete_doc.delete_dynamic_links', kwargs={'doctype': 'Property Setter', 'name': 'Sales Invoice-tax_id-print_hide'}, method='frappe.model.delete_doc.delete_dynamic_links', site='erpnext.localhost', user='Administrator') job in 0:00:00.088115s on worker 64b562e0912c4c9099744bcab233291b
2025-09-28 00:52:05,626 Users-user-Documents-resturantOS-frappe-bench:default: Job OK (erpnext.localhost||e794dab0-dd56-4246-b2e1-bfaf1cdc27ff)
2025-09-28 00:52:05,626 Result is kept for 600 seconds
2025-09-28 00:52:05,636 Users-user-Documents-resturantOS-frappe-bench:default: frappe.utils.background_jobs.execute_job(event=None, is_async=True, job_name='frappe.model.delete_doc.delete_dynamic_links', kwargs={'doctype': 'Property Setter', 'name': 'Delivery Note-tax_id-hidden'}, method='frappe.model.delete_doc.delete_dynamic_links', site='erpnext.localhost', user='Administrator') (erpnext.localhost||1f481f66-f36d-41ef-a928-2d577b8dbe7c)
2025-09-28 00:52:05,736 Successfully completed frappe.utils.background_jobs.execute_job(event=None, is_async=True, job_name='frappe.model.delete_doc.delete_dynamic_links', kwargs={'doctype': 'Property Setter', 'name': 'Delivery Note-tax_id-hidden'}, method='frappe.model.delete_doc.delete_dynamic_links', site='erpnext.localhost', user='Administrator') job in 0:00:00.084494s on worker 64b562e0912c4c9099744bcab233291b
2025-09-28 00:52:05,736 Users-user-Documents-resturantOS-frappe-bench:default: Job OK (erpnext.localhost||1f481f66-f36d-41ef-a928-2d577b8dbe7c)
2025-09-28 00:52:05,737 Result is kept for 600 seconds
2025-09-28 00:52:05,747 Users-user-Documents-resturantOS-frappe-bench:default: frappe.utils.background_jobs.execute_job(event=None, is_async=True, job_name='frappe.model.delete_doc.delete_dynamic_links', kwargs={'doctype': 'Property Setter', 'name': 'Delivery Note-tax_id-print_hide'}, method='frappe.model.delete_doc.delete_dynamic_links', site='erpnext.localhost', user='Administrator') (erpnext.localhost||4676d033-2c9c-4f46-9322-70433167476b)
2025-09-28 00:52:05,837 Successfully completed frappe.utils.background_jobs.execute_job(event=None, is_async=True, job_name='frappe.model.delete_doc.delete_dynamic_links', kwargs={'doctype': 'Property Setter', 'name': 'Delivery Note-tax_id-print_hide'}, method='frappe.model.delete_doc.delete_dynamic_links', site='erpnext.localhost', user='Administrator') job in 0:00:00.075995s on worker 64b562e0912c4c9099744bcab233291b
2025-09-28 00:52:05,838 Users-user-Documents-resturantOS-frappe-bench:default: Job OK (erpnext.localhost||4676d033-2c9c-4f46-9322-70433167476b)
2025-09-28 00:52:05,838 Result is kept for 600 seconds
2025-09-28 00:52:05,847 Users-user-Documents-resturantOS-frappe-bench:default: frappe.utils.background_jobs.execute_job(event=None, is_async=True, job_name='frappe.model.delete_doc.delete_dynamic_links', kwargs={'doctype': 'Property Setter', 'name': 'Packed Item-rate-read_only'}, method='frappe.model.delete_doc.delete_dynamic_links', site='erpnext.localhost', user='Administrator') (erpnext.localhost||815fa450-2c51-4302-8cda-5a246a8fff55)
2025-09-28 00:52:05,948 Successfully completed frappe.utils.background_jobs.execute_job(event=None, is_async=True, job_name='frappe.model.delete_doc.delete_dynamic_links', kwargs={'doctype': 'Property Setter', 'name': 'Packed Item-rate-read_only'}, method='frappe.model.delete_doc.delete_dynamic_links', site='erpnext.localhost', user='Administrator') job in 0:00:00.086051s on worker 64b562e0912c4c9099744bcab233291b
2025-09-28 00:52:05,948 Users-user-Documents-resturantOS-frappe-bench:default: Job OK (erpnext.localhost||815fa450-2c51-4302-8cda-5a246a8fff55)
2025-09-28 00:52:05,948 Result is kept for 600 seconds
2025-09-28 00:52:05,956 Users-user-Documents-resturantOS-frappe-bench:default: frappe.utils.background_jobs.execute_job(event=None, is_async=True, job_name='frappe.model.delete_doc.delete_dynamic_links', kwargs={'doctype': 'Property Setter', 'name': 'Sales Invoice Item-discount_account..., method='frappe.model.delete_doc.delete_dynamic_links', site='erpnext.localhost', user='Administrator') (erpnext.localhost||3a4e8317-a20c-4b37-93ed-4dc87d8e8e75)
2025-09-28 00:52:06,066 Successfully completed frappe.utils.background_jobs.execute_job(event=None, is_async=True, job_name='frappe.model.delete_doc.delete_dynamic_links', kwargs={'doctype': 'Property Setter', 'name': 'Sales Invoice Item-discount_account..., method='frappe.model.delete_doc.delete_dynamic_links', site='erpnext.localhost', user='Administrator') job in 0:00:00.094387s on worker 64b562e0912c4c9099744bcab233291b
2025-09-28 00:52:06,067 Users-user-Documents-resturantOS-frappe-bench:default: Job OK (erpnext.localhost||3a4e8317-a20c-4b37-93ed-4dc87d8e8e75)
2025-09-28 00:52:06,068 Result is kept for 600 seconds
2025-09-28 00:52:06,077 Users-user-Documents-resturantOS-frappe-bench:default: frappe.utils.background_jobs.execute_job(event=None, is_async=True, job_name='frappe.model.delete_doc.delete_dynamic_links', kwargs={'doctype': 'Property Setter', 'name': 'Sales Invoice Item-discount_account..., method='frappe.model.delete_doc.delete_dynamic_links', site='erpnext.localhost', user='Administrator') (erpnext.localhost||7d2f4467-0712-423d-a5c9-e4eb663ff7a3)
2025-09-28 00:52:06,191 Successfully completed frappe.utils.background_jobs.execute_job(event=None, is_async=True, job_name='frappe.model.delete_doc.delete_dynamic_links', kwargs={'doctype': 'Property Setter', 'name': 'Sales Invoice Item-discount_account..., method='frappe.model.delete_doc.delete_dynamic_links', site='erpnext.localhost', user='Administrator') job in 0:00:00.098322s on worker 64b562e0912c4c9099744bcab233291b
2025-09-28 00:52:06,191 Users-user-Documents-resturantOS-frappe-bench:default: Job OK (erpnext.localhost||7d2f4467-0712-423d-a5c9-e4eb663ff7a3)
2025-09-28 00:52:06,192 Result is kept for 600 seconds
2025-09-28 00:52:06,200 Users-user-Documents-resturantOS-frappe-bench:default: frappe.utils.background_jobs.execute_job(event=None, is_async=True, job_name='frappe.model.delete_doc.delete_dynamic_links', kwargs={'doctype': 'Property Setter', 'name': 'Sales Invoice-additional_discount_a..., method='frappe.model.delete_doc.delete_dynamic_links', site='erpnext.localhost', user='Administrator') (erpnext.localhost||694a3cf9-f3d5-4015-8c26-f5e432cbcedc)
2025-09-28 00:52:06,316 Successfully completed frappe.utils.background_jobs.execute_job(event=None, is_async=True, job_name='frappe.model.delete_doc.delete_dynamic_links', kwargs={'doctype': 'Property Setter', 'name': 'Sales Invoice-additional_discount_a..., method='frappe.model.delete_doc.delete_dynamic_links', site='erpnext.localhost', user='Administrator') job in 0:00:00.100225s on worker 64b562e0912c4c9099744bcab233291b
2025-09-28 00:52:06,317 Users-user-Documents-resturantOS-frappe-bench:default: Job OK (erpnext.localhost||694a3cf9-f3d5-4015-8c26-f5e432cbcedc)
2025-09-28 00:52:06,317 Result is kept for 600 seconds
2025-09-28 00:52:06,329 Users-user-Documents-resturantOS-frappe-bench:default: frappe.utils.background_jobs.execute_job(event=None, is_async=True, job_name='frappe.model.delete_doc.delete_dynamic_links', kwargs={'doctype': 'Property Setter', 'name': 'Sales Invoice-additional_discount_a..., method='frappe.model.delete_doc.delete_dynamic_links', site='erpnext.localhost', user='Administrator') (erpnext.localhost||ca510b02-7083-40d0-a43c-9857bf22025a)
2025-09-28 00:52:06,451 Successfully completed frappe.utils.background_jobs.execute_job(event=None, is_async=True, job_name='frappe.model.delete_doc.delete_dynamic_links', kwargs={'doctype': 'Property Setter', 'name': 'Sales Invoice-additional_discount_a..., method='frappe.model.delete_doc.delete_dynamic_links', site='erpnext.localhost', user='Administrator') job in 0:00:00.103863s on worker 64b562e0912c4c9099744bcab233291b
2025-09-28 00:52:06,452 Users-user-Documents-resturantOS-frappe-bench:default: Job OK (erpnext.localhost||ca510b02-7083-40d0-a43c-9857bf22025a)
2025-09-28 00:52:06,452 Result is kept for 600 seconds
2025-09-28 00:52:06,461 Users-user-Documents-resturantOS-frappe-bench:default: frappe.utils.background_jobs.execute_job(event=None, is_async=True, job_name='frappe.model.delete_doc.delete_dynamic_links', kwargs={'doctype': 'Property Setter', 'name': 'Quotation-base_rounded_total-hidden..., method='frappe.model.delete_doc.delete_dynamic_links', site='erpnext.localhost', user='Administrator') (erpnext.localhost||131a9ae0-cdee-4ade-aafa-46cbb2163f94)
2025-09-28 00:52:06,559 Successfully completed frappe.utils.background_jobs.execute_job(event=None, is_async=True, job_name='frappe.model.delete_doc.delete_dynamic_links', kwargs={'doctype': 'Property Setter', 'name': 'Quotation-base_rounded_total-hidden..., method='frappe.model.delete_doc.delete_dynamic_links', site='erpnext.localhost', user='Administrator') job in 0:00:00.082371s on worker 64b562e0912c4c9099744bcab233291b
2025-09-28 00:52:06,560 Users-user-Documents-resturantOS-frappe-bench:default: Job OK (erpnext.localhost||131a9ae0-cdee-4ade-aafa-46cbb2163f94)
2025-09-28 00:52:06,560 Result is kept for 600 seconds
2025-09-28 00:52:06,568 Users-user-Documents-resturantOS-frappe-bench:default: frappe.utils.background_jobs.execute_job(event=None, is_async=True, job_name='frappe.model.delete_doc.delete_dynamic_links', kwargs={'doctype': 'Property Setter', 'name': 'Quotation-base_rounded_total-print_..., method='frappe.model.delete_doc.delete_dynamic_links', site='erpnext.localhost', user='Administrator') (erpnext.localhost||63b65707-a1e1-4a00-8af6-69048241944e)
2025-09-28 00:52:06,673 Successfully completed frappe.utils.background_jobs.execute_job(event=None, is_async=True, job_name='frappe.model.delete_doc.delete_dynamic_links', kwargs={'doctype': 'Property Setter', 'name': 'Quotation-base_rounded_total-print_..., method='frappe.model.delete_doc.delete_dynamic_links', site='erpnext.localhost', user='Administrator') job in 0:00:00.085008s on worker 64b562e0912c4c9099744bcab233291b
2025-09-28 00:52:06,674 Users-user-Documents-resturantOS-frappe-bench:default: Job OK (erpnext.localhost||63b65707-a1e1-4a00-8af6-69048241944e)
2025-09-28 00:52:06,675 Result is kept for 600 seconds
2025-09-28 00:52:06,683 Users-user-Documents-resturantOS-frappe-bench:default: frappe.utils.background_jobs.execute_job(event=None, is_async=True, job_name='frappe.model.delete_doc.delete_dynamic_links', kwargs={'doctype': 'Property Setter', 'name': 'Quotation-rounded_total-hidden'}, method='frappe.model.delete_doc.delete_dynamic_links', site='erpnext.localhost', user='Administrator') (erpnext.localhost||5631174b-46e0-4644-8172-756fa952cd99)
2025-09-28 00:52:06,790 Successfully completed frappe.utils.background_jobs.execute_job(event=None, is_async=True, job_name='frappe.model.delete_doc.delete_dynamic_links', kwargs={'doctype': 'Property Setter', 'name': 'Quotation-rounded_total-hidden'}, method='frappe.model.delete_doc.delete_dynamic_links', site='erpnext.localhost', user='Administrator') job in 0:00:00.093150s on worker 64b562e0912c4c9099744bcab233291b
2025-09-28 00:52:06,791 Users-user-Documents-resturantOS-frappe-bench:default: Job OK (erpnext.localhost||5631174b-46e0-4644-8172-756fa952cd99)
2025-09-28 00:52:06,791 Result is kept for 600 seconds
2025-09-28 00:52:06,800 Users-user-Documents-resturantOS-frappe-bench:default: frappe.utils.background_jobs.execute_job(event=None, is_async=True, job_name='frappe.model.delete_doc.delete_dynamic_links', kwargs={'doctype': 'Property Setter', 'name': 'Quotation-rounded_total-print_hide'..., method='frappe.model.delete_doc.delete_dynamic_links', site='erpnext.localhost', user='Administrator') (erpnext.localhost||06fb9c0f-b937-4789-903d-a63b13658af8)
2025-09-28 00:52:06,900 Successfully completed frappe.utils.background_jobs.execute_job(event=None, is_async=True, job_name='frappe.model.delete_doc.delete_dynamic_links', kwargs={'doctype': 'Property Setter', 'name': 'Quotation-rounded_total-print_hide'..., method='frappe.model.delete_doc.delete_dynamic_links', site='erpnext.localhost', user='Administrator') job in 0:00:00.084851s on worker 64b562e0912c4c9099744bcab233291b
2025-09-28 00:52:06,901 Users-user-Documents-resturantOS-frappe-bench:default: Job OK (erpnext.localhost||06fb9c0f-b937-4789-903d-a63b13658af8)
2025-09-28 00:52:06,901 Result is kept for 600 seconds
2025-09-28 00:52:06,911 Users-user-Documents-resturantOS-frappe-bench:default: frappe.utils.background_jobs.execute_job(event=None, is_async=True, job_name='frappe.model.delete_doc.delete_dynamic_links', kwargs={'doctype': 'Property Setter', 'name': 'Quotation-disable_rounded_total-def..., method='frappe.model.delete_doc.delete_dynamic_links', site='erpnext.localhost', user='Administrator') (erpnext.localhost||d2dc765c-c6e9-40f9-bc37-2b23f0abf521)
2025-09-28 00:52:07,024 Successfully completed frappe.utils.background_jobs.execute_job(event=None, is_async=True, job_name='frappe.model.delete_doc.delete_dynamic_links', kwargs={'doctype': 'Property Setter', 'name': 'Quotation-disable_rounded_total-def..., method='frappe.model.delete_doc.delete_dynamic_links', site='erpnext.localhost', user='Administrator') job in 0:00:00.096178s on worker 64b562e0912c4c9099744bcab233291b
2025-09-28 00:52:07,025 Users-user-Documents-resturantOS-frappe-bench:default: Job OK (erpnext.localhost||d2dc765c-c6e9-40f9-bc37-2b23f0abf521)
2025-09-28 00:52:07,026 Result is kept for 600 seconds
2025-09-28 00:52:07,037 Users-user-Documents-resturantOS-frappe-bench:default: frappe.utils.background_jobs.execute_job(event=None, is_async=True, job_name='frappe.model.delete_doc.delete_dynamic_links', kwargs={'doctype': 'Property Setter', 'name': 'Sales Order-base_rounded_total-hidd..., method='frappe.model.delete_doc.delete_dynamic_links', site='erpnext.localhost', user='Administrator') (erpnext.localhost||750e6a8d-c85a-4990-a213-5006d0775e06)
2025-09-28 00:52:07,137 Successfully completed frappe.utils.background_jobs.execute_job(event=None, is_async=True, job_name='frappe.model.delete_doc.delete_dynamic_links', kwargs={'doctype': 'Property Setter', 'name': 'Sales Order-base_rounded_total-hidd..., method='frappe.model.delete_doc.delete_dynamic_links', site='erpnext.localhost', user='Administrator') job in 0:00:00.082924s on worker 64b562e0912c4c9099744bcab233291b
2025-09-28 00:52:07,137 Users-user-Documents-resturantOS-frappe-bench:default: Job OK (erpnext.localhost||750e6a8d-c85a-4990-a213-5006d0775e06)
2025-09-28 00:52:07,137 Result is kept for 600 seconds
2025-09-28 00:52:07,146 Users-user-Documents-resturantOS-frappe-bench:default: frappe.utils.background_jobs.execute_job(event=None, is_async=True, job_name='frappe.model.delete_doc.delete_dynamic_links', kwargs={'doctype': 'Property Setter', 'name': 'Sales Order-base_rounded_total-prin..., method='frappe.model.delete_doc.delete_dynamic_links', site='erpnext.localhost', user='Administrator') (erpnext.localhost||27ba464b-2082-44f6-a0c2-daa69137f7c6)
2025-09-28 00:52:07,268 Successfully completed frappe.utils.background_jobs.execute_job(event=None, is_async=True, job_name='frappe.model.delete_doc.delete_dynamic_links', kwargs={'doctype': 'Property Setter', 'name': 'Sales Order-base_rounded_total-prin..., method='frappe.model.delete_doc.delete_dynamic_links', site='erpnext.localhost', user='Administrator') job in 0:00:00.106756s on worker 64b562e0912c4c9099744bcab233291b
2025-09-28 00:52:07,269 Users-user-Documents-resturantOS-frappe-bench:default: Job OK (erpnext.localhost||27ba464b-2082-44f6-a0c2-daa69137f7c6)
2025-09-28 00:52:07,269 Result is kept for 600 seconds
2025-09-28 00:52:07,281 Users-user-Documents-resturantOS-frappe-bench:default: frappe.utils.background_jobs.execute_job(event=None, is_async=True, job_name='frappe.model.delete_doc.delete_dynamic_links', kwargs={'doctype': 'Property Setter', 'name': 'Sales Order-rounded_total-hidden'}, method='frappe.model.delete_doc.delete_dynamic_links', site='erpnext.localhost', user='Administrator') (erpnext.localhost||64eb15f8-8f6d-48dd-9581-3757fbfad578)
2025-09-28 00:52:07,413 Successfully completed frappe.utils.background_jobs.execute_job(event=None, is_async=True, job_name='frappe.model.delete_doc.delete_dynamic_links', kwargs={'doctype': 'Property Setter', 'name': 'Sales Order-rounded_total-hidden'}, method='frappe.model.delete_doc.delete_dynamic_links', site='erpnext.localhost', user='Administrator') job in 0:00:00.112151s on worker 64b562e0912c4c9099744bcab233291b
2025-09-28 00:52:07,414 Users-user-Documents-resturantOS-frappe-bench:default: Job OK (erpnext.localhost||64eb15f8-8f6d-48dd-9581-3757fbfad578)
2025-09-28 00:52:07,415 Result is kept for 600 seconds
2025-09-28 00:52:07,424 Users-user-Documents-resturantOS-frappe-bench:default: frappe.utils.background_jobs.execute_job(event=None, is_async=True, job_name='frappe.model.delete_doc.delete_dynamic_links', kwargs={'doctype': 'Property Setter', 'name': 'Sales Order-rounded_total-print_hid..., method='frappe.model.delete_doc.delete_dynamic_links', site='erpnext.localhost', user='Administrator') (erpnext.localhost||0948b58a-bf08-446e-a63f-4301f8058fcd)
2025-09-28 00:52:07,525 Successfully completed frappe.utils.background_jobs.execute_job(event=None, is_async=True, job_name='frappe.model.delete_doc.delete_dynamic_links', kwargs={'doctype': 'Property Setter', 'name': 'Sales Order-rounded_total-print_hid..., method='frappe.model.delete_doc.delete_dynamic_links', site='erpnext.localhost', user='Administrator') job in 0:00:00.082857s on worker 64b562e0912c4c9099744bcab233291b
2025-09-28 00:52:07,525 Users-user-Documents-resturantOS-frappe-bench:default: Job OK (erpnext.localhost||0948b58a-bf08-446e-a63f-4301f8058fcd)
2025-09-28 00:52:07,526 Result is kept for 600 seconds
2025-09-28 00:52:07,534 Users-user-Documents-resturantOS-frappe-bench:default: frappe.utils.background_jobs.execute_job(event=None, is_async=True, job_name='frappe.model.delete_doc.delete_dynamic_links', kwargs={'doctype': 'Property Setter', 'name': 'Sales Order-disable_rounded_total-d..., method='frappe.model.delete_doc.delete_dynamic_links', site='erpnext.localhost', user='Administrator') (erpnext.localhost||4a3681b8-49dd-429a-8f4d-48c66bfce964)
2025-09-28 00:52:07,624 Successfully completed frappe.utils.background_jobs.execute_job(event=None, is_async=True, job_name='frappe.model.delete_doc.delete_dynamic_links', kwargs={'doctype': 'Property Setter', 'name': 'Sales Order-disable_rounded_total-d..., method='frappe.model.delete_doc.delete_dynamic_links', site='erpnext.localhost', user='Administrator') job in 0:00:00.075474s on worker 64b562e0912c4c9099744bcab233291b
2025-09-28 00:52:07,625 Users-user-Documents-resturantOS-frappe-bench:default: Job OK (erpnext.localhost||4a3681b8-49dd-429a-8f4d-48c66bfce964)
2025-09-28 00:52:07,625 Result is kept for 600 seconds
2025-09-28 00:52:07,634 Users-user-Documents-resturantOS-frappe-bench:default: frappe.utils.background_jobs.execute_job(event=None, is_async=True, job_name='frappe.model.delete_doc.delete_dynamic_links', kwargs={'doctype': 'Property Setter', 'name': 'Sales Invoice-base_rounded_total-hi..., method='frappe.model.delete_doc.delete_dynamic_links', site='erpnext.localhost', user='Administrator') (erpnext.localhost||70818dca-ea57-4917-88ad-1a419ab6f591)
2025-09-28 00:52:07,729 Successfully completed frappe.utils.background_jobs.execute_job(event=None, is_async=True, job_name='frappe.model.delete_doc.delete_dynamic_links', kwargs={'doctype': 'Property Setter', 'name': 'Sales Invoice-base_rounded_total-hi..., method='frappe.model.delete_doc.delete_dynamic_links', site='erpnext.localhost', user='Administrator') job in 0:00:00.080428s on worker 64b562e0912c4c9099744bcab233291b
2025-09-28 00:52:07,730 Users-user-Documents-resturantOS-frappe-bench:default: Job OK (erpnext.localhost||70818dca-ea57-4917-88ad-1a419ab6f591)
2025-09-28 00:52:07,730 Result is kept for 600 seconds
2025-09-28 00:52:07,738 Users-user-Documents-resturantOS-frappe-bench:default: frappe.utils.background_jobs.execute_job(event=None, is_async=True, job_name='frappe.model.delete_doc.delete_dynamic_links', kwargs={'doctype': 'Property Setter', 'name': 'Sales Invoice-base_rounded_total-pr..., method='frappe.model.delete_doc.delete_dynamic_links', site='erpnext.localhost', user='Administrator') (erpnext.localhost||801030b4-d5a3-4d5f-95bb-2a39d30f5232)
2025-09-28 00:52:07,831 Successfully completed frappe.utils.background_jobs.execute_job(event=None, is_async=True, job_name='frappe.model.delete_doc.delete_dynamic_links', kwargs={'doctype': 'Property Setter', 'name': 'Sales Invoice-base_rounded_total-pr..., method='frappe.model.delete_doc.delete_dynamic_links', site='erpnext.localhost', user='Administrator') job in 0:00:00.077989s on worker 64b562e0912c4c9099744bcab233291b
2025-09-28 00:52:07,832 Users-user-Documents-resturantOS-frappe-bench:default: Job OK (erpnext.localhost||801030b4-d5a3-4d5f-95bb-2a39d30f5232)
2025-09-28 00:52:07,832 Result is kept for 600 seconds
2025-09-28 00:52:07,842 Users-user-Documents-resturantOS-frappe-bench:default: frappe.utils.background_jobs.execute_job(event=None, is_async=True, job_name='frappe.model.delete_doc.delete_dynamic_links', kwargs={'doctype': 'Property Setter', 'name': 'Sales Invoice-rounded_total-hidden'..., method='frappe.model.delete_doc.delete_dynamic_links', site='erpnext.localhost', user='Administrator') (erpnext.localhost||674e84fe-e2b1-48b7-88c2-dd9ce75daf72)
2025-09-28 00:52:07,930 Successfully completed frappe.utils.background_jobs.execute_job(event=None, is_async=True, job_name='frappe.model.delete_doc.delete_dynamic_links', kwargs={'doctype': 'Property Setter', 'name': 'Sales Invoice-rounded_total-hidden'..., method='frappe.model.delete_doc.delete_dynamic_links', site='erpnext.localhost', user='Administrator') job in 0:00:00.072247s on worker 64b562e0912c4c9099744bcab233291b
2025-09-28 00:52:07,930 Users-user-Documents-resturantOS-frappe-bench:default: Job OK (erpnext.localhost||674e84fe-e2b1-48b7-88c2-dd9ce75daf72)
2025-09-28 00:52:07,930 Result is kept for 600 seconds
2025-09-28 00:52:07,940 Users-user-Documents-resturantOS-frappe-bench:default: frappe.utils.background_jobs.execute_job(event=None, is_async=True, job_name='frappe.model.delete_doc.delete_dynamic_links', kwargs={'doctype': 'Property Setter', 'name': 'Sales Invoice-rounded_total-print_h..., method='frappe.model.delete_doc.delete_dynamic_links', site='erpnext.localhost', user='Administrator') (erpnext.localhost||8a35a4aa-0462-47b7-8892-bc17cc8aa51a)
2025-09-28 00:52:08,030 Successfully completed frappe.utils.background_jobs.execute_job(event=None, is_async=True, job_name='frappe.model.delete_doc.delete_dynamic_links', kwargs={'doctype': 'Property Setter', 'name': 'Sales Invoice-rounded_total-print_h..., method='frappe.model.delete_doc.delete_dynamic_links', site='erpnext.localhost', user='Administrator') job in 0:00:00.076257s on worker 64b562e0912c4c9099744bcab233291b
2025-09-28 00:52:08,031 Users-user-Documents-resturantOS-frappe-bench:default: Job OK (erpnext.localhost||8a35a4aa-0462-47b7-8892-bc17cc8aa51a)
2025-09-28 00:52:08,031 Result is kept for 600 seconds
2025-09-28 00:52:08,040 Users-user-Documents-resturantOS-frappe-bench:default: frappe.utils.background_jobs.execute_job(event=None, is_async=True, job_name='frappe.model.delete_doc.delete_dynamic_links', kwargs={'doctype': 'Property Setter', 'name': 'Sales Invoice-disable_rounded_total..., method='frappe.model.delete_doc.delete_dynamic_links', site='erpnext.localhost', user='Administrator') (erpnext.localhost||4ab5bbec-6a76-421f-9c37-32c719ac0bcd)
2025-09-28 00:52:08,138 Successfully completed frappe.utils.background_jobs.execute_job(event=None, is_async=True, job_name='frappe.model.delete_doc.delete_dynamic_links', kwargs={'doctype': 'Property Setter', 'name': 'Sales Invoice-disable_rounded_total..., method='frappe.model.delete_doc.delete_dynamic_links', site='erpnext.localhost', user='Administrator') job in 0:00:00.083507s on worker 64b562e0912c4c9099744bcab233291b
2025-09-28 00:52:08,138 Users-user-Documents-resturantOS-frappe-bench:default: Job OK (erpnext.localhost||4ab5bbec-6a76-421f-9c37-32c719ac0bcd)
2025-09-28 00:52:08,139 Result is kept for 600 seconds
2025-09-28 00:52:08,149 Users-user-Documents-resturantOS-frappe-bench:default: frappe.utils.background_jobs.execute_job(event=None, is_async=True, job_name='frappe.model.delete_doc.delete_dynamic_links', kwargs={'doctype': 'Property Setter', 'name': 'Delivery Note-base_rounded_total-hi..., method='frappe.model.delete_doc.delete_dynamic_links', site='erpnext.localhost', user='Administrator') (erpnext.localhost||1adb6543-829e-4a60-a28c-26e774ba3b81)
2025-09-28 00:52:08,254 Successfully completed frappe.utils.background_jobs.execute_job(event=None, is_async=True, job_name='frappe.model.delete_doc.delete_dynamic_links', kwargs={'doctype': 'Property Setter', 'name': 'Delivery Note-base_rounded_total-hi..., method='frappe.model.delete_doc.delete_dynamic_links', site='erpnext.localhost', user='Administrator') job in 0:00:00.090562s on worker 64b562e0912c4c9099744bcab233291b
2025-09-28 00:52:08,255 Users-user-Documents-resturantOS-frappe-bench:default: Job OK (erpnext.localhost||1adb6543-829e-4a60-a28c-26e774ba3b81)
2025-09-28 00:52:08,256 Result is kept for 600 seconds
2025-09-28 00:52:08,267 Users-user-Documents-resturantOS-frappe-bench:default: frappe.utils.background_jobs.execute_job(event=None, is_async=True, job_name='frappe.model.delete_doc.delete_dynamic_links', kwargs={'doctype': 'Property Setter', 'name': 'Delivery Note-base_rounded_total-pr..., method='frappe.model.delete_doc.delete_dynamic_links', site='erpnext.localhost', user='Administrator') (erpnext.localhost||af641623-2cdb-4e13-a572-24a0b9c9318f)
2025-09-28 00:52:08,412 Successfully completed frappe.utils.background_jobs.execute_job(event=None, is_async=True, job_name='frappe.model.delete_doc.delete_dynamic_links', kwargs={'doctype': 'Property Setter', 'name': 'Delivery Note-base_rounded_total-pr..., method='frappe.model.delete_doc.delete_dynamic_links', site='erpnext.localhost', user='Administrator') job in 0:00:00.118430s on worker 64b562e0912c4c9099744bcab233291b
2025-09-28 00:52:08,412 Users-user-Documents-resturantOS-frappe-bench:default: Job OK (erpnext.localhost||af641623-2cdb-4e13-a572-24a0b9c9318f)
2025-09-28 00:52:08,413 Result is kept for 600 seconds
2025-09-28 00:52:08,423 Users-user-Documents-resturantOS-frappe-bench:default: frappe.utils.background_jobs.execute_job(event=None, is_async=True, job_name='frappe.model.delete_doc.delete_dynamic_links', kwargs={'doctype': 'Property Setter', 'name': 'Delivery Note-rounded_total-hidden'..., method='frappe.model.delete_doc.delete_dynamic_links', site='erpnext.localhost', user='Administrator') (erpnext.localhost||dfa2e88b-c3e9-4edf-a324-f582c88b73ef)
2025-09-28 00:52:08,530 Successfully completed frappe.utils.background_jobs.execute_job(event=None, is_async=True, job_name='frappe.model.delete_doc.delete_dynamic_links', kwargs={'doctype': 'Property Setter', 'name': 'Delivery Note-rounded_total-hidden'..., method='frappe.model.delete_doc.delete_dynamic_links', site='erpnext.localhost', user='Administrator') job in 0:00:00.088925s on worker 64b562e0912c4c9099744bcab233291b
2025-09-28 00:52:08,531 Users-user-Documents-resturantOS-frappe-bench:default: Job OK (erpnext.localhost||dfa2e88b-c3e9-4edf-a324-f582c88b73ef)
2025-09-28 00:52:08,531 Result is kept for 600 seconds
2025-09-28 00:52:08,539 Users-user-Documents-resturantOS-frappe-bench:default: frappe.utils.background_jobs.execute_job(event=None, is_async=True, job_name='frappe.model.delete_doc.delete_dynamic_links', kwargs={'doctype': 'Property Setter', 'name': 'Delivery Note-rounded_total-print_h..., method='frappe.model.delete_doc.delete_dynamic_links', site='erpnext.localhost', user='Administrator') (erpnext.localhost||08632ea8-2efd-4ba6-bc91-fc21da89b427)
2025-09-28 00:52:08,650 Successfully completed frappe.utils.background_jobs.execute_job(event=None, is_async=True, job_name='frappe.model.delete_doc.delete_dynamic_links', kwargs={'doctype': 'Property Setter', 'name': 'Delivery Note-rounded_total-print_h..., method='frappe.model.delete_doc.delete_dynamic_links', site='erpnext.localhost', user='Administrator') job in 0:00:00.094940s on worker 64b562e0912c4c9099744bcab233291b
2025-09-28 00:52:08,652 Users-user-Documents-resturantOS-frappe-bench:default: Job OK (erpnext.localhost||08632ea8-2efd-4ba6-bc91-fc21da89b427)
2025-09-28 00:52:08,652 Result is kept for 600 seconds
2025-09-28 00:52:08,666 Users-user-Documents-resturantOS-frappe-bench:default: frappe.utils.background_jobs.execute_job(event=None, is_async=True, job_name='frappe.model.delete_doc.delete_dynamic_links', kwargs={'doctype': 'Property Setter', 'name': 'Delivery Note-disable_rounded_total..., method='frappe.model.delete_doc.delete_dynamic_links', site='erpnext.localhost', user='Administrator') (erpnext.localhost||c02724ff-c730-44f4-ad4d-2451a37adf88)
2025-09-28 00:52:08,787 Successfully completed frappe.utils.background_jobs.execute_job(event=None, is_async=True, job_name='frappe.model.delete_doc.delete_dynamic_links', kwargs={'doctype': 'Property Setter', 'name': 'Delivery Note-disable_rounded_total..., method='frappe.model.delete_doc.delete_dynamic_links', site='erpnext.localhost', user='Administrator') job in 0:00:00.103271s on worker 64b562e0912c4c9099744bcab233291b
2025-09-28 00:52:08,787 Users-user-Documents-resturantOS-frappe-bench:default: Job OK (erpnext.localhost||c02724ff-c730-44f4-ad4d-2451a37adf88)
2025-09-28 00:52:08,788 Result is kept for 600 seconds
2025-09-28 00:52:08,796 Users-user-Documents-resturantOS-frappe-bench:default: frappe.utils.background_jobs.execute_job(event=None, is_async=True, job_name='frappe.model.delete_doc.delete_dynamic_links', kwargs={'doctype': 'Property Setter', 'name': 'Supplier Quotation-base_rounded_tot..., method='frappe.model.delete_doc.delete_dynamic_links', site='erpnext.localhost', user='Administrator') (erpnext.localhost||8eb0c5ef-0ccf-4f1a-89ec-f4e3ffcce5d3)
2025-09-28 00:52:08,892 Successfully completed frappe.utils.background_jobs.execute_job(event=None, is_async=True, job_name='frappe.model.delete_doc.delete_dynamic_links', kwargs={'doctype': 'Property Setter', 'name': 'Supplier Quotation-base_rounded_tot..., method='frappe.model.delete_doc.delete_dynamic_links', site='erpnext.localhost', user='Administrator') job in 0:00:00.082067s on worker 64b562e0912c4c9099744bcab233291b
2025-09-28 00:52:08,893 Users-user-Documents-resturantOS-frappe-bench:default: Job OK (erpnext.localhost||8eb0c5ef-0ccf-4f1a-89ec-f4e3ffcce5d3)
2025-09-28 00:52:08,893 Result is kept for 600 seconds
2025-09-28 00:52:08,903 Users-user-Documents-resturantOS-frappe-bench:default: frappe.utils.background_jobs.execute_job(event=None, is_async=True, job_name='frappe.model.delete_doc.delete_dynamic_links', kwargs={'doctype': 'Property Setter', 'name': 'Supplier Quotation-base_rounded_tot..., method='frappe.model.delete_doc.delete_dynamic_links', site='erpnext.localhost', user='Administrator') (erpnext.localhost||2a838665-a4d4-410a-8183-d0d1e02f8a17)
2025-09-28 00:52:08,996 Successfully completed frappe.utils.background_jobs.execute_job(event=None, is_async=True, job_name='frappe.model.delete_doc.delete_dynamic_links', kwargs={'doctype': 'Property Setter', 'name': 'Supplier Quotation-base_rounded_tot..., method='frappe.model.delete_doc.delete_dynamic_links', site='erpnext.localhost', user='Administrator') job in 0:00:00.078970s on worker 64b562e0912c4c9099744bcab233291b
2025-09-28 00:52:08,997 Users-user-Documents-resturantOS-frappe-bench:default: Job OK (erpnext.localhost||2a838665-a4d4-410a-8183-d0d1e02f8a17)
2025-09-28 00:52:08,998 Result is kept for 600 seconds
2025-09-28 00:52:09,006 Users-user-Documents-resturantOS-frappe-bench:default: frappe.utils.background_jobs.execute_job(event=None, is_async=True, job_name='frappe.model.delete_doc.delete_dynamic_links', kwargs={'doctype': 'Property Setter', 'name': 'Supplier Quotation-rounded_total-hi..., method='frappe.model.delete_doc.delete_dynamic_links', site='erpnext.localhost', user='Administrator') (erpnext.localhost||9e1d4f87-39e4-4cc5-98f1-9cda66480f95)
2025-09-28 00:52:09,173 Successfully completed frappe.utils.background_jobs.execute_job(event=None, is_async=True, job_name='frappe.model.delete_doc.delete_dynamic_links', kwargs={'doctype': 'Property Setter', 'name': 'Supplier Quotation-rounded_total-hi..., method='frappe.model.delete_doc.delete_dynamic_links', site='erpnext.localhost', user='Administrator') job in 0:00:00.144346s on worker 64b562e0912c4c9099744bcab233291b
2025-09-28 00:52:09,176 Users-user-Documents-resturantOS-frappe-bench:default: Job OK (erpnext.localhost||9e1d4f87-39e4-4cc5-98f1-9cda66480f95)
2025-09-28 00:52:09,177 Result is kept for 600 seconds
2025-09-28 00:52:09,190 Users-user-Documents-resturantOS-frappe-bench:default: frappe.utils.background_jobs.execute_job(event=None, is_async=True, job_name='frappe.model.delete_doc.delete_dynamic_links', kwargs={'doctype': 'Property Setter', 'name': 'Supplier Quotation-rounded_total-pr..., method='frappe.model.delete_doc.delete_dynamic_links', site='erpnext.localhost', user='Administrator') (erpnext.localhost||92a1bab0-6756-4850-8081-e55f3e1aa0bc)
2025-09-28 00:52:09,352 Successfully completed frappe.utils.background_jobs.execute_job(event=None, is_async=True, job_name='frappe.model.delete_doc.delete_dynamic_links', kwargs={'doctype': 'Property Setter', 'name': 'Supplier Quotation-rounded_total-pr..., method='frappe.model.delete_doc.delete_dynamic_links', site='erpnext.localhost', user='Administrator') job in 0:00:00.139343s on worker 64b562e0912c4c9099744bcab233291b
2025-09-28 00:52:09,353 Users-user-Documents-resturantOS-frappe-bench:default: Job OK (erpnext.localhost||92a1bab0-6756-4850-8081-e55f3e1aa0bc)
2025-09-28 00:52:09,353 Result is kept for 600 seconds
2025-09-28 00:52:09,363 Users-user-Documents-resturantOS-frappe-bench:default: frappe.utils.background_jobs.execute_job(event=None, is_async=True, job_name='frappe.model.delete_doc.delete_dynamic_links', kwargs={'doctype': 'Property Setter', 'name': 'Supplier Quotation-disable_rounded_..., method='frappe.model.delete_doc.delete_dynamic_links', site='erpnext.localhost', user='Administrator') (erpnext.localhost||014788f8-5d91-41a0-9658-84c3b086f909)
2025-09-28 00:52:09,543 Successfully completed frappe.utils.background_jobs.execute_job(event=None, is_async=True, job_name='frappe.model.delete_doc.delete_dynamic_links', kwargs={'doctype': 'Property Setter', 'name': 'Supplier Quotation-disable_rounded_..., method='frappe.model.delete_doc.delete_dynamic_links', site='erpnext.localhost', user='Administrator') job in 0:00:00.161854s on worker 64b562e0912c4c9099744bcab233291b
2025-09-28 00:52:09,544 Users-user-Documents-resturantOS-frappe-bench:default: Job OK (erpnext.localhost||014788f8-5d91-41a0-9658-84c3b086f909)
2025-09-28 00:52:09,544 Result is kept for 600 seconds
2025-09-28 00:52:09,554 Users-user-Documents-resturantOS-frappe-bench:default: frappe.utils.background_jobs.execute_job(event=None, is_async=True, job_name='frappe.model.delete_doc.delete_dynamic_links', kwargs={'doctype': 'Property Setter', 'name': 'Purchase Order-base_rounded_total-h..., method='frappe.model.delete_doc.delete_dynamic_links', site='erpnext.localhost', user='Administrator') (erpnext.localhost||28403d04-41f6-4086-be3c-bee3f2a83191)
2025-09-28 00:52:09,675 Successfully completed frappe.utils.background_jobs.execute_job(event=None, is_async=True, job_name='frappe.model.delete_doc.delete_dynamic_links', kwargs={'doctype': 'Property Setter', 'name': 'Purchase Order-base_rounded_total-h..., method='frappe.model.delete_doc.delete_dynamic_links', site='erpnext.localhost', user='Administrator') job in 0:00:00.101902s on worker 64b562e0912c4c9099744bcab233291b
2025-09-28 00:52:09,675 Users-user-Documents-resturantOS-frappe-bench:default: Job OK (erpnext.localhost||28403d04-41f6-4086-be3c-bee3f2a83191)
2025-09-28 00:52:09,676 Result is kept for 600 seconds
2025-09-28 00:52:09,687 Users-user-Documents-resturantOS-frappe-bench:default: frappe.utils.background_jobs.execute_job(event=None, is_async=True, job_name='frappe.model.delete_doc.delete_dynamic_links', kwargs={'doctype': 'Property Setter', 'name': 'Purchase Order-base_rounded_total-p..., method='frappe.model.delete_doc.delete_dynamic_links', site='erpnext.localhost', user='Administrator') (erpnext.localhost||ced67535-8cda-466b-91ae-9d6976b45f70)
2025-09-28 00:52:09,819 Successfully completed frappe.utils.background_jobs.execute_job(event=None, is_async=True, job_name='frappe.model.delete_doc.delete_dynamic_links', kwargs={'doctype': 'Property Setter', 'name': 'Purchase Order-base_rounded_total-p..., method='frappe.model.delete_doc.delete_dynamic_links', site='erpnext.localhost', user='Administrator') job in 0:00:00.113701s on worker 64b562e0912c4c9099744bcab233291b
2025-09-28 00:52:09,820 Users-user-Documents-resturantOS-frappe-bench:default: Job OK (erpnext.localhost||ced67535-8cda-466b-91ae-9d6976b45f70)
2025-09-28 00:52:09,820 Result is kept for 600 seconds
2025-09-28 00:52:09,831 Users-user-Documents-resturantOS-frappe-bench:default: frappe.utils.background_jobs.execute_job(event=None, is_async=True, job_name='frappe.model.delete_doc.delete_dynamic_links', kwargs={'doctype': 'Property Setter', 'name': 'Purchase Order-rounded_total-hidden..., method='frappe.model.delete_doc.delete_dynamic_links', site='erpnext.localhost', user='Administrator') (erpnext.localhost||f654f8e8-a0c0-4ee5-8053-18d80a1e0681)
2025-09-28 00:52:10,069 Successfully completed frappe.utils.background_jobs.execute_job(event=None, is_async=True, job_name='frappe.model.delete_doc.delete_dynamic_links', kwargs={'doctype': 'Property Setter', 'name': 'Purchase Order-rounded_total-hidden..., method='frappe.model.delete_doc.delete_dynamic_links', site='erpnext.localhost', user='Administrator') job in 0:00:00.215663s on worker 64b562e0912c4c9099744bcab233291b
2025-09-28 00:52:10,070 Users-user-Documents-resturantOS-frappe-bench:default: Job OK (erpnext.localhost||f654f8e8-a0c0-4ee5-8053-18d80a1e0681)
2025-09-28 00:52:10,070 Result is kept for 600 seconds
2025-09-28 00:52:10,088 Users-user-Documents-resturantOS-frappe-bench:default: frappe.utils.background_jobs.execute_job(event=None, is_async=True, job_name='frappe.model.delete_doc.delete_dynamic_links', kwargs={'doctype': 'Property Setter', 'name': 'Purchase Order-rounded_total-print_..., method='frappe.model.delete_doc.delete_dynamic_links', site='erpnext.localhost', user='Administrator') (erpnext.localhost||209ed0f2-1e32-43e1-b427-4f0d5d015f90)
2025-09-28 00:52:10,376 Successfully completed frappe.utils.background_jobs.execute_job(event=None, is_async=True, job_name='frappe.model.delete_doc.delete_dynamic_links', kwargs={'doctype': 'Property Setter', 'name': 'Purchase Order-rounded_total-print_..., method='frappe.model.delete_doc.delete_dynamic_links', site='erpnext.localhost', user='Administrator') job in 0:00:00.250801s on worker 64b562e0912c4c9099744bcab233291b
2025-09-28 00:52:10,377 Users-user-Documents-resturantOS-frappe-bench:default: Job OK (erpnext.localhost||209ed0f2-1e32-43e1-b427-4f0d5d015f90)
2025-09-28 00:52:10,377 Result is kept for 600 seconds
2025-09-28 00:52:10,390 Users-user-Documents-resturantOS-frappe-bench:default: frappe.utils.background_jobs.execute_job(event=None, is_async=True, job_name='frappe.model.delete_doc.delete_dynamic_links', kwargs={'doctype': 'Property Setter', 'name': 'Purchase Order-disable_rounded_tota..., method='frappe.model.delete_doc.delete_dynamic_links', site='erpnext.localhost', user='Administrator') (erpnext.localhost||868119e4-2b83-497c-a181-be07ae680a95)
2025-09-28 00:52:10,565 Successfully completed frappe.utils.background_jobs.execute_job(event=None, is_async=True, job_name='frappe.model.delete_doc.delete_dynamic_links', kwargs={'doctype': 'Property Setter', 'name': 'Purchase Order-disable_rounded_tota..., method='frappe.model.delete_doc.delete_dynamic_links', site='erpnext.localhost', user='Administrator') job in 0:00:00.133297s on worker 64b562e0912c4c9099744bcab233291b
2025-09-28 00:52:10,565 Users-user-Documents-resturantOS-frappe-bench:default: Job OK (erpnext.localhost||868119e4-2b83-497c-a181-be07ae680a95)
2025-09-28 00:52:10,566 Result is kept for 600 seconds
2025-09-28 00:52:10,578 Users-user-Documents-resturantOS-frappe-bench:default: frappe.utils.background_jobs.execute_job(event=None, is_async=True, job_name='frappe.model.delete_doc.delete_dynamic_links', kwargs={'doctype': 'Property Setter', 'name': 'Purchase Invoice-base_rounded_total..., method='frappe.model.delete_doc.delete_dynamic_links', site='erpnext.localhost', user='Administrator') (erpnext.localhost||91ed9219-9586-4501-b1ad-b8e877f6c918)
2025-09-28 00:52:10,750 Successfully completed frappe.utils.background_jobs.execute_job(event=None, is_async=True, job_name='frappe.model.delete_doc.delete_dynamic_links', kwargs={'doctype': 'Property Setter', 'name': 'Purchase Invoice-base_rounded_total..., method='frappe.model.delete_doc.delete_dynamic_links', site='erpnext.localhost', user='Administrator') job in 0:00:00.144800s on worker 64b562e0912c4c9099744bcab233291b
2025-09-28 00:52:10,751 Users-user-Documents-resturantOS-frappe-bench:default: Job OK (erpnext.localhost||91ed9219-9586-4501-b1ad-b8e877f6c918)
2025-09-28 00:52:10,751 Result is kept for 600 seconds
2025-09-28 00:52:10,762 Users-user-Documents-resturantOS-frappe-bench:default: frappe.utils.background_jobs.execute_job(event=None, is_async=True, job_name='frappe.model.delete_doc.delete_dynamic_links', kwargs={'doctype': 'Property Setter', 'name': 'Purchase Invoice-base_rounded_total..., method='frappe.model.delete_doc.delete_dynamic_links', site='erpnext.localhost', user='Administrator') (erpnext.localhost||b91fa549-4c14-4233-bc0f-706aaf96e8fd)
2025-09-28 00:52:10,879 Successfully completed frappe.utils.background_jobs.execute_job(event=None, is_async=True, job_name='frappe.model.delete_doc.delete_dynamic_links', kwargs={'doctype': 'Property Setter', 'name': 'Purchase Invoice-base_rounded_total..., method='frappe.model.delete_doc.delete_dynamic_links', site='erpnext.localhost', user='Administrator') job in 0:00:00.097143s on worker 64b562e0912c4c9099744bcab233291b
2025-09-28 00:52:10,880 Users-user-Documents-resturantOS-frappe-bench:default: Job OK (erpnext.localhost||b91fa549-4c14-4233-bc0f-706aaf96e8fd)
2025-09-28 00:52:10,880 Result is kept for 600 seconds
2025-09-28 00:52:10,894 Users-user-Documents-resturantOS-frappe-bench:default: frappe.utils.background_jobs.execute_job(event=None, is_async=True, job_name='frappe.model.delete_doc.delete_dynamic_links', kwargs={'doctype': 'Property Setter', 'name': 'Purchase Invoice-rounded_total-hidd..., method='frappe.model.delete_doc.delete_dynamic_links', site='erpnext.localhost', user='Administrator') (erpnext.localhost||b42b5b2c-6415-4a52-9e22-1937ef104ead)
2025-09-28 00:52:10,998 Successfully completed frappe.utils.background_jobs.execute_job(event=None, is_async=True, job_name='frappe.model.delete_doc.delete_dynamic_links', kwargs={'doctype': 'Property Setter', 'name': 'Purchase Invoice-rounded_total-hidd..., method='frappe.model.delete_doc.delete_dynamic_links', site='erpnext.localhost', user='Administrator') job in 0:00:00.087686s on worker 64b562e0912c4c9099744bcab233291b
2025-09-28 00:52:10,999 Users-user-Documents-resturantOS-frappe-bench:default: Job OK (erpnext.localhost||b42b5b2c-6415-4a52-9e22-1937ef104ead)
2025-09-28 00:52:10,999 Result is kept for 600 seconds
2025-09-28 00:52:11,008 Users-user-Documents-resturantOS-frappe-bench:default: frappe.utils.background_jobs.execute_job(event=None, is_async=True, job_name='frappe.model.delete_doc.delete_dynamic_links', kwargs={'doctype': 'Property Setter', 'name': 'Purchase Invoice-rounded_total-prin..., method='frappe.model.delete_doc.delete_dynamic_links', site='erpnext.localhost', user='Administrator') (erpnext.localhost||6c0de95d-b07c-454f-908a-c08133f04993)
2025-09-28 00:52:11,113 Successfully completed frappe.utils.background_jobs.execute_job(event=None, is_async=True, job_name='frappe.model.delete_doc.delete_dynamic_links', kwargs={'doctype': 'Property Setter', 'name': 'Purchase Invoice-rounded_total-prin..., method='frappe.model.delete_doc.delete_dynamic_links', site='erpnext.localhost', user='Administrator') job in 0:00:00.090533s on worker 64b562e0912c4c9099744bcab233291b
2025-09-28 00:52:11,114 Users-user-Documents-resturantOS-frappe-bench:default: Job OK (erpnext.localhost||6c0de95d-b07c-454f-908a-c08133f04993)
2025-09-28 00:52:11,115 Result is kept for 600 seconds
2025-09-28 00:52:11,125 Users-user-Documents-resturantOS-frappe-bench:default: frappe.utils.background_jobs.execute_job(event=None, is_async=True, job_name='frappe.model.delete_doc.delete_dynamic_links', kwargs={'doctype': 'Property Setter', 'name': 'Purchase Invoice-disable_rounded_to..., method='frappe.model.delete_doc.delete_dynamic_links', site='erpnext.localhost', user='Administrator') (erpnext.localhost||7a2ddd6d-be16-450a-9cce-ada0e1559e08)
2025-09-28 00:52:11,245 Successfully completed frappe.utils.background_jobs.execute_job(event=None, is_async=True, job_name='frappe.model.delete_doc.delete_dynamic_links', kwargs={'doctype': 'Property Setter', 'name': 'Purchase Invoice-disable_rounded_to..., method='frappe.model.delete_doc.delete_dynamic_links', site='erpnext.localhost', user='Administrator') job in 0:00:00.102094s on worker 64b562e0912c4c9099744bcab233291b
2025-09-28 00:52:11,246 Users-user-Documents-resturantOS-frappe-bench:default: Job OK (erpnext.localhost||7a2ddd6d-be16-450a-9cce-ada0e1559e08)
2025-09-28 00:52:11,246 Result is kept for 600 seconds
2025-09-28 00:52:11,256 Users-user-Documents-resturantOS-frappe-bench:default: frappe.utils.background_jobs.execute_job(event=None, is_async=True, job_name='frappe.model.delete_doc.delete_dynamic_links', kwargs={'doctype': 'Property Setter', 'name': 'Purchase Receipt-base_rounded_total..., method='frappe.model.delete_doc.delete_dynamic_links', site='erpnext.localhost', user='Administrator') (erpnext.localhost||cbc719ab-2d48-4076-b589-805ceb25d156)
2025-09-28 00:52:11,390 Successfully completed frappe.utils.background_jobs.execute_job(event=None, is_async=True, job_name='frappe.model.delete_doc.delete_dynamic_links', kwargs={'doctype': 'Property Setter', 'name': 'Purchase Receipt-base_rounded_total..., method='frappe.model.delete_doc.delete_dynamic_links', site='erpnext.localhost', user='Administrator') job in 0:00:00.113671s on worker 64b562e0912c4c9099744bcab233291b
2025-09-28 00:52:11,391 Users-user-Documents-resturantOS-frappe-bench:default: Job OK (erpnext.localhost||cbc719ab-2d48-4076-b589-805ceb25d156)
2025-09-28 00:52:11,391 Result is kept for 600 seconds
2025-09-28 00:52:11,403 Users-user-Documents-resturantOS-frappe-bench:default: frappe.utils.background_jobs.execute_job(event=None, is_async=True, job_name='frappe.model.delete_doc.delete_dynamic_links', kwargs={'doctype': 'Property Setter', 'name': 'Purchase Receipt-base_rounded_total..., method='frappe.model.delete_doc.delete_dynamic_links', site='erpnext.localhost', user='Administrator') (erpnext.localhost||3baf2a9c-5ead-40a5-b8e5-211e50ecb098)
2025-09-28 00:52:11,633 Successfully completed frappe.utils.background_jobs.execute_job(event=None, is_async=True, job_name='frappe.model.delete_doc.delete_dynamic_links', kwargs={'doctype': 'Property Setter', 'name': 'Purchase Receipt-base_rounded_total..., method='frappe.model.delete_doc.delete_dynamic_links', site='erpnext.localhost', user='Administrator') job in 0:00:00.200809s on worker 64b562e0912c4c9099744bcab233291b
2025-09-28 00:52:11,634 Users-user-Documents-resturantOS-frappe-bench:default: Job OK (erpnext.localhost||3baf2a9c-5ead-40a5-b8e5-211e50ecb098)
2025-09-28 00:52:11,635 Result is kept for 600 seconds
2025-09-28 00:52:11,645 Users-user-Documents-resturantOS-frappe-bench:default: frappe.utils.background_jobs.execute_job(event=None, is_async=True, job_name='frappe.model.delete_doc.delete_dynamic_links', kwargs={'doctype': 'Property Setter', 'name': 'Purchase Receipt-rounded_total-hidd..., method='frappe.model.delete_doc.delete_dynamic_links', site='erpnext.localhost', user='Administrator') (erpnext.localhost||d4d62ecc-3992-45fd-bcc4-743ddd3144c4)
2025-09-28 00:52:11,761 Successfully completed frappe.utils.background_jobs.execute_job(event=None, is_async=True, job_name='frappe.model.delete_doc.delete_dynamic_links', kwargs={'doctype': 'Property Setter', 'name': 'Purchase Receipt-rounded_total-hidd..., method='frappe.model.delete_doc.delete_dynamic_links', site='erpnext.localhost', user='Administrator') job in 0:00:00.098901s on worker 64b562e0912c4c9099744bcab233291b
2025-09-28 00:52:11,762 Users-user-Documents-resturantOS-frappe-bench:default: Job OK (erpnext.localhost||d4d62ecc-3992-45fd-bcc4-743ddd3144c4)
2025-09-28 00:52:11,762 Result is kept for 600 seconds
2025-09-28 00:52:11,774 Users-user-Documents-resturantOS-frappe-bench:default: frappe.utils.background_jobs.execute_job(event=None, is_async=True, job_name='frappe.model.delete_doc.delete_dynamic_links', kwargs={'doctype': 'Property Setter', 'name': 'Purchase Receipt-rounded_total-prin..., method='frappe.model.delete_doc.delete_dynamic_links', site='erpnext.localhost', user='Administrator') (erpnext.localhost||324a3cb5-6c90-4033-9653-faee0f70e63e)
2025-09-28 00:52:11,891 Successfully completed frappe.utils.background_jobs.execute_job(event=None, is_async=True, job_name='frappe.model.delete_doc.delete_dynamic_links', kwargs={'doctype': 'Property Setter', 'name': 'Purchase Receipt-rounded_total-prin..., method='frappe.model.delete_doc.delete_dynamic_links', site='erpnext.localhost', user='Administrator') job in 0:00:00.097260s on worker 64b562e0912c4c9099744bcab233291b
2025-09-28 00:52:11,891 Users-user-Documents-resturantOS-frappe-bench:default: Job OK (erpnext.localhost||324a3cb5-6c90-4033-9653-faee0f70e63e)
2025-09-28 00:52:11,892 Result is kept for 600 seconds
2025-09-28 00:52:11,903 Users-user-Documents-resturantOS-frappe-bench:default: frappe.utils.background_jobs.execute_job(event=None, is_async=True, job_name='frappe.model.delete_doc.delete_dynamic_links', kwargs={'doctype': 'Property Setter', 'name': 'Purchase Receipt-disable_rounded_to..., method='frappe.model.delete_doc.delete_dynamic_links', site='erpnext.localhost', user='Administrator') (erpnext.localhost||541392ce-7683-4db0-8cd2-297277e42b34)
2025-09-28 00:52:12,018 Successfully completed frappe.utils.background_jobs.execute_job(event=None, is_async=True, job_name='frappe.model.delete_doc.delete_dynamic_links', kwargs={'doctype': 'Property Setter', 'name': 'Purchase Receipt-disable_rounded_to..., method='frappe.model.delete_doc.delete_dynamic_links', site='erpnext.localhost', user='Administrator') job in 0:00:00.095233s on worker 64b562e0912c4c9099744bcab233291b
2025-09-28 00:52:12,018 Users-user-Documents-resturantOS-frappe-bench:default: Job OK (erpnext.localhost||541392ce-7683-4db0-8cd2-297277e42b34)
2025-09-28 00:52:12,018 Result is kept for 600 seconds
2025-09-28 00:52:12,031 Users-user-Documents-resturantOS-frappe-bench:default: frappe.utils.background_jobs.execute_job(event=None, is_async=True, job_name='frappe.model.delete_doc.delete_dynamic_links', kwargs={'doctype': 'Property Setter', 'name': 'Quotation-in_words-hidden'}, method='frappe.model.delete_doc.delete_dynamic_links', site='erpnext.localhost', user='Administrator') (erpnext.localhost||dfd7c290-1ea1-45bd-91d6-df52ed723a1b)
2025-09-28 00:52:12,158 Successfully completed frappe.utils.background_jobs.execute_job(event=None, is_async=True, job_name='frappe.model.delete_doc.delete_dynamic_links', kwargs={'doctype': 'Property Setter', 'name': 'Quotation-in_words-hidden'}, method='frappe.model.delete_doc.delete_dynamic_links', site='erpnext.localhost', user='Administrator') job in 0:00:00.106184s on worker 64b562e0912c4c9099744bcab233291b
2025-09-28 00:52:12,159 Users-user-Documents-resturantOS-frappe-bench:default: Job OK (erpnext.localhost||dfd7c290-1ea1-45bd-91d6-df52ed723a1b)
2025-09-28 00:52:12,159 Result is kept for 600 seconds
2025-09-28 00:52:12,169 Users-user-Documents-resturantOS-frappe-bench:default: frappe.utils.background_jobs.execute_job(event=None, is_async=True, job_name='frappe.model.delete_doc.delete_dynamic_links', kwargs={'doctype': 'Property Setter', 'name': 'Quotation-in_words-print_hide'}, method='frappe.model.delete_doc.delete_dynamic_links', site='erpnext.localhost', user='Administrator') (erpnext.localhost||38024795-2d24-41eb-93fc-06c9df91e2f6)
2025-09-28 00:52:12,287 Successfully completed frappe.utils.background_jobs.execute_job(event=None, is_async=True, job_name='frappe.model.delete_doc.delete_dynamic_links', kwargs={'doctype': 'Property Setter', 'name': 'Quotation-in_words-print_hide'}, method='frappe.model.delete_doc.delete_dynamic_links', site='erpnext.localhost', user='Administrator') job in 0:00:00.094881s on worker 64b562e0912c4c9099744bcab233291b
2025-09-28 00:52:12,289 Users-user-Documents-resturantOS-frappe-bench:default: Job OK (erpnext.localhost||38024795-2d24-41eb-93fc-06c9df91e2f6)
2025-09-28 00:52:12,289 Result is kept for 600 seconds
2025-09-28 00:52:12,299 Users-user-Documents-resturantOS-frappe-bench:default: frappe.utils.background_jobs.execute_job(event=None, is_async=True, job_name='frappe.model.delete_doc.delete_dynamic_links', kwargs={'doctype': 'Property Setter', 'name': 'Sales Order-in_words-hidden'}, method='frappe.model.delete_doc.delete_dynamic_links', site='erpnext.localhost', user='Administrator') (erpnext.localhost||61485f30-ec78-49d4-97c6-9831362f44a6)
2025-09-28 00:52:12,440 Successfully completed frappe.utils.background_jobs.execute_job(event=None, is_async=True, job_name='frappe.model.delete_doc.delete_dynamic_links', kwargs={'doctype': 'Property Setter', 'name': 'Sales Order-in_words-hidden'}, method='frappe.model.delete_doc.delete_dynamic_links', site='erpnext.localhost', user='Administrator') job in 0:00:00.123396s on worker 64b562e0912c4c9099744bcab233291b
2025-09-28 00:52:12,441 Users-user-Documents-resturantOS-frappe-bench:default: Job OK (erpnext.localhost||61485f30-ec78-49d4-97c6-9831362f44a6)
2025-09-28 00:52:12,441 Result is kept for 600 seconds
2025-09-28 00:52:12,452 Users-user-Documents-resturantOS-frappe-bench:default: frappe.utils.background_jobs.execute_job(event=None, is_async=True, job_name='frappe.model.delete_doc.delete_dynamic_links', kwargs={'doctype': 'Property Setter', 'name': 'Sales Order-in_words-print_hide'}, method='frappe.model.delete_doc.delete_dynamic_links', site='erpnext.localhost', user='Administrator') (erpnext.localhost||2db4b042-4466-4d73-af4c-b7c3c7f014f8)
2025-09-28 00:52:12,580 Successfully completed frappe.utils.background_jobs.execute_job(event=None, is_async=True, job_name='frappe.model.delete_doc.delete_dynamic_links', kwargs={'doctype': 'Property Setter', 'name': 'Sales Order-in_words-print_hide'}, method='frappe.model.delete_doc.delete_dynamic_links', site='erpnext.localhost', user='Administrator') job in 0:00:00.108183s on worker 64b562e0912c4c9099744bcab233291b
2025-09-28 00:52:12,581 Users-user-Documents-resturantOS-frappe-bench:default: Job OK (erpnext.localhost||2db4b042-4466-4d73-af4c-b7c3c7f014f8)
2025-09-28 00:52:12,581 Result is kept for 600 seconds
2025-09-28 00:52:12,591 Users-user-Documents-resturantOS-frappe-bench:default: frappe.utils.background_jobs.execute_job(event=None, is_async=True, job_name='frappe.model.delete_doc.delete_dynamic_links', kwargs={'doctype': 'Property Setter', 'name': 'Sales Invoice-in_words-hidden'}, method='frappe.model.delete_doc.delete_dynamic_links', site='erpnext.localhost', user='Administrator') (erpnext.localhost||1d3a3dc5-b757-4413-aa06-e024668a0360)
2025-09-28 00:52:12,747 Successfully completed frappe.utils.background_jobs.execute_job(event=None, is_async=True, job_name='frappe.model.delete_doc.delete_dynamic_links', kwargs={'doctype': 'Property Setter', 'name': 'Sales Invoice-in_words-hidden'}, method='frappe.model.delete_doc.delete_dynamic_links', site='erpnext.localhost', user='Administrator') job in 0:00:00.135457s on worker 64b562e0912c4c9099744bcab233291b
2025-09-28 00:52:12,748 Users-user-Documents-resturantOS-frappe-bench:default: Job OK (erpnext.localhost||1d3a3dc5-b757-4413-aa06-e024668a0360)
2025-09-28 00:52:12,748 Result is kept for 600 seconds
2025-09-28 00:52:12,759 Users-user-Documents-resturantOS-frappe-bench:default: frappe.utils.background_jobs.execute_job(event=None, is_async=True, job_name='frappe.model.delete_doc.delete_dynamic_links', kwargs={'doctype': 'Property Setter', 'name': 'Sales Invoice-in_words-print_hide'}, method='frappe.model.delete_doc.delete_dynamic_links', site='erpnext.localhost', user='Administrator') (erpnext.localhost||bf7cdfe4-6916-4b5e-a06c-d592b97e93fa)
2025-09-28 00:52:12,909 Successfully completed frappe.utils.background_jobs.execute_job(event=None, is_async=True, job_name='frappe.model.delete_doc.delete_dynamic_links', kwargs={'doctype': 'Property Setter', 'name': 'Sales Invoice-in_words-print_hide'}, method='frappe.model.delete_doc.delete_dynamic_links', site='erpnext.localhost', user='Administrator') job in 0:00:00.133493s on worker 64b562e0912c4c9099744bcab233291b
2025-09-28 00:52:12,910 Users-user-Documents-resturantOS-frappe-bench:default: Job OK (erpnext.localhost||bf7cdfe4-6916-4b5e-a06c-d592b97e93fa)
2025-09-28 00:52:12,911 Result is kept for 600 seconds
2025-09-28 00:52:12,922 Users-user-Documents-resturantOS-frappe-bench:default: frappe.utils.background_jobs.execute_job(event=None, is_async=True, job_name='frappe.model.delete_doc.delete_dynamic_links', kwargs={'doctype': 'Property Setter', 'name': 'Delivery Note-in_words-hidden'}, method='frappe.model.delete_doc.delete_dynamic_links', site='erpnext.localhost', user='Administrator') (erpnext.localhost||483c3024-7e66-4601-83ba-5ce0ecc759c2)
2025-09-28 00:52:13,092 Successfully completed frappe.utils.background_jobs.execute_job(event=None, is_async=True, job_name='frappe.model.delete_doc.delete_dynamic_links', kwargs={'doctype': 'Property Setter', 'name': 'Delivery Note-in_words-hidden'}, method='frappe.model.delete_doc.delete_dynamic_links', site='erpnext.localhost', user='Administrator') job in 0:00:00.147736s on worker 64b562e0912c4c9099744bcab233291b
2025-09-28 00:52:13,093 Users-user-Documents-resturantOS-frappe-bench:default: Job OK (erpnext.localhost||483c3024-7e66-4601-83ba-5ce0ecc759c2)
2025-09-28 00:52:13,094 Result is kept for 600 seconds
2025-09-28 00:52:13,105 Users-user-Documents-resturantOS-frappe-bench:default: frappe.utils.background_jobs.execute_job(event=None, is_async=True, job_name='frappe.model.delete_doc.delete_dynamic_links', kwargs={'doctype': 'Property Setter', 'name': 'Delivery Note-in_words-print_hide'}, method='frappe.model.delete_doc.delete_dynamic_links', site='erpnext.localhost', user='Administrator') (erpnext.localhost||c048d2ce-892b-46c0-b147-d209da8f7d10)
2025-09-28 00:52:13,216 Successfully completed frappe.utils.background_jobs.execute_job(event=None, is_async=True, job_name='frappe.model.delete_doc.delete_dynamic_links', kwargs={'doctype': 'Property Setter', 'name': 'Delivery Note-in_words-print_hide'}, method='frappe.model.delete_doc.delete_dynamic_links', site='erpnext.localhost', user='Administrator') job in 0:00:00.095833s on worker 64b562e0912c4c9099744bcab233291b
2025-09-28 00:52:13,217 Users-user-Documents-resturantOS-frappe-bench:default: Job OK (erpnext.localhost||c048d2ce-892b-46c0-b147-d209da8f7d10)
2025-09-28 00:52:13,217 Result is kept for 600 seconds
2025-09-28 00:52:13,226 Users-user-Documents-resturantOS-frappe-bench:default: frappe.utils.background_jobs.execute_job(event=None, is_async=True, job_name='frappe.model.delete_doc.delete_dynamic_links', kwargs={'doctype': 'Property Setter', 'name': 'Supplier Quotation-in_words-hidden'..., method='frappe.model.delete_doc.delete_dynamic_links', site='erpnext.localhost', user='Administrator') (erpnext.localhost||b23b3f66-7267-423a-9929-273a27691cdb)
2025-09-28 00:52:13,324 Successfully completed frappe.utils.background_jobs.execute_job(event=None, is_async=True, job_name='frappe.model.delete_doc.delete_dynamic_links', kwargs={'doctype': 'Property Setter', 'name': 'Supplier Quotation-in_words-hidden'..., method='frappe.model.delete_doc.delete_dynamic_links', site='erpnext.localhost', user='Administrator') job in 0:00:00.082285s on worker 64b562e0912c4c9099744bcab233291b
2025-09-28 00:52:13,325 Users-user-Documents-resturantOS-frappe-bench:default: Job OK (erpnext.localhost||b23b3f66-7267-423a-9929-273a27691cdb)
2025-09-28 00:52:13,325 Result is kept for 600 seconds
2025-09-28 00:52:13,335 Users-user-Documents-resturantOS-frappe-bench:default: frappe.utils.background_jobs.execute_job(event=None, is_async=True, job_name='frappe.model.delete_doc.delete_dynamic_links', kwargs={'doctype': 'Property Setter', 'name': 'Supplier Quotation-in_words-print_h..., method='frappe.model.delete_doc.delete_dynamic_links', site='erpnext.localhost', user='Administrator') (erpnext.localhost||2a7c9b4a-3092-4688-95e8-e99191c974f0)
2025-09-28 00:52:13,429 Successfully completed frappe.utils.background_jobs.execute_job(event=None, is_async=True, job_name='frappe.model.delete_doc.delete_dynamic_links', kwargs={'doctype': 'Property Setter', 'name': 'Supplier Quotation-in_words-print_h..., method='frappe.model.delete_doc.delete_dynamic_links', site='erpnext.localhost', user='Administrator') job in 0:00:00.079707s on worker 64b562e0912c4c9099744bcab233291b
2025-09-28 00:52:13,430 Users-user-Documents-resturantOS-frappe-bench:default: Job OK (erpnext.localhost||2a7c9b4a-3092-4688-95e8-e99191c974f0)
2025-09-28 00:52:13,430 Result is kept for 600 seconds
2025-09-28 00:52:13,440 Users-user-Documents-resturantOS-frappe-bench:default: frappe.utils.background_jobs.execute_job(event=None, is_async=True, job_name='frappe.model.delete_doc.delete_dynamic_links', kwargs={'doctype': 'Property Setter', 'name': 'Purchase Order-in_words-hidden'}, method='frappe.model.delete_doc.delete_dynamic_links', site='erpnext.localhost', user='Administrator') (erpnext.localhost||c4c61398-58d7-4b13-9163-b5539c17c7d6)
2025-09-28 00:52:13,557 Successfully completed frappe.utils.background_jobs.execute_job(event=None, is_async=True, job_name='frappe.model.delete_doc.delete_dynamic_links', kwargs={'doctype': 'Property Setter', 'name': 'Purchase Order-in_words-hidden'}, method='frappe.model.delete_doc.delete_dynamic_links', site='erpnext.localhost', user='Administrator') job in 0:00:00.100925s on worker 64b562e0912c4c9099744bcab233291b
2025-09-28 00:52:13,558 Users-user-Documents-resturantOS-frappe-bench:default: Job OK (erpnext.localhost||c4c61398-58d7-4b13-9163-b5539c17c7d6)
2025-09-28 00:52:13,558 Result is kept for 600 seconds
2025-09-28 00:52:13,566 Users-user-Documents-resturantOS-frappe-bench:default: frappe.utils.background_jobs.execute_job(event=None, is_async=True, job_name='frappe.model.delete_doc.delete_dynamic_links', kwargs={'doctype': 'Property Setter', 'name': 'Purchase Order-in_words-print_hide'..., method='frappe.model.delete_doc.delete_dynamic_links', site='erpnext.localhost', user='Administrator') (erpnext.localhost||b51fc486-8137-482a-95ba-784efe7c7122)
2025-09-28 00:52:13,659 Successfully completed frappe.utils.background_jobs.execute_job(event=None, is_async=True, job_name='frappe.model.delete_doc.delete_dynamic_links', kwargs={'doctype': 'Property Setter', 'name': 'Purchase Order-in_words-print_hide'..., method='frappe.model.delete_doc.delete_dynamic_links', site='erpnext.localhost', user='Administrator') job in 0:00:00.075269s on worker 64b562e0912c4c9099744bcab233291b
2025-09-28 00:52:13,659 Users-user-Documents-resturantOS-frappe-bench:default: Job OK (erpnext.localhost||b51fc486-8137-482a-95ba-784efe7c7122)
2025-09-28 00:52:13,660 Result is kept for 600 seconds
2025-09-28 00:52:13,667 Users-user-Documents-resturantOS-frappe-bench:default: frappe.utils.background_jobs.execute_job(event=None, is_async=True, job_name='frappe.model.delete_doc.delete_dynamic_links', kwargs={'doctype': 'Property Setter', 'name': 'Purchase Invoice-in_words-hidden'}, method='frappe.model.delete_doc.delete_dynamic_links', site='erpnext.localhost', user='Administrator') (erpnext.localhost||e8757b49-9fa7-4618-83ea-78ab646b1947)
2025-09-28 00:52:13,759 Successfully completed frappe.utils.background_jobs.execute_job(event=None, is_async=True, job_name='frappe.model.delete_doc.delete_dynamic_links', kwargs={'doctype': 'Property Setter', 'name': 'Purchase Invoice-in_words-hidden'}, method='frappe.model.delete_doc.delete_dynamic_links', site='erpnext.localhost', user='Administrator') job in 0:00:00.077925s on worker 64b562e0912c4c9099744bcab233291b
2025-09-28 00:52:13,760 Users-user-Documents-resturantOS-frappe-bench:default: Job OK (erpnext.localhost||e8757b49-9fa7-4618-83ea-78ab646b1947)
2025-09-28 00:52:13,760 Result is kept for 600 seconds
2025-09-28 00:52:13,768 Users-user-Documents-resturantOS-frappe-bench:default: frappe.utils.background_jobs.execute_job(event=None, is_async=True, job_name='frappe.model.delete_doc.delete_dynamic_links', kwargs={'doctype': 'Property Setter', 'name': 'Purchase Invoice-in_words-print_hid..., method='frappe.model.delete_doc.delete_dynamic_links', site='erpnext.localhost', user='Administrator') (erpnext.localhost||18996b9c-7d0a-471e-950e-152badd24799)
2025-09-28 00:52:13,873 Successfully completed frappe.utils.background_jobs.execute_job(event=None, is_async=True, job_name='frappe.model.delete_doc.delete_dynamic_links', kwargs={'doctype': 'Property Setter', 'name': 'Purchase Invoice-in_words-print_hid..., method='frappe.model.delete_doc.delete_dynamic_links', site='erpnext.localhost', user='Administrator') job in 0:00:00.086319s on worker 64b562e0912c4c9099744bcab233291b
2025-09-28 00:52:13,879 Users-user-Documents-resturantOS-frappe-bench:default: Job OK (erpnext.localhost||18996b9c-7d0a-471e-950e-152badd24799)
2025-09-28 00:52:13,879 Result is kept for 600 seconds
2025-09-28 00:52:13,888 Users-user-Documents-resturantOS-frappe-bench:default: frappe.utils.background_jobs.execute_job(event=None, is_async=True, job_name='frappe.model.delete_doc.delete_dynamic_links', kwargs={'doctype': 'Property Setter', 'name': 'Purchase Receipt-in_words-hidden'}, method='frappe.model.delete_doc.delete_dynamic_links', site='erpnext.localhost', user='Administrator') (erpnext.localhost||be4ebf3e-ca8f-4e11-b8ad-606da1c6f0aa)
2025-09-28 00:52:13,984 Successfully completed frappe.utils.background_jobs.execute_job(event=None, is_async=True, job_name='frappe.model.delete_doc.delete_dynamic_links', kwargs={'doctype': 'Property Setter', 'name': 'Purchase Receipt-in_words-hidden'}, method='frappe.model.delete_doc.delete_dynamic_links', site='erpnext.localhost', user='Administrator') job in 0:00:00.081495s on worker 64b562e0912c4c9099744bcab233291b
2025-09-28 00:52:13,985 Users-user-Documents-resturantOS-frappe-bench:default: Job OK (erpnext.localhost||be4ebf3e-ca8f-4e11-b8ad-606da1c6f0aa)
2025-09-28 00:52:13,986 Result is kept for 600 seconds
2025-09-28 00:52:13,993 Users-user-Documents-resturantOS-frappe-bench:default: frappe.utils.background_jobs.execute_job(event=None, is_async=True, job_name='frappe.model.delete_doc.delete_dynamic_links', kwargs={'doctype': 'Property Setter', 'name': 'Purchase Receipt-in_words-print_hid..., method='frappe.model.delete_doc.delete_dynamic_links', site='erpnext.localhost', user='Administrator') (erpnext.localhost||13f91df7-355e-429d-b1d2-97c481912889)
2025-09-28 00:52:14,091 Successfully completed frappe.utils.background_jobs.execute_job(event=None, is_async=True, job_name='frappe.model.delete_doc.delete_dynamic_links', kwargs={'doctype': 'Property Setter', 'name': 'Purchase Receipt-in_words-print_hid..., method='frappe.model.delete_doc.delete_dynamic_links', site='erpnext.localhost', user='Administrator') job in 0:00:00.084072s on worker 64b562e0912c4c9099744bcab233291b
2025-09-28 00:52:14,092 Users-user-Documents-resturantOS-frappe-bench:default: Job OK (erpnext.localhost||13f91df7-355e-429d-b1d2-97c481912889)
2025-09-28 00:52:14,092 Result is kept for 600 seconds
2025-09-28 00:52:14,100 Users-user-Documents-resturantOS-frappe-bench:default: frappe.utils.background_jobs.execute_job(event=None, is_async=True, job_name='frappe.model.delete_doc.delete_dynamic_links', kwargs={'doctype': 'Property Setter', 'name': 'Item-naming_series-reqd'}, method='frappe.model.delete_doc.delete_dynamic_links', site='erpnext.localhost', user='Administrator') (erpnext.localhost||3174e2a5-af7d-4bf2-be59-83016d7a057f)
2025-09-28 00:52:14,193 Successfully completed frappe.utils.background_jobs.execute_job(event=None, is_async=True, job_name='frappe.model.delete_doc.delete_dynamic_links', kwargs={'doctype': 'Property Setter', 'name': 'Item-naming_series-reqd'}, method='frappe.model.delete_doc.delete_dynamic_links', site='erpnext.localhost', user='Administrator') job in 0:00:00.079112s on worker 64b562e0912c4c9099744bcab233291b
2025-09-28 00:52:14,193 Users-user-Documents-resturantOS-frappe-bench:default: Job OK (erpnext.localhost||3174e2a5-af7d-4bf2-be59-83016d7a057f)
2025-09-28 00:52:14,193 Result is kept for 600 seconds
2025-09-28 00:52:14,201 Users-user-Documents-resturantOS-frappe-bench:default: frappe.utils.background_jobs.execute_job(event=None, is_async=True, job_name='frappe.model.delete_doc.delete_dynamic_links', kwargs={'doctype': 'Property Setter', 'name': 'Item-naming_series-hidden'}, method='frappe.model.delete_doc.delete_dynamic_links', site='erpnext.localhost', user='Administrator') (erpnext.localhost||65a33654-8740-4c14-99e5-fdb22f225746)
2025-09-28 00:52:14,296 Successfully completed frappe.utils.background_jobs.execute_job(event=None, is_async=True, job_name='frappe.model.delete_doc.delete_dynamic_links', kwargs={'doctype': 'Property Setter', 'name': 'Item-naming_series-hidden'}, method='frappe.model.delete_doc.delete_dynamic_links', site='erpnext.localhost', user='Administrator') job in 0:00:00.081059s on worker 64b562e0912c4c9099744bcab233291b
2025-09-28 00:52:14,296 Users-user-Documents-resturantOS-frappe-bench:default: Job OK (erpnext.localhost||65a33654-8740-4c14-99e5-fdb22f225746)
2025-09-28 00:52:14,296 Result is kept for 600 seconds
2025-09-28 00:52:14,305 Users-user-Documents-resturantOS-frappe-bench:default: frappe.utils.background_jobs.execute_job(event=None, is_async=True, job_name='frappe.model.delete_doc.delete_dynamic_links', kwargs={'doctype': 'Property Setter', 'name': 'Item-item_code-hidden'}, method='frappe.model.delete_doc.delete_dynamic_links', site='erpnext.localhost', user='Administrator') (erpnext.localhost||40ed2440-fe4e-4204-afc0-8e0a8508be94)
2025-09-28 00:52:14,391 Successfully completed frappe.utils.background_jobs.execute_job(event=None, is_async=True, job_name='frappe.model.delete_doc.delete_dynamic_links', kwargs={'doctype': 'Property Setter', 'name': 'Item-item_code-hidden'}, method='frappe.model.delete_doc.delete_dynamic_links', site='erpnext.localhost', user='Administrator') job in 0:00:00.072482s on worker 64b562e0912c4c9099744bcab233291b
2025-09-28 00:52:14,392 Users-user-Documents-resturantOS-frappe-bench:default: Job OK (erpnext.localhost||40ed2440-fe4e-4204-afc0-8e0a8508be94)
2025-09-28 00:52:14,392 Result is kept for 600 seconds
2025-09-28 00:52:14,400 Users-user-Documents-resturantOS-frappe-bench:default: frappe.utils.background_jobs.execute_job(event=None, is_async=True, job_name='frappe.model.delete_doc.delete_dynamic_links', kwargs={'doctype': 'Property Setter', 'name': 'Item-item_code-reqd'}, method='frappe.model.delete_doc.delete_dynamic_links', site='erpnext.localhost', user='Administrator') (erpnext.localhost||bd298058-f1cc-4b44-8478-cb6c7008ea68)
2025-09-28 00:52:14,504 Successfully completed frappe.utils.background_jobs.execute_job(event=None, is_async=True, job_name='frappe.model.delete_doc.delete_dynamic_links', kwargs={'doctype': 'Property Setter', 'name': 'Item-item_code-reqd'}, method='frappe.model.delete_doc.delete_dynamic_links', site='erpnext.localhost', user='Administrator') job in 0:00:00.089784s on worker 64b562e0912c4c9099744bcab233291b
2025-09-28 00:52:14,504 Users-user-Documents-resturantOS-frappe-bench:default: Job OK (erpnext.localhost||bd298058-f1cc-4b44-8478-cb6c7008ea68)
2025-09-28 00:52:14,505 Result is kept for 600 seconds
2025-09-28 00:52:14,512 Users-user-Documents-resturantOS-frappe-bench:default: frappe.utils.background_jobs.execute_job(event=None, is_async=True, job_name='frappe.model.delete_doc.delete_dynamic_links', kwargs={'doctype': 'Property Setter', 'name': 'Sales Invoice Item-barcode-hidden'}, method='frappe.model.delete_doc.delete_dynamic_links', site='erpnext.localhost', user='Administrator') (erpnext.localhost||0031052c-0ee5-4fc7-8d51-adcffcd014fa)
2025-09-28 00:52:14,615 Successfully completed frappe.utils.background_jobs.execute_job(event=None, is_async=True, job_name='frappe.model.delete_doc.delete_dynamic_links', kwargs={'doctype': 'Property Setter', 'name': 'Sales Invoice Item-barcode-hidden'}, method='frappe.model.delete_doc.delete_dynamic_links', site='erpnext.localhost', user='Administrator') job in 0:00:00.087246s on worker 64b562e0912c4c9099744bcab233291b
2025-09-28 00:52:14,615 Users-user-Documents-resturantOS-frappe-bench:default: Job OK (erpnext.localhost||0031052c-0ee5-4fc7-8d51-adcffcd014fa)
2025-09-28 00:52:14,616 Result is kept for 600 seconds
2025-09-28 00:52:14,624 Users-user-Documents-resturantOS-frappe-bench:default: frappe.utils.background_jobs.execute_job(event=None, is_async=True, job_name='frappe.model.delete_doc.delete_dynamic_links', kwargs={'doctype': 'Property Setter', 'name': 'POS Invoice Item-barcode-hidden'}, method='frappe.model.delete_doc.delete_dynamic_links', site='erpnext.localhost', user='Administrator') (erpnext.localhost||28f8a742-b22b-4ba0-95ae-303ee68fd0f6)
2025-09-28 00:52:14,722 Successfully completed frappe.utils.background_jobs.execute_job(event=None, is_async=True, job_name='frappe.model.delete_doc.delete_dynamic_links', kwargs={'doctype': 'Property Setter', 'name': 'POS Invoice Item-barcode-hidden'}, method='frappe.model.delete_doc.delete_dynamic_links', site='erpnext.localhost', user='Administrator') job in 0:00:00.083974s on worker 64b562e0912c4c9099744bcab233291b
2025-09-28 00:52:14,723 Users-user-Documents-resturantOS-frappe-bench:default: Job OK (erpnext.localhost||28f8a742-b22b-4ba0-95ae-303ee68fd0f6)
2025-09-28 00:52:14,723 Result is kept for 600 seconds
2025-09-28 00:52:14,732 Users-user-Documents-resturantOS-frappe-bench:default: frappe.utils.background_jobs.execute_job(event=None, is_async=True, job_name='frappe.model.delete_doc.delete_dynamic_links', kwargs={'doctype': 'Property Setter', 'name': 'Job Card-barcode-hidden'}, method='frappe.model.delete_doc.delete_dynamic_links', site='erpnext.localhost', user='Administrator') (erpnext.localhost||c2dee0db-0241-4ea0-9f00-ad29d1f129df)
2025-09-28 00:52:14,831 Successfully completed frappe.utils.background_jobs.execute_job(event=None, is_async=True, job_name='frappe.model.delete_doc.delete_dynamic_links', kwargs={'doctype': 'Property Setter', 'name': 'Job Card-barcode-hidden'}, method='frappe.model.delete_doc.delete_dynamic_links', site='erpnext.localhost', user='Administrator') job in 0:00:00.083417s on worker 64b562e0912c4c9099744bcab233291b
2025-09-28 00:52:14,832 Users-user-Documents-resturantOS-frappe-bench:default: Job OK (erpnext.localhost||c2dee0db-0241-4ea0-9f00-ad29d1f129df)
2025-09-28 00:52:14,833 Result is kept for 600 seconds
2025-09-28 00:52:14,843 Users-user-Documents-resturantOS-frappe-bench:default: frappe.utils.background_jobs.execute_job(event=None, is_async=True, job_name='frappe.model.delete_doc.delete_dynamic_links', kwargs={'doctype': 'Property Setter', 'name': 'Purchase Receipt Item-barcode-hidde..., method='frappe.model.delete_doc.delete_dynamic_links', site='erpnext.localhost', user='Administrator') (erpnext.localhost||bdb78c3f-04fb-4771-a57d-2ed2c88d4a60)
2025-09-28 00:52:14,939 Successfully completed frappe.utils.background_jobs.execute_job(event=None, is_async=True, job_name='frappe.model.delete_doc.delete_dynamic_links', kwargs={'doctype': 'Property Setter', 'name': 'Purchase Receipt Item-barcode-hidde..., method='frappe.model.delete_doc.delete_dynamic_links', site='erpnext.localhost', user='Administrator') job in 0:00:00.082076s on worker 64b562e0912c4c9099744bcab233291b
2025-09-28 00:52:14,940 Users-user-Documents-resturantOS-frappe-bench:default: Job OK (erpnext.localhost||bdb78c3f-04fb-4771-a57d-2ed2c88d4a60)
2025-09-28 00:52:14,940 Result is kept for 600 seconds
2025-09-28 00:52:14,949 Users-user-Documents-resturantOS-frappe-bench:default: frappe.utils.background_jobs.execute_job(event=None, is_async=True, job_name='frappe.model.delete_doc.delete_dynamic_links', kwargs={'doctype': 'Property Setter', 'name': 'Delivery Note Item-barcode-hidden'}, method='frappe.model.delete_doc.delete_dynamic_links', site='erpnext.localhost', user='Administrator') (erpnext.localhost||04bfedd8-dff3-407d-b0ee-3419afdfa966)
2025-09-28 00:52:15,040 Successfully completed frappe.utils.background_jobs.execute_job(event=None, is_async=True, job_name='frappe.model.delete_doc.delete_dynamic_links', kwargs={'doctype': 'Property Setter', 'name': 'Delivery Note Item-barcode-hidden'}, method='frappe.model.delete_doc.delete_dynamic_links', site='erpnext.localhost', user='Administrator') job in 0:00:00.076345s on worker 64b562e0912c4c9099744bcab233291b
2025-09-28 00:52:15,040 Users-user-Documents-resturantOS-frappe-bench:default: Job OK (erpnext.localhost||04bfedd8-dff3-407d-b0ee-3419afdfa966)
2025-09-28 00:52:15,040 Result is kept for 600 seconds
2025-09-28 00:52:15,049 Users-user-Documents-resturantOS-frappe-bench:default: frappe.utils.background_jobs.execute_job(event=None, is_async=True, job_name='frappe.model.delete_doc.delete_dynamic_links', kwargs={'doctype': 'Property Setter', 'name': 'Stock Reconciliation Item-barcode-h..., method='frappe.model.delete_doc.delete_dynamic_links', site='erpnext.localhost', user='Administrator') (erpnext.localhost||97a913b2-9ae2-48e5-982b-4c2c0c397080)
2025-09-28 00:52:15,162 Successfully completed frappe.utils.background_jobs.execute_job(event=None, is_async=True, job_name='frappe.model.delete_doc.delete_dynamic_links', kwargs={'doctype': 'Property Setter', 'name': 'Stock Reconciliation Item-barcode-h..., method='frappe.model.delete_doc.delete_dynamic_links', site='erpnext.localhost', user='Administrator') job in 0:00:00.098132s on worker 64b562e0912c4c9099744bcab233291b
2025-09-28 00:52:15,164 Users-user-Documents-resturantOS-frappe-bench:default: Job OK (erpnext.localhost||97a913b2-9ae2-48e5-982b-4c2c0c397080)
2025-09-28 00:52:15,164 Result is kept for 600 seconds
2025-09-28 00:52:15,175 Users-user-Documents-resturantOS-frappe-bench:default: frappe.utils.background_jobs.execute_job(event=None, is_async=True, job_name='frappe.model.delete_doc.delete_dynamic_links', kwargs={'doctype': 'Property Setter', 'name': 'Stock Entry Detail-barcode-hidden'}, method='frappe.model.delete_doc.delete_dynamic_links', site='erpnext.localhost', user='Administrator') (erpnext.localhost||f177cb3c-fc02-4ad3-ae42-c331eb6a629d)
2025-09-28 00:52:15,292 Successfully completed frappe.utils.background_jobs.execute_job(event=None, is_async=True, job_name='frappe.model.delete_doc.delete_dynamic_links', kwargs={'doctype': 'Property Setter', 'name': 'Stock Entry Detail-barcode-hidden'}, method='frappe.model.delete_doc.delete_dynamic_links', site='erpnext.localhost', user='Administrator') job in 0:00:00.096386s on worker 64b562e0912c4c9099744bcab233291b
2025-09-28 00:52:15,293 Users-user-Documents-resturantOS-frappe-bench:default: Job OK (erpnext.localhost||f177cb3c-fc02-4ad3-ae42-c331eb6a629d)
2025-09-28 00:52:15,293 Result is kept for 600 seconds
2025-09-28 00:52:15,302 Users-user-Documents-resturantOS-frappe-bench:default: frappe.utils.background_jobs.execute_job(event=None, is_async=True, job_name='frappe.model.delete_doc.delete_dynamic_links', kwargs={'doctype': 'Property Setter', 'name': 'Item Barcode-barcode-hidden'}, method='frappe.model.delete_doc.delete_dynamic_links', site='erpnext.localhost', user='Administrator') (erpnext.localhost||c5545fc1-ba88-4e74-b163-74096820b3bb)
2025-09-28 00:52:15,415 Successfully completed frappe.utils.background_jobs.execute_job(event=None, is_async=True, job_name='frappe.model.delete_doc.delete_dynamic_links', kwargs={'doctype': 'Property Setter', 'name': 'Item Barcode-barcode-hidden'}, method='frappe.model.delete_doc.delete_dynamic_links', site='erpnext.localhost', user='Administrator') job in 0:00:00.099392s on worker 64b562e0912c4c9099744bcab233291b
2025-09-28 00:52:15,416 Users-user-Documents-resturantOS-frappe-bench:default: Job OK (erpnext.localhost||c5545fc1-ba88-4e74-b163-74096820b3bb)
2025-09-28 00:52:15,417 Result is kept for 600 seconds
2025-09-28 00:52:15,426 Users-user-Documents-resturantOS-frappe-bench:default: frappe.utils.background_jobs.execute_job(event=None, is_async=True, job_name='frappe.model.delete_doc.delete_dynamic_links', kwargs={'doctype': 'Property Setter', 'name': 'Item-barcodes-hidden'}, method='frappe.model.delete_doc.delete_dynamic_links', site='erpnext.localhost', user='Administrator') (erpnext.localhost||8b1efaad-fca5-495b-9b49-e257743f2a5a)
2025-09-28 00:52:15,547 Successfully completed frappe.utils.background_jobs.execute_job(event=None, is_async=True, job_name='frappe.model.delete_doc.delete_dynamic_links', kwargs={'doctype': 'Property Setter', 'name': 'Item-barcodes-hidden'}, method='frappe.model.delete_doc.delete_dynamic_links', site='erpnext.localhost', user='Administrator') job in 0:00:00.100505s on worker 64b562e0912c4c9099744bcab233291b
2025-09-28 00:52:15,548 Users-user-Documents-resturantOS-frappe-bench:default: Job OK (erpnext.localhost||8b1efaad-fca5-495b-9b49-e257743f2a5a)
2025-09-28 00:52:15,548 Result is kept for 600 seconds
2025-09-28 00:52:15,556 Users-user-Documents-resturantOS-frappe-bench:default: frappe.utils.background_jobs.execute_job(event=None, is_async=True, job_name='frappe.model.delete_doc.delete_dynamic_links', kwargs={'doctype': 'Property Setter', 'name': 'Sales Invoice-scan_barcode-hidden'}, method='frappe.model.delete_doc.delete_dynamic_links', site='erpnext.localhost', user='Administrator') (erpnext.localhost||68b156b2-4875-4af3-95ad-f18a9e27e5d7)
2025-09-28 00:52:15,659 Successfully completed frappe.utils.background_jobs.execute_job(event=None, is_async=True, job_name='frappe.model.delete_doc.delete_dynamic_links', kwargs={'doctype': 'Property Setter', 'name': 'Sales Invoice-scan_barcode-hidden'}, method='frappe.model.delete_doc.delete_dynamic_links', site='erpnext.localhost', user='Administrator') job in 0:00:00.086948s on worker 64b562e0912c4c9099744bcab233291b
2025-09-28 00:52:15,660 Users-user-Documents-resturantOS-frappe-bench:default: Job OK (erpnext.localhost||68b156b2-4875-4af3-95ad-f18a9e27e5d7)
2025-09-28 00:52:15,660 Result is kept for 600 seconds
2025-09-28 00:52:15,669 Users-user-Documents-resturantOS-frappe-bench:default: frappe.utils.background_jobs.execute_job(event=None, is_async=True, job_name='frappe.model.delete_doc.delete_dynamic_links', kwargs={'doctype': 'Property Setter', 'name': 'POS Invoice-scan_barcode-hidden'}, method='frappe.model.delete_doc.delete_dynamic_links', site='erpnext.localhost', user='Administrator') (erpnext.localhost||a7cfa866-ec2b-4867-9bfd-74df6934c471)
2025-09-28 00:52:15,779 Successfully completed frappe.utils.background_jobs.execute_job(event=None, is_async=True, job_name='frappe.model.delete_doc.delete_dynamic_links', kwargs={'doctype': 'Property Setter', 'name': 'POS Invoice-scan_barcode-hidden'}, method='frappe.model.delete_doc.delete_dynamic_links', site='erpnext.localhost', user='Administrator') job in 0:00:00.092057s on worker 64b562e0912c4c9099744bcab233291b
2025-09-28 00:52:15,780 Users-user-Documents-resturantOS-frappe-bench:default: Job OK (erpnext.localhost||a7cfa866-ec2b-4867-9bfd-74df6934c471)
2025-09-28 00:52:15,780 Result is kept for 600 seconds
2025-09-28 00:52:15,787 Users-user-Documents-resturantOS-frappe-bench:default: frappe.utils.background_jobs.execute_job(event=None, is_async=True, job_name='frappe.model.delete_doc.delete_dynamic_links', kwargs={'doctype': 'Property Setter', 'name': 'Purchase Invoice-scan_barcode-hidde..., method='frappe.model.delete_doc.delete_dynamic_links', site='erpnext.localhost', user='Administrator') (erpnext.localhost||a989527e-f63e-4e3e-a090-5a0b9d62170a)
2025-09-28 00:52:15,892 Successfully completed frappe.utils.background_jobs.execute_job(event=None, is_async=True, job_name='frappe.model.delete_doc.delete_dynamic_links', kwargs={'doctype': 'Property Setter', 'name': 'Purchase Invoice-scan_barcode-hidde..., method='frappe.model.delete_doc.delete_dynamic_links', site='erpnext.localhost', user='Administrator') job in 0:00:00.089119s on worker 64b562e0912c4c9099744bcab233291b
2025-09-28 00:52:15,892 Users-user-Documents-resturantOS-frappe-bench:default: Job OK (erpnext.localhost||a989527e-f63e-4e3e-a090-5a0b9d62170a)
2025-09-28 00:52:15,893 Result is kept for 600 seconds
2025-09-28 00:52:15,901 Users-user-Documents-resturantOS-frappe-bench:default: frappe.utils.background_jobs.execute_job(event=None, is_async=True, job_name='frappe.model.delete_doc.delete_dynamic_links', kwargs={'doctype': 'Property Setter', 'name': 'Purchase Order-scan_barcode-hidden'..., method='frappe.model.delete_doc.delete_dynamic_links', site='erpnext.localhost', user='Administrator') (erpnext.localhost||746eb673-1d46-463f-999d-83af6577885a)
2025-09-28 00:52:16,019 Successfully completed frappe.utils.background_jobs.execute_job(event=None, is_async=True, job_name='frappe.model.delete_doc.delete_dynamic_links', kwargs={'doctype': 'Property Setter', 'name': 'Purchase Order-scan_barcode-hidden'..., method='frappe.model.delete_doc.delete_dynamic_links', site='erpnext.localhost', user='Administrator') job in 0:00:00.103708s on worker 64b562e0912c4c9099744bcab233291b
2025-09-28 00:52:16,019 Users-user-Documents-resturantOS-frappe-bench:default: Job OK (erpnext.localhost||746eb673-1d46-463f-999d-83af6577885a)
2025-09-28 00:52:16,019 Result is kept for 600 seconds
2025-09-28 00:52:16,031 Users-user-Documents-resturantOS-frappe-bench:default: frappe.utils.background_jobs.execute_job(event=None, is_async=True, job_name='frappe.model.delete_doc.delete_dynamic_links', kwargs={'doctype': 'Property Setter', 'name': 'Quotation-scan_barcode-hidden'}, method='frappe.model.delete_doc.delete_dynamic_links', site='erpnext.localhost', user='Administrator') (erpnext.localhost||aace4e31-5a56-4583-9266-63f73969a488)
2025-09-28 00:52:16,176 Successfully completed frappe.utils.background_jobs.execute_job(event=None, is_async=True, job_name='frappe.model.delete_doc.delete_dynamic_links', kwargs={'doctype': 'Property Setter', 'name': 'Quotation-scan_barcode-hidden'}, method='frappe.model.delete_doc.delete_dynamic_links', site='erpnext.localhost', user='Administrator') job in 0:00:00.120315s on worker 64b562e0912c4c9099744bcab233291b
2025-09-28 00:52:16,177 Users-user-Documents-resturantOS-frappe-bench:default: Job OK (erpnext.localhost||aace4e31-5a56-4583-9266-63f73969a488)
2025-09-28 00:52:16,177 Result is kept for 600 seconds
2025-09-28 00:52:16,189 Users-user-Documents-resturantOS-frappe-bench:default: frappe.utils.background_jobs.execute_job(event=None, is_async=True, job_name='frappe.model.delete_doc.delete_dynamic_links', kwargs={'doctype': 'Property Setter', 'name': 'Sales Order-scan_barcode-hidden'}, method='frappe.model.delete_doc.delete_dynamic_links', site='erpnext.localhost', user='Administrator') (erpnext.localhost||47a4a93d-7dad-45bf-82b7-94c71f017179)
2025-09-28 00:52:16,442 Successfully completed frappe.utils.background_jobs.execute_job(event=None, is_async=True, job_name='frappe.model.delete_doc.delete_dynamic_links', kwargs={'doctype': 'Property Setter', 'name': 'Sales Order-scan_barcode-hidden'}, method='frappe.model.delete_doc.delete_dynamic_links', site='erpnext.localhost', user='Administrator') job in 0:00:00.234372s on worker 64b562e0912c4c9099744bcab233291b
2025-09-28 00:52:16,444 Users-user-Documents-resturantOS-frappe-bench:default: Job OK (erpnext.localhost||47a4a93d-7dad-45bf-82b7-94c71f017179)
2025-09-28 00:52:16,445 Result is kept for 600 seconds
2025-09-28 00:52:16,457 Users-user-Documents-resturantOS-frappe-bench:default: frappe.utils.background_jobs.execute_job(event=None, is_async=True, job_name='frappe.model.delete_doc.delete_dynamic_links', kwargs={'doctype': 'Property Setter', 'name': 'Pick List-scan_barcode-hidden'}, method='frappe.model.delete_doc.delete_dynamic_links', site='erpnext.localhost', user='Administrator') (erpnext.localhost||89fed577-3dd3-4b44-815c-8ab95444f538)
2025-09-28 00:52:16,639 Successfully completed frappe.utils.background_jobs.execute_job(event=None, is_async=True, job_name='frappe.model.delete_doc.delete_dynamic_links', kwargs={'doctype': 'Property Setter', 'name': 'Pick List-scan_barcode-hidden'}, method='frappe.model.delete_doc.delete_dynamic_links', site='erpnext.localhost', user='Administrator') job in 0:00:00.157772s on worker 64b562e0912c4c9099744bcab233291b
2025-09-28 00:52:16,640 Users-user-Documents-resturantOS-frappe-bench:default: Job OK (erpnext.localhost||89fed577-3dd3-4b44-815c-8ab95444f538)
2025-09-28 00:52:16,640 Result is kept for 600 seconds
2025-09-28 00:52:16,652 Users-user-Documents-resturantOS-frappe-bench:default: frappe.utils.background_jobs.execute_job(event=None, is_async=True, job_name='frappe.model.delete_doc.delete_dynamic_links', kwargs={'doctype': 'Property Setter', 'name': 'Stock Reconciliation-scan_barcode-h..., method='frappe.model.delete_doc.delete_dynamic_links', site='erpnext.localhost', user='Administrator') (erpnext.localhost||bb87782c-21ae-4b01-bd21-eee8f924127d)
2025-09-28 00:52:16,917 Successfully completed frappe.utils.background_jobs.execute_job(event=None, is_async=True, job_name='frappe.model.delete_doc.delete_dynamic_links', kwargs={'doctype': 'Property Setter', 'name': 'Stock Reconciliation-scan_barcode-h..., method='frappe.model.delete_doc.delete_dynamic_links', site='erpnext.localhost', user='Administrator') job in 0:00:00.223165s on worker 64b562e0912c4c9099744bcab233291b
2025-09-28 00:52:16,918 Users-user-Documents-resturantOS-frappe-bench:default: Job OK (erpnext.localhost||bb87782c-21ae-4b01-bd21-eee8f924127d)
2025-09-28 00:52:16,919 Result is kept for 600 seconds
2025-09-28 00:52:16,933 Users-user-Documents-resturantOS-frappe-bench:default: frappe.utils.background_jobs.execute_job(event=None, is_async=True, job_name='frappe.model.delete_doc.delete_dynamic_links', kwargs={'doctype': 'Property Setter', 'name': 'Material Request-scan_barcode-hidde..., method='frappe.model.delete_doc.delete_dynamic_links', site='erpnext.localhost', user='Administrator') (erpnext.localhost||fbb08694-8fa7-4e99-9559-c2818f31ebeb)
2025-09-28 00:52:17,218 Successfully completed frappe.utils.background_jobs.execute_job(event=None, is_async=True, job_name='frappe.model.delete_doc.delete_dynamic_links', kwargs={'doctype': 'Property Setter', 'name': 'Material Request-scan_barcode-hidde..., method='frappe.model.delete_doc.delete_dynamic_links', site='erpnext.localhost', user='Administrator') job in 0:00:00.252077s on worker 64b562e0912c4c9099744bcab233291b
2025-09-28 00:52:17,220 Users-user-Documents-resturantOS-frappe-bench:default: Job OK (erpnext.localhost||fbb08694-8fa7-4e99-9559-c2818f31ebeb)
2025-09-28 00:52:17,220 Result is kept for 600 seconds
2025-09-28 00:52:17,235 Users-user-Documents-resturantOS-frappe-bench:default: frappe.utils.background_jobs.execute_job(event=None, is_async=True, job_name='frappe.model.delete_doc.delete_dynamic_links', kwargs={'doctype': 'Property Setter', 'name': 'Delivery Note-scan_barcode-hidden'}, method='frappe.model.delete_doc.delete_dynamic_links', site='erpnext.localhost', user='Administrator') (erpnext.localhost||e7ae2b0f-7fb7-4210-94d7-039b523af651)
2025-09-28 00:52:17,415 Successfully completed frappe.utils.background_jobs.execute_job(event=None, is_async=True, job_name='frappe.model.delete_doc.delete_dynamic_links', kwargs={'doctype': 'Property Setter', 'name': 'Delivery Note-scan_barcode-hidden'}, method='frappe.model.delete_doc.delete_dynamic_links', site='erpnext.localhost', user='Administrator') job in 0:00:00.150572s on worker 64b562e0912c4c9099744bcab233291b
2025-09-28 00:52:17,417 Users-user-Documents-resturantOS-frappe-bench:default: Job OK (erpnext.localhost||e7ae2b0f-7fb7-4210-94d7-039b523af651)
2025-09-28 00:52:17,417 Result is kept for 600 seconds
2025-09-28 00:52:17,429 Users-user-Documents-resturantOS-frappe-bench:default: frappe.utils.background_jobs.execute_job(event=None, is_async=True, job_name='frappe.model.delete_doc.delete_dynamic_links', kwargs={'doctype': 'Property Setter', 'name': 'Purchase Receipt-scan_barcode-hidde..., method='frappe.model.delete_doc.delete_dynamic_links', site='erpnext.localhost', user='Administrator') (erpnext.localhost||e8f26f4c-0671-4d03-8e83-c128e9bd13e1)
2025-09-28 00:52:17,590 Successfully completed frappe.utils.background_jobs.execute_job(event=None, is_async=True, job_name='frappe.model.delete_doc.delete_dynamic_links', kwargs={'doctype': 'Property Setter', 'name': 'Purchase Receipt-scan_barcode-hidde..., method='frappe.model.delete_doc.delete_dynamic_links', site='erpnext.localhost', user='Administrator') job in 0:00:00.136314s on worker 64b562e0912c4c9099744bcab233291b
2025-09-28 00:52:17,591 Users-user-Documents-resturantOS-frappe-bench:default: Job OK (erpnext.localhost||e8f26f4c-0671-4d03-8e83-c128e9bd13e1)
2025-09-28 00:52:17,592 Result is kept for 600 seconds
2025-09-28 00:52:17,603 Users-user-Documents-resturantOS-frappe-bench:default: frappe.utils.background_jobs.execute_job(event=None, is_async=True, job_name='frappe.model.delete_doc.delete_dynamic_links', kwargs={'doctype': 'Property Setter', 'name': 'Stock Entry-scan_barcode-hidden'}, method='frappe.model.delete_doc.delete_dynamic_links', site='erpnext.localhost', user='Administrator') (erpnext.localhost||87d6ab24-304c-4b37-85a9-65c643fbcf3c)
2025-09-28 00:52:17,789 Successfully completed frappe.utils.background_jobs.execute_job(event=None, is_async=True, job_name='frappe.model.delete_doc.delete_dynamic_links', kwargs={'doctype': 'Property Setter', 'name': 'Stock Entry-scan_barcode-hidden'}, method='frappe.model.delete_doc.delete_dynamic_links', site='erpnext.localhost', user='Administrator') job in 0:00:00.160805s on worker 64b562e0912c4c9099744bcab233291b
2025-09-28 00:52:17,791 Users-user-Documents-resturantOS-frappe-bench:default: Job OK (erpnext.localhost||87d6ab24-304c-4b37-85a9-65c643fbcf3c)
2025-09-28 00:52:17,791 Result is kept for 600 seconds
2025-09-28 00:52:17,803 Users-user-Documents-resturantOS-frappe-bench:default: frappe.utils.background_jobs.execute_job(event=None, is_async=True, job_name='frappe.model.delete_doc.delete_dynamic_links', kwargs={'doctype': 'Property Setter', 'name': 'Sales Invoice Item-target_warehouse..., method='frappe.model.delete_doc.delete_dynamic_links', site='erpnext.localhost', user='Administrator') (erpnext.localhost||b1fbeea8-5da3-4d32-b730-8c2301797363)
2025-09-28 00:52:17,973 Successfully completed frappe.utils.background_jobs.execute_job(event=None, is_async=True, job_name='frappe.model.delete_doc.delete_dynamic_links', kwargs={'doctype': 'Property Setter', 'name': 'Sales Invoice Item-target_warehouse..., method='frappe.model.delete_doc.delete_dynamic_links', site='erpnext.localhost', user='Administrator') job in 0:00:00.140782s on worker 64b562e0912c4c9099744bcab233291b
2025-09-28 00:52:17,974 Users-user-Documents-resturantOS-frappe-bench:default: Job OK (erpnext.localhost||b1fbeea8-5da3-4d32-b730-8c2301797363)
2025-09-28 00:52:17,975 Result is kept for 600 seconds
2025-09-28 00:52:17,987 Users-user-Documents-resturantOS-frappe-bench:default: frappe.utils.background_jobs.execute_job(event=None, is_async=True, job_name='frappe.model.delete_doc.delete_dynamic_links', kwargs={'doctype': 'Property Setter', 'name': 'Delivery Note Item-target_warehouse..., method='frappe.model.delete_doc.delete_dynamic_links', site='erpnext.localhost', user='Administrator') (erpnext.localhost||26b8611d-b122-439d-b91c-80d819d4bd78)
2025-09-28 00:52:18,137 Successfully completed frappe.utils.background_jobs.execute_job(event=None, is_async=True, job_name='frappe.model.delete_doc.delete_dynamic_links', kwargs={'doctype': 'Property Setter', 'name': 'Delivery Note Item-target_warehouse..., method='frappe.model.delete_doc.delete_dynamic_links', site='erpnext.localhost', user='Administrator') job in 0:00:00.126653s on worker 64b562e0912c4c9099744bcab233291b
2025-09-28 00:52:18,138 Users-user-Documents-resturantOS-frappe-bench:default: Job OK (erpnext.localhost||26b8611d-b122-439d-b91c-80d819d4bd78)
2025-09-28 00:52:18,138 Result is kept for 600 seconds
2025-09-28 00:52:18,149 Users-user-Documents-resturantOS-frappe-bench:default: frappe.utils.background_jobs.execute_job(event=None, is_async=True, job_name='frappe.model.delete_doc.delete_dynamic_links', kwargs={'doctype': 'Property Setter', 'name': 'Purchase Invoice Item-from_warehous..., method='frappe.model.delete_doc.delete_dynamic_links', site='erpnext.localhost', user='Administrator') (erpnext.localhost||a7e187fc-23b3-40c0-9fe1-55461957e86e)
2025-09-28 00:52:18,282 Successfully completed frappe.utils.background_jobs.execute_job(event=None, is_async=True, job_name='frappe.model.delete_doc.delete_dynamic_links', kwargs={'doctype': 'Property Setter', 'name': 'Purchase Invoice Item-from_warehous..., method='frappe.model.delete_doc.delete_dynamic_links', site='erpnext.localhost', user='Administrator') job in 0:00:00.114652s on worker 64b562e0912c4c9099744bcab233291b
2025-09-28 00:52:18,283 Users-user-Documents-resturantOS-frappe-bench:default: Job OK (erpnext.localhost||a7e187fc-23b3-40c0-9fe1-55461957e86e)
2025-09-28 00:52:18,284 Result is kept for 600 seconds
2025-09-28 00:52:18,293 Users-user-Documents-resturantOS-frappe-bench:default: frappe.utils.background_jobs.execute_job(event=None, is_async=True, job_name='frappe.model.delete_doc.delete_dynamic_links', kwargs={'doctype': 'Property Setter', 'name': 'Purchase Receipt Item-from_warehous..., method='frappe.model.delete_doc.delete_dynamic_links', site='erpnext.localhost', user='Administrator') (erpnext.localhost||0a763e84-5efd-4078-8618-fb14def42218)
2025-09-28 00:52:18,452 Successfully completed frappe.utils.background_jobs.execute_job(event=None, is_async=True, job_name='frappe.model.delete_doc.delete_dynamic_links', kwargs={'doctype': 'Property Setter', 'name': 'Purchase Receipt Item-from_warehous..., method='frappe.model.delete_doc.delete_dynamic_links', site='erpnext.localhost', user='Administrator') job in 0:00:00.136158s on worker 64b562e0912c4c9099744bcab233291b
2025-09-28 00:52:18,453 Users-user-Documents-resturantOS-frappe-bench:default: Job OK (erpnext.localhost||0a763e84-5efd-4078-8618-fb14def42218)
2025-09-28 00:52:18,454 Result is kept for 600 seconds
2025-09-28 00:58:16,900 Users-user-Documents-resturantOS-frappe-bench:default: frappe.utils.background_jobs.execute_job(event=None, is_async=True, job_name='frappe.model.delete_doc.delete_dynamic_links', kwargs={'doctype': 'Property Setter', 'name': 'Sales Order-tax_id-hidden'}, method='frappe.model.delete_doc.delete_dynamic_links', site='hrms.local', user='Administrator') (hrms.local||2e9f9d9f-a9cf-409d-aea0-164a1cd7db1f)
2025-09-28 00:58:16,961 Users-user-Documents-resturantOS-frappe-bench:default: frappe.utils.background_jobs.execute_job(event=None, is_async=True, job_name='frappe.model.delete_doc.delete_dynamic_links', kwargs={'doctype': 'Property Setter', 'name': 'Sales Order-tax_id-print_hide'}, method='frappe.model.delete_doc.delete_dynamic_links', site='hrms.local', user='Administrator') (hrms.local||fa3fedc0-2547-4022-8696-e76eb45a0665)
2025-09-28 00:58:17,008 Users-user-Documents-resturantOS-frappe-bench:default: frappe.utils.background_jobs.execute_job(event=None, is_async=True, job_name='frappe.model.delete_doc.delete_dynamic_links', kwargs={'doctype': 'Property Setter', 'name': 'Sales Invoice-tax_id-hidden'}, method='frappe.model.delete_doc.delete_dynamic_links', site='hrms.local', user='Administrator') (hrms.local||091b3540-f91d-4604-83b5-bbac3a80fbea)
2025-09-28 00:58:17,046 Users-user-Documents-resturantOS-frappe-bench:default: frappe.utils.background_jobs.execute_job(event=None, is_async=True, job_name='frappe.model.delete_doc.delete_dynamic_links', kwargs={'doctype': 'Property Setter', 'name': 'Sales Invoice-tax_id-print_hide'}, method='frappe.model.delete_doc.delete_dynamic_links', site='hrms.local', user='Administrator') (hrms.local||9d7b1d91-58d5-44bc-9e3e-ead638712ed8)
2025-09-28 00:58:17,083 Users-user-Documents-resturantOS-frappe-bench:default: frappe.utils.background_jobs.execute_job(event=None, is_async=True, job_name='frappe.model.delete_doc.delete_dynamic_links', kwargs={'doctype': 'Property Setter', 'name': 'Delivery Note-tax_id-hidden'}, method='frappe.model.delete_doc.delete_dynamic_links', site='hrms.local', user='Administrator') (hrms.local||b98de5ea-a188-4eb8-a938-9f7862b6b9af)
2025-09-28 00:58:17,118 Users-user-Documents-resturantOS-frappe-bench:default: frappe.utils.background_jobs.execute_job(event=None, is_async=True, job_name='frappe.model.delete_doc.delete_dynamic_links', kwargs={'doctype': 'Property Setter', 'name': 'Delivery Note-tax_id-print_hide'}, method='frappe.model.delete_doc.delete_dynamic_links', site='hrms.local', user='Administrator') (hrms.local||fa750256-4236-460a-9d61-1e12259c6bde)
2025-09-28 00:58:17,157 Users-user-Documents-resturantOS-frappe-bench:default: frappe.utils.background_jobs.execute_job(event=None, is_async=True, job_name='frappe.model.delete_doc.delete_dynamic_links', kwargs={'doctype': 'Property Setter', 'name': 'Packed Item-rate-read_only'}, method='frappe.model.delete_doc.delete_dynamic_links', site='hrms.local', user='Administrator') (hrms.local||bf7434f7-936b-4e04-8a68-0da6a443260a)
2025-09-28 00:58:17,197 Users-user-Documents-resturantOS-frappe-bench:default: frappe.utils.background_jobs.execute_job(event=None, is_async=True, job_name='frappe.model.delete_doc.delete_dynamic_links', kwargs={'doctype': 'Property Setter', 'name': 'Sales Invoice Item-discount_account..., method='frappe.model.delete_doc.delete_dynamic_links', site='hrms.local', user='Administrator') (hrms.local||f7929b74-dfee-472b-bc4d-6c79495ee14a)
2025-09-28 00:58:17,239 Users-user-Documents-resturantOS-frappe-bench:default: frappe.utils.background_jobs.execute_job(event=None, is_async=True, job_name='frappe.model.delete_doc.delete_dynamic_links', kwargs={'doctype': 'Property Setter', 'name': 'Sales Invoice Item-discount_account..., method='frappe.model.delete_doc.delete_dynamic_links', site='hrms.local', user='Administrator') (hrms.local||9db75974-1ff2-4947-95e1-51c9b7b642c7)
2025-09-28 00:58:17,283 Users-user-Documents-resturantOS-frappe-bench:default: frappe.utils.background_jobs.execute_job(event=None, is_async=True, job_name='frappe.model.delete_doc.delete_dynamic_links', kwargs={'doctype': 'Property Setter', 'name': 'Sales Invoice-additional_discount_a..., method='frappe.model.delete_doc.delete_dynamic_links', site='hrms.local', user='Administrator') (hrms.local||b184b2db-54bf-4de0-b736-37f54533ad19)
2025-09-28 00:58:17,330 Users-user-Documents-resturantOS-frappe-bench:default: frappe.utils.background_jobs.execute_job(event=None, is_async=True, job_name='frappe.model.delete_doc.delete_dynamic_links', kwargs={'doctype': 'Property Setter', 'name': 'Sales Invoice-additional_discount_a..., method='frappe.model.delete_doc.delete_dynamic_links', site='hrms.local', user='Administrator') (hrms.local||a49a52ef-e853-457e-b479-0b167e28486c)
2025-09-28 00:59:05,283 Users-user-Documents-resturantOS-frappe-bench:default: frappe.utils.background_jobs.execute_job(event=None, is_async=True, job_name='frappe.model.delete_doc.delete_dynamic_links', kwargs={'doctype': 'Property Setter', 'name': 'Employee-naming_series-hidden'}, method='frappe.model.delete_doc.delete_dynamic_links', site='hrms.local', user='Administrator') (hrms.local||295cf8de-76c2-4a1d-8feb-7d1beb516bf0)
2025-09-28 00:59:05,318 Cleaning registries for queue: Users-user-Documents-resturantOS-frappe-bench:short
2025-09-28 00:59:05,321 Cleaning registries for queue: Users-user-Documents-resturantOS-frappe-bench:default
2025-09-28 00:59:05,323 Cleaning registries for queue: Users-user-Documents-resturantOS-frappe-bench:long
2025-09-28 00:59:05,327 Users-user-Documents-resturantOS-frappe-bench:default: frappe.utils.background_jobs.execute_job(event=None, is_async=True, job_name='frappe.model.delete_doc.delete_dynamic_links', kwargs={'doctype': 'Property Setter', 'name': 'Employee-naming_series-reqd'}, method='frappe.model.delete_doc.delete_dynamic_links', site='hrms.local', user='Administrator') (hrms.local||d7fe05cc-7cd4-4b58-940d-0696261b610d)
2025-09-28 00:59:05,359 Users-user-Documents-resturantOS-frappe-bench:default: frappe.utils.background_jobs.execute_job(event=None, is_async=True, job_name='frappe.model.delete_doc.delete_dynamic_links', kwargs={'doctype': 'Property Setter', 'name': 'Employee-employee_number-reqd'}, method='frappe.model.delete_doc.delete_dynamic_links', site='hrms.local', user='Administrator') (hrms.local||a96b1931-dabd-4d06-a726-22f87ca97fe3)
2025-09-28 00:59:05,396 Users-user-Documents-resturantOS-frappe-bench:default: frappe.utils.background_jobs.execute_job(event=None, is_async=True, job_name='frappe.model.delete_doc.delete_dynamic_links', kwargs={'doctype': 'Property Setter', 'name': 'Employee-employee_number-hidden'}, method='frappe.model.delete_doc.delete_dynamic_links', site='hrms.local', user='Administrator') (hrms.local||0a53d989-e0cd-4ea3-a001-2283f307483e)
2025-09-28 01:00:01,103 Worker 64b562e0912c4c9099744bcab233291b [PID 21814]: warm shut down requested
Traceback (most recent call last):
  File "/Users/user/Documents/resturantOS/frappe-bench/env/lib/python3.12/site-packages/redis/connection.py", line 644, in read_response
    response = self._parser.read_response(disable_decoding=disable_decoding)
               ^^^^^^^^^^^^^^^^^^^^^^^^^^^^^^^^^^^^^^^^^^^^^^^^^^^^^^^^^^^^^
  File "/Users/user/Documents/resturantOS/frappe-bench/env/lib/python3.12/site-packages/redis/_parsers/hiredis.py", line 158, in read_response
    self.read_from_socket()
  File "/Users/user/Documents/resturantOS/frappe-bench/env/lib/python3.12/site-packages/redis/_parsers/hiredis.py", line 108, in read_from_socket
    bufflen = self._sock.recv_into(self._buffer)
              ^^^^^^^^^^^^^^^^^^^^^^^^^^^^^^^^^^
ConnectionResetError: [Errno 54] Connection reset by peer

During handling of the above exception, another exception occurred:

Traceback (most recent call last):
  File "/Users/user/Documents/resturantOS/frappe-bench/apps/frappe/frappe/utils/bench_helper.py", line 48, in invoke
    return super().invoke(ctx)
           ^^^^^^^^^^^^^^^^^^^
  File "/Users/user/Documents/resturantOS/frappe-bench/env/lib/python3.12/site-packages/click/core.py", line 1830, in invoke
    return _process_result(sub_ctx.command.invoke(sub_ctx))
                           ^^^^^^^^^^^^^^^^^^^^^^^^^^^^^^^
  File "/Users/user/Documents/resturantOS/frappe-bench/env/lib/python3.12/site-packages/click/core.py", line 1226, in invoke
    return ctx.invoke(self.callback, **ctx.params)
           ^^^^^^^^^^^^^^^^^^^^^^^^^^^^^^^^^^^^^^^
  File "/Users/user/Documents/resturantOS/frappe-bench/env/lib/python3.12/site-packages/click/core.py", line 794, in invoke
    return callback(*args, **kwargs)
           ^^^^^^^^^^^^^^^^^^^^^^^^^
  File "/Users/user/Documents/resturantOS/frappe-bench/apps/frappe/frappe/commands/scheduler.py", line 206, in start_worker
    start_worker(
  File "/Users/user/Documents/resturantOS/frappe-bench/apps/frappe/frappe/utils/background_jobs.py", line 352, in start_worker
    worker.work(
  File "/Users/user/Documents/resturantOS/frappe-bench/env/lib/python3.12/site-packages/rq/worker.py", line 646, in work
    self.teardown()
  File "/Users/user/Documents/resturantOS/frappe-bench/env/lib/python3.12/site-packages/rq/worker.py", line 1147, in teardown
    self.register_death()
  File "/Users/user/Documents/resturantOS/frappe-bench/env/lib/python3.12/site-packages/rq/worker.py", line 894, in register_death
    p.execute()
  File "/Users/user/Documents/resturantOS/frappe-bench/env/lib/python3.12/site-packages/redis/client.py", line 1607, in execute
    conn = self.connection_pool.get_connection()
           ^^^^^^^^^^^^^^^^^^^^^^^^^^^^^^^^^^^^^
  File "/Users/user/Documents/resturantOS/frappe-bench/env/lib/python3.12/site-packages/redis/utils.py", line 191, in wrapper
    return func(*args, **kwargs)
           ^^^^^^^^^^^^^^^^^^^^^
  File "/Users/user/Documents/resturantOS/frappe-bench/env/lib/python3.12/site-packages/redis/connection.py", line 1530, in get_connection
    connection.connect()
  File "/Users/user/Documents/resturantOS/frappe-bench/env/lib/python3.12/site-packages/redis/connection.py", line 379, in connect
    self.connect_check_health(check_health=True)
  File "/Users/user/Documents/resturantOS/frappe-bench/env/lib/python3.12/site-packages/redis/connection.py", line 397, in connect_check_health
    self.on_connect_check_health(check_health=check_health)
  File "/Users/user/Documents/resturantOS/frappe-bench/env/lib/python3.12/site-packages/redis/connection.py", line 517, in on_connect_check_health
    self.read_response()
  File "/Users/user/Documents/resturantOS/frappe-bench/env/lib/python3.12/site-packages/redis/connection.py", line 652, in read_response
    raise ConnectionError(f"Error while reading from {host_error} : {e.args}")
redis.exceptions.ConnectionError: Error while reading from 127.0.0.1:11000 : (54, 'Connection reset by peer')

Error while reading from 127.0.0.1:11000 : (54, 'Connection reset by peer')
2025-09-28 01:02:12,937 Worker rq:worker:40c7dae2aa1646d4a18a4443f24da5d0 started with PID 27389, version 2.4.0
2025-09-28 01:02:12,937 Subscribing to channel rq:pubsub:40c7dae2aa1646d4a18a4443f24da5d0
2025-09-28 01:02:12,939 *** Listening on Users-user-Documents-resturantOS-frappe-bench:short, Users-user-Documents-resturantOS-frappe-bench:default, Users-user-Documents-resturantOS-frappe-bench:long...
2025-09-28 01:02:12,940 Cleaning registries for queue: Users-user-Documents-resturantOS-frappe-bench:short
2025-09-28 01:02:12,943 Cleaning registries for queue: Users-user-Documents-resturantOS-frappe-bench:default
2025-09-28 01:02:12,945 Cleaning registries for queue: Users-user-Documents-resturantOS-frappe-bench:long
2025-09-28 01:08:44,585 Users-user-Documents-resturantOS-frappe-bench:default: frappe.utils.background_jobs.execute_job(event=None, is_async=True, job_name='frappe.core.doctype.user.user.create_contact', kwargs={'user': <User: doctype=User daregoodness@gmail.com>, 'ignore_mandatory': T..., method='frappe.core.doctype.user.user.create_contact', site='hrms.localhost', user='Administrator') (hrms.localhost||e3ac1fc8-3233-420e-8337-d1bc58b69fb1)
2025-09-28 01:08:44,822 Users-user-Documents-resturantOS-frappe-bench:default: frappe.utils.background_jobs.execute_job(event=None, is_async=True, job_name='frappe.core.doctype.user.user.update_gravatar', kwargs={'name': 'daregoodness@gmail.com'}, method='frappe.core.doctype.user.user.update_gravatar', site='hrms.localhost', user='Administrator') (hrms.localhost||0b0ed9b5-b8d3-4f95-8389-7ce0a7e7ed90)
2025-09-28 01:11:03,409 Users-user-Documents-resturantOS-frappe-bench:default: frappe.utils.background_jobs.execute_job(event=None, is_async=True, job_name='frappe.model.delete_doc.delete_dynamic_links', kwargs={'doctype': 'Property Setter', 'name': 'Sales Order-tax_id-hidden'}, method='frappe.model.delete_doc.delete_dynamic_links', site='hrms.localhost', user='Administrator') (hrms.localhost||c9d8aa5c-64df-4045-af82-fb1e59a7707f)
2025-09-28 01:11:03,443 Users-user-Documents-resturantOS-frappe-bench:default: frappe.utils.background_jobs.execute_job(event=None, is_async=True, job_name='frappe.model.delete_doc.delete_dynamic_links', kwargs={'doctype': 'Property Setter', 'name': 'Sales Order-tax_id-print_hide'}, method='frappe.model.delete_doc.delete_dynamic_links', site='hrms.localhost', user='Administrator') (hrms.localhost||063a7d1f-2de0-412c-a334-8a349eafce67)
2025-09-28 01:11:03,475 Users-user-Documents-resturantOS-frappe-bench:default: frappe.utils.background_jobs.execute_job(event=None, is_async=True, job_name='frappe.model.delete_doc.delete_dynamic_links', kwargs={'doctype': 'Property Setter', 'name': 'Sales Invoice-tax_id-hidden'}, method='frappe.model.delete_doc.delete_dynamic_links', site='hrms.localhost', user='Administrator') (hrms.localhost||b855eb6e-9843-4aa8-904a-4a0fa26d1e73)
2025-09-28 01:11:03,508 Users-user-Documents-resturantOS-frappe-bench:default: frappe.utils.background_jobs.execute_job(event=None, is_async=True, job_name='frappe.model.delete_doc.delete_dynamic_links', kwargs={'doctype': 'Property Setter', 'name': 'Sales Invoice-tax_id-print_hide'}, method='frappe.model.delete_doc.delete_dynamic_links', site='hrms.localhost', user='Administrator') (hrms.localhost||f4171f93-43be-4e7c-a8a1-fb14897b65e5)
2025-09-28 01:11:03,540 Users-user-Documents-resturantOS-frappe-bench:default: frappe.utils.background_jobs.execute_job(event=None, is_async=True, job_name='frappe.model.delete_doc.delete_dynamic_links', kwargs={'doctype': 'Property Setter', 'name': 'Delivery Note-tax_id-hidden'}, method='frappe.model.delete_doc.delete_dynamic_links', site='hrms.localhost', user='Administrator') (hrms.localhost||fcbb84ee-fd25-4c84-a675-0c9e14c755cc)
2025-09-28 01:11:03,574 Users-user-Documents-resturantOS-frappe-bench:default: frappe.utils.background_jobs.execute_job(event=None, is_async=True, job_name='frappe.model.delete_doc.delete_dynamic_links', kwargs={'doctype': 'Property Setter', 'name': 'Delivery Note-tax_id-print_hide'}, method='frappe.model.delete_doc.delete_dynamic_links', site='hrms.localhost', user='Administrator') (hrms.localhost||991d25a5-ca3d-4cf4-b446-88c3a0f9bc71)
2025-09-28 01:11:03,606 Users-user-Documents-resturantOS-frappe-bench:default: frappe.utils.background_jobs.execute_job(event=None, is_async=True, job_name='frappe.model.delete_doc.delete_dynamic_links', kwargs={'doctype': 'Property Setter', 'name': 'Packed Item-rate-read_only'}, method='frappe.model.delete_doc.delete_dynamic_links', site='hrms.localhost', user='Administrator') (hrms.localhost||c392da43-0096-43ab-8e5d-f51ae3752d42)
2025-09-28 01:11:03,639 Users-user-Documents-resturantOS-frappe-bench:default: frappe.utils.background_jobs.execute_job(event=None, is_async=True, job_name='frappe.model.delete_doc.delete_dynamic_links', kwargs={'doctype': 'Property Setter', 'name': 'Sales Invoice Item-discount_account..., method='frappe.model.delete_doc.delete_dynamic_links', site='hrms.localhost', user='Administrator') (hrms.localhost||490ddabc-08e0-4cd4-8ffd-a0692b6b1dad)
2025-09-28 01:11:03,674 Users-user-Documents-resturantOS-frappe-bench:default: frappe.utils.background_jobs.execute_job(event=None, is_async=True, job_name='frappe.model.delete_doc.delete_dynamic_links', kwargs={'doctype': 'Property Setter', 'name': 'Sales Invoice Item-discount_account..., method='frappe.model.delete_doc.delete_dynamic_links', site='hrms.localhost', user='Administrator') (hrms.localhost||fa84cfc5-4e8c-4062-874b-7f6f9fd15d98)
2025-09-28 01:11:03,708 Users-user-Documents-resturantOS-frappe-bench:default: frappe.utils.background_jobs.execute_job(event=None, is_async=True, job_name='frappe.model.delete_doc.delete_dynamic_links', kwargs={'doctype': 'Property Setter', 'name': 'Sales Invoice-additional_discount_a..., method='frappe.model.delete_doc.delete_dynamic_links', site='hrms.localhost', user='Administrator') (hrms.localhost||eaf86120-4667-4820-af86-1426a46a62b4)
2025-09-28 01:11:03,740 Users-user-Documents-resturantOS-frappe-bench:default: frappe.utils.background_jobs.execute_job(event=None, is_async=True, job_name='frappe.model.delete_doc.delete_dynamic_links', kwargs={'doctype': 'Property Setter', 'name': 'Sales Invoice-additional_discount_a..., method='frappe.model.delete_doc.delete_dynamic_links', site='hrms.localhost', user='Administrator') (hrms.localhost||a004af08-379e-4467-a827-0de57d905882)
2025-09-28 01:11:48,252 Users-user-Documents-resturantOS-frappe-bench:default: frappe.utils.background_jobs.execute_job(event=None, is_async=True, job_name='frappe.model.delete_doc.delete_dynamic_links', kwargs={'doctype': 'Property Setter', 'name': 'Employee-naming_series-hidden'}, method='frappe.model.delete_doc.delete_dynamic_links', site='hrms.localhost', user='Administrator') (hrms.localhost||1d4611e6-cd94-4eae-843f-1c5ba999dfa4)
2025-09-28 01:11:48,290 Users-user-Documents-resturantOS-frappe-bench:default: frappe.utils.background_jobs.execute_job(event=None, is_async=True, job_name='frappe.model.delete_doc.delete_dynamic_links', kwargs={'doctype': 'Property Setter', 'name': 'Employee-naming_series-reqd'}, method='frappe.model.delete_doc.delete_dynamic_links', site='hrms.localhost', user='Administrator') (hrms.localhost||4b39deef-edf8-4b1e-ac24-4afbf092a744)
2025-09-28 01:11:48,322 Users-user-Documents-resturantOS-frappe-bench:default: frappe.utils.background_jobs.execute_job(event=None, is_async=True, job_name='frappe.model.delete_doc.delete_dynamic_links', kwargs={'doctype': 'Property Setter', 'name': 'Employee-employee_number-reqd'}, method='frappe.model.delete_doc.delete_dynamic_links', site='hrms.localhost', user='Administrator') (hrms.localhost||d5aac6bf-3ff0-468b-a6c9-45e2a87851f1)
2025-09-28 01:11:48,350 Users-user-Documents-resturantOS-frappe-bench:default: frappe.utils.background_jobs.execute_job(event=None, is_async=True, job_name='frappe.model.delete_doc.delete_dynamic_links', kwargs={'doctype': 'Property Setter', 'name': 'Employee-employee_number-hidden'}, method='frappe.model.delete_doc.delete_dynamic_links', site='hrms.localhost', user='Administrator') (hrms.localhost||c39f6d90-66ff-4d41-a705-ee9c0c22fd46)
2025-09-28 01:12:32,097 Users-user-Documents-resturantOS-frappe-bench:default: frappe.utils.background_jobs.execute_job(event=None, is_async=True, job_name='frappe.model.delete_doc.delete_dynamic_links', kwargs={'doctype': 'Property Setter', 'name': 'Customer-naming_series-reqd'}, method='frappe.model.delete_doc.delete_dynamic_links', site='hrms.localhost', user='Administrator') (hrms.localhost||08752b34-a15d-4db5-b8d2-ef16f2ad4763)
2025-09-28 01:12:32,132 Cleaning registries for queue: Users-user-Documents-resturantOS-frappe-bench:short
2025-09-28 01:12:32,135 Cleaning registries for queue: Users-user-Documents-resturantOS-frappe-bench:default
2025-09-28 01:12:32,137 Cleaning registries for queue: Users-user-Documents-resturantOS-frappe-bench:long
2025-09-28 01:12:32,139 Users-user-Documents-resturantOS-frappe-bench:default: frappe.utils.background_jobs.execute_job(event=None, is_async=True, job_name='frappe.model.delete_doc.delete_dynamic_links', kwargs={'doctype': 'Property Setter', 'name': 'Customer-naming_series-hidden'}, method='frappe.model.delete_doc.delete_dynamic_links', site='hrms.localhost', user='Administrator') (hrms.localhost||5b8b62e4-943a-4769-a87f-2197cdf24546)
2025-09-28 01:12:32,170 Users-user-Documents-resturantOS-frappe-bench:default: frappe.utils.background_jobs.execute_job(event=None, is_async=True, job_name='frappe.model.delete_doc.delete_dynamic_links', kwargs={'doctype': 'Property Setter', 'name': 'Sales Order-tax_id-hidden'}, method='frappe.model.delete_doc.delete_dynamic_links', site='hrms.localhost', user='Administrator') (hrms.localhost||deac57e3-95d6-4cac-ac08-aabcdd930065)
2025-09-28 01:12:32,200 Users-user-Documents-resturantOS-frappe-bench:default: frappe.utils.background_jobs.execute_job(event=None, is_async=True, job_name='frappe.model.delete_doc.delete_dynamic_links', kwargs={'doctype': 'Property Setter', 'name': 'Sales Order-tax_id-print_hide'}, method='frappe.model.delete_doc.delete_dynamic_links', site='hrms.localhost', user='Administrator') (hrms.localhost||fb82e1f5-7115-4448-93d8-a4e4dd73d3b5)
2025-09-28 01:12:32,232 Users-user-Documents-resturantOS-frappe-bench:default: frappe.utils.background_jobs.execute_job(event=None, is_async=True, job_name='frappe.model.delete_doc.delete_dynamic_links', kwargs={'doctype': 'Property Setter', 'name': 'Sales Invoice-tax_id-hidden'}, method='frappe.model.delete_doc.delete_dynamic_links', site='hrms.localhost', user='Administrator') (hrms.localhost||966958fd-7dc8-4d41-85f7-f86497b384d6)
2025-09-28 01:12:32,267 Users-user-Documents-resturantOS-frappe-bench:default: frappe.utils.background_jobs.execute_job(event=None, is_async=True, job_name='frappe.model.delete_doc.delete_dynamic_links', kwargs={'doctype': 'Property Setter', 'name': 'Sales Invoice-tax_id-print_hide'}, method='frappe.model.delete_doc.delete_dynamic_links', site='hrms.localhost', user='Administrator') (hrms.localhost||43c19f06-a875-485c-b4a1-dff2ac3eceb4)
2025-09-28 01:12:32,301 Users-user-Documents-resturantOS-frappe-bench:default: frappe.utils.background_jobs.execute_job(event=None, is_async=True, job_name='frappe.model.delete_doc.delete_dynamic_links', kwargs={'doctype': 'Property Setter', 'name': 'Delivery Note-tax_id-hidden'}, method='frappe.model.delete_doc.delete_dynamic_links', site='hrms.localhost', user='Administrator') (hrms.localhost||42c80ea8-89f3-47a4-ad2b-b6a172cfdf1c)
2025-09-28 01:12:32,334 Users-user-Documents-resturantOS-frappe-bench:default: frappe.utils.background_jobs.execute_job(event=None, is_async=True, job_name='frappe.model.delete_doc.delete_dynamic_links', kwargs={'doctype': 'Property Setter', 'name': 'Delivery Note-tax_id-print_hide'}, method='frappe.model.delete_doc.delete_dynamic_links', site='hrms.localhost', user='Administrator') (hrms.localhost||ae10d229-dde7-47d4-964d-4c893f14a0fc)
2025-09-28 01:12:32,368 Users-user-Documents-resturantOS-frappe-bench:default: frappe.utils.background_jobs.execute_job(event=None, is_async=True, job_name='frappe.model.delete_doc.delete_dynamic_links', kwargs={'doctype': 'Property Setter', 'name': 'Packed Item-rate-read_only'}, method='frappe.model.delete_doc.delete_dynamic_links', site='hrms.localhost', user='Administrator') (hrms.localhost||ac681e91-79ba-412a-a83c-47256931f0f7)
2025-09-28 01:12:32,400 Users-user-Documents-resturantOS-frappe-bench:default: frappe.utils.background_jobs.execute_job(event=None, is_async=True, job_name='frappe.model.delete_doc.delete_dynamic_links', kwargs={'doctype': 'Property Setter', 'name': 'Sales Invoice Item-discount_account..., method='frappe.model.delete_doc.delete_dynamic_links', site='hrms.localhost', user='Administrator') (hrms.localhost||86f223a2-56f0-4248-9bdc-6e6e13eba898)
2025-09-28 01:12:32,432 Users-user-Documents-resturantOS-frappe-bench:default: frappe.utils.background_jobs.execute_job(event=None, is_async=True, job_name='frappe.model.delete_doc.delete_dynamic_links', kwargs={'doctype': 'Property Setter', 'name': 'Sales Invoice Item-discount_account..., method='frappe.model.delete_doc.delete_dynamic_links', site='hrms.localhost', user='Administrator') (hrms.localhost||da5036c3-b631-44a9-a3f0-67eabec759b1)
2025-09-28 01:12:32,466 Users-user-Documents-resturantOS-frappe-bench:default: frappe.utils.background_jobs.execute_job(event=None, is_async=True, job_name='frappe.model.delete_doc.delete_dynamic_links', kwargs={'doctype': 'Property Setter', 'name': 'Sales Invoice-additional_discount_a..., method='frappe.model.delete_doc.delete_dynamic_links', site='hrms.localhost', user='Administrator') (hrms.localhost||1d940928-b83e-43b0-8fb8-0ff037ff98c4)
2025-09-28 01:12:32,500 Users-user-Documents-resturantOS-frappe-bench:default: frappe.utils.background_jobs.execute_job(event=None, is_async=True, job_name='frappe.model.delete_doc.delete_dynamic_links', kwargs={'doctype': 'Property Setter', 'name': 'Sales Invoice-additional_discount_a..., method='frappe.model.delete_doc.delete_dynamic_links', site='hrms.localhost', user='Administrator') (hrms.localhost||18f6d1fa-2452-4cdc-8e43-3c72473a0382)
2025-09-28 01:12:32,532 Users-user-Documents-resturantOS-frappe-bench:default: frappe.utils.background_jobs.execute_job(event=None, is_async=True, job_name='frappe.model.delete_doc.delete_dynamic_links', kwargs={'doctype': 'Property Setter', 'name': 'Supplier-naming_series-reqd'}, method='frappe.model.delete_doc.delete_dynamic_links', site='hrms.localhost', user='Administrator') (hrms.localhost||042acc98-2ebe-4ff8-bca2-55932ff67f14)
2025-09-28 01:12:32,565 Users-user-Documents-resturantOS-frappe-bench:default: frappe.utils.background_jobs.execute_job(event=None, is_async=True, job_name='frappe.model.delete_doc.delete_dynamic_links', kwargs={'doctype': 'Property Setter', 'name': 'Supplier-naming_series-hidden'}, method='frappe.model.delete_doc.delete_dynamic_links', site='hrms.localhost', user='Administrator') (hrms.localhost||d10b9083-fce7-4e52-8d23-c88829e672cd)
2025-09-28 01:12:32,598 Users-user-Documents-resturantOS-frappe-bench:default: frappe.utils.background_jobs.execute_job(event=None, is_async=True, job_name='frappe.model.delete_doc.delete_dynamic_links', kwargs={'doctype': 'Property Setter', 'name': 'Supplier-naming_series-reqd'}, method='frappe.model.delete_doc.delete_dynamic_links', site='hrms.localhost', user='Administrator') (hrms.localhost||1db81461-d227-49ce-bbcc-797ecf70c21a)
2025-09-28 01:12:32,630 Users-user-Documents-resturantOS-frappe-bench:default: frappe.utils.background_jobs.execute_job(event=None, is_async=True, job_name='frappe.model.delete_doc.delete_dynamic_links', kwargs={'doctype': 'Property Setter', 'name': 'Supplier-naming_series-hidden'}, method='frappe.model.delete_doc.delete_dynamic_links', site='hrms.localhost', user='Administrator') (hrms.localhost||8f0ddfe0-5253-42fa-a2e4-1c511a05c96a)
2025-09-28 01:12:32,664 Users-user-Documents-resturantOS-frappe-bench:default: frappe.utils.background_jobs.execute_job(event=None, is_async=True, job_name='frappe.model.delete_doc.delete_dynamic_links', kwargs={'doctype': 'Property Setter', 'name': 'Customer-naming_series-reqd'}, method='frappe.model.delete_doc.delete_dynamic_links', site='hrms.localhost', user='Administrator') (hrms.localhost||69a7d700-f950-4f4e-81ee-14a5bf00c1b9)
2025-09-28 01:12:32,702 Users-user-Documents-resturantOS-frappe-bench:default: frappe.utils.background_jobs.execute_job(event=None, is_async=True, job_name='frappe.model.delete_doc.delete_dynamic_links', kwargs={'doctype': 'Property Setter', 'name': 'Customer-naming_series-hidden'}, method='frappe.model.delete_doc.delete_dynamic_links', site='hrms.localhost', user='Administrator') (hrms.localhost||8c66b380-469b-4e14-948d-925f68ff7356)
2025-09-28 01:12:32,742 Users-user-Documents-resturantOS-frappe-bench:default: frappe.utils.background_jobs.execute_job(event=None, is_async=True, job_name='frappe.model.delete_doc.delete_dynamic_links', kwargs={'doctype': 'Property Setter', 'name': 'Sales Order-tax_id-hidden'}, method='frappe.model.delete_doc.delete_dynamic_links', site='hrms.localhost', user='Administrator') (hrms.localhost||f420a94c-e826-4a88-9739-29b75a3abceb)
2025-09-28 01:12:32,784 Users-user-Documents-resturantOS-frappe-bench:default: frappe.utils.background_jobs.execute_job(event=None, is_async=True, job_name='frappe.model.delete_doc.delete_dynamic_links', kwargs={'doctype': 'Property Setter', 'name': 'Sales Order-tax_id-print_hide'}, method='frappe.model.delete_doc.delete_dynamic_links', site='hrms.localhost', user='Administrator') (hrms.localhost||543dbfa3-c96d-4be8-93e1-a91b28a83a50)
2025-09-28 01:12:32,824 Users-user-Documents-resturantOS-frappe-bench:default: frappe.utils.background_jobs.execute_job(event=None, is_async=True, job_name='frappe.model.delete_doc.delete_dynamic_links', kwargs={'doctype': 'Property Setter', 'name': 'Sales Invoice-tax_id-hidden'}, method='frappe.model.delete_doc.delete_dynamic_links', site='hrms.localhost', user='Administrator') (hrms.localhost||d74e4aec-c742-498b-a336-c04a6077709a)
2025-09-28 01:12:32,865 Users-user-Documents-resturantOS-frappe-bench:default: frappe.utils.background_jobs.execute_job(event=None, is_async=True, job_name='frappe.model.delete_doc.delete_dynamic_links', kwargs={'doctype': 'Property Setter', 'name': 'Sales Invoice-tax_id-print_hide'}, method='frappe.model.delete_doc.delete_dynamic_links', site='hrms.localhost', user='Administrator') (hrms.localhost||487172ae-84a8-4298-9ffa-28d0e43d8113)
2025-09-28 01:12:32,904 Users-user-Documents-resturantOS-frappe-bench:default: frappe.utils.background_jobs.execute_job(event=None, is_async=True, job_name='frappe.model.delete_doc.delete_dynamic_links', kwargs={'doctype': 'Property Setter', 'name': 'Delivery Note-tax_id-hidden'}, method='frappe.model.delete_doc.delete_dynamic_links', site='hrms.localhost', user='Administrator') (hrms.localhost||5269778f-48a6-4ef0-8376-5dc06222b993)
2025-09-28 01:12:32,934 Users-user-Documents-resturantOS-frappe-bench:default: frappe.utils.background_jobs.execute_job(event=None, is_async=True, job_name='frappe.model.delete_doc.delete_dynamic_links', kwargs={'doctype': 'Property Setter', 'name': 'Delivery Note-tax_id-print_hide'}, method='frappe.model.delete_doc.delete_dynamic_links', site='hrms.localhost', user='Administrator') (hrms.localhost||e7ef9d5b-4e34-49d5-a6dd-b30657b9d6aa)
2025-09-28 01:12:32,966 Users-user-Documents-resturantOS-frappe-bench:default: frappe.utils.background_jobs.execute_job(event=None, is_async=True, job_name='frappe.model.delete_doc.delete_dynamic_links', kwargs={'doctype': 'Property Setter', 'name': 'Packed Item-rate-read_only'}, method='frappe.model.delete_doc.delete_dynamic_links', site='hrms.localhost', user='Administrator') (hrms.localhost||c2314b7e-30f1-4c45-a76f-57a432ff0786)
2025-09-28 01:12:32,996 Users-user-Documents-resturantOS-frappe-bench:default: frappe.utils.background_jobs.execute_job(event=None, is_async=True, job_name='frappe.model.delete_doc.delete_dynamic_links', kwargs={'doctype': 'Property Setter', 'name': 'Sales Invoice Item-discount_account..., method='frappe.model.delete_doc.delete_dynamic_links', site='hrms.localhost', user='Administrator') (hrms.localhost||4b61eb56-e00d-4f22-bfdc-5de9ed97bf64)
2025-09-28 01:12:33,026 Users-user-Documents-resturantOS-frappe-bench:default: frappe.utils.background_jobs.execute_job(event=None, is_async=True, job_name='frappe.model.delete_doc.delete_dynamic_links', kwargs={'doctype': 'Property Setter', 'name': 'Sales Invoice Item-discount_account..., method='frappe.model.delete_doc.delete_dynamic_links', site='hrms.localhost', user='Administrator') (hrms.localhost||b654d39b-6f43-4ff3-af22-3f7f4333b29d)
2025-09-28 01:12:33,058 Users-user-Documents-resturantOS-frappe-bench:default: frappe.utils.background_jobs.execute_job(event=None, is_async=True, job_name='frappe.model.delete_doc.delete_dynamic_links', kwargs={'doctype': 'Property Setter', 'name': 'Sales Invoice-additional_discount_a..., method='frappe.model.delete_doc.delete_dynamic_links', site='hrms.localhost', user='Administrator') (hrms.localhost||ec446ac9-8586-45f7-b6f7-e490823e2e0c)
2025-09-28 01:12:33,088 Users-user-Documents-resturantOS-frappe-bench:default: frappe.utils.background_jobs.execute_job(event=None, is_async=True, job_name='frappe.model.delete_doc.delete_dynamic_links', kwargs={'doctype': 'Property Setter', 'name': 'Sales Invoice-additional_discount_a..., method='frappe.model.delete_doc.delete_dynamic_links', site='hrms.localhost', user='Administrator') (hrms.localhost||1e9dd9e9-defe-4eef-a25b-0a2fa220ef9a)
2025-09-28 01:12:33,119 Users-user-Documents-resturantOS-frappe-bench:default: frappe.utils.background_jobs.execute_job(event=None, is_async=True, job_name='frappe.model.delete_doc.delete_dynamic_links', kwargs={'doctype': 'Property Setter', 'name': 'Quotation-base_rounded_total-hidden..., method='frappe.model.delete_doc.delete_dynamic_links', site='hrms.localhost', user='Administrator') (hrms.localhost||525fbe0c-232f-4224-8043-78b1ee681312)
2025-09-28 01:12:33,150 Users-user-Documents-resturantOS-frappe-bench:default: frappe.utils.background_jobs.execute_job(event=None, is_async=True, job_name='frappe.model.delete_doc.delete_dynamic_links', kwargs={'doctype': 'Property Setter', 'name': 'Quotation-base_rounded_total-print_..., method='frappe.model.delete_doc.delete_dynamic_links', site='hrms.localhost', user='Administrator') (hrms.localhost||d269ed95-f4bd-4715-857a-324ed0ddf744)
2025-09-28 01:12:33,180 Users-user-Documents-resturantOS-frappe-bench:default: frappe.utils.background_jobs.execute_job(event=None, is_async=True, job_name='frappe.model.delete_doc.delete_dynamic_links', kwargs={'doctype': 'Property Setter', 'name': 'Quotation-rounded_total-hidden'}, method='frappe.model.delete_doc.delete_dynamic_links', site='hrms.localhost', user='Administrator') (hrms.localhost||20168d22-3c2a-4359-9104-8ce912bdd559)
2025-09-28 01:12:33,211 Users-user-Documents-resturantOS-frappe-bench:default: frappe.utils.background_jobs.execute_job(event=None, is_async=True, job_name='frappe.model.delete_doc.delete_dynamic_links', kwargs={'doctype': 'Property Setter', 'name': 'Quotation-rounded_total-print_hide'..., method='frappe.model.delete_doc.delete_dynamic_links', site='hrms.localhost', user='Administrator') (hrms.localhost||e51a265d-c924-4fda-9793-683b9f60f9b8)
2025-09-28 01:12:33,242 Users-user-Documents-resturantOS-frappe-bench:default: frappe.utils.background_jobs.execute_job(event=None, is_async=True, job_name='frappe.model.delete_doc.delete_dynamic_links', kwargs={'doctype': 'Property Setter', 'name': 'Quotation-disable_rounded_total-def..., method='frappe.model.delete_doc.delete_dynamic_links', site='hrms.localhost', user='Administrator') (hrms.localhost||fb110019-aaa7-4e12-af84-6fb5092f529e)
2025-09-28 01:12:33,272 Users-user-Documents-resturantOS-frappe-bench:default: frappe.utils.background_jobs.execute_job(event=None, is_async=True, job_name='frappe.model.delete_doc.delete_dynamic_links', kwargs={'doctype': 'Property Setter', 'name': 'Sales Order-base_rounded_total-hidd..., method='frappe.model.delete_doc.delete_dynamic_links', site='hrms.localhost', user='Administrator') (hrms.localhost||0598ba39-0015-43d6-ba8f-17c912bba0ad)
2025-09-28 01:12:33,304 Users-user-Documents-resturantOS-frappe-bench:default: frappe.utils.background_jobs.execute_job(event=None, is_async=True, job_name='frappe.model.delete_doc.delete_dynamic_links', kwargs={'doctype': 'Property Setter', 'name': 'Sales Order-base_rounded_total-prin..., method='frappe.model.delete_doc.delete_dynamic_links', site='hrms.localhost', user='Administrator') (hrms.localhost||12d04460-4095-4217-81be-c43fa17b2618)
2025-09-28 01:12:33,333 Users-user-Documents-resturantOS-frappe-bench:default: frappe.utils.background_jobs.execute_job(event=None, is_async=True, job_name='frappe.model.delete_doc.delete_dynamic_links', kwargs={'doctype': 'Property Setter', 'name': 'Sales Order-rounded_total-hidden'}, method='frappe.model.delete_doc.delete_dynamic_links', site='hrms.localhost', user='Administrator') (hrms.localhost||daac0a08-2bda-4611-a798-e07a28782c6d)
2025-09-28 01:12:33,363 Users-user-Documents-resturantOS-frappe-bench:default: frappe.utils.background_jobs.execute_job(event=None, is_async=True, job_name='frappe.model.delete_doc.delete_dynamic_links', kwargs={'doctype': 'Property Setter', 'name': 'Sales Order-rounded_total-print_hid..., method='frappe.model.delete_doc.delete_dynamic_links', site='hrms.localhost', user='Administrator') (hrms.localhost||e58060dd-fc11-42c2-8351-c4f4094a67bd)
2025-09-28 01:12:33,394 Users-user-Documents-resturantOS-frappe-bench:default: frappe.utils.background_jobs.execute_job(event=None, is_async=True, job_name='frappe.model.delete_doc.delete_dynamic_links', kwargs={'doctype': 'Property Setter', 'name': 'Sales Order-disable_rounded_total-d..., method='frappe.model.delete_doc.delete_dynamic_links', site='hrms.localhost', user='Administrator') (hrms.localhost||2c2f1742-5d5c-4ede-aa5b-ddaf113bd3c3)
2025-09-28 01:12:33,425 Users-user-Documents-resturantOS-frappe-bench:default: frappe.utils.background_jobs.execute_job(event=None, is_async=True, job_name='frappe.model.delete_doc.delete_dynamic_links', kwargs={'doctype': 'Property Setter', 'name': 'Sales Invoice-base_rounded_total-hi..., method='frappe.model.delete_doc.delete_dynamic_links', site='hrms.localhost', user='Administrator') (hrms.localhost||21b12679-82e7-4b07-90d9-04747dec476b)
2025-09-28 01:12:33,456 Users-user-Documents-resturantOS-frappe-bench:default: frappe.utils.background_jobs.execute_job(event=None, is_async=True, job_name='frappe.model.delete_doc.delete_dynamic_links', kwargs={'doctype': 'Property Setter', 'name': 'Sales Invoice-base_rounded_total-pr..., method='frappe.model.delete_doc.delete_dynamic_links', site='hrms.localhost', user='Administrator') (hrms.localhost||f26ece58-7778-4bcd-a920-7f3059a05166)
2025-09-28 01:12:33,491 Users-user-Documents-resturantOS-frappe-bench:default: frappe.utils.background_jobs.execute_job(event=None, is_async=True, job_name='erpnext.setup.demo.setup_demo_data', kwargs={}, method=<function setup_demo_data at 0x2d765a8e0>, site='hrms.localhost', user='Administrator') (hrms.localhost||faad7890-b7f4-4c59-b52a-5c48c35dee3f)
2025-09-28 01:12:34,197 Users-user-Documents-resturantOS-frappe-bench:default: frappe.utils.background_jobs.execute_job(event=None, is_async=True, job_name='frappe.model.delete_doc.delete_dynamic_links', kwargs={'doctype': 'Property Setter', 'name': 'Sales Invoice-rounded_total-hidden'..., method='frappe.model.delete_doc.delete_dynamic_links', site='hrms.localhost', user='Administrator') (hrms.localhost||16d1922a-7d5c-4559-b9e2-6d328b8f6446)
2025-09-28 01:12:34,231 Users-user-Documents-resturantOS-frappe-bench:default: frappe.utils.background_jobs.execute_job(event=None, is_async=True, job_name='frappe.model.delete_doc.delete_dynamic_links', kwargs={'doctype': 'Property Setter', 'name': 'Sales Invoice-rounded_total-print_h..., method='frappe.model.delete_doc.delete_dynamic_links', site='hrms.localhost', user='Administrator') (hrms.localhost||bc97c056-bf75-48e4-8500-8d82c89a72d6)
2025-09-28 01:12:34,264 Users-user-Documents-resturantOS-frappe-bench:default: frappe.utils.background_jobs.execute_job(event=None, is_async=True, job_name='frappe.model.delete_doc.delete_dynamic_links', kwargs={'doctype': 'Property Setter', 'name': 'Sales Invoice-disable_rounded_total..., method='frappe.model.delete_doc.delete_dynamic_links', site='hrms.localhost', user='Administrator') (hrms.localhost||0eeb8cc8-ca08-4657-8e8b-eb3a2abb33b6)
2025-09-28 01:12:34,298 Users-user-Documents-resturantOS-frappe-bench:default: frappe.utils.background_jobs.execute_job(event=None, is_async=True, job_name='frappe.model.delete_doc.delete_dynamic_links', kwargs={'doctype': 'Property Setter', 'name': 'Delivery Note-base_rounded_total-hi..., method='frappe.model.delete_doc.delete_dynamic_links', site='hrms.localhost', user='Administrator') (hrms.localhost||0828be95-85e5-4513-b101-3b03ecbe7711)
2025-09-28 01:12:34,332 Users-user-Documents-resturantOS-frappe-bench:default: frappe.utils.background_jobs.execute_job(event=None, is_async=True, job_name='frappe.model.delete_doc.delete_dynamic_links', kwargs={'doctype': 'Property Setter', 'name': 'Delivery Note-base_rounded_total-pr..., method='frappe.model.delete_doc.delete_dynamic_links', site='hrms.localhost', user='Administrator') (hrms.localhost||58229de4-4b93-4f34-85de-67b1cc6a8041)
2025-09-28 01:12:34,364 Users-user-Documents-resturantOS-frappe-bench:default: frappe.utils.background_jobs.execute_job(event=None, is_async=True, job_name='frappe.model.delete_doc.delete_dynamic_links', kwargs={'doctype': 'Property Setter', 'name': 'Delivery Note-rounded_total-hidden'..., method='frappe.model.delete_doc.delete_dynamic_links', site='hrms.localhost', user='Administrator') (hrms.localhost||8a4ed7eb-a7fb-49f6-b781-3c0afbc291d7)
2025-09-28 01:12:34,398 Users-user-Documents-resturantOS-frappe-bench:default: frappe.utils.background_jobs.execute_job(event=None, is_async=True, job_name='frappe.model.delete_doc.delete_dynamic_links', kwargs={'doctype': 'Property Setter', 'name': 'Delivery Note-rounded_total-print_h..., method='frappe.model.delete_doc.delete_dynamic_links', site='hrms.localhost', user='Administrator') (hrms.localhost||8fdbb01b-a67d-458d-9b65-c770ca5b6805)
2025-09-28 01:12:34,430 Users-user-Documents-resturantOS-frappe-bench:default: frappe.utils.background_jobs.execute_job(event=None, is_async=True, job_name='frappe.model.delete_doc.delete_dynamic_links', kwargs={'doctype': 'Property Setter', 'name': 'Delivery Note-disable_rounded_total..., method='frappe.model.delete_doc.delete_dynamic_links', site='hrms.localhost', user='Administrator') (hrms.localhost||4cf9fd90-7bc7-49fd-96a0-68f1f76b6b1a)
2025-09-28 01:12:34,464 Users-user-Documents-resturantOS-frappe-bench:default: frappe.utils.background_jobs.execute_job(event=None, is_async=True, job_name='frappe.model.delete_doc.delete_dynamic_links', kwargs={'doctype': 'Property Setter', 'name': 'Supplier Quotation-base_rounded_tot..., method='frappe.model.delete_doc.delete_dynamic_links', site='hrms.localhost', user='Administrator') (hrms.localhost||117f76b7-d7ca-4609-8f97-6898909975c5)
2025-09-28 01:12:34,497 Users-user-Documents-resturantOS-frappe-bench:default: frappe.utils.background_jobs.execute_job(event=None, is_async=True, job_name='frappe.model.delete_doc.delete_dynamic_links', kwargs={'doctype': 'Property Setter', 'name': 'Supplier Quotation-base_rounded_tot..., method='frappe.model.delete_doc.delete_dynamic_links', site='hrms.localhost', user='Administrator') (hrms.localhost||f25cd934-6470-49f5-85bf-8891909d3119)
2025-09-28 01:12:34,530 Users-user-Documents-resturantOS-frappe-bench:default: frappe.utils.background_jobs.execute_job(event=None, is_async=True, job_name='frappe.model.delete_doc.delete_dynamic_links', kwargs={'doctype': 'Property Setter', 'name': 'Supplier Quotation-rounded_total-hi..., method='frappe.model.delete_doc.delete_dynamic_links', site='hrms.localhost', user='Administrator') (hrms.localhost||f375eac9-cdf7-4d7e-a260-c81d3a766580)
2025-09-28 01:12:34,563 Users-user-Documents-resturantOS-frappe-bench:default: frappe.utils.background_jobs.execute_job(event=None, is_async=True, job_name='frappe.model.delete_doc.delete_dynamic_links', kwargs={'doctype': 'Property Setter', 'name': 'Supplier Quotation-rounded_total-pr..., method='frappe.model.delete_doc.delete_dynamic_links', site='hrms.localhost', user='Administrator') (hrms.localhost||9771c831-4041-431d-897a-5ca2779e9f18)
2025-09-28 01:12:34,595 Users-user-Documents-resturantOS-frappe-bench:default: frappe.utils.background_jobs.execute_job(event=None, is_async=True, job_name='frappe.model.delete_doc.delete_dynamic_links', kwargs={'doctype': 'Property Setter', 'name': 'Supplier Quotation-disable_rounded_..., method='frappe.model.delete_doc.delete_dynamic_links', site='hrms.localhost', user='Administrator') (hrms.localhost||32b222a3-d6ae-4167-9140-891ea0bcc157)
2025-09-28 01:12:34,627 Users-user-Documents-resturantOS-frappe-bench:default: frappe.utils.background_jobs.execute_job(event=None, is_async=True, job_name='frappe.model.delete_doc.delete_dynamic_links', kwargs={'doctype': 'Property Setter', 'name': 'Purchase Order-base_rounded_total-h..., method='frappe.model.delete_doc.delete_dynamic_links', site='hrms.localhost', user='Administrator') (hrms.localhost||04791dc7-057a-4d6d-ad87-695d394f4916)
2025-09-28 01:12:34,663 Users-user-Documents-resturantOS-frappe-bench:default: frappe.utils.background_jobs.execute_job(event=None, is_async=True, job_name='frappe.model.delete_doc.delete_dynamic_links', kwargs={'doctype': 'Property Setter', 'name': 'Purchase Order-base_rounded_total-p..., method='frappe.model.delete_doc.delete_dynamic_links', site='hrms.localhost', user='Administrator') (hrms.localhost||156f037c-abff-4938-bb33-f654b4cc158e)
2025-09-28 01:12:34,699 Users-user-Documents-resturantOS-frappe-bench:default: frappe.utils.background_jobs.execute_job(event=None, is_async=True, job_name='frappe.model.delete_doc.delete_dynamic_links', kwargs={'doctype': 'Property Setter', 'name': 'Purchase Order-rounded_total-hidden..., method='frappe.model.delete_doc.delete_dynamic_links', site='hrms.localhost', user='Administrator') (hrms.localhost||f4241d5e-10cc-43e9-b722-a14ece81e7b2)
2025-09-28 01:12:34,739 Users-user-Documents-resturantOS-frappe-bench:default: frappe.utils.background_jobs.execute_job(event=None, is_async=True, job_name='frappe.model.delete_doc.delete_dynamic_links', kwargs={'doctype': 'Property Setter', 'name': 'Purchase Order-rounded_total-print_..., method='frappe.model.delete_doc.delete_dynamic_links', site='hrms.localhost', user='Administrator') (hrms.localhost||4137201e-9cd1-4cfe-95f1-9b9c45559df7)
2025-09-28 01:12:34,779 Users-user-Documents-resturantOS-frappe-bench:default: frappe.utils.background_jobs.execute_job(event=None, is_async=True, job_name='frappe.model.delete_doc.delete_dynamic_links', kwargs={'doctype': 'Property Setter', 'name': 'Purchase Order-disable_rounded_tota..., method='frappe.model.delete_doc.delete_dynamic_links', site='hrms.localhost', user='Administrator') (hrms.localhost||ec92f819-84fa-4d00-a7fb-b5f4b89266e7)
2025-09-28 01:12:34,812 Users-user-Documents-resturantOS-frappe-bench:default: frappe.utils.background_jobs.execute_job(event=None, is_async=True, job_name='frappe.model.delete_doc.delete_dynamic_links', kwargs={'doctype': 'Property Setter', 'name': 'Purchase Invoice-base_rounded_total..., method='frappe.model.delete_doc.delete_dynamic_links', site='hrms.localhost', user='Administrator') (hrms.localhost||d94de410-77bd-4862-b3a1-05b3c9857b53)
2025-09-28 01:12:34,845 Users-user-Documents-resturantOS-frappe-bench:default: frappe.utils.background_jobs.execute_job(event=None, is_async=True, job_name='frappe.model.delete_doc.delete_dynamic_links', kwargs={'doctype': 'Property Setter', 'name': 'Purchase Invoice-base_rounded_total..., method='frappe.model.delete_doc.delete_dynamic_links', site='hrms.localhost', user='Administrator') (hrms.localhost||efc5060e-ca4b-45c9-9a5b-dc74d11df96f)
2025-09-28 01:12:34,879 Users-user-Documents-resturantOS-frappe-bench:default: frappe.utils.background_jobs.execute_job(event=None, is_async=True, job_name='frappe.model.delete_doc.delete_dynamic_links', kwargs={'doctype': 'Property Setter', 'name': 'Purchase Invoice-rounded_total-hidd..., method='frappe.model.delete_doc.delete_dynamic_links', site='hrms.localhost', user='Administrator') (hrms.localhost||de6cd2b7-52e9-4cb8-bcfa-086b6c677992)
2025-09-28 01:12:34,911 Users-user-Documents-resturantOS-frappe-bench:default: frappe.utils.background_jobs.execute_job(event=None, is_async=True, job_name='frappe.model.delete_doc.delete_dynamic_links', kwargs={'doctype': 'Property Setter', 'name': 'Purchase Invoice-rounded_total-prin..., method='frappe.model.delete_doc.delete_dynamic_links', site='hrms.localhost', user='Administrator') (hrms.localhost||d19cc36a-beac-46d0-a630-aca729081863)
2025-09-28 01:12:34,945 Users-user-Documents-resturantOS-frappe-bench:default: frappe.utils.background_jobs.execute_job(event=None, is_async=True, job_name='frappe.model.delete_doc.delete_dynamic_links', kwargs={'doctype': 'Property Setter', 'name': 'Purchase Invoice-disable_rounded_to..., method='frappe.model.delete_doc.delete_dynamic_links', site='hrms.localhost', user='Administrator') (hrms.localhost||758b1aa9-2975-4ae6-a378-5d0fe219b408)
2025-09-28 01:12:34,976 Users-user-Documents-resturantOS-frappe-bench:default: frappe.utils.background_jobs.execute_job(event=None, is_async=True, job_name='frappe.model.delete_doc.delete_dynamic_links', kwargs={'doctype': 'Property Setter', 'name': 'Purchase Receipt-base_rounded_total..., method='frappe.model.delete_doc.delete_dynamic_links', site='hrms.localhost', user='Administrator') (hrms.localhost||1a956e09-af49-45e7-b919-13de893f4ba4)
2025-09-28 01:12:35,012 Users-user-Documents-resturantOS-frappe-bench:default: frappe.utils.background_jobs.execute_job(event=None, is_async=True, job_name='frappe.model.delete_doc.delete_dynamic_links', kwargs={'doctype': 'Property Setter', 'name': 'Purchase Receipt-base_rounded_total..., method='frappe.model.delete_doc.delete_dynamic_links', site='hrms.localhost', user='Administrator') (hrms.localhost||1b54a3c1-635b-454d-91e5-4da7e8484df8)
2025-09-28 01:12:35,044 Users-user-Documents-resturantOS-frappe-bench:default: frappe.utils.background_jobs.execute_job(event=None, is_async=True, job_name='frappe.model.delete_doc.delete_dynamic_links', kwargs={'doctype': 'Property Setter', 'name': 'Purchase Receipt-rounded_total-hidd..., method='frappe.model.delete_doc.delete_dynamic_links', site='hrms.localhost', user='Administrator') (hrms.localhost||99fad324-3930-4cf2-8758-210fdc875993)
2025-09-28 01:12:35,075 Users-user-Documents-resturantOS-frappe-bench:default: frappe.utils.background_jobs.execute_job(event=None, is_async=True, job_name='frappe.model.delete_doc.delete_dynamic_links', kwargs={'doctype': 'Property Setter', 'name': 'Purchase Receipt-rounded_total-prin..., method='frappe.model.delete_doc.delete_dynamic_links', site='hrms.localhost', user='Administrator') (hrms.localhost||0899ed4e-1939-4f08-aac7-5bfee439ba5f)
2025-09-28 01:12:35,109 Users-user-Documents-resturantOS-frappe-bench:default: frappe.utils.background_jobs.execute_job(event=None, is_async=True, job_name='frappe.model.delete_doc.delete_dynamic_links', kwargs={'doctype': 'Property Setter', 'name': 'Purchase Receipt-disable_rounded_to..., method='frappe.model.delete_doc.delete_dynamic_links', site='hrms.localhost', user='Administrator') (hrms.localhost||7125d9af-2d2d-4546-a1b0-76ba3e178b00)
2025-09-28 01:12:35,145 Users-user-Documents-resturantOS-frappe-bench:default: frappe.utils.background_jobs.execute_job(event=None, is_async=True, job_name='frappe.model.delete_doc.delete_dynamic_links', kwargs={'doctype': 'Property Setter', 'name': 'Quotation-in_words-hidden'}, method='frappe.model.delete_doc.delete_dynamic_links', site='hrms.localhost', user='Administrator') (hrms.localhost||4df1dbf6-1ac8-435c-80e5-d8ba166bd6f4)
2025-09-28 01:12:35,177 Users-user-Documents-resturantOS-frappe-bench:default: frappe.utils.background_jobs.execute_job(event=None, is_async=True, job_name='frappe.model.delete_doc.delete_dynamic_links', kwargs={'doctype': 'Property Setter', 'name': 'Quotation-in_words-print_hide'}, method='frappe.model.delete_doc.delete_dynamic_links', site='hrms.localhost', user='Administrator') (hrms.localhost||39c75be5-4406-4ec7-8052-ecac764d6bda)
2025-09-28 01:12:35,209 Users-user-Documents-resturantOS-frappe-bench:default: frappe.utils.background_jobs.execute_job(event=None, is_async=True, job_name='frappe.model.delete_doc.delete_dynamic_links', kwargs={'doctype': 'Property Setter', 'name': 'Sales Order-in_words-hidden'}, method='frappe.model.delete_doc.delete_dynamic_links', site='hrms.localhost', user='Administrator') (hrms.localhost||fd1dbfe5-8bcb-47f0-8806-018c19dfd8bb)
2025-09-28 01:12:35,244 Users-user-Documents-resturantOS-frappe-bench:default: frappe.utils.background_jobs.execute_job(event=None, is_async=True, job_name='frappe.model.delete_doc.delete_dynamic_links', kwargs={'doctype': 'Property Setter', 'name': 'Sales Order-in_words-print_hide'}, method='frappe.model.delete_doc.delete_dynamic_links', site='hrms.localhost', user='Administrator') (hrms.localhost||690df5f9-d844-4010-9e0f-b8e6165fe787)
2025-09-28 01:12:35,278 Users-user-Documents-resturantOS-frappe-bench:default: frappe.utils.background_jobs.execute_job(event=None, is_async=True, job_name='frappe.model.delete_doc.delete_dynamic_links', kwargs={'doctype': 'Property Setter', 'name': 'Sales Invoice-in_words-hidden'}, method='frappe.model.delete_doc.delete_dynamic_links', site='hrms.localhost', user='Administrator') (hrms.localhost||75b9e6a9-2bb9-402e-89d6-6e141ea028da)
2025-09-28 01:12:35,310 Users-user-Documents-resturantOS-frappe-bench:default: frappe.utils.background_jobs.execute_job(event=None, is_async=True, job_name='frappe.model.delete_doc.delete_dynamic_links', kwargs={'doctype': 'Property Setter', 'name': 'Sales Invoice-in_words-print_hide'}, method='frappe.model.delete_doc.delete_dynamic_links', site='hrms.localhost', user='Administrator') (hrms.localhost||f27ff5de-c808-4647-86b9-8b1866d63be6)
2025-09-28 01:12:35,343 Users-user-Documents-resturantOS-frappe-bench:default: frappe.utils.background_jobs.execute_job(event=None, is_async=True, job_name='frappe.model.delete_doc.delete_dynamic_links', kwargs={'doctype': 'Property Setter', 'name': 'Delivery Note-in_words-hidden'}, method='frappe.model.delete_doc.delete_dynamic_links', site='hrms.localhost', user='Administrator') (hrms.localhost||81aed955-51f1-481d-9bc6-30b3d5829af0)
2025-09-28 01:12:35,375 Users-user-Documents-resturantOS-frappe-bench:default: frappe.utils.background_jobs.execute_job(event=None, is_async=True, job_name='frappe.model.delete_doc.delete_dynamic_links', kwargs={'doctype': 'Property Setter', 'name': 'Delivery Note-in_words-print_hide'}, method='frappe.model.delete_doc.delete_dynamic_links', site='hrms.localhost', user='Administrator') (hrms.localhost||b5548042-6aad-4565-9ba5-87589bc69488)
2025-09-28 01:12:35,407 Users-user-Documents-resturantOS-frappe-bench:default: frappe.utils.background_jobs.execute_job(event=None, is_async=True, job_name='frappe.model.delete_doc.delete_dynamic_links', kwargs={'doctype': 'Property Setter', 'name': 'Supplier Quotation-in_words-hidden'..., method='frappe.model.delete_doc.delete_dynamic_links', site='hrms.localhost', user='Administrator') (hrms.localhost||1662ee89-b6f5-4db1-b4f2-0ad2a65a577b)
2025-09-28 01:12:35,440 Users-user-Documents-resturantOS-frappe-bench:default: frappe.utils.background_jobs.execute_job(event=None, is_async=True, job_name='frappe.model.delete_doc.delete_dynamic_links', kwargs={'doctype': 'Property Setter', 'name': 'Supplier Quotation-in_words-print_h..., method='frappe.model.delete_doc.delete_dynamic_links', site='hrms.localhost', user='Administrator') (hrms.localhost||e8e954ec-45ce-49d2-ba13-0a5b9e9070ee)
2025-09-28 01:12:35,473 Users-user-Documents-resturantOS-frappe-bench:default: frappe.utils.background_jobs.execute_job(event=None, is_async=True, job_name='frappe.model.delete_doc.delete_dynamic_links', kwargs={'doctype': 'Property Setter', 'name': 'Purchase Order-in_words-hidden'}, method='frappe.model.delete_doc.delete_dynamic_links', site='hrms.localhost', user='Administrator') (hrms.localhost||2f25f969-b684-4075-91fb-5b9b53d40c6b)
2025-09-28 01:12:35,505 Users-user-Documents-resturantOS-frappe-bench:default: frappe.utils.background_jobs.execute_job(event=None, is_async=True, job_name='frappe.model.delete_doc.delete_dynamic_links', kwargs={'doctype': 'Property Setter', 'name': 'Purchase Order-in_words-print_hide'..., method='frappe.model.delete_doc.delete_dynamic_links', site='hrms.localhost', user='Administrator') (hrms.localhost||36ece79a-6290-41e8-9497-3b4fde511112)
2025-09-28 01:12:35,537 Users-user-Documents-resturantOS-frappe-bench:default: frappe.utils.background_jobs.execute_job(event=None, is_async=True, job_name='frappe.model.delete_doc.delete_dynamic_links', kwargs={'doctype': 'Property Setter', 'name': 'Purchase Invoice-in_words-hidden'}, method='frappe.model.delete_doc.delete_dynamic_links', site='hrms.localhost', user='Administrator') (hrms.localhost||df633af8-c49c-4d8c-8de4-210806677462)
2025-09-28 01:12:35,569 Users-user-Documents-resturantOS-frappe-bench:default: frappe.utils.background_jobs.execute_job(event=None, is_async=True, job_name='frappe.model.delete_doc.delete_dynamic_links', kwargs={'doctype': 'Property Setter', 'name': 'Purchase Invoice-in_words-print_hid..., method='frappe.model.delete_doc.delete_dynamic_links', site='hrms.localhost', user='Administrator') (hrms.localhost||deba176a-78c9-40f3-b787-53978294d982)
2025-09-28 01:12:35,601 Users-user-Documents-resturantOS-frappe-bench:default: frappe.utils.background_jobs.execute_job(event=None, is_async=True, job_name='frappe.model.delete_doc.delete_dynamic_links', kwargs={'doctype': 'Property Setter', 'name': 'Purchase Receipt-in_words-hidden'}, method='frappe.model.delete_doc.delete_dynamic_links', site='hrms.localhost', user='Administrator') (hrms.localhost||23bf6fe2-6055-4f99-951b-a2519b8690df)
2025-09-28 01:12:35,632 Users-user-Documents-resturantOS-frappe-bench:default: frappe.utils.background_jobs.execute_job(event=None, is_async=True, job_name='frappe.model.delete_doc.delete_dynamic_links', kwargs={'doctype': 'Property Setter', 'name': 'Purchase Receipt-in_words-print_hid..., method='frappe.model.delete_doc.delete_dynamic_links', site='hrms.localhost', user='Administrator') (hrms.localhost||0ed6aced-de53-4215-ad27-c723e56c31d7)
2025-09-28 01:12:35,664 Users-user-Documents-resturantOS-frappe-bench:default: frappe.utils.background_jobs.execute_job(event=None, is_async=True, job_name='frappe.model.delete_doc.delete_dynamic_links', kwargs={'doctype': 'Property Setter', 'name': 'Item-naming_series-reqd'}, method='frappe.model.delete_doc.delete_dynamic_links', site='hrms.localhost', user='Administrator') (hrms.localhost||71852dc8-fa18-4825-9611-f7e96a47bc6c)
2025-09-28 01:12:35,696 Users-user-Documents-resturantOS-frappe-bench:default: frappe.utils.background_jobs.execute_job(event=None, is_async=True, job_name='frappe.model.delete_doc.delete_dynamic_links', kwargs={'doctype': 'Property Setter', 'name': 'Item-naming_series-hidden'}, method='frappe.model.delete_doc.delete_dynamic_links', site='hrms.localhost', user='Administrator') (hrms.localhost||b5990b81-36e1-4d64-b4b0-985fde37717c)
2025-09-28 01:12:35,727 Users-user-Documents-resturantOS-frappe-bench:default: frappe.utils.background_jobs.execute_job(event=None, is_async=True, job_name='frappe.model.delete_doc.delete_dynamic_links', kwargs={'doctype': 'Property Setter', 'name': 'Item-item_code-hidden'}, method='frappe.model.delete_doc.delete_dynamic_links', site='hrms.localhost', user='Administrator') (hrms.localhost||2720ee99-f42f-4e56-824d-f68fcafeb7f8)
2025-09-28 01:12:35,758 Users-user-Documents-resturantOS-frappe-bench:default: frappe.utils.background_jobs.execute_job(event=None, is_async=True, job_name='frappe.model.delete_doc.delete_dynamic_links', kwargs={'doctype': 'Property Setter', 'name': 'Item-item_code-reqd'}, method='frappe.model.delete_doc.delete_dynamic_links', site='hrms.localhost', user='Administrator') (hrms.localhost||9b40eabf-da12-4177-88bc-1a052ba7bd10)
2025-09-28 01:12:35,790 Users-user-Documents-resturantOS-frappe-bench:default: frappe.utils.background_jobs.execute_job(event=None, is_async=True, job_name='frappe.model.delete_doc.delete_dynamic_links', kwargs={'doctype': 'Property Setter', 'name': 'Sales Invoice Item-barcode-hidden'}, method='frappe.model.delete_doc.delete_dynamic_links', site='hrms.localhost', user='Administrator') (hrms.localhost||169ec594-38b4-4e68-8343-e8b454c293e0)
2025-09-28 01:12:35,821 Users-user-Documents-resturantOS-frappe-bench:default: frappe.utils.background_jobs.execute_job(event=None, is_async=True, job_name='frappe.model.delete_doc.delete_dynamic_links', kwargs={'doctype': 'Property Setter', 'name': 'POS Invoice Item-barcode-hidden'}, method='frappe.model.delete_doc.delete_dynamic_links', site='hrms.localhost', user='Administrator') (hrms.localhost||dbd646fc-87b1-4ec7-93e0-c69ea07b3ae8)
2025-09-28 01:12:35,852 Users-user-Documents-resturantOS-frappe-bench:default: frappe.utils.background_jobs.execute_job(event=None, is_async=True, job_name='frappe.model.delete_doc.delete_dynamic_links', kwargs={'doctype': 'Property Setter', 'name': 'Job Card-barcode-hidden'}, method='frappe.model.delete_doc.delete_dynamic_links', site='hrms.localhost', user='Administrator') (hrms.localhost||b20d8988-db1a-4296-9f44-d9ccacff1242)
2025-09-28 01:12:35,886 Users-user-Documents-resturantOS-frappe-bench:default: frappe.utils.background_jobs.execute_job(event=None, is_async=True, job_name='frappe.model.delete_doc.delete_dynamic_links', kwargs={'doctype': 'Property Setter', 'name': 'Purchase Receipt Item-barcode-hidde..., method='frappe.model.delete_doc.delete_dynamic_links', site='hrms.localhost', user='Administrator') (hrms.localhost||76320769-efd1-4630-8713-217aa7043d62)
2025-09-28 01:12:35,919 Users-user-Documents-resturantOS-frappe-bench:default: frappe.utils.background_jobs.execute_job(event=None, is_async=True, job_name='frappe.model.delete_doc.delete_dynamic_links', kwargs={'doctype': 'Property Setter', 'name': 'Delivery Note Item-barcode-hidden'}, method='frappe.model.delete_doc.delete_dynamic_links', site='hrms.localhost', user='Administrator') (hrms.localhost||38248f28-a72b-426e-8c49-8b7a28d3f794)
2025-09-28 01:12:35,951 Users-user-Documents-resturantOS-frappe-bench:default: frappe.utils.background_jobs.execute_job(event=None, is_async=True, job_name='frappe.model.delete_doc.delete_dynamic_links', kwargs={'doctype': 'Property Setter', 'name': 'Stock Reconciliation Item-barcode-h..., method='frappe.model.delete_doc.delete_dynamic_links', site='hrms.localhost', user='Administrator') (hrms.localhost||def67836-ee03-4c83-ba6f-8f9ebebceb09)
2025-09-28 01:12:35,984 Users-user-Documents-resturantOS-frappe-bench:default: frappe.utils.background_jobs.execute_job(event=None, is_async=True, job_name='frappe.model.delete_doc.delete_dynamic_links', kwargs={'doctype': 'Property Setter', 'name': 'Stock Entry Detail-barcode-hidden'}, method='frappe.model.delete_doc.delete_dynamic_links', site='hrms.localhost', user='Administrator') (hrms.localhost||ff5a1645-0d61-41d5-b73d-38599e6bfef4)
2025-09-28 01:12:36,016 Users-user-Documents-resturantOS-frappe-bench:default: frappe.utils.background_jobs.execute_job(event=None, is_async=True, job_name='frappe.model.delete_doc.delete_dynamic_links', kwargs={'doctype': 'Property Setter', 'name': 'Item Barcode-barcode-hidden'}, method='frappe.model.delete_doc.delete_dynamic_links', site='hrms.localhost', user='Administrator') (hrms.localhost||8753adc1-85a5-4700-b436-a3a196a17487)
2025-09-28 01:12:36,049 Users-user-Documents-resturantOS-frappe-bench:default: frappe.utils.background_jobs.execute_job(event=None, is_async=True, job_name='frappe.model.delete_doc.delete_dynamic_links', kwargs={'doctype': 'Property Setter', 'name': 'Item-barcodes-hidden'}, method='frappe.model.delete_doc.delete_dynamic_links', site='hrms.localhost', user='Administrator') (hrms.localhost||dd4ca832-aab5-4c63-ac02-477f4326c6a9)
2025-09-28 01:12:36,083 Users-user-Documents-resturantOS-frappe-bench:default: frappe.utils.background_jobs.execute_job(event=None, is_async=True, job_name='frappe.model.delete_doc.delete_dynamic_links', kwargs={'doctype': 'Property Setter', 'name': 'Sales Invoice-scan_barcode-hidden'}, method='frappe.model.delete_doc.delete_dynamic_links', site='hrms.localhost', user='Administrator') (hrms.localhost||e0434bbd-fbee-4cae-929c-a590343eb229)
2025-09-28 01:12:36,116 Users-user-Documents-resturantOS-frappe-bench:default: frappe.utils.background_jobs.execute_job(event=None, is_async=True, job_name='frappe.model.delete_doc.delete_dynamic_links', kwargs={'doctype': 'Property Setter', 'name': 'POS Invoice-scan_barcode-hidden'}, method='frappe.model.delete_doc.delete_dynamic_links', site='hrms.localhost', user='Administrator') (hrms.localhost||0b1aacac-ab54-4c33-b8a8-88e836441c64)
2025-09-28 01:12:36,147 Users-user-Documents-resturantOS-frappe-bench:default: frappe.utils.background_jobs.execute_job(event=None, is_async=True, job_name='frappe.model.delete_doc.delete_dynamic_links', kwargs={'doctype': 'Property Setter', 'name': 'Purchase Invoice-scan_barcode-hidde..., method='frappe.model.delete_doc.delete_dynamic_links', site='hrms.localhost', user='Administrator') (hrms.localhost||0b5e7cde-d990-460f-b031-ad0753d77ba0)
2025-09-28 01:12:36,182 Users-user-Documents-resturantOS-frappe-bench:default: frappe.utils.background_jobs.execute_job(event=None, is_async=True, job_name='frappe.model.delete_doc.delete_dynamic_links', kwargs={'doctype': 'Property Setter', 'name': 'Purchase Order-scan_barcode-hidden'..., method='frappe.model.delete_doc.delete_dynamic_links', site='hrms.localhost', user='Administrator') (hrms.localhost||0847b14c-9bda-430a-b305-3d0e880188d1)
2025-09-28 01:12:36,215 Users-user-Documents-resturantOS-frappe-bench:default: frappe.utils.background_jobs.execute_job(event=None, is_async=True, job_name='frappe.model.delete_doc.delete_dynamic_links', kwargs={'doctype': 'Property Setter', 'name': 'Quotation-scan_barcode-hidden'}, method='frappe.model.delete_doc.delete_dynamic_links', site='hrms.localhost', user='Administrator') (hrms.localhost||b6fcceb7-eb42-4368-a898-db1140c4233e)
2025-09-28 01:12:36,248 Users-user-Documents-resturantOS-frappe-bench:default: frappe.utils.background_jobs.execute_job(event=None, is_async=True, job_name='frappe.model.delete_doc.delete_dynamic_links', kwargs={'doctype': 'Property Setter', 'name': 'Sales Order-scan_barcode-hidden'}, method='frappe.model.delete_doc.delete_dynamic_links', site='hrms.localhost', user='Administrator') (hrms.localhost||54acbbb1-d153-4f90-ad07-0393c3abd0f8)
2025-09-28 01:12:36,282 Users-user-Documents-resturantOS-frappe-bench:default: frappe.utils.background_jobs.execute_job(event=None, is_async=True, job_name='frappe.model.delete_doc.delete_dynamic_links', kwargs={'doctype': 'Property Setter', 'name': 'Pick List-scan_barcode-hidden'}, method='frappe.model.delete_doc.delete_dynamic_links', site='hrms.localhost', user='Administrator') (hrms.localhost||8ba1e00c-f5d3-491f-b4e8-2cba2dd37053)
2025-09-28 01:12:36,315 Users-user-Documents-resturantOS-frappe-bench:default: frappe.utils.background_jobs.execute_job(event=None, is_async=True, job_name='frappe.model.delete_doc.delete_dynamic_links', kwargs={'doctype': 'Property Setter', 'name': 'Stock Reconciliation-scan_barcode-h..., method='frappe.model.delete_doc.delete_dynamic_links', site='hrms.localhost', user='Administrator') (hrms.localhost||6e8b285d-7920-4d4e-bda2-8eb3476b5b32)
2025-09-28 01:12:36,349 Users-user-Documents-resturantOS-frappe-bench:default: frappe.utils.background_jobs.execute_job(event=None, is_async=True, job_name='frappe.model.delete_doc.delete_dynamic_links', kwargs={'doctype': 'Property Setter', 'name': 'Material Request-scan_barcode-hidde..., method='frappe.model.delete_doc.delete_dynamic_links', site='hrms.localhost', user='Administrator') (hrms.localhost||84b03d26-1237-42a9-a450-dc36b0c91d15)
2025-09-28 01:12:36,381 Users-user-Documents-resturantOS-frappe-bench:default: frappe.utils.background_jobs.execute_job(event=None, is_async=True, job_name='frappe.model.delete_doc.delete_dynamic_links', kwargs={'doctype': 'Property Setter', 'name': 'Delivery Note-scan_barcode-hidden'}, method='frappe.model.delete_doc.delete_dynamic_links', site='hrms.localhost', user='Administrator') (hrms.localhost||989694da-ca7b-4c24-8e98-aff456c22b74)
2025-09-28 01:12:36,414 Users-user-Documents-resturantOS-frappe-bench:default: frappe.utils.background_jobs.execute_job(event=None, is_async=True, job_name='frappe.model.delete_doc.delete_dynamic_links', kwargs={'doctype': 'Property Setter', 'name': 'Purchase Receipt-scan_barcode-hidde..., method='frappe.model.delete_doc.delete_dynamic_links', site='hrms.localhost', user='Administrator') (hrms.localhost||0e442c16-12fa-4614-b474-ae3000f46b12)
2025-09-28 01:12:36,447 Users-user-Documents-resturantOS-frappe-bench:default: frappe.utils.background_jobs.execute_job(event=None, is_async=True, job_name='frappe.model.delete_doc.delete_dynamic_links', kwargs={'doctype': 'Property Setter', 'name': 'Stock Entry-scan_barcode-hidden'}, method='frappe.model.delete_doc.delete_dynamic_links', site='hrms.localhost', user='Administrator') (hrms.localhost||7a9372fd-21d3-47fd-a7f7-ad7a31c751df)
2025-09-28 01:12:36,480 Users-user-Documents-resturantOS-frappe-bench:default: frappe.utils.background_jobs.execute_job(event=None, is_async=True, job_name='frappe.model.delete_doc.delete_dynamic_links', kwargs={'doctype': 'Property Setter', 'name': 'Sales Invoice Item-target_warehouse..., method='frappe.model.delete_doc.delete_dynamic_links', site='hrms.localhost', user='Administrator') (hrms.localhost||aa6ec396-8c23-40b3-b1ac-950589acfbf8)
2025-09-28 01:12:36,515 Users-user-Documents-resturantOS-frappe-bench:default: frappe.utils.background_jobs.execute_job(event=None, is_async=True, job_name='frappe.model.delete_doc.delete_dynamic_links', kwargs={'doctype': 'Property Setter', 'name': 'Delivery Note Item-target_warehouse..., method='frappe.model.delete_doc.delete_dynamic_links', site='hrms.localhost', user='Administrator') (hrms.localhost||d9790307-659b-4b73-a9c6-d71b92eda314)
2025-09-28 01:12:36,556 Users-user-Documents-resturantOS-frappe-bench:default: frappe.utils.background_jobs.execute_job(event=None, is_async=True, job_name='frappe.model.delete_doc.delete_dynamic_links', kwargs={'doctype': 'Property Setter', 'name': 'Purchase Invoice Item-from_warehous..., method='frappe.model.delete_doc.delete_dynamic_links', site='hrms.localhost', user='Administrator') (hrms.localhost||cec72846-28f3-478f-8ae4-0a2dcab44a6b)
2025-09-28 01:12:36,595 Users-user-Documents-resturantOS-frappe-bench:default: frappe.utils.background_jobs.execute_job(event=None, is_async=True, job_name='frappe.model.delete_doc.delete_dynamic_links', kwargs={'doctype': 'Property Setter', 'name': 'Purchase Receipt Item-from_warehous..., method='frappe.model.delete_doc.delete_dynamic_links', site='hrms.localhost', user='Administrator') (hrms.localhost||2763c208-4969-47ee-bf52-e7ef42e050f2)
2025-09-28 01:17:44,662 Users-user-Documents-resturantOS-frappe-bench:default: frappe.utils.background_jobs.execute_job(event=None, is_async=True, job_name='frappe.model.delete_doc.delete_dynamic_links', kwargs={'doctype': 'Property Setter', 'name': 'Sales Order-tax_id-hidden'}, method='frappe.model.delete_doc.delete_dynamic_links', site='education.localhost', user='Administrator') (education.localhost||42cf5727-2245-4809-b896-5950ced8bdd4)
2025-09-28 01:17:44,699 Users-user-Documents-resturantOS-frappe-bench:default: frappe.utils.background_jobs.execute_job(event=None, is_async=True, job_name='frappe.model.delete_doc.delete_dynamic_links', kwargs={'doctype': 'Property Setter', 'name': 'Sales Order-tax_id-print_hide'}, method='frappe.model.delete_doc.delete_dynamic_links', site='education.localhost', user='Administrator') (education.localhost||56475592-9170-43b3-b5fb-6eeeeeceafc0)
2025-09-28 01:17:44,731 Users-user-Documents-resturantOS-frappe-bench:default: frappe.utils.background_jobs.execute_job(event=None, is_async=True, job_name='frappe.model.delete_doc.delete_dynamic_links', kwargs={'doctype': 'Property Setter', 'name': 'Sales Invoice-tax_id-hidden'}, method='frappe.model.delete_doc.delete_dynamic_links', site='education.localhost', user='Administrator') (education.localhost||9c717c69-153e-4b7e-85be-d29afd9b458f)
2025-09-28 01:17:44,765 Users-user-Documents-resturantOS-frappe-bench:default: frappe.utils.background_jobs.execute_job(event=None, is_async=True, job_name='frappe.model.delete_doc.delete_dynamic_links', kwargs={'doctype': 'Property Setter', 'name': 'Sales Invoice-tax_id-print_hide'}, method='frappe.model.delete_doc.delete_dynamic_links', site='education.localhost', user='Administrator') (education.localhost||2d01c62c-22cc-46a7-81cf-3d1441ec43de)
2025-09-28 01:17:44,807 Users-user-Documents-resturantOS-frappe-bench:default: frappe.utils.background_jobs.execute_job(event=None, is_async=True, job_name='frappe.model.delete_doc.delete_dynamic_links', kwargs={'doctype': 'Property Setter', 'name': 'Delivery Note-tax_id-hidden'}, method='frappe.model.delete_doc.delete_dynamic_links', site='education.localhost', user='Administrator') (education.localhost||a7f8a3ff-5d30-4c60-81de-0772487750eb)
2025-09-28 01:17:44,848 Users-user-Documents-resturantOS-frappe-bench:default: frappe.utils.background_jobs.execute_job(event=None, is_async=True, job_name='frappe.model.delete_doc.delete_dynamic_links', kwargs={'doctype': 'Property Setter', 'name': 'Delivery Note-tax_id-print_hide'}, method='frappe.model.delete_doc.delete_dynamic_links', site='education.localhost', user='Administrator') (education.localhost||fd509b11-ea8e-4d52-9ae8-fddeb7fc0423)
2025-09-28 01:17:44,892 Users-user-Documents-resturantOS-frappe-bench:default: frappe.utils.background_jobs.execute_job(event=None, is_async=True, job_name='frappe.model.delete_doc.delete_dynamic_links', kwargs={'doctype': 'Property Setter', 'name': 'Packed Item-rate-read_only'}, method='frappe.model.delete_doc.delete_dynamic_links', site='education.localhost', user='Administrator') (education.localhost||954c1337-24a7-456b-87cf-9105ff9e4a8c)
2025-09-28 01:17:44,933 Users-user-Documents-resturantOS-frappe-bench:default: frappe.utils.background_jobs.execute_job(event=None, is_async=True, job_name='frappe.model.delete_doc.delete_dynamic_links', kwargs={'doctype': 'Property Setter', 'name': 'Sales Invoice Item-discount_account..., method='frappe.model.delete_doc.delete_dynamic_links', site='education.localhost', user='Administrator') (education.localhost||504d5f42-7a2d-42ad-ad53-6906fbb48442)
2025-09-28 01:17:44,965 Users-user-Documents-resturantOS-frappe-bench:default: frappe.utils.background_jobs.execute_job(event=None, is_async=True, job_name='frappe.model.delete_doc.delete_dynamic_links', kwargs={'doctype': 'Property Setter', 'name': 'Sales Invoice Item-discount_account..., method='frappe.model.delete_doc.delete_dynamic_links', site='education.localhost', user='Administrator') (education.localhost||424a5b3c-1e8c-4ca5-bcbc-4183c80fd43f)
2025-09-28 01:17:45,000 Users-user-Documents-resturantOS-frappe-bench:default: frappe.utils.background_jobs.execute_job(event=None, is_async=True, job_name='frappe.model.delete_doc.delete_dynamic_links', kwargs={'doctype': 'Property Setter', 'name': 'Sales Invoice-additional_discount_a..., method='frappe.model.delete_doc.delete_dynamic_links', site='education.localhost', user='Administrator') (education.localhost||fa2bce67-78e9-4e1f-a4c1-f0700bf08fa3)
2025-09-28 01:17:45,032 Users-user-Documents-resturantOS-frappe-bench:default: frappe.utils.background_jobs.execute_job(event=None, is_async=True, job_name='frappe.model.delete_doc.delete_dynamic_links', kwargs={'doctype': 'Property Setter', 'name': 'Sales Invoice-additional_discount_a..., method='frappe.model.delete_doc.delete_dynamic_links', site='education.localhost', user='Administrator') (education.localhost||0432a6e0-91f9-4634-992d-34efca2d0380)
2025-09-28 01:24:30,138 Cleaning registries for queue: Users-user-Documents-resturantOS-frappe-bench:short
2025-09-28 01:24:30,144 Cleaning registries for queue: Users-user-Documents-resturantOS-frappe-bench:default
2025-09-28 01:24:30,146 Cleaning registries for queue: Users-user-Documents-resturantOS-frappe-bench:long
2025-09-28 01:38:00,207 Cleaning registries for queue: Users-user-Documents-resturantOS-frappe-bench:short
2025-09-28 01:38:00,214 Cleaning registries for queue: Users-user-Documents-resturantOS-frappe-bench:default
2025-09-28 01:38:00,217 Cleaning registries for queue: Users-user-Documents-resturantOS-frappe-bench:long
2025-09-28 01:58:42,045 Cleaning registries for queue: Users-user-Documents-resturantOS-frappe-bench:short
2025-09-28 01:58:42,052 Cleaning registries for queue: Users-user-Documents-resturantOS-frappe-bench:default
2025-09-28 01:58:42,057 Cleaning registries for queue: Users-user-Documents-resturantOS-frappe-bench:long
2025-09-28 02:28:42,019 Cleaning registries for queue: Users-user-Documents-resturantOS-frappe-bench:short
2025-09-28 02:28:42,148 Cleaning registries for queue: Users-user-Documents-resturantOS-frappe-bench:default
2025-09-28 02:28:42,151 Cleaning registries for queue: Users-user-Documents-resturantOS-frappe-bench:long
2025-09-28 02:46:12,093 Cleaning registries for queue: Users-user-Documents-resturantOS-frappe-bench:short
2025-09-28 02:46:12,300 Cleaning registries for queue: Users-user-Documents-resturantOS-frappe-bench:default
2025-09-28 02:46:12,308 Cleaning registries for queue: Users-user-Documents-resturantOS-frappe-bench:long
2025-09-28 03:28:40,076 Cleaning registries for queue: Users-user-Documents-resturantOS-frappe-bench:short
2025-09-28 03:28:40,210 Cleaning registries for queue: Users-user-Documents-resturantOS-frappe-bench:default
2025-09-28 03:28:40,213 Cleaning registries for queue: Users-user-Documents-resturantOS-frappe-bench:long
2025-09-28 03:45:17,038 Cleaning registries for queue: Users-user-Documents-resturantOS-frappe-bench:short
2025-09-28 03:45:17,205 Cleaning registries for queue: Users-user-Documents-resturantOS-frappe-bench:default
2025-09-28 03:45:17,215 Cleaning registries for queue: Users-user-Documents-resturantOS-frappe-bench:long
2025-09-28 04:10:22,048 Cleaning registries for queue: Users-user-Documents-resturantOS-frappe-bench:short
2025-09-28 04:10:22,296 Cleaning registries for queue: Users-user-Documents-resturantOS-frappe-bench:default
2025-09-28 04:10:22,305 Cleaning registries for queue: Users-user-Documents-resturantOS-frappe-bench:long
2025-09-28 04:22:30,089 Cleaning registries for queue: Users-user-Documents-resturantOS-frappe-bench:short
2025-09-28 04:22:30,205 Cleaning registries for queue: Users-user-Documents-resturantOS-frappe-bench:default
2025-09-28 04:22:30,207 Cleaning registries for queue: Users-user-Documents-resturantOS-frappe-bench:long
2025-09-28 05:03:49,033 Cleaning registries for queue: Users-user-Documents-resturantOS-frappe-bench:short
2025-09-28 05:03:49,291 Cleaning registries for queue: Users-user-Documents-resturantOS-frappe-bench:default
2025-09-28 05:03:49,300 Cleaning registries for queue: Users-user-Documents-resturantOS-frappe-bench:long
2025-09-28 05:17:19,426 Cleaning registries for queue: Users-user-Documents-resturantOS-frappe-bench:short
2025-09-28 05:17:19,434 Cleaning registries for queue: Users-user-Documents-resturantOS-frappe-bench:default
2025-09-28 05:17:19,441 Cleaning registries for queue: Users-user-Documents-resturantOS-frappe-bench:long
2025-09-28 05:42:17,051 Cleaning registries for queue: Users-user-Documents-resturantOS-frappe-bench:short
2025-09-28 05:42:17,095 Cleaning registries for queue: Users-user-Documents-resturantOS-frappe-bench:default
2025-09-28 05:42:17,098 Cleaning registries for queue: Users-user-Documents-resturantOS-frappe-bench:long
2025-09-28 06:05:42,047 Cleaning registries for queue: Users-user-Documents-resturantOS-frappe-bench:short
2025-09-28 06:05:42,204 Cleaning registries for queue: Users-user-Documents-resturantOS-frappe-bench:default
2025-09-28 06:05:42,206 Cleaning registries for queue: Users-user-Documents-resturantOS-frappe-bench:long
2025-09-28 06:26:52,052 Cleaning registries for queue: Users-user-Documents-resturantOS-frappe-bench:short
2025-09-28 06:26:52,272 Cleaning registries for queue: Users-user-Documents-resturantOS-frappe-bench:default
2025-09-28 06:26:52,285 Cleaning registries for queue: Users-user-Documents-resturantOS-frappe-bench:long
2025-09-28 06:49:29,049 Cleaning registries for queue: Users-user-Documents-resturantOS-frappe-bench:short
2025-09-28 06:49:29,268 Cleaning registries for queue: Users-user-Documents-resturantOS-frappe-bench:default
2025-09-28 06:49:29,297 Cleaning registries for queue: Users-user-Documents-resturantOS-frappe-bench:long
2025-09-28 07:09:48,164 Cleaning registries for queue: Users-user-Documents-resturantOS-frappe-bench:short
2025-09-28 07:09:48,193 Cleaning registries for queue: Users-user-Documents-resturantOS-frappe-bench:default
2025-09-28 07:09:48,196 Cleaning registries for queue: Users-user-Documents-resturantOS-frappe-bench:long
2025-09-28 07:31:20,050 Cleaning registries for queue: Users-user-Documents-resturantOS-frappe-bench:short
2025-09-28 07:31:20,095 Cleaning registries for queue: Users-user-Documents-resturantOS-frappe-bench:default
2025-09-28 07:31:20,103 Cleaning registries for queue: Users-user-Documents-resturantOS-frappe-bench:long
2025-09-28 07:53:40,089 Cleaning registries for queue: Users-user-Documents-resturantOS-frappe-bench:short
2025-09-28 07:53:40,205 Cleaning registries for queue: Users-user-Documents-resturantOS-frappe-bench:default
2025-09-28 07:53:40,215 Cleaning registries for queue: Users-user-Documents-resturantOS-frappe-bench:long
2025-09-28 08:16:10,045 Cleaning registries for queue: Users-user-Documents-resturantOS-frappe-bench:short
2025-09-28 08:16:10,051 Cleaning registries for queue: Users-user-Documents-resturantOS-frappe-bench:default
2025-09-28 08:16:10,056 Cleaning registries for queue: Users-user-Documents-resturantOS-frappe-bench:long
2025-09-28 08:36:24,094 Cleaning registries for queue: Users-user-Documents-resturantOS-frappe-bench:short
2025-09-28 08:36:24,110 Cleaning registries for queue: Users-user-Documents-resturantOS-frappe-bench:default
2025-09-28 08:36:24,112 Cleaning registries for queue: Users-user-Documents-resturantOS-frappe-bench:long
2025-09-28 08:56:41,051 Cleaning registries for queue: Users-user-Documents-resturantOS-frappe-bench:short
2025-09-28 08:56:41,249 Cleaning registries for queue: Users-user-Documents-resturantOS-frappe-bench:default
2025-09-28 08:56:41,275 Cleaning registries for queue: Users-user-Documents-resturantOS-frappe-bench:long
2025-09-28 09:19:32,096 Cleaning registries for queue: Users-user-Documents-resturantOS-frappe-bench:short
2025-09-28 09:19:32,209 Cleaning registries for queue: Users-user-Documents-resturantOS-frappe-bench:default
2025-09-28 09:19:32,214 Cleaning registries for queue: Users-user-Documents-resturantOS-frappe-bench:long
2025-09-28 09:37:23,056 Cleaning registries for queue: Users-user-Documents-resturantOS-frappe-bench:short
2025-09-28 09:37:23,104 Cleaning registries for queue: Users-user-Documents-resturantOS-frappe-bench:default
2025-09-28 09:37:23,109 Cleaning registries for queue: Users-user-Documents-resturantOS-frappe-bench:long
2025-09-28 09:57:41,113 Cleaning registries for queue: Users-user-Documents-resturantOS-frappe-bench:short
2025-09-28 09:57:41,239 Cleaning registries for queue: Users-user-Documents-resturantOS-frappe-bench:default
2025-09-28 09:57:41,244 Cleaning registries for queue: Users-user-Documents-resturantOS-frappe-bench:long
2025-09-28 10:09:42,050 Cleaning registries for queue: Users-user-Documents-resturantOS-frappe-bench:short
2025-09-28 10:09:42,063 Cleaning registries for queue: Users-user-Documents-resturantOS-frappe-bench:default
2025-09-28 10:09:42,074 Cleaning registries for queue: Users-user-Documents-resturantOS-frappe-bench:long
2025-09-28 10:13:07,801 Worker 40c7dae2aa1646d4a18a4443f24da5d0 [PID 27389]: warm shut down requested
Traceback (most recent call last):
  File "/Users/user/Documents/resturantOS/frappe-bench/env/lib/python3.12/site-packages/redis/connection.py", line 385, in connect_check_health
    sock = self.retry.call_with_retry(
           ^^^^^^^^^^^^^^^^^^^^^^^^^^^
  File "/Users/user/Documents/resturantOS/frappe-bench/env/lib/python3.12/site-packages/redis/retry.py", line 87, in call_with_retry
    return do()
           ^^^^
  File "/Users/user/Documents/resturantOS/frappe-bench/env/lib/python3.12/site-packages/redis/connection.py", line 386, in <lambda>
    lambda: self._connect(), lambda error: self.disconnect(error)
            ^^^^^^^^^^^^^^^
  File "/Users/user/Documents/resturantOS/frappe-bench/env/lib/python3.12/site-packages/redis/connection.py", line 797, in _connect
    raise err
  File "/Users/user/Documents/resturantOS/frappe-bench/env/lib/python3.12/site-packages/redis/connection.py", line 781, in _connect
    sock.connect(socket_address)
ConnectionRefusedError: [Errno 61] Connection refused

During handling of the above exception, another exception occurred:

Traceback (most recent call last):
  File "/Users/user/Documents/resturantOS/frappe-bench/apps/frappe/frappe/utils/bench_helper.py", line 48, in invoke
    return super().invoke(ctx)
           ^^^^^^^^^^^^^^^^^^^
  File "/Users/user/Documents/resturantOS/frappe-bench/env/lib/python3.12/site-packages/click/core.py", line 1830, in invoke
    return _process_result(sub_ctx.command.invoke(sub_ctx))
                           ^^^^^^^^^^^^^^^^^^^^^^^^^^^^^^^
  File "/Users/user/Documents/resturantOS/frappe-bench/env/lib/python3.12/site-packages/click/core.py", line 1226, in invoke
    return ctx.invoke(self.callback, **ctx.params)
           ^^^^^^^^^^^^^^^^^^^^^^^^^^^^^^^^^^^^^^^
  File "/Users/user/Documents/resturantOS/frappe-bench/env/lib/python3.12/site-packages/click/core.py", line 794, in invoke
    return callback(*args, **kwargs)
           ^^^^^^^^^^^^^^^^^^^^^^^^^
  File "/Users/user/Documents/resturantOS/frappe-bench/apps/frappe/frappe/commands/scheduler.py", line 206, in start_worker
    start_worker(
  File "/Users/user/Documents/resturantOS/frappe-bench/apps/frappe/frappe/utils/background_jobs.py", line 352, in start_worker
    worker.work(
  File "/Users/user/Documents/resturantOS/frappe-bench/env/lib/python3.12/site-packages/rq/worker.py", line 646, in work
    self.teardown()
  File "/Users/user/Documents/resturantOS/frappe-bench/env/lib/python3.12/site-packages/rq/worker.py", line 1147, in teardown
    self.register_death()
  File "/Users/user/Documents/resturantOS/frappe-bench/env/lib/python3.12/site-packages/rq/worker.py", line 894, in register_death
    p.execute()
  File "/Users/user/Documents/resturantOS/frappe-bench/env/lib/python3.12/site-packages/redis/client.py", line 1607, in execute
    conn = self.connection_pool.get_connection()
           ^^^^^^^^^^^^^^^^^^^^^^^^^^^^^^^^^^^^^
  File "/Users/user/Documents/resturantOS/frappe-bench/env/lib/python3.12/site-packages/redis/utils.py", line 191, in wrapper
    return func(*args, **kwargs)
           ^^^^^^^^^^^^^^^^^^^^^
  File "/Users/user/Documents/resturantOS/frappe-bench/env/lib/python3.12/site-packages/redis/connection.py", line 1530, in get_connection
    connection.connect()
  File "/Users/user/Documents/resturantOS/frappe-bench/env/lib/python3.12/site-packages/redis/connection.py", line 379, in connect
    self.connect_check_health(check_health=True)
  File "/Users/user/Documents/resturantOS/frappe-bench/env/lib/python3.12/site-packages/redis/connection.py", line 391, in connect_check_health
    raise ConnectionError(self._error_message(e))
redis.exceptions.ConnectionError: Error 61 connecting to 127.0.0.1:11000. Connection refused.

Error 61 connecting to 127.0.0.1:11000. Connection refused.
2025-09-28 10:13:20,031 Worker rq:worker:9d8272165db14d69b4cffd5b00dced0d started with PID 77869, version 2.4.0
2025-09-28 10:13:20,031 Subscribing to channel rq:pubsub:9d8272165db14d69b4cffd5b00dced0d
2025-09-28 10:13:20,033 *** Listening on Users-user-Documents-resturantOS-frappe-bench:short, Users-user-Documents-resturantOS-frappe-bench:default, Users-user-Documents-resturantOS-frappe-bench:long...
2025-09-28 10:13:20,035 Cleaning registries for queue: Users-user-Documents-resturantOS-frappe-bench:short
2025-09-28 10:13:20,047 Cleaning registries for queue: Users-user-Documents-resturantOS-frappe-bench:default
2025-09-28 10:13:20,053 Cleaning registries for queue: Users-user-Documents-resturantOS-frappe-bench:long
2025-09-28 10:14:34,378 Worker 9d8272165db14d69b4cffd5b00dced0d [PID 77869]: warm shut down requested
Traceback (most recent call last):
  File "/Users/user/Documents/resturantOS/frappe-bench/env/lib/python3.12/site-packages/redis/connection.py", line 644, in read_response
    response = self._parser.read_response(disable_decoding=disable_decoding)
               ^^^^^^^^^^^^^^^^^^^^^^^^^^^^^^^^^^^^^^^^^^^^^^^^^^^^^^^^^^^^^
  File "/Users/user/Documents/resturantOS/frappe-bench/env/lib/python3.12/site-packages/redis/_parsers/hiredis.py", line 158, in read_response
    self.read_from_socket()
  File "/Users/user/Documents/resturantOS/frappe-bench/env/lib/python3.12/site-packages/redis/_parsers/hiredis.py", line 108, in read_from_socket
    bufflen = self._sock.recv_into(self._buffer)
              ^^^^^^^^^^^^^^^^^^^^^^^^^^^^^^^^^^
ConnectionResetError: [Errno 54] Connection reset by peer

During handling of the above exception, another exception occurred:

Traceback (most recent call last):
  File "/Users/user/Documents/resturantOS/frappe-bench/apps/frappe/frappe/utils/bench_helper.py", line 48, in invoke
    return super().invoke(ctx)
           ^^^^^^^^^^^^^^^^^^^
  File "/Users/user/Documents/resturantOS/frappe-bench/env/lib/python3.12/site-packages/click/core.py", line 1830, in invoke
    return _process_result(sub_ctx.command.invoke(sub_ctx))
                           ^^^^^^^^^^^^^^^^^^^^^^^^^^^^^^^
  File "/Users/user/Documents/resturantOS/frappe-bench/env/lib/python3.12/site-packages/click/core.py", line 1226, in invoke
    return ctx.invoke(self.callback, **ctx.params)
           ^^^^^^^^^^^^^^^^^^^^^^^^^^^^^^^^^^^^^^^
  File "/Users/user/Documents/resturantOS/frappe-bench/env/lib/python3.12/site-packages/click/core.py", line 794, in invoke
    return callback(*args, **kwargs)
           ^^^^^^^^^^^^^^^^^^^^^^^^^
  File "/Users/user/Documents/resturantOS/frappe-bench/apps/frappe/frappe/commands/scheduler.py", line 206, in start_worker
    start_worker(
  File "/Users/user/Documents/resturantOS/frappe-bench/apps/frappe/frappe/utils/background_jobs.py", line 352, in start_worker
    worker.work(
  File "/Users/user/Documents/resturantOS/frappe-bench/env/lib/python3.12/site-packages/rq/worker.py", line 646, in work
    self.teardown()
  File "/Users/user/Documents/resturantOS/frappe-bench/env/lib/python3.12/site-packages/rq/worker.py", line 1147, in teardown
    self.register_death()
  File "/Users/user/Documents/resturantOS/frappe-bench/env/lib/python3.12/site-packages/rq/worker.py", line 894, in register_death
    p.execute()
  File "/Users/user/Documents/resturantOS/frappe-bench/env/lib/python3.12/site-packages/redis/client.py", line 1607, in execute
    conn = self.connection_pool.get_connection()
           ^^^^^^^^^^^^^^^^^^^^^^^^^^^^^^^^^^^^^
  File "/Users/user/Documents/resturantOS/frappe-bench/env/lib/python3.12/site-packages/redis/utils.py", line 191, in wrapper
    return func(*args, **kwargs)
           ^^^^^^^^^^^^^^^^^^^^^
  File "/Users/user/Documents/resturantOS/frappe-bench/env/lib/python3.12/site-packages/redis/connection.py", line 1530, in get_connection
    connection.connect()
  File "/Users/user/Documents/resturantOS/frappe-bench/env/lib/python3.12/site-packages/redis/connection.py", line 379, in connect
    self.connect_check_health(check_health=True)
  File "/Users/user/Documents/resturantOS/frappe-bench/env/lib/python3.12/site-packages/redis/connection.py", line 397, in connect_check_health
    self.on_connect_check_health(check_health=check_health)
  File "/Users/user/Documents/resturantOS/frappe-bench/env/lib/python3.12/site-packages/redis/connection.py", line 517, in on_connect_check_health
    self.read_response()
  File "/Users/user/Documents/resturantOS/frappe-bench/env/lib/python3.12/site-packages/redis/connection.py", line 652, in read_response
    raise ConnectionError(f"Error while reading from {host_error} : {e.args}")
redis.exceptions.ConnectionError: Error while reading from 127.0.0.1:11000 : (54, 'Connection reset by peer')

Error while reading from 127.0.0.1:11000 : (54, 'Connection reset by peer')
2025-09-28 10:14:44,006 Worker rq:worker:509d537860474bb2a312a7fc0ee82f39 started with PID 78576, version 2.4.0
2025-09-28 10:14:44,006 Subscribing to channel rq:pubsub:509d537860474bb2a312a7fc0ee82f39
2025-09-28 10:14:44,008 *** Listening on Users-user-Documents-resturantOS-frappe-bench:short, Users-user-Documents-resturantOS-frappe-bench:default, Users-user-Documents-resturantOS-frappe-bench:long...
2025-09-28 10:14:44,009 Cleaning registries for queue: Users-user-Documents-resturantOS-frappe-bench:short
2025-09-28 10:14:44,012 Cleaning registries for queue: Users-user-Documents-resturantOS-frappe-bench:default
2025-09-28 10:14:44,015 Cleaning registries for queue: Users-user-Documents-resturantOS-frappe-bench:long
2025-09-28 10:16:01,255 Users-user-Documents-resturantOS-frappe-bench:default: frappe.utils.background_jobs.execute_job(event=None, is_async=True, job_name='frappe.core.doctype.scheduled_job_type.scheduled_job_type.run_scheduled_jo..., kwargs={'job_type': 'frappe.model.utils.link_count.update_link_count', 'scheduled_..., method='frappe.core.doctype.scheduled_job_type.scheduled_job_type.run_scheduled_jo..., site='erpnext.localhost', user='Administrator') (erpnext.localhost||scheduled_job||i3ql4qgjlp)
2025-09-28 10:16:03,404 Successfully completed frappe.utils.background_jobs.execute_job(event=None, is_async=True, job_name='frappe.core.doctype.scheduled_job_type.scheduled_job_type.run_scheduled_jo..., kwargs={'job_type': 'frappe.model.utils.link_count.update_link_count', 'scheduled_..., method='frappe.core.doctype.scheduled_job_type.scheduled_job_type.run_scheduled_jo..., site='erpnext.localhost', user='Administrator') job in 0:00:02.097901s on worker 509d537860474bb2a312a7fc0ee82f39
2025-09-28 10:16:03,405 Users-user-Documents-resturantOS-frappe-bench:default: Job OK (erpnext.localhost||scheduled_job||i3ql4qgjlp)
2025-09-28 10:16:03,405 Result is kept for 600 seconds
2025-09-28 10:16:03,439 Users-user-Documents-resturantOS-frappe-bench:default: frappe.utils.background_jobs.execute_job(event=None, is_async=True, job_name='frappe.core.doctype.scheduled_job_type.scheduled_job_type.run_scheduled_jo..., kwargs={'job_type': 'erpnext.accounts.doctype.gl_entry.gl_entry.rename_gle_sle_doc..., method='frappe.core.doctype.scheduled_job_type.scheduled_job_type.run_scheduled_jo..., site='erpnext.localhost', user='Administrator') (erpnext.localhost||scheduled_job||k0qkqj8d2t)
2025-09-28 10:16:04,626 Successfully completed frappe.utils.background_jobs.execute_job(event=None, is_async=True, job_name='frappe.core.doctype.scheduled_job_type.scheduled_job_type.run_scheduled_jo..., kwargs={'job_type': 'erpnext.accounts.doctype.gl_entry.gl_entry.rename_gle_sle_doc..., method='frappe.core.doctype.scheduled_job_type.scheduled_job_type.run_scheduled_jo..., site='erpnext.localhost', user='Administrator') job in 0:00:01.158135s on worker 509d537860474bb2a312a7fc0ee82f39
2025-09-28 10:16:04,627 Users-user-Documents-resturantOS-frappe-bench:default: Job OK (erpnext.localhost||scheduled_job||k0qkqj8d2t)
2025-09-28 10:16:04,628 Result is kept for 600 seconds
2025-09-28 10:16:04,703 Users-user-Documents-resturantOS-frappe-bench:default: frappe.utils.background_jobs.execute_job(event=None, is_async=True, job_name='frappe.core.doctype.scheduled_job_type.scheduled_job_type.run_scheduled_jo..., kwargs={'job_type': 'frappe.pulse.client.send_queued_events', 'scheduled_job_type'..., method='frappe.core.doctype.scheduled_job_type.scheduled_job_type.run_scheduled_jo..., site='erpnext.localhost', user='Administrator') (erpnext.localhost||scheduled_job||i3q6kfbc7n)
2025-09-28 10:16:05,646 Successfully completed frappe.utils.background_jobs.execute_job(event=None, is_async=True, job_name='frappe.core.doctype.scheduled_job_type.scheduled_job_type.run_scheduled_jo..., kwargs={'job_type': 'frappe.pulse.client.send_queued_events', 'scheduled_job_type'..., method='frappe.core.doctype.scheduled_job_type.scheduled_job_type.run_scheduled_jo..., site='erpnext.localhost', user='Administrator') job in 0:00:00.926327s on worker 509d537860474bb2a312a7fc0ee82f39
2025-09-28 10:16:05,647 Users-user-Documents-resturantOS-frappe-bench:default: Job OK (erpnext.localhost||scheduled_job||i3q6kfbc7n)
2025-09-28 10:16:05,648 Result is kept for 600 seconds
2025-09-28 10:16:05,659 Users-user-Documents-resturantOS-frappe-bench:default: frappe.utils.background_jobs.execute_job(event=None, is_async=True, job_name='erpnext.setup.demo.setup_demo_data', kwargs={}, method=<function setup_demo_data at 0x2d19af880>, site='education.localhost', user='daregoodness@gmail.com') (education.localhost||09016533-dc21-46b2-ab30-851c29681bd4)
2025-09-28 10:16:19,373 Successfully completed frappe.utils.background_jobs.execute_job(event=None, is_async=True, job_name='erpnext.setup.demo.setup_demo_data', kwargs={}, method=<function setup_demo_data at 0x2d19af880>, site='education.localhost', user='daregoodness@gmail.com') job in 0:00:13.112728s on worker 509d537860474bb2a312a7fc0ee82f39
2025-09-28 10:16:19,374 Users-user-Documents-resturantOS-frappe-bench:default: Job OK (education.localhost||09016533-dc21-46b2-ab30-851c29681bd4)
2025-09-28 10:16:19,374 Result is kept for 600 seconds
2025-09-28 10:16:19,396 Users-user-Documents-resturantOS-frappe-bench:default: frappe.utils.background_jobs.execute_job(event=None, is_async=True, job_name='frappe.core.doctype.scheduled_job_type.scheduled_job_type.run_scheduled_jo..., kwargs={'job_type': 'frappe.email.queue.flush', 'scheduled_job_type': 'i3qhjuun64'..., method='frappe.core.doctype.scheduled_job_type.scheduled_job_type.run_scheduled_jo..., site='erpnext.localhost', user='Administrator') (erpnext.localhost||scheduled_job||i3qhjuun64)
2025-09-28 10:16:21,409 Successfully completed frappe.utils.background_jobs.execute_job(event=None, is_async=True, job_name='frappe.core.doctype.scheduled_job_type.scheduled_job_type.run_scheduled_jo..., kwargs={'job_type': 'frappe.email.queue.flush', 'scheduled_job_type': 'i3qhjuun64'..., method='frappe.core.doctype.scheduled_job_type.scheduled_job_type.run_scheduled_jo..., site='erpnext.localhost', user='Administrator') job in 0:00:02.000237s on worker 509d537860474bb2a312a7fc0ee82f39
2025-09-28 10:16:21,410 Users-user-Documents-resturantOS-frappe-bench:default: Job OK (erpnext.localhost||scheduled_job||i3qhjuun64)
2025-09-28 10:16:21,410 Result is kept for 600 seconds
2025-09-28 10:16:21,421 Users-user-Documents-resturantOS-frappe-bench:default: frappe.utils.background_jobs.execute_job(event=None, is_async=True, job_name='frappe.core.doctype.scheduled_job_type.scheduled_job_type.run_scheduled_jo..., kwargs={'job_type': 'frappe.automation.doctype.reminder.reminder.send_reminders', ..., method='frappe.core.doctype.scheduled_job_type.scheduled_job_type.run_scheduled_jo..., site='erpnext.localhost', user='Administrator') (erpnext.localhost||scheduled_job||i3qqrd70l1)
2025-09-28 10:16:22,629 Successfully completed frappe.utils.background_jobs.execute_job(event=None, is_async=True, job_name='frappe.core.doctype.scheduled_job_type.scheduled_job_type.run_scheduled_jo..., kwargs={'job_type': 'frappe.automation.doctype.reminder.reminder.send_reminders', ..., method='frappe.core.doctype.scheduled_job_type.scheduled_job_type.run_scheduled_jo..., site='erpnext.localhost', user='Administrator') job in 0:00:01.193201s on worker 509d537860474bb2a312a7fc0ee82f39
2025-09-28 10:16:22,630 Users-user-Documents-resturantOS-frappe-bench:default: Job OK (erpnext.localhost||scheduled_job||i3qqrd70l1)
2025-09-28 10:16:22,630 Result is kept for 600 seconds
2025-09-28 10:16:22,644 Users-user-Documents-resturantOS-frappe-bench:default: frappe.utils.background_jobs.execute_job(event=None, is_async=True, job_name='frappe.core.doctype.scheduled_job_type.scheduled_job_type.run_scheduled_jo..., kwargs={'job_type': 'frappe.utils.global_search.sync_global_search', 'scheduled_jo..., method='frappe.core.doctype.scheduled_job_type.scheduled_job_type.run_scheduled_jo..., site='erpnext.localhost', user='Administrator') (erpnext.localhost||scheduled_job||i3q1j6aa33)
2025-09-28 10:16:23,598 Successfully completed frappe.utils.background_jobs.execute_job(event=None, is_async=True, job_name='frappe.core.doctype.scheduled_job_type.scheduled_job_type.run_scheduled_jo..., kwargs={'job_type': 'frappe.utils.global_search.sync_global_search', 'scheduled_jo..., method='frappe.core.doctype.scheduled_job_type.scheduled_job_type.run_scheduled_jo..., site='erpnext.localhost', user='Administrator') job in 0:00:00.940605s on worker 509d537860474bb2a312a7fc0ee82f39
2025-09-28 10:16:23,599 Users-user-Documents-resturantOS-frappe-bench:default: Job OK (erpnext.localhost||scheduled_job||i3q1j6aa33)
2025-09-28 10:16:23,599 Result is kept for 600 seconds
2025-09-28 10:16:23,610 Users-user-Documents-resturantOS-frappe-bench:default: frappe.utils.background_jobs.execute_job(event=None, is_async=True, job_name='frappe.core.doctype.scheduled_job_type.scheduled_job_type.run_scheduled_jo..., kwargs={'job_type': 'frappe.email.queue.retry_sending_emails', 'scheduled_job_type..., method='frappe.core.doctype.scheduled_job_type.scheduled_job_type.run_scheduled_jo..., site='erpnext.localhost', user='Administrator') (erpnext.localhost||scheduled_job||i3q1telple)
2025-09-28 10:16:24,367 Successfully completed frappe.utils.background_jobs.execute_job(event=None, is_async=True, job_name='frappe.core.doctype.scheduled_job_type.scheduled_job_type.run_scheduled_jo..., kwargs={'job_type': 'frappe.email.queue.retry_sending_emails', 'scheduled_job_type..., method='frappe.core.doctype.scheduled_job_type.scheduled_job_type.run_scheduled_jo..., site='erpnext.localhost', user='Administrator') job in 0:00:00.744173s on worker 509d537860474bb2a312a7fc0ee82f39
2025-09-28 10:16:24,368 Users-user-Documents-resturantOS-frappe-bench:default: Job OK (erpnext.localhost||scheduled_job||i3q1telple)
2025-09-28 10:16:24,368 Result is kept for 600 seconds
2025-09-28 10:16:24,378 Users-user-Documents-resturantOS-frappe-bench:default: frappe.utils.background_jobs.execute_job(event=None, is_async=True, job_name='frappe.core.doctype.scheduled_job_type.scheduled_job_type.run_scheduled_jo..., kwargs={'job_type': 'frappe.email.doctype.email_account.email_account.pull', 'sche..., method='frappe.core.doctype.scheduled_job_type.scheduled_job_type.run_scheduled_jo..., site='erpnext.localhost', user='Administrator') (erpnext.localhost||scheduled_job||i3qn3r9e35)
2025-09-28 10:16:25,203 Successfully completed frappe.utils.background_jobs.execute_job(event=None, is_async=True, job_name='frappe.core.doctype.scheduled_job_type.scheduled_job_type.run_scheduled_jo..., kwargs={'job_type': 'frappe.email.doctype.email_account.email_account.pull', 'sche..., method='frappe.core.doctype.scheduled_job_type.scheduled_job_type.run_scheduled_jo..., site='erpnext.localhost', user='Administrator') job in 0:00:00.810710s on worker 509d537860474bb2a312a7fc0ee82f39
2025-09-28 10:16:25,204 Users-user-Documents-resturantOS-frappe-bench:default: Job OK (erpnext.localhost||scheduled_job||i3qn3r9e35)
2025-09-28 10:16:25,204 Result is kept for 600 seconds
2025-09-28 10:16:25,214 Users-user-Documents-resturantOS-frappe-bench:default: frappe.utils.background_jobs.execute_job(event=None, is_async=True, job_name='frappe.core.doctype.scheduled_job_type.scheduled_job_type.run_scheduled_jo..., kwargs={'job_type': 'frappe.email.doctype.email_account.email_account.notify_unrep..., method='frappe.core.doctype.scheduled_job_type.scheduled_job_type.run_scheduled_jo..., site='erpnext.localhost', user='Administrator') (erpnext.localhost||scheduled_job||i3qkkem4ol)
2025-09-28 10:16:26,034 Successfully completed frappe.utils.background_jobs.execute_job(event=None, is_async=True, job_name='frappe.core.doctype.scheduled_job_type.scheduled_job_type.run_scheduled_jo..., kwargs={'job_type': 'frappe.email.doctype.email_account.email_account.notify_unrep..., method='frappe.core.doctype.scheduled_job_type.scheduled_job_type.run_scheduled_jo..., site='erpnext.localhost', user='Administrator') job in 0:00:00.805858s on worker 509d537860474bb2a312a7fc0ee82f39
2025-09-28 10:16:26,035 Users-user-Documents-resturantOS-frappe-bench:default: Job OK (erpnext.localhost||scheduled_job||i3qkkem4ol)
2025-09-28 10:16:26,035 Result is kept for 600 seconds
2025-09-28 10:16:26,045 Users-user-Documents-resturantOS-frappe-bench:default: frappe.utils.background_jobs.execute_job(event=None, is_async=True, job_name='frappe.core.doctype.scheduled_job_type.scheduled_job_type.run_scheduled_jo..., kwargs={'job_type': 'frappe.email.doctype.notification.notification.trigger_offset..., method='frappe.core.doctype.scheduled_job_type.scheduled_job_type.run_scheduled_jo..., site='erpnext.localhost', user='Administrator') (erpnext.localhost||scheduled_job||i3qenim3s4)
2025-09-28 10:16:26,728 Successfully completed frappe.utils.background_jobs.execute_job(event=None, is_async=True, job_name='frappe.core.doctype.scheduled_job_type.scheduled_job_type.run_scheduled_jo..., kwargs={'job_type': 'frappe.email.doctype.notification.notification.trigger_offset..., method='frappe.core.doctype.scheduled_job_type.scheduled_job_type.run_scheduled_jo..., site='erpnext.localhost', user='Administrator') job in 0:00:00.669356s on worker 509d537860474bb2a312a7fc0ee82f39
2025-09-28 10:16:26,729 Users-user-Documents-resturantOS-frappe-bench:default: Job OK (erpnext.localhost||scheduled_job||i3qenim3s4)
2025-09-28 10:16:26,729 Result is kept for 600 seconds
2025-09-28 10:16:26,740 Users-user-Documents-resturantOS-frappe-bench:default: frappe.utils.background_jobs.execute_job(event=None, is_async=True, job_name='frappe.core.doctype.scheduled_job_type.scheduled_job_type.run_scheduled_jo..., kwargs={'job_type': 'frappe.deferred_insert.save_to_db', 'scheduled_job_type': 'i3..., method='frappe.core.doctype.scheduled_job_type.scheduled_job_type.run_scheduled_jo..., site='erpnext.localhost', user='Administrator') (erpnext.localhost||scheduled_job||i3q9qk9urk)
2025-09-28 10:16:27,430 Successfully completed frappe.utils.background_jobs.execute_job(event=None, is_async=True, job_name='frappe.core.doctype.scheduled_job_type.scheduled_job_type.run_scheduled_jo..., kwargs={'job_type': 'frappe.deferred_insert.save_to_db', 'scheduled_job_type': 'i3..., method='frappe.core.doctype.scheduled_job_type.scheduled_job_type.run_scheduled_jo..., site='erpnext.localhost', user='Administrator') job in 0:00:00.676976s on worker 509d537860474bb2a312a7fc0ee82f39
2025-09-28 10:16:27,430 Users-user-Documents-resturantOS-frappe-bench:default: Job OK (erpnext.localhost||scheduled_job||i3q9qk9urk)
2025-09-28 10:16:27,430 Result is kept for 600 seconds
2025-09-28 10:16:27,440 Users-user-Documents-resturantOS-frappe-bench:default: frappe.utils.background_jobs.execute_job(event=None, is_async=True, job_name='frappe.core.doctype.scheduled_job_type.scheduled_job_type.run_scheduled_jo..., kwargs={'job_type': 'frappe.integrations.doctype.google_calendar.google_calendar.s..., method='frappe.core.doctype.scheduled_job_type.scheduled_job_type.run_scheduled_jo..., site='erpnext.localhost', user='Administrator') (erpnext.localhost||scheduled_job||i3q59sufvp)
2025-09-28 10:16:29,713 Successfully completed frappe.utils.background_jobs.execute_job(event=None, is_async=True, job_name='frappe.core.doctype.scheduled_job_type.scheduled_job_type.run_scheduled_jo..., kwargs={'job_type': 'frappe.integrations.doctype.google_calendar.google_calendar.s..., method='frappe.core.doctype.scheduled_job_type.scheduled_job_type.run_scheduled_jo..., site='erpnext.localhost', user='Administrator') job in 0:00:02.260207s on worker 509d537860474bb2a312a7fc0ee82f39
2025-09-28 10:16:29,714 Users-user-Documents-resturantOS-frappe-bench:default: Job OK (erpnext.localhost||scheduled_job||i3q59sufvp)
2025-09-28 10:16:29,714 Result is kept for 600 seconds
2025-09-28 10:16:29,726 Users-user-Documents-resturantOS-frappe-bench:default: frappe.utils.background_jobs.execute_job(event=None, is_async=True, job_name='frappe.core.doctype.scheduled_job_type.scheduled_job_type.run_scheduled_jo..., kwargs={'job_type': 'frappe.search.sqlite_search.build_index_if_not_exists', 'sche..., method='frappe.core.doctype.scheduled_job_type.scheduled_job_type.run_scheduled_jo..., site='erpnext.localhost', user='Administrator') (erpnext.localhost||scheduled_job||i3qaoemf8f)
2025-09-28 10:16:30,655 Successfully completed frappe.utils.background_jobs.execute_job(event=None, is_async=True, job_name='frappe.core.doctype.scheduled_job_type.scheduled_job_type.run_scheduled_jo..., kwargs={'job_type': 'frappe.search.sqlite_search.build_index_if_not_exists', 'sche..., method='frappe.core.doctype.scheduled_job_type.scheduled_job_type.run_scheduled_jo..., site='erpnext.localhost', user='Administrator') job in 0:00:00.913620s on worker 509d537860474bb2a312a7fc0ee82f39
2025-09-28 10:16:30,656 Users-user-Documents-resturantOS-frappe-bench:default: Job OK (erpnext.localhost||scheduled_job||i3qaoemf8f)
2025-09-28 10:16:30,656 Result is kept for 600 seconds
2025-09-28 10:16:30,670 Users-user-Documents-resturantOS-frappe-bench:default: frappe.utils.background_jobs.execute_job(event=None, is_async=True, job_name='frappe.core.doctype.scheduled_job_type.scheduled_job_type.run_scheduled_jo..., kwargs={'job_type': 'erpnext.manufacturing.doctype.bom_update_log.bom_update_log.r..., method='frappe.core.doctype.scheduled_job_type.scheduled_job_type.run_scheduled_jo..., site='erpnext.localhost', user='Administrator') (erpnext.localhost||scheduled_job||k0qn2f783c)
2025-09-28 10:16:31,551 Successfully completed frappe.utils.background_jobs.execute_job(event=None, is_async=True, job_name='frappe.core.doctype.scheduled_job_type.scheduled_job_type.run_scheduled_jo..., kwargs={'job_type': 'erpnext.manufacturing.doctype.bom_update_log.bom_update_log.r..., method='frappe.core.doctype.scheduled_job_type.scheduled_job_type.run_scheduled_jo..., site='erpnext.localhost', user='Administrator') job in 0:00:00.865288s on worker 509d537860474bb2a312a7fc0ee82f39
2025-09-28 10:16:31,551 Users-user-Documents-resturantOS-frappe-bench:default: Job OK (erpnext.localhost||scheduled_job||k0qn2f783c)
2025-09-28 10:16:31,552 Result is kept for 600 seconds
2025-09-28 10:16:31,568 Users-user-Documents-resturantOS-frappe-bench:default: frappe.utils.background_jobs.execute_job(event=None, is_async=True, job_name='frappe.core.doctype.scheduled_job_type.scheduled_job_type.run_scheduled_jo..., kwargs={'job_type': 'erpnext.projects.doctype.project.project.hourly_reminder', 's..., method='frappe.core.doctype.scheduled_job_type.scheduled_job_type.run_scheduled_jo..., site='erpnext.localhost', user='Administrator') (erpnext.localhost||scheduled_job||k0qk5j8ejs)
2025-09-28 10:16:32,924 Successfully completed frappe.utils.background_jobs.execute_job(event=None, is_async=True, job_name='frappe.core.doctype.scheduled_job_type.scheduled_job_type.run_scheduled_jo..., kwargs={'job_type': 'erpnext.projects.doctype.project.project.hourly_reminder', 's..., method='frappe.core.doctype.scheduled_job_type.scheduled_job_type.run_scheduled_jo..., site='erpnext.localhost', user='Administrator') job in 0:00:01.339853s on worker 509d537860474bb2a312a7fc0ee82f39
2025-09-28 10:16:32,925 Users-user-Documents-resturantOS-frappe-bench:default: Job OK (erpnext.localhost||scheduled_job||k0qk5j8ejs)
2025-09-28 10:16:32,926 Result is kept for 600 seconds
2025-09-28 10:16:32,942 Users-user-Documents-resturantOS-frappe-bench:default: frappe.utils.background_jobs.execute_job(event=None, is_async=True, job_name='frappe.core.doctype.scheduled_job_type.scheduled_job_type.run_scheduled_jo..., kwargs={'job_type': 'frappe.monitor.flush', 'scheduled_job_type': 'i3qnb8q0pg'}, method='frappe.core.doctype.scheduled_job_type.scheduled_job_type.run_scheduled_jo..., site='erpnext.localhost', user='Administrator') (erpnext.localhost||scheduled_job||i3qnb8q0pg)
2025-09-28 10:16:33,762 Successfully completed frappe.utils.background_jobs.execute_job(event=None, is_async=True, job_name='frappe.core.doctype.scheduled_job_type.scheduled_job_type.run_scheduled_jo..., kwargs={'job_type': 'frappe.monitor.flush', 'scheduled_job_type': 'i3qnb8q0pg'}, method='frappe.core.doctype.scheduled_job_type.scheduled_job_type.run_scheduled_jo..., site='erpnext.localhost', user='Administrator') job in 0:00:00.803143s on worker 509d537860474bb2a312a7fc0ee82f39
2025-09-28 10:16:33,763 Users-user-Documents-resturantOS-frappe-bench:default: Job OK (erpnext.localhost||scheduled_job||i3qnb8q0pg)
2025-09-28 10:16:33,763 Result is kept for 600 seconds
2025-09-28 10:16:33,773 Users-user-Documents-resturantOS-frappe-bench:default: frappe.utils.background_jobs.execute_job(event=None, is_async=True, job_name='frappe.core.doctype.scheduled_job_type.scheduled_job_type.run_scheduled_jo..., kwargs={'job_type': 'erpnext.accounts.doctype.gl_entry.gl_entry.rename_gle_sle_doc..., method='frappe.core.doctype.scheduled_job_type.scheduled_job_type.run_scheduled_jo..., site='hrms.localhost', user='Administrator') (hrms.localhost||scheduled_job||onjj7l9pne)
2025-09-28 10:16:34,778 Successfully completed frappe.utils.background_jobs.execute_job(event=None, is_async=True, job_name='frappe.core.doctype.scheduled_job_type.scheduled_job_type.run_scheduled_jo..., kwargs={'job_type': 'erpnext.accounts.doctype.gl_entry.gl_entry.rename_gle_sle_doc..., method='frappe.core.doctype.scheduled_job_type.scheduled_job_type.run_scheduled_jo..., site='hrms.localhost', user='Administrator') job in 0:00:00.989915s on worker 509d537860474bb2a312a7fc0ee82f39
2025-09-28 10:16:34,779 Users-user-Documents-resturantOS-frappe-bench:default: Job OK (hrms.localhost||scheduled_job||onjj7l9pne)
2025-09-28 10:16:34,779 Result is kept for 600 seconds
2025-09-28 10:16:34,793 Users-user-Documents-resturantOS-frappe-bench:default: frappe.utils.background_jobs.execute_job(event=None, is_async=True, job_name='frappe.core.doctype.scheduled_job_type.scheduled_job_type.run_scheduled_jo..., kwargs={'job_type': 'frappe.search.sqlite_search.build_index_if_not_exists', 'sche..., method='frappe.core.doctype.scheduled_job_type.scheduled_job_type.run_scheduled_jo..., site='hrms.localhost', user='Administrator') (hrms.localhost||scheduled_job||moaneeb4jv)
2025-09-28 10:16:35,660 Successfully completed frappe.utils.background_jobs.execute_job(event=None, is_async=True, job_name='frappe.core.doctype.scheduled_job_type.scheduled_job_type.run_scheduled_jo..., kwargs={'job_type': 'frappe.search.sqlite_search.build_index_if_not_exists', 'sche..., method='frappe.core.doctype.scheduled_job_type.scheduled_job_type.run_scheduled_jo..., site='hrms.localhost', user='Administrator') job in 0:00:00.850939s on worker 509d537860474bb2a312a7fc0ee82f39
2025-09-28 10:16:35,660 Users-user-Documents-resturantOS-frappe-bench:default: Job OK (hrms.localhost||scheduled_job||moaneeb4jv)
2025-09-28 10:16:35,661 Result is kept for 600 seconds
2025-09-28 10:16:35,671 Users-user-Documents-resturantOS-frappe-bench:default: frappe.utils.background_jobs.execute_job(event=None, is_async=True, job_name='frappe.core.doctype.scheduled_job_type.scheduled_job_type.run_scheduled_jo..., kwargs={'job_type': 'erpnext.manufacturing.doctype.bom_update_log.bom_update_log.r..., method='frappe.core.doctype.scheduled_job_type.scheduled_job_type.run_scheduled_jo..., site='hrms.localhost', user='Administrator') (hrms.localhost||scheduled_job||onj2e2o5l7)
2025-09-28 10:16:36,653 Successfully completed frappe.utils.background_jobs.execute_job(event=None, is_async=True, job_name='frappe.core.doctype.scheduled_job_type.scheduled_job_type.run_scheduled_jo..., kwargs={'job_type': 'erpnext.manufacturing.doctype.bom_update_log.bom_update_log.r..., method='frappe.core.doctype.scheduled_job_type.scheduled_job_type.run_scheduled_jo..., site='hrms.localhost', user='Administrator') job in 0:00:00.967549s on worker 509d537860474bb2a312a7fc0ee82f39
2025-09-28 10:16:36,653 Users-user-Documents-resturantOS-frappe-bench:default: Job OK (hrms.localhost||scheduled_job||onj2e2o5l7)
2025-09-28 10:16:36,654 Result is kept for 600 seconds
2025-09-28 10:16:36,665 Users-user-Documents-resturantOS-frappe-bench:default: frappe.utils.background_jobs.execute_job(event=None, is_async=True, job_name='frappe.core.doctype.scheduled_job_type.scheduled_job_type.run_scheduled_jo..., kwargs={'job_type': 'frappe.automation.doctype.reminder.reminder.send_reminders', ..., method='frappe.core.doctype.scheduled_job_type.scheduled_job_type.run_scheduled_jo..., site='hrms.localhost', user='Administrator') (hrms.localhost||scheduled_job||moajgtod6h)
2025-09-28 10:16:37,523 Successfully completed frappe.utils.background_jobs.execute_job(event=None, is_async=True, job_name='frappe.core.doctype.scheduled_job_type.scheduled_job_type.run_scheduled_jo..., kwargs={'job_type': 'frappe.automation.doctype.reminder.reminder.send_reminders', ..., method='frappe.core.doctype.scheduled_job_type.scheduled_job_type.run_scheduled_jo..., site='hrms.localhost', user='Administrator') job in 0:00:00.842700s on worker 509d537860474bb2a312a7fc0ee82f39
2025-09-28 10:16:37,524 Users-user-Documents-resturantOS-frappe-bench:default: Job OK (hrms.localhost||scheduled_job||moajgtod6h)
2025-09-28 10:16:37,524 Result is kept for 600 seconds
2025-09-28 10:16:37,536 Users-user-Documents-resturantOS-frappe-bench:default: frappe.utils.background_jobs.execute_job(event=None, is_async=True, job_name='frappe.core.doctype.scheduled_job_type.scheduled_job_type.run_scheduled_jo..., kwargs={'job_type': 'frappe.utils.global_search.sync_global_search', 'scheduled_jo..., method='frappe.core.doctype.scheduled_job_type.scheduled_job_type.run_scheduled_jo..., site='hrms.localhost', user='Administrator') (hrms.localhost||scheduled_job||moasulb44c)
2025-09-28 10:16:38,396 Successfully completed frappe.utils.background_jobs.execute_job(event=None, is_async=True, job_name='frappe.core.doctype.scheduled_job_type.scheduled_job_type.run_scheduled_jo..., kwargs={'job_type': 'frappe.utils.global_search.sync_global_search', 'scheduled_jo..., method='frappe.core.doctype.scheduled_job_type.scheduled_job_type.run_scheduled_jo..., site='hrms.localhost', user='Administrator') job in 0:00:00.845592s on worker 509d537860474bb2a312a7fc0ee82f39
2025-09-28 10:16:38,396 Users-user-Documents-resturantOS-frappe-bench:default: Job OK (hrms.localhost||scheduled_job||moasulb44c)
2025-09-28 10:16:38,397 Result is kept for 600 seconds
2025-09-28 10:16:38,409 Users-user-Documents-resturantOS-frappe-bench:default: frappe.utils.background_jobs.execute_job(event=None, is_async=True, job_name='frappe.core.doctype.scheduled_job_type.scheduled_job_type.run_scheduled_jo..., kwargs={'job_type': 'frappe.email.doctype.notification.notification.trigger_offset..., method='frappe.core.doctype.scheduled_job_type.scheduled_job_type.run_scheduled_jo..., site='hrms.localhost', user='Administrator') (hrms.localhost||scheduled_job||moa3u2rt95)
2025-09-28 10:16:39,358 Successfully completed frappe.utils.background_jobs.execute_job(event=None, is_async=True, job_name='frappe.core.doctype.scheduled_job_type.scheduled_job_type.run_scheduled_jo..., kwargs={'job_type': 'frappe.email.doctype.notification.notification.trigger_offset..., method='frappe.core.doctype.scheduled_job_type.scheduled_job_type.run_scheduled_jo..., site='hrms.localhost', user='Administrator') job in 0:00:00.930462s on worker 509d537860474bb2a312a7fc0ee82f39
2025-09-28 10:16:39,359 Users-user-Documents-resturantOS-frappe-bench:default: Job OK (hrms.localhost||scheduled_job||moa3u2rt95)
2025-09-28 10:16:39,359 Result is kept for 600 seconds
2025-09-28 10:16:39,372 Users-user-Documents-resturantOS-frappe-bench:default: frappe.utils.background_jobs.execute_job(event=None, is_async=True, job_name='frappe.core.doctype.scheduled_job_type.scheduled_job_type.run_scheduled_jo..., kwargs={'job_type': 'frappe.pulse.client.send_queued_events', 'scheduled_job_type'..., method='frappe.core.doctype.scheduled_job_type.scheduled_job_type.run_scheduled_jo..., site='hrms.localhost', user='Administrator') (hrms.localhost||scheduled_job||moast7616t)
2025-09-28 10:16:40,440 Successfully completed frappe.utils.background_jobs.execute_job(event=None, is_async=True, job_name='frappe.core.doctype.scheduled_job_type.scheduled_job_type.run_scheduled_jo..., kwargs={'job_type': 'frappe.pulse.client.send_queued_events', 'scheduled_job_type'..., method='frappe.core.doctype.scheduled_job_type.scheduled_job_type.run_scheduled_jo..., site='hrms.localhost', user='Administrator') job in 0:00:01.054126s on worker 509d537860474bb2a312a7fc0ee82f39
2025-09-28 10:16:40,440 Users-user-Documents-resturantOS-frappe-bench:default: Job OK (hrms.localhost||scheduled_job||moast7616t)
2025-09-28 10:16:40,441 Result is kept for 600 seconds
2025-09-28 10:16:40,452 Users-user-Documents-resturantOS-frappe-bench:default: frappe.utils.background_jobs.execute_job(event=None, is_async=True, job_name='frappe.core.doctype.scheduled_job_type.scheduled_job_type.run_scheduled_jo..., kwargs={'job_type': 'frappe.model.utils.link_count.update_link_count', 'scheduled_..., method='frappe.core.doctype.scheduled_job_type.scheduled_job_type.run_scheduled_jo..., site='hrms.localhost', user='Administrator') (hrms.localhost||scheduled_job||moa69d1n58)
2025-09-28 10:16:41,323 Successfully completed frappe.utils.background_jobs.execute_job(event=None, is_async=True, job_name='frappe.core.doctype.scheduled_job_type.scheduled_job_type.run_scheduled_jo..., kwargs={'job_type': 'frappe.model.utils.link_count.update_link_count', 'scheduled_..., method='frappe.core.doctype.scheduled_job_type.scheduled_job_type.run_scheduled_jo..., site='hrms.localhost', user='Administrator') job in 0:00:00.853801s on worker 509d537860474bb2a312a7fc0ee82f39
2025-09-28 10:16:41,324 Users-user-Documents-resturantOS-frappe-bench:default: Job OK (hrms.localhost||scheduled_job||moa69d1n58)
2025-09-28 10:16:41,324 Result is kept for 600 seconds
2025-09-28 10:16:41,335 Users-user-Documents-resturantOS-frappe-bench:default: frappe.utils.background_jobs.execute_job(event=None, is_async=True, job_name='frappe.core.doctype.scheduled_job_type.scheduled_job_type.run_scheduled_jo..., kwargs={'job_type': 'frappe.integrations.doctype.google_calendar.google_calendar.s..., method='frappe.core.doctype.scheduled_job_type.scheduled_job_type.run_scheduled_jo..., site='hrms.localhost', user='Administrator') (hrms.localhost||scheduled_job||moaj5vmroq)
2025-09-28 10:16:42,392 Successfully completed frappe.utils.background_jobs.execute_job(event=None, is_async=True, job_name='frappe.core.doctype.scheduled_job_type.scheduled_job_type.run_scheduled_jo..., kwargs={'job_type': 'frappe.integrations.doctype.google_calendar.google_calendar.s..., method='frappe.core.doctype.scheduled_job_type.scheduled_job_type.run_scheduled_jo..., site='hrms.localhost', user='Administrator') job in 0:00:01.043435s on worker 509d537860474bb2a312a7fc0ee82f39
2025-09-28 10:16:42,393 Users-user-Documents-resturantOS-frappe-bench:default: Job OK (hrms.localhost||scheduled_job||moaj5vmroq)
2025-09-28 10:16:42,394 Result is kept for 600 seconds
2025-09-28 10:16:42,408 Users-user-Documents-resturantOS-frappe-bench:default: frappe.utils.background_jobs.execute_job(event=None, is_async=True, job_name='frappe.core.doctype.scheduled_job_type.scheduled_job_type.run_scheduled_jo..., kwargs={'job_type': 'frappe.email.queue.flush', 'scheduled_job_type': 'moarrskqpm'..., method='frappe.core.doctype.scheduled_job_type.scheduled_job_type.run_scheduled_jo..., site='hrms.localhost', user='Administrator') (hrms.localhost||scheduled_job||moarrskqpm)
2025-09-28 10:16:43,329 Successfully completed frappe.utils.background_jobs.execute_job(event=None, is_async=True, job_name='frappe.core.doctype.scheduled_job_type.scheduled_job_type.run_scheduled_jo..., kwargs={'job_type': 'frappe.email.queue.flush', 'scheduled_job_type': 'moarrskqpm'..., method='frappe.core.doctype.scheduled_job_type.scheduled_job_type.run_scheduled_jo..., site='hrms.localhost', user='Administrator') job in 0:00:00.905755s on worker 509d537860474bb2a312a7fc0ee82f39
2025-09-28 10:16:43,330 Users-user-Documents-resturantOS-frappe-bench:default: Job OK (hrms.localhost||scheduled_job||moarrskqpm)
2025-09-28 10:16:43,330 Result is kept for 600 seconds
2025-09-28 10:16:43,342 Users-user-Documents-resturantOS-frappe-bench:default: frappe.utils.background_jobs.execute_job(event=None, is_async=True, job_name='frappe.core.doctype.scheduled_job_type.scheduled_job_type.run_scheduled_jo..., kwargs={'job_type': 'frappe.email.doctype.email_account.email_account.notify_unrep..., method='frappe.core.doctype.scheduled_job_type.scheduled_job_type.run_scheduled_jo..., site='hrms.localhost', user='Administrator') (hrms.localhost||scheduled_job||moaa3rhgb2)
2025-09-28 10:16:44,345 Successfully completed frappe.utils.background_jobs.execute_job(event=None, is_async=True, job_name='frappe.core.doctype.scheduled_job_type.scheduled_job_type.run_scheduled_jo..., kwargs={'job_type': 'frappe.email.doctype.email_account.email_account.notify_unrep..., method='frappe.core.doctype.scheduled_job_type.scheduled_job_type.run_scheduled_jo..., site='hrms.localhost', user='Administrator') job in 0:00:00.988881s on worker 509d537860474bb2a312a7fc0ee82f39
2025-09-28 10:16:44,346 Users-user-Documents-resturantOS-frappe-bench:default: Job OK (hrms.localhost||scheduled_job||moaa3rhgb2)
2025-09-28 10:16:44,347 Result is kept for 600 seconds
2025-09-28 10:16:44,358 Users-user-Documents-resturantOS-frappe-bench:default: frappe.utils.background_jobs.execute_job(event=None, is_async=True, job_name='frappe.core.doctype.scheduled_job_type.scheduled_job_type.run_scheduled_jo..., kwargs={'job_type': 'erpnext.projects.doctype.project.project.hourly_reminder', 's..., method='frappe.core.doctype.scheduled_job_type.scheduled_job_type.run_scheduled_jo..., site='hrms.localhost', user='Administrator') (hrms.localhost||scheduled_job||onjamhgo21)
2025-09-28 10:16:45,480 Successfully completed frappe.utils.background_jobs.execute_job(event=None, is_async=True, job_name='frappe.core.doctype.scheduled_job_type.scheduled_job_type.run_scheduled_jo..., kwargs={'job_type': 'erpnext.projects.doctype.project.project.hourly_reminder', 's..., method='frappe.core.doctype.scheduled_job_type.scheduled_job_type.run_scheduled_jo..., site='hrms.localhost', user='Administrator') job in 0:00:01.106052s on worker 509d537860474bb2a312a7fc0ee82f39
2025-09-28 10:16:45,480 Users-user-Documents-resturantOS-frappe-bench:default: Job OK (hrms.localhost||scheduled_job||onjamhgo21)
2025-09-28 10:16:45,481 Result is kept for 600 seconds
2025-09-28 10:16:45,492 Users-user-Documents-resturantOS-frappe-bench:default: frappe.utils.background_jobs.execute_job(event=None, is_async=True, job_name='frappe.core.doctype.scheduled_job_type.scheduled_job_type.run_scheduled_jo..., kwargs={'job_type': 'hrms.hr.doctype.daily_work_summary_group.daily_work_summary_g..., method='frappe.core.doctype.scheduled_job_type.scheduled_job_type.run_scheduled_jo..., site='hrms.localhost', user='Administrator') (hrms.localhost||scheduled_job||p39bjl85mv)
2025-09-28 10:16:46,527 Successfully completed frappe.utils.background_jobs.execute_job(event=None, is_async=True, job_name='frappe.core.doctype.scheduled_job_type.scheduled_job_type.run_scheduled_jo..., kwargs={'job_type': 'hrms.hr.doctype.daily_work_summary_group.daily_work_summary_g..., method='frappe.core.doctype.scheduled_job_type.scheduled_job_type.run_scheduled_jo..., site='hrms.localhost', user='Administrator') job in 0:00:01.020434s on worker 509d537860474bb2a312a7fc0ee82f39
2025-09-28 10:16:46,528 Users-user-Documents-resturantOS-frappe-bench:default: Job OK (hrms.localhost||scheduled_job||p39bjl85mv)
2025-09-28 10:16:46,528 Result is kept for 600 seconds
2025-09-28 10:16:46,544 Users-user-Documents-resturantOS-frappe-bench:default: frappe.utils.background_jobs.execute_job(event=None, is_async=True, job_name='frappe.core.doctype.scheduled_job_type.scheduled_job_type.run_scheduled_jo..., kwargs={'job_type': 'hrms.hr.doctype.interview.interview.send_interview_reminder',..., method='frappe.core.doctype.scheduled_job_type.scheduled_job_type.run_scheduled_jo..., site='hrms.localhost', user='Administrator') (hrms.localhost||scheduled_job||p395mfeqpe)
2025-09-28 10:16:47,590 Successfully completed frappe.utils.background_jobs.execute_job(event=None, is_async=True, job_name='frappe.core.doctype.scheduled_job_type.scheduled_job_type.run_scheduled_jo..., kwargs={'job_type': 'hrms.hr.doctype.interview.interview.send_interview_reminder',..., method='frappe.core.doctype.scheduled_job_type.scheduled_job_type.run_scheduled_jo..., site='hrms.localhost', user='Administrator') job in 0:00:01.027720s on worker 509d537860474bb2a312a7fc0ee82f39
2025-09-28 10:16:47,591 Users-user-Documents-resturantOS-frappe-bench:default: Job OK (hrms.localhost||scheduled_job||p395mfeqpe)
2025-09-28 10:16:47,591 Result is kept for 600 seconds
2025-09-28 10:16:47,605 Users-user-Documents-resturantOS-frappe-bench:default: frappe.utils.background_jobs.execute_job(event=None, is_async=True, job_name='frappe.core.doctype.scheduled_job_type.scheduled_job_type.run_scheduled_jo..., kwargs={'job_type': 'frappe.email.doctype.email_account.email_account.pull', 'sche..., method='frappe.core.doctype.scheduled_job_type.scheduled_job_type.run_scheduled_jo..., site='hrms.localhost', user='Administrator') (hrms.localhost||scheduled_job||moavp17f68)
2025-09-28 10:16:48,798 Successfully completed frappe.utils.background_jobs.execute_job(event=None, is_async=True, job_name='frappe.core.doctype.scheduled_job_type.scheduled_job_type.run_scheduled_jo..., kwargs={'job_type': 'frappe.email.doctype.email_account.email_account.pull', 'sche..., method='frappe.core.doctype.scheduled_job_type.scheduled_job_type.run_scheduled_jo..., site='hrms.localhost', user='Administrator') job in 0:00:01.175072s on worker 509d537860474bb2a312a7fc0ee82f39
2025-09-28 10:16:48,799 Users-user-Documents-resturantOS-frappe-bench:default: Job OK (hrms.localhost||scheduled_job||moavp17f68)
2025-09-28 10:16:48,799 Result is kept for 600 seconds
2025-09-28 10:16:48,814 Users-user-Documents-resturantOS-frappe-bench:default: frappe.utils.background_jobs.execute_job(event=None, is_async=True, job_name='frappe.core.doctype.scheduled_job_type.scheduled_job_type.run_scheduled_jo..., kwargs={'job_type': 'frappe.deferred_insert.save_to_db', 'scheduled_job_type': 'mo..., method='frappe.core.doctype.scheduled_job_type.scheduled_job_type.run_scheduled_jo..., site='hrms.localhost', user='Administrator') (hrms.localhost||scheduled_job||moaqk36bm8)
2025-09-28 10:16:49,887 Successfully completed frappe.utils.background_jobs.execute_job(event=None, is_async=True, job_name='frappe.core.doctype.scheduled_job_type.scheduled_job_type.run_scheduled_jo..., kwargs={'job_type': 'frappe.deferred_insert.save_to_db', 'scheduled_job_type': 'mo..., method='frappe.core.doctype.scheduled_job_type.scheduled_job_type.run_scheduled_jo..., site='hrms.localhost', user='Administrator') job in 0:00:01.057577s on worker 509d537860474bb2a312a7fc0ee82f39
2025-09-28 10:16:49,887 Users-user-Documents-resturantOS-frappe-bench:default: Job OK (hrms.localhost||scheduled_job||moaqk36bm8)
2025-09-28 10:16:49,888 Result is kept for 600 seconds
2025-09-28 10:16:49,902 Users-user-Documents-resturantOS-frappe-bench:default: frappe.utils.background_jobs.execute_job(event=None, is_async=True, job_name='frappe.core.doctype.scheduled_job_type.scheduled_job_type.run_scheduled_jo..., kwargs={'job_type': 'frappe.email.queue.retry_sending_emails', 'scheduled_job_type..., method='frappe.core.doctype.scheduled_job_type.scheduled_job_type.run_scheduled_jo..., site='hrms.localhost', user='Administrator') (hrms.localhost||scheduled_job||moa8b2rj9v)
2025-09-28 10:16:51,017 Successfully completed frappe.utils.background_jobs.execute_job(event=None, is_async=True, job_name='frappe.core.doctype.scheduled_job_type.scheduled_job_type.run_scheduled_jo..., kwargs={'job_type': 'frappe.email.queue.retry_sending_emails', 'scheduled_job_type..., method='frappe.core.doctype.scheduled_job_type.scheduled_job_type.run_scheduled_jo..., site='hrms.localhost', user='Administrator') job in 0:00:01.096679s on worker 509d537860474bb2a312a7fc0ee82f39
2025-09-28 10:16:51,019 Users-user-Documents-resturantOS-frappe-bench:default: Job OK (hrms.localhost||scheduled_job||moa8b2rj9v)
2025-09-28 10:16:51,019 Result is kept for 600 seconds
2025-09-28 10:16:51,033 Users-user-Documents-resturantOS-frappe-bench:default: frappe.utils.background_jobs.execute_job(event=None, is_async=True, job_name='frappe.core.doctype.scheduled_job_type.scheduled_job_type.run_scheduled_jo..., kwargs={'job_type': 'frappe.monitor.flush', 'scheduled_job_type': 'moa4nr1fii'}, method='frappe.core.doctype.scheduled_job_type.scheduled_job_type.run_scheduled_jo..., site='hrms.localhost', user='Administrator') (hrms.localhost||scheduled_job||moa4nr1fii)
2025-09-28 10:16:52,255 Successfully completed frappe.utils.background_jobs.execute_job(event=None, is_async=True, job_name='frappe.core.doctype.scheduled_job_type.scheduled_job_type.run_scheduled_jo..., kwargs={'job_type': 'frappe.monitor.flush', 'scheduled_job_type': 'moa4nr1fii'}, method='frappe.core.doctype.scheduled_job_type.scheduled_job_type.run_scheduled_jo..., site='hrms.localhost', user='Administrator') job in 0:00:01.197826s on worker 509d537860474bb2a312a7fc0ee82f39
2025-09-28 10:16:52,256 Users-user-Documents-resturantOS-frappe-bench:default: Job OK (hrms.localhost||scheduled_job||moa4nr1fii)
2025-09-28 10:16:52,256 Result is kept for 600 seconds
2025-09-28 10:16:52,271 Users-user-Documents-resturantOS-frappe-bench:default: frappe.utils.background_jobs.execute_job(event=None, is_async=True, job_name='frappe.core.doctype.scheduled_job_type.scheduled_job_type.run_scheduled_jo..., kwargs={'job_type': 'frappe.utils.global_search.sync_global_search', 'scheduled_jo..., method='frappe.core.doctype.scheduled_job_type.scheduled_job_type.run_scheduled_jo..., site='resturant.localhost', user='Administrator') (resturant.localhost||scheduled_job||t892q6fb7n)
2025-09-28 10:16:53,160 Successfully completed frappe.utils.background_jobs.execute_job(event=None, is_async=True, job_name='frappe.core.doctype.scheduled_job_type.scheduled_job_type.run_scheduled_jo..., kwargs={'job_type': 'frappe.utils.global_search.sync_global_search', 'scheduled_jo..., method='frappe.core.doctype.scheduled_job_type.scheduled_job_type.run_scheduled_jo..., site='resturant.localhost', user='Administrator') job in 0:00:00.875189s on worker 509d537860474bb2a312a7fc0ee82f39
2025-09-28 10:16:53,161 Users-user-Documents-resturantOS-frappe-bench:default: Job OK (resturant.localhost||scheduled_job||t892q6fb7n)
2025-09-28 10:16:53,161 Result is kept for 600 seconds
2025-09-28 10:16:53,176 Users-user-Documents-resturantOS-frappe-bench:default: frappe.utils.background_jobs.execute_job(event=None, is_async=True, job_name='frappe.core.doctype.scheduled_job_type.scheduled_job_type.run_scheduled_jo..., kwargs={'job_type': 'frappe.email.doctype.email_account.email_account.notify_unrep..., method='frappe.core.doctype.scheduled_job_type.scheduled_job_type.run_scheduled_jo..., site='resturant.localhost', user='Administrator') (resturant.localhost||scheduled_job||t899cq0gk7)
2025-09-28 10:16:54,201 Successfully completed frappe.utils.background_jobs.execute_job(event=None, is_async=True, job_name='frappe.core.doctype.scheduled_job_type.scheduled_job_type.run_scheduled_jo..., kwargs={'job_type': 'frappe.email.doctype.email_account.email_account.notify_unrep..., method='frappe.core.doctype.scheduled_job_type.scheduled_job_type.run_scheduled_jo..., site='resturant.localhost', user='Administrator') job in 0:00:01.008900s on worker 509d537860474bb2a312a7fc0ee82f39
2025-09-28 10:16:54,202 Users-user-Documents-resturantOS-frappe-bench:default: Job OK (resturant.localhost||scheduled_job||t899cq0gk7)
2025-09-28 10:16:54,202 Result is kept for 600 seconds
2025-09-28 10:16:54,216 Users-user-Documents-resturantOS-frappe-bench:default: frappe.utils.background_jobs.execute_job(event=None, is_async=True, job_name='frappe.core.doctype.scheduled_job_type.scheduled_job_type.run_scheduled_jo..., kwargs={'job_type': 'frappe.deferred_insert.save_to_db', 'scheduled_job_type': 't8..., method='frappe.core.doctype.scheduled_job_type.scheduled_job_type.run_scheduled_jo..., site='resturant.localhost', user='Administrator') (resturant.localhost||scheduled_job||t89c87mqp1)
2025-09-28 10:16:55,165 Successfully completed frappe.utils.background_jobs.execute_job(event=None, is_async=True, job_name='frappe.core.doctype.scheduled_job_type.scheduled_job_type.run_scheduled_jo..., kwargs={'job_type': 'frappe.deferred_insert.save_to_db', 'scheduled_job_type': 't8..., method='frappe.core.doctype.scheduled_job_type.scheduled_job_type.run_scheduled_jo..., site='resturant.localhost', user='Administrator') job in 0:00:00.934936s on worker 509d537860474bb2a312a7fc0ee82f39
2025-09-28 10:16:55,166 Users-user-Documents-resturantOS-frappe-bench:default: Job OK (resturant.localhost||scheduled_job||t89c87mqp1)
2025-09-28 10:16:55,166 Result is kept for 600 seconds
2025-09-28 10:16:55,176 Users-user-Documents-resturantOS-frappe-bench:default: frappe.utils.background_jobs.execute_job(event=None, is_async=True, job_name='frappe.core.doctype.scheduled_job_type.scheduled_job_type.run_scheduled_jo..., kwargs={'job_type': 'frappe.email.queue.flush', 'scheduled_job_type': 't89cjdiai5'..., method='frappe.core.doctype.scheduled_job_type.scheduled_job_type.run_scheduled_jo..., site='resturant.localhost', user='Administrator') (resturant.localhost||scheduled_job||t89cjdiai5)
2025-09-28 10:16:56,080 Successfully completed frappe.utils.background_jobs.execute_job(event=None, is_async=True, job_name='frappe.core.doctype.scheduled_job_type.scheduled_job_type.run_scheduled_jo..., kwargs={'job_type': 'frappe.email.queue.flush', 'scheduled_job_type': 't89cjdiai5'..., method='frappe.core.doctype.scheduled_job_type.scheduled_job_type.run_scheduled_jo..., site='resturant.localhost', user='Administrator') job in 0:00:00.889359s on worker 509d537860474bb2a312a7fc0ee82f39
2025-09-28 10:16:56,081 Users-user-Documents-resturantOS-frappe-bench:default: Job OK (resturant.localhost||scheduled_job||t89cjdiai5)
2025-09-28 10:16:56,081 Result is kept for 600 seconds
2025-09-28 10:16:56,092 Users-user-Documents-resturantOS-frappe-bench:default: frappe.utils.background_jobs.execute_job(event=None, is_async=True, job_name='frappe.core.doctype.scheduled_job_type.scheduled_job_type.run_scheduled_jo..., kwargs={'job_type': 'frappe.email.queue.retry_sending_emails', 'scheduled_job_type..., method='frappe.core.doctype.scheduled_job_type.scheduled_job_type.run_scheduled_jo..., site='resturant.localhost', user='Administrator') (resturant.localhost||scheduled_job||t898d96467)
2025-09-28 10:16:56,961 Successfully completed frappe.utils.background_jobs.execute_job(event=None, is_async=True, job_name='frappe.core.doctype.scheduled_job_type.scheduled_job_type.run_scheduled_jo..., kwargs={'job_type': 'frappe.email.queue.retry_sending_emails', 'scheduled_job_type..., method='frappe.core.doctype.scheduled_job_type.scheduled_job_type.run_scheduled_jo..., site='resturant.localhost', user='Administrator') job in 0:00:00.854416s on worker 509d537860474bb2a312a7fc0ee82f39
2025-09-28 10:16:56,962 Users-user-Documents-resturantOS-frappe-bench:default: Job OK (resturant.localhost||scheduled_job||t898d96467)
2025-09-28 10:16:56,962 Result is kept for 600 seconds
2025-09-28 10:16:56,973 Users-user-Documents-resturantOS-frappe-bench:default: frappe.utils.background_jobs.execute_job(event=None, is_async=True, job_name='frappe.core.doctype.scheduled_job_type.scheduled_job_type.run_scheduled_jo..., kwargs={'job_type': 'frappe.integrations.doctype.google_calendar.google_calendar.s..., method='frappe.core.doctype.scheduled_job_type.scheduled_job_type.run_scheduled_jo..., site='resturant.localhost', user='Administrator') (resturant.localhost||scheduled_job||t89didi78e)
2025-09-28 10:16:57,985 Successfully completed frappe.utils.background_jobs.execute_job(event=None, is_async=True, job_name='frappe.core.doctype.scheduled_job_type.scheduled_job_type.run_scheduled_jo..., kwargs={'job_type': 'frappe.integrations.doctype.google_calendar.google_calendar.s..., method='frappe.core.doctype.scheduled_job_type.scheduled_job_type.run_scheduled_jo..., site='resturant.localhost', user='Administrator') job in 0:00:00.997804s on worker 509d537860474bb2a312a7fc0ee82f39
2025-09-28 10:16:57,986 Users-user-Documents-resturantOS-frappe-bench:default: Job OK (resturant.localhost||scheduled_job||t89didi78e)
2025-09-28 10:16:57,986 Result is kept for 600 seconds
2025-09-28 10:16:57,997 Users-user-Documents-resturantOS-frappe-bench:default: frappe.utils.background_jobs.execute_job(event=None, is_async=True, job_name='frappe.core.doctype.scheduled_job_type.scheduled_job_type.run_scheduled_jo..., kwargs={'job_type': 'frappe.monitor.flush', 'scheduled_job_type': 't89s0d7svi'}, method='frappe.core.doctype.scheduled_job_type.scheduled_job_type.run_scheduled_jo..., site='resturant.localhost', user='Administrator') (resturant.localhost||scheduled_job||t89s0d7svi)
2025-09-28 10:16:58,802 Successfully completed frappe.utils.background_jobs.execute_job(event=None, is_async=True, job_name='frappe.core.doctype.scheduled_job_type.scheduled_job_type.run_scheduled_jo..., kwargs={'job_type': 'frappe.monitor.flush', 'scheduled_job_type': 't89s0d7svi'}, method='frappe.core.doctype.scheduled_job_type.scheduled_job_type.run_scheduled_jo..., site='resturant.localhost', user='Administrator') job in 0:00:00.790977s on worker 509d537860474bb2a312a7fc0ee82f39
2025-09-28 10:16:58,802 Users-user-Documents-resturantOS-frappe-bench:default: Job OK (resturant.localhost||scheduled_job||t89s0d7svi)
2025-09-28 10:16:58,802 Result is kept for 600 seconds
2025-09-28 10:16:58,813 Users-user-Documents-resturantOS-frappe-bench:default: frappe.utils.background_jobs.execute_job(event=None, is_async=True, job_name='frappe.core.doctype.scheduled_job_type.scheduled_job_type.run_scheduled_jo..., kwargs={'job_type': 'frappe.email.doctype.notification.notification.trigger_offset..., method='frappe.core.doctype.scheduled_job_type.scheduled_job_type.run_scheduled_jo..., site='resturant.localhost', user='Administrator') (resturant.localhost||scheduled_job||t892j3i7ae)
2025-09-28 10:16:59,622 Successfully completed frappe.utils.background_jobs.execute_job(event=None, is_async=True, job_name='frappe.core.doctype.scheduled_job_type.scheduled_job_type.run_scheduled_jo..., kwargs={'job_type': 'frappe.email.doctype.notification.notification.trigger_offset..., method='frappe.core.doctype.scheduled_job_type.scheduled_job_type.run_scheduled_jo..., site='resturant.localhost', user='Administrator') job in 0:00:00.793692s on worker 509d537860474bb2a312a7fc0ee82f39
2025-09-28 10:16:59,623 Users-user-Documents-resturantOS-frappe-bench:default: Job OK (resturant.localhost||scheduled_job||t892j3i7ae)
2025-09-28 10:16:59,623 Result is kept for 600 seconds
2025-09-28 10:16:59,637 Users-user-Documents-resturantOS-frappe-bench:default: frappe.utils.background_jobs.execute_job(event=None, is_async=True, job_name='frappe.core.doctype.scheduled_job_type.scheduled_job_type.run_scheduled_jo..., kwargs={'job_type': 'frappe.email.doctype.email_account.email_account.pull', 'sche..., method='frappe.core.doctype.scheduled_job_type.scheduled_job_type.run_scheduled_jo..., site='resturant.localhost', user='Administrator') (resturant.localhost||scheduled_job||t89ngbj81r)
2025-09-28 10:17:00,519 Successfully completed frappe.utils.background_jobs.execute_job(event=None, is_async=True, job_name='frappe.core.doctype.scheduled_job_type.scheduled_job_type.run_scheduled_jo..., kwargs={'job_type': 'frappe.email.doctype.email_account.email_account.pull', 'sche..., method='frappe.core.doctype.scheduled_job_type.scheduled_job_type.run_scheduled_jo..., site='resturant.localhost', user='Administrator') job in 0:00:00.864103s on worker 509d537860474bb2a312a7fc0ee82f39
2025-09-28 10:17:00,520 Users-user-Documents-resturantOS-frappe-bench:default: Job OK (resturant.localhost||scheduled_job||t89ngbj81r)
2025-09-28 10:17:00,520 Result is kept for 600 seconds
2025-09-28 10:17:00,532 Users-user-Documents-resturantOS-frappe-bench:default: frappe.utils.background_jobs.execute_job(event=None, is_async=True, job_name='frappe.core.doctype.scheduled_job_type.scheduled_job_type.run_scheduled_jo..., kwargs={'job_type': 'frappe.automation.doctype.reminder.reminder.send_reminders', ..., method='frappe.core.doctype.scheduled_job_type.scheduled_job_type.run_scheduled_jo..., site='resturant.localhost', user='Administrator') (resturant.localhost||scheduled_job||t89nlhnofd)
2025-09-28 10:17:01,744 Successfully completed frappe.utils.background_jobs.execute_job(event=None, is_async=True, job_name='frappe.core.doctype.scheduled_job_type.scheduled_job_type.run_scheduled_jo..., kwargs={'job_type': 'frappe.automation.doctype.reminder.reminder.send_reminders', ..., method='frappe.core.doctype.scheduled_job_type.scheduled_job_type.run_scheduled_jo..., site='resturant.localhost', user='Administrator') job in 0:00:01.195224s on worker 509d537860474bb2a312a7fc0ee82f39
2025-09-28 10:17:01,745 Users-user-Documents-resturantOS-frappe-bench:default: Job OK (resturant.localhost||scheduled_job||t89nlhnofd)
2025-09-28 10:17:01,745 Result is kept for 600 seconds
2025-09-28 10:17:01,757 Users-user-Documents-resturantOS-frappe-bench:default: frappe.utils.background_jobs.execute_job(event=None, is_async=True, job_name='frappe.core.doctype.scheduled_job_type.scheduled_job_type.run_scheduled_jo..., kwargs={'job_type': 'frappe.model.utils.link_count.update_link_count', 'scheduled_..., method='frappe.core.doctype.scheduled_job_type.scheduled_job_type.run_scheduled_jo..., site='resturant.localhost', user='Administrator') (resturant.localhost||scheduled_job||t89vc95mc3)
2025-09-28 10:17:02,559 Successfully completed frappe.utils.background_jobs.execute_job(event=None, is_async=True, job_name='frappe.core.doctype.scheduled_job_type.scheduled_job_type.run_scheduled_jo..., kwargs={'job_type': 'frappe.model.utils.link_count.update_link_count', 'scheduled_..., method='frappe.core.doctype.scheduled_job_type.scheduled_job_type.run_scheduled_jo..., site='resturant.localhost', user='Administrator') job in 0:00:00.788921s on worker 509d537860474bb2a312a7fc0ee82f39
2025-09-28 10:17:02,560 Users-user-Documents-resturantOS-frappe-bench:default: Job OK (resturant.localhost||scheduled_job||t89vc95mc3)
2025-09-28 10:17:02,561 Result is kept for 600 seconds
2025-09-28 10:17:02,576 Users-user-Documents-resturantOS-frappe-bench:default: frappe.utils.background_jobs.execute_job(event=None, is_async=True, job_name='frappe.core.doctype.scheduled_job_type.scheduled_job_type.run_scheduled_jo..., kwargs={'job_type': 'frappe.pulse.client.send_queued_events', 'scheduled_job_type'..., method='frappe.core.doctype.scheduled_job_type.scheduled_job_type.run_scheduled_jo..., site='resturant.localhost', user='Administrator') (resturant.localhost||scheduled_job||t89m5nii7s)
2025-09-28 10:17:03,368 Successfully completed frappe.utils.background_jobs.execute_job(event=None, is_async=True, job_name='frappe.core.doctype.scheduled_job_type.scheduled_job_type.run_scheduled_jo..., kwargs={'job_type': 'frappe.pulse.client.send_queued_events', 'scheduled_job_type'..., method='frappe.core.doctype.scheduled_job_type.scheduled_job_type.run_scheduled_jo..., site='resturant.localhost', user='Administrator') job in 0:00:00.773002s on worker 509d537860474bb2a312a7fc0ee82f39
2025-09-28 10:17:03,369 Users-user-Documents-resturantOS-frappe-bench:default: Job OK (resturant.localhost||scheduled_job||t89m5nii7s)
2025-09-28 10:17:03,369 Result is kept for 600 seconds
2025-09-28 10:17:03,380 Users-user-Documents-resturantOS-frappe-bench:default: frappe.utils.background_jobs.execute_job(event=None, is_async=True, job_name='frappe.core.doctype.scheduled_job_type.scheduled_job_type.run_scheduled_jo..., kwargs={'job_type': 'frappe.search.sqlite_search.build_index_if_not_exists', 'sche..., method='frappe.core.doctype.scheduled_job_type.scheduled_job_type.run_scheduled_jo..., site='resturant.localhost', user='Administrator') (resturant.localhost||scheduled_job||t89man012t)
2025-09-28 10:17:04,380 Successfully completed frappe.utils.background_jobs.execute_job(event=None, is_async=True, job_name='frappe.core.doctype.scheduled_job_type.scheduled_job_type.run_scheduled_jo..., kwargs={'job_type': 'frappe.search.sqlite_search.build_index_if_not_exists', 'sche..., method='frappe.core.doctype.scheduled_job_type.scheduled_job_type.run_scheduled_jo..., site='resturant.localhost', user='Administrator') job in 0:00:00.986445s on worker 509d537860474bb2a312a7fc0ee82f39
2025-09-28 10:17:04,381 Users-user-Documents-resturantOS-frappe-bench:default: Job OK (resturant.localhost||scheduled_job||t89man012t)
2025-09-28 10:17:04,381 Result is kept for 600 seconds
2025-09-28 10:17:04,392 Users-user-Documents-resturantOS-frappe-bench:default: frappe.utils.background_jobs.execute_job(event=None, is_async=True, job_name='frappe.core.doctype.scheduled_job_type.scheduled_job_type.run_scheduled_jo..., kwargs={'job_type': 'frappe.email.queue.flush', 'scheduled_job_type': 'rfau6l5hgd'..., method='frappe.core.doctype.scheduled_job_type.scheduled_job_type.run_scheduled_jo..., site='education.localhost', user='Administrator') (education.localhost||scheduled_job||rfau6l5hgd)
2025-09-28 10:17:05,544 Successfully completed frappe.utils.background_jobs.execute_job(event=None, is_async=True, job_name='frappe.core.doctype.scheduled_job_type.scheduled_job_type.run_scheduled_jo..., kwargs={'job_type': 'frappe.email.queue.flush', 'scheduled_job_type': 'rfau6l5hgd'..., method='frappe.core.doctype.scheduled_job_type.scheduled_job_type.run_scheduled_jo..., site='education.localhost', user='Administrator') job in 0:00:01.137315s on worker 509d537860474bb2a312a7fc0ee82f39
2025-09-28 10:17:05,544 Users-user-Documents-resturantOS-frappe-bench:default: Job OK (education.localhost||scheduled_job||rfau6l5hgd)
2025-09-28 10:17:05,545 Result is kept for 600 seconds
2025-09-28 10:17:05,560 Users-user-Documents-resturantOS-frappe-bench:default: frappe.utils.background_jobs.execute_job(event=None, is_async=True, job_name='frappe.core.doctype.scheduled_job_type.scheduled_job_type.run_scheduled_jo..., kwargs={'job_type': 'frappe.integrations.doctype.google_calendar.google_calendar.s..., method='frappe.core.doctype.scheduled_job_type.scheduled_job_type.run_scheduled_jo..., site='education.localhost', user='Administrator') (education.localhost||scheduled_job||rfadu7l5ur)
2025-09-28 10:17:06,543 Successfully completed frappe.utils.background_jobs.execute_job(event=None, is_async=True, job_name='frappe.core.doctype.scheduled_job_type.scheduled_job_type.run_scheduled_jo..., kwargs={'job_type': 'frappe.integrations.doctype.google_calendar.google_calendar.s..., method='frappe.core.doctype.scheduled_job_type.scheduled_job_type.run_scheduled_jo..., site='education.localhost', user='Administrator') job in 0:00:00.964632s on worker 509d537860474bb2a312a7fc0ee82f39
2025-09-28 10:17:06,544 Users-user-Documents-resturantOS-frappe-bench:default: Job OK (education.localhost||scheduled_job||rfadu7l5ur)
2025-09-28 10:17:06,544 Result is kept for 600 seconds
2025-09-28 10:17:06,562 Users-user-Documents-resturantOS-frappe-bench:default: frappe.utils.background_jobs.execute_job(event=None, is_async=True, job_name='frappe.core.doctype.scheduled_job_type.scheduled_job_type.run_scheduled_jo..., kwargs={'job_type': 'frappe.email.doctype.notification.notification.trigger_offset..., method='frappe.core.doctype.scheduled_job_type.scheduled_job_type.run_scheduled_jo..., site='education.localhost', user='Administrator') (education.localhost||scheduled_job||rfae444qht)
2025-09-28 10:17:07,343 Successfully completed frappe.utils.background_jobs.execute_job(event=None, is_async=True, job_name='frappe.core.doctype.scheduled_job_type.scheduled_job_type.run_scheduled_jo..., kwargs={'job_type': 'frappe.email.doctype.notification.notification.trigger_offset..., method='frappe.core.doctype.scheduled_job_type.scheduled_job_type.run_scheduled_jo..., site='education.localhost', user='Administrator') job in 0:00:00.766621s on worker 509d537860474bb2a312a7fc0ee82f39
2025-09-28 10:17:07,344 Users-user-Documents-resturantOS-frappe-bench:default: Job OK (education.localhost||scheduled_job||rfae444qht)
2025-09-28 10:17:07,344 Result is kept for 600 seconds
2025-09-28 10:17:07,357 Users-user-Documents-resturantOS-frappe-bench:default: frappe.utils.background_jobs.execute_job(event=None, is_async=True, job_name='frappe.core.doctype.scheduled_job_type.scheduled_job_type.run_scheduled_jo..., kwargs={'job_type': 'frappe.automation.doctype.reminder.reminder.send_reminders', ..., method='frappe.core.doctype.scheduled_job_type.scheduled_job_type.run_scheduled_jo..., site='education.localhost', user='Administrator') (education.localhost||scheduled_job||rfa9eb2i4i)
2025-09-28 10:17:08,239 Successfully completed frappe.utils.background_jobs.execute_job(event=None, is_async=True, job_name='frappe.core.doctype.scheduled_job_type.scheduled_job_type.run_scheduled_jo..., kwargs={'job_type': 'frappe.automation.doctype.reminder.reminder.send_reminders', ..., method='frappe.core.doctype.scheduled_job_type.scheduled_job_type.run_scheduled_jo..., site='education.localhost', user='Administrator') job in 0:00:00.869405s on worker 509d537860474bb2a312a7fc0ee82f39
2025-09-28 10:17:08,240 Users-user-Documents-resturantOS-frappe-bench:default: Job OK (education.localhost||scheduled_job||rfa9eb2i4i)
2025-09-28 10:17:08,240 Result is kept for 600 seconds
2025-09-28 10:17:08,251 Users-user-Documents-resturantOS-frappe-bench:default: frappe.utils.background_jobs.execute_job(event=None, is_async=True, job_name='frappe.core.doctype.scheduled_job_type.scheduled_job_type.run_scheduled_jo..., kwargs={'job_type': 'frappe.monitor.flush', 'scheduled_job_type': 'rfabac2214'}, method='frappe.core.doctype.scheduled_job_type.scheduled_job_type.run_scheduled_jo..., site='education.localhost', user='Administrator') (education.localhost||scheduled_job||rfabac2214)
2025-09-28 10:17:09,134 Successfully completed frappe.utils.background_jobs.execute_job(event=None, is_async=True, job_name='frappe.core.doctype.scheduled_job_type.scheduled_job_type.run_scheduled_jo..., kwargs={'job_type': 'frappe.monitor.flush', 'scheduled_job_type': 'rfabac2214'}, method='frappe.core.doctype.scheduled_job_type.scheduled_job_type.run_scheduled_jo..., site='education.localhost', user='Administrator') job in 0:00:00.868971s on worker 509d537860474bb2a312a7fc0ee82f39
2025-09-28 10:17:09,134 Users-user-Documents-resturantOS-frappe-bench:default: Job OK (education.localhost||scheduled_job||rfabac2214)
2025-09-28 10:17:09,135 Result is kept for 600 seconds
2025-09-28 10:17:09,146 Users-user-Documents-resturantOS-frappe-bench:default: frappe.utils.background_jobs.execute_job(event=None, is_async=True, job_name='frappe.core.doctype.scheduled_job_type.scheduled_job_type.run_scheduled_jo..., kwargs={'job_type': 'erpnext.manufacturing.doctype.bom_update_log.bom_update_log.r..., method='frappe.core.doctype.scheduled_job_type.scheduled_job_type.run_scheduled_jo..., site='education.localhost', user='Administrator') (education.localhost||scheduled_job||skvnic3m8o)
2025-09-28 10:17:09,987 Successfully completed frappe.utils.background_jobs.execute_job(event=None, is_async=True, job_name='frappe.core.doctype.scheduled_job_type.scheduled_job_type.run_scheduled_jo..., kwargs={'job_type': 'erpnext.manufacturing.doctype.bom_update_log.bom_update_log.r..., method='frappe.core.doctype.scheduled_job_type.scheduled_job_type.run_scheduled_jo..., site='education.localhost', user='Administrator') job in 0:00:00.826827s on worker 509d537860474bb2a312a7fc0ee82f39
2025-09-28 10:17:09,988 Users-user-Documents-resturantOS-frappe-bench:default: Job OK (education.localhost||scheduled_job||skvnic3m8o)
2025-09-28 10:17:09,988 Result is kept for 600 seconds
2025-09-28 10:17:09,998 Users-user-Documents-resturantOS-frappe-bench:default: frappe.utils.background_jobs.execute_job(event=None, is_async=True, job_name='frappe.core.doctype.scheduled_job_type.scheduled_job_type.run_scheduled_jo..., kwargs={'job_type': 'erpnext.accounts.doctype.gl_entry.gl_entry.rename_gle_sle_doc..., method='frappe.core.doctype.scheduled_job_type.scheduled_job_type.run_scheduled_jo..., site='education.localhost', user='Administrator') (education.localhost||scheduled_job||skvlrfqrr8)
2025-09-28 10:17:10,968 Successfully completed frappe.utils.background_jobs.execute_job(event=None, is_async=True, job_name='frappe.core.doctype.scheduled_job_type.scheduled_job_type.run_scheduled_jo..., kwargs={'job_type': 'erpnext.accounts.doctype.gl_entry.gl_entry.rename_gle_sle_doc..., method='frappe.core.doctype.scheduled_job_type.scheduled_job_type.run_scheduled_jo..., site='education.localhost', user='Administrator') job in 0:00:00.956697s on worker 509d537860474bb2a312a7fc0ee82f39
2025-09-28 10:17:10,969 Users-user-Documents-resturantOS-frappe-bench:default: Job OK (education.localhost||scheduled_job||skvlrfqrr8)
2025-09-28 10:17:10,969 Result is kept for 600 seconds
2025-09-28 10:17:10,980 Users-user-Documents-resturantOS-frappe-bench:default: frappe.utils.background_jobs.execute_job(event=None, is_async=True, job_name='frappe.core.doctype.scheduled_job_type.scheduled_job_type.run_scheduled_jo..., kwargs={'job_type': 'frappe.search.sqlite_search.build_index_if_not_exists', 'sche..., method='frappe.core.doctype.scheduled_job_type.scheduled_job_type.run_scheduled_jo..., site='education.localhost', user='Administrator') (education.localhost||scheduled_job||rfa1tu0mqt)
2025-09-28 10:17:11,788 Successfully completed frappe.utils.background_jobs.execute_job(event=None, is_async=True, job_name='frappe.core.doctype.scheduled_job_type.scheduled_job_type.run_scheduled_jo..., kwargs={'job_type': 'frappe.search.sqlite_search.build_index_if_not_exists', 'sche..., method='frappe.core.doctype.scheduled_job_type.scheduled_job_type.run_scheduled_jo..., site='education.localhost', user='Administrator') job in 0:00:00.793699s on worker 509d537860474bb2a312a7fc0ee82f39
2025-09-28 10:17:11,788 Users-user-Documents-resturantOS-frappe-bench:default: Job OK (education.localhost||scheduled_job||rfa1tu0mqt)
2025-09-28 10:17:11,789 Result is kept for 600 seconds
2025-09-28 10:17:11,799 Users-user-Documents-resturantOS-frappe-bench:default: frappe.utils.background_jobs.execute_job(event=None, is_async=True, job_name='frappe.core.doctype.scheduled_job_type.scheduled_job_type.run_scheduled_jo..., kwargs={'job_type': 'frappe.model.utils.link_count.update_link_count', 'scheduled_..., method='frappe.core.doctype.scheduled_job_type.scheduled_job_type.run_scheduled_jo..., site='education.localhost', user='Administrator') (education.localhost||scheduled_job||rfa3qh966d)
2025-09-28 10:17:12,490 Successfully completed frappe.utils.background_jobs.execute_job(event=None, is_async=True, job_name='frappe.core.doctype.scheduled_job_type.scheduled_job_type.run_scheduled_jo..., kwargs={'job_type': 'frappe.model.utils.link_count.update_link_count', 'scheduled_..., method='frappe.core.doctype.scheduled_job_type.scheduled_job_type.run_scheduled_jo..., site='education.localhost', user='Administrator') job in 0:00:00.678018s on worker 509d537860474bb2a312a7fc0ee82f39
2025-09-28 10:17:12,491 Users-user-Documents-resturantOS-frappe-bench:default: Job OK (education.localhost||scheduled_job||rfa3qh966d)
2025-09-28 10:17:12,491 Result is kept for 600 seconds
2025-09-28 10:17:12,503 Users-user-Documents-resturantOS-frappe-bench:default: frappe.utils.background_jobs.execute_job(event=None, is_async=True, job_name='frappe.core.doctype.scheduled_job_type.scheduled_job_type.run_scheduled_jo..., kwargs={'job_type': 'frappe.deferred_insert.save_to_db', 'scheduled_job_type': 'rf..., method='frappe.core.doctype.scheduled_job_type.scheduled_job_type.run_scheduled_jo..., site='education.localhost', user='Administrator') (education.localhost||scheduled_job||rfa34ecmg6)
2025-09-28 10:17:13,387 Successfully completed frappe.utils.background_jobs.execute_job(event=None, is_async=True, job_name='frappe.core.doctype.scheduled_job_type.scheduled_job_type.run_scheduled_jo..., kwargs={'job_type': 'frappe.deferred_insert.save_to_db', 'scheduled_job_type': 'rf..., method='frappe.core.doctype.scheduled_job_type.scheduled_job_type.run_scheduled_jo..., site='education.localhost', user='Administrator') job in 0:00:00.869918s on worker 509d537860474bb2a312a7fc0ee82f39
2025-09-28 10:17:13,388 Users-user-Documents-resturantOS-frappe-bench:default: Job OK (education.localhost||scheduled_job||rfa34ecmg6)
2025-09-28 10:17:13,388 Result is kept for 600 seconds
2025-09-28 10:17:13,399 Users-user-Documents-resturantOS-frappe-bench:default: frappe.utils.background_jobs.execute_job(event=None, is_async=True, job_name='frappe.core.doctype.scheduled_job_type.scheduled_job_type.run_scheduled_jo..., kwargs={'job_type': 'frappe.utils.global_search.sync_global_search', 'scheduled_jo..., method='frappe.core.doctype.scheduled_job_type.scheduled_job_type.run_scheduled_jo..., site='education.localhost', user='Administrator') (education.localhost||scheduled_job||rfatdqei4v)
2025-09-28 10:17:14,222 Successfully completed frappe.utils.background_jobs.execute_job(event=None, is_async=True, job_name='frappe.core.doctype.scheduled_job_type.scheduled_job_type.run_scheduled_jo..., kwargs={'job_type': 'frappe.utils.global_search.sync_global_search', 'scheduled_jo..., method='frappe.core.doctype.scheduled_job_type.scheduled_job_type.run_scheduled_jo..., site='education.localhost', user='Administrator') job in 0:00:00.808170s on worker 509d537860474bb2a312a7fc0ee82f39
2025-09-28 10:17:14,222 Users-user-Documents-resturantOS-frappe-bench:default: Job OK (education.localhost||scheduled_job||rfatdqei4v)
2025-09-28 10:17:14,223 Result is kept for 600 seconds
2025-09-28 10:17:14,233 Users-user-Documents-resturantOS-frappe-bench:default: frappe.utils.background_jobs.execute_job(event=None, is_async=True, job_name='frappe.core.doctype.scheduled_job_type.scheduled_job_type.run_scheduled_jo..., kwargs={'job_type': 'frappe.email.doctype.email_account.email_account.pull', 'sche..., method='frappe.core.doctype.scheduled_job_type.scheduled_job_type.run_scheduled_jo..., site='education.localhost', user='Administrator') (education.localhost||scheduled_job||rfaalv5h8m)
2025-09-28 10:17:15,036 Successfully completed frappe.utils.background_jobs.execute_job(event=None, is_async=True, job_name='frappe.core.doctype.scheduled_job_type.scheduled_job_type.run_scheduled_jo..., kwargs={'job_type': 'frappe.email.doctype.email_account.email_account.pull', 'sche..., method='frappe.core.doctype.scheduled_job_type.scheduled_job_type.run_scheduled_jo..., site='education.localhost', user='Administrator') job in 0:00:00.788627s on worker 509d537860474bb2a312a7fc0ee82f39
2025-09-28 10:17:15,036 Users-user-Documents-resturantOS-frappe-bench:default: Job OK (education.localhost||scheduled_job||rfaalv5h8m)
2025-09-28 10:17:15,036 Result is kept for 600 seconds
2025-09-28 10:17:15,048 Users-user-Documents-resturantOS-frappe-bench:default: frappe.utils.background_jobs.execute_job(event=None, is_async=True, job_name='frappe.core.doctype.scheduled_job_type.scheduled_job_type.run_scheduled_jo..., kwargs={'job_type': 'frappe.email.queue.retry_sending_emails', 'scheduled_job_type..., method='frappe.core.doctype.scheduled_job_type.scheduled_job_type.run_scheduled_jo..., site='education.localhost', user='Administrator') (education.localhost||scheduled_job||rfa4ssl812)
2025-09-28 10:17:15,854 Successfully completed frappe.utils.background_jobs.execute_job(event=None, is_async=True, job_name='frappe.core.doctype.scheduled_job_type.scheduled_job_type.run_scheduled_jo..., kwargs={'job_type': 'frappe.email.queue.retry_sending_emails', 'scheduled_job_type..., method='frappe.core.doctype.scheduled_job_type.scheduled_job_type.run_scheduled_jo..., site='education.localhost', user='Administrator') job in 0:00:00.791663s on worker 509d537860474bb2a312a7fc0ee82f39
2025-09-28 10:17:15,854 Users-user-Documents-resturantOS-frappe-bench:default: Job OK (education.localhost||scheduled_job||rfa4ssl812)
2025-09-28 10:17:15,854 Result is kept for 600 seconds
2025-09-28 10:17:15,866 Users-user-Documents-resturantOS-frappe-bench:default: frappe.utils.background_jobs.execute_job(event=None, is_async=True, job_name='frappe.core.doctype.scheduled_job_type.scheduled_job_type.run_scheduled_jo..., kwargs={'job_type': 'frappe.email.doctype.email_account.email_account.notify_unrep..., method='frappe.core.doctype.scheduled_job_type.scheduled_job_type.run_scheduled_jo..., site='education.localhost', user='Administrator') (education.localhost||scheduled_job||rfapacoffu)
2025-09-28 10:17:16,865 Successfully completed frappe.utils.background_jobs.execute_job(event=None, is_async=True, job_name='frappe.core.doctype.scheduled_job_type.scheduled_job_type.run_scheduled_jo..., kwargs={'job_type': 'frappe.email.doctype.email_account.email_account.notify_unrep..., method='frappe.core.doctype.scheduled_job_type.scheduled_job_type.run_scheduled_jo..., site='education.localhost', user='Administrator') job in 0:00:00.984666s on worker 509d537860474bb2a312a7fc0ee82f39
2025-09-28 10:17:16,866 Users-user-Documents-resturantOS-frappe-bench:default: Job OK (education.localhost||scheduled_job||rfapacoffu)
2025-09-28 10:17:16,866 Result is kept for 600 seconds
2025-09-28 10:17:16,880 Users-user-Documents-resturantOS-frappe-bench:default: frappe.utils.background_jobs.execute_job(event=None, is_async=True, job_name='frappe.core.doctype.scheduled_job_type.scheduled_job_type.run_scheduled_jo..., kwargs={'job_type': 'erpnext.projects.doctype.project.project.hourly_reminder', 's..., method='frappe.core.doctype.scheduled_job_type.scheduled_job_type.run_scheduled_jo..., site='education.localhost', user='Administrator') (education.localhost||scheduled_job||skve2n6h3e)
2025-09-28 10:17:17,798 Successfully completed frappe.utils.background_jobs.execute_job(event=None, is_async=True, job_name='frappe.core.doctype.scheduled_job_type.scheduled_job_type.run_scheduled_jo..., kwargs={'job_type': 'erpnext.projects.doctype.project.project.hourly_reminder', 's..., method='frappe.core.doctype.scheduled_job_type.scheduled_job_type.run_scheduled_jo..., site='education.localhost', user='Administrator') job in 0:00:00.903175s on worker 509d537860474bb2a312a7fc0ee82f39
2025-09-28 10:17:17,799 Users-user-Documents-resturantOS-frappe-bench:default: Job OK (education.localhost||scheduled_job||skve2n6h3e)
2025-09-28 10:17:17,799 Result is kept for 600 seconds
2025-09-28 10:17:17,810 Users-user-Documents-resturantOS-frappe-bench:default: frappe.utils.background_jobs.execute_job(event=None, is_async=True, job_name='frappe.core.doctype.scheduled_job_type.scheduled_job_type.run_scheduled_jo..., kwargs={'job_type': 'frappe.pulse.client.send_queued_events', 'scheduled_job_type'..., method='frappe.core.doctype.scheduled_job_type.scheduled_job_type.run_scheduled_jo..., site='education.localhost', user='Administrator') (education.localhost||scheduled_job||rfab1lgkhq)
2025-09-28 10:17:18,605 Successfully completed frappe.utils.background_jobs.execute_job(event=None, is_async=True, job_name='frappe.core.doctype.scheduled_job_type.scheduled_job_type.run_scheduled_jo..., kwargs={'job_type': 'frappe.pulse.client.send_queued_events', 'scheduled_job_type'..., method='frappe.core.doctype.scheduled_job_type.scheduled_job_type.run_scheduled_jo..., site='education.localhost', user='Administrator') job in 0:00:00.781309s on worker 509d537860474bb2a312a7fc0ee82f39
2025-09-28 10:17:18,606 Users-user-Documents-resturantOS-frappe-bench:default: Job OK (education.localhost||scheduled_job||rfab1lgkhq)
2025-09-28 10:17:18,606 Result is kept for 600 seconds
2025-09-28 10:17:18,617 Users-user-Documents-resturantOS-frappe-bench:default: frappe.utils.background_jobs.execute_job(event=None, is_async=True, job_name='frappe.core.doctype.user.user.create_contact', kwargs={'user': <User: doctype=User daregoodness@gmail.com>, 'ignore_mandatory': T..., method='frappe.core.doctype.user.user.create_contact', site='education.localhost', user='Administrator') (education.localhost||9e0bde85-96cb-4cbf-bcf8-eb081df5eab3)
2025-09-28 10:17:20,607 Successfully completed frappe.utils.background_jobs.execute_job(event=None, is_async=True, job_name='frappe.core.doctype.user.user.create_contact', kwargs={'user': <User: doctype=User daregoodness@gmail.com>, 'ignore_mandatory': T..., method='frappe.core.doctype.user.user.create_contact', site='education.localhost', user='Administrator') job in 0:00:01.915462s on worker 509d537860474bb2a312a7fc0ee82f39
2025-09-28 10:17:20,608 Users-user-Documents-resturantOS-frappe-bench:default: Job OK (education.localhost||9e0bde85-96cb-4cbf-bcf8-eb081df5eab3)
2025-09-28 10:17:20,608 Result is kept for 600 seconds
2025-09-28 10:17:20,621 Users-user-Documents-resturantOS-frappe-bench:default: frappe.utils.background_jobs.execute_job(event=None, is_async=True, job_name='frappe.core.doctype.user.user.update_gravatar', kwargs={'name': 'daregoodness@gmail.com'}, method='frappe.core.doctype.user.user.update_gravatar', site='education.localhost', user='Administrator') (education.localhost||43fa9e87-df88-4f3a-bcfd-b37e63e369a3)
2025-09-28 10:17:22,015 Successfully completed frappe.utils.background_jobs.execute_job(event=None, is_async=True, job_name='frappe.core.doctype.user.user.update_gravatar', kwargs={'name': 'daregoodness@gmail.com'}, method='frappe.core.doctype.user.user.update_gravatar', site='education.localhost', user='Administrator') job in 0:00:01.380148s on worker 509d537860474bb2a312a7fc0ee82f39
2025-09-28 10:17:22,015 Users-user-Documents-resturantOS-frappe-bench:default: Job OK (education.localhost||43fa9e87-df88-4f3a-bcfd-b37e63e369a3)
2025-09-28 10:17:22,016 Result is kept for 600 seconds
2025-09-28 10:17:22,024 Users-user-Documents-resturantOS-frappe-bench:default: frappe.utils.background_jobs.execute_job(event=None, is_async=True, job_name='frappe.model.delete_doc.delete_dynamic_links', kwargs={'doctype': 'Property Setter', 'name': 'Customer-naming_series-reqd'}, method='frappe.model.delete_doc.delete_dynamic_links', site='education.localhost', user='Administrator') (education.localhost||4f4ca033-29f3-4b2f-abf1-a4de0c3e8bbf)
2025-09-28 10:17:22,109 Successfully completed frappe.utils.background_jobs.execute_job(event=None, is_async=True, job_name='frappe.model.delete_doc.delete_dynamic_links', kwargs={'doctype': 'Property Setter', 'name': 'Customer-naming_series-reqd'}, method='frappe.model.delete_doc.delete_dynamic_links', site='education.localhost', user='Administrator') job in 0:00:00.071117s on worker 509d537860474bb2a312a7fc0ee82f39
2025-09-28 10:17:22,110 Users-user-Documents-resturantOS-frappe-bench:default: Job OK (education.localhost||4f4ca033-29f3-4b2f-abf1-a4de0c3e8bbf)
2025-09-28 10:17:22,111 Result is kept for 600 seconds
2025-09-28 10:17:22,119 Users-user-Documents-resturantOS-frappe-bench:default: frappe.utils.background_jobs.execute_job(event=None, is_async=True, job_name='frappe.model.delete_doc.delete_dynamic_links', kwargs={'doctype': 'Property Setter', 'name': 'Customer-naming_series-hidden'}, method='frappe.model.delete_doc.delete_dynamic_links', site='education.localhost', user='Administrator') (education.localhost||36e5352c-af7b-4344-afa7-8d8f2cfce945)
2025-09-28 10:17:22,223 Successfully completed frappe.utils.background_jobs.execute_job(event=None, is_async=True, job_name='frappe.model.delete_doc.delete_dynamic_links', kwargs={'doctype': 'Property Setter', 'name': 'Customer-naming_series-hidden'}, method='frappe.model.delete_doc.delete_dynamic_links', site='education.localhost', user='Administrator') job in 0:00:00.089932s on worker 509d537860474bb2a312a7fc0ee82f39
2025-09-28 10:17:22,224 Users-user-Documents-resturantOS-frappe-bench:default: Job OK (education.localhost||36e5352c-af7b-4344-afa7-8d8f2cfce945)
2025-09-28 10:17:22,224 Result is kept for 600 seconds
2025-09-28 10:17:22,232 Users-user-Documents-resturantOS-frappe-bench:default: frappe.utils.background_jobs.execute_job(event=None, is_async=True, job_name='frappe.model.delete_doc.delete_dynamic_links', kwargs={'doctype': 'Property Setter', 'name': 'Sales Order-tax_id-hidden'}, method='frappe.model.delete_doc.delete_dynamic_links', site='education.localhost', user='Administrator') (education.localhost||872429ec-8aab-4eab-9f38-53b6775b2689)
2025-09-28 10:17:22,315 Successfully completed frappe.utils.background_jobs.execute_job(event=None, is_async=True, job_name='frappe.model.delete_doc.delete_dynamic_links', kwargs={'doctype': 'Property Setter', 'name': 'Sales Order-tax_id-hidden'}, method='frappe.model.delete_doc.delete_dynamic_links', site='education.localhost', user='Administrator') job in 0:00:00.069956s on worker 509d537860474bb2a312a7fc0ee82f39
2025-09-28 10:17:22,316 Users-user-Documents-resturantOS-frappe-bench:default: Job OK (education.localhost||872429ec-8aab-4eab-9f38-53b6775b2689)
2025-09-28 10:17:22,316 Result is kept for 600 seconds
2025-09-28 10:17:22,323 Users-user-Documents-resturantOS-frappe-bench:default: frappe.utils.background_jobs.execute_job(event=None, is_async=True, job_name='frappe.model.delete_doc.delete_dynamic_links', kwargs={'doctype': 'Property Setter', 'name': 'Sales Order-tax_id-print_hide'}, method='frappe.model.delete_doc.delete_dynamic_links', site='education.localhost', user='Administrator') (education.localhost||f0fd631b-4428-4414-82f2-c6de33003486)
2025-09-28 10:17:22,405 Successfully completed frappe.utils.background_jobs.execute_job(event=None, is_async=True, job_name='frappe.model.delete_doc.delete_dynamic_links', kwargs={'doctype': 'Property Setter', 'name': 'Sales Order-tax_id-print_hide'}, method='frappe.model.delete_doc.delete_dynamic_links', site='education.localhost', user='Administrator') job in 0:00:00.068728s on worker 509d537860474bb2a312a7fc0ee82f39
2025-09-28 10:17:22,406 Users-user-Documents-resturantOS-frappe-bench:default: Job OK (education.localhost||f0fd631b-4428-4414-82f2-c6de33003486)
2025-09-28 10:17:22,406 Result is kept for 600 seconds
2025-09-28 10:17:22,414 Users-user-Documents-resturantOS-frappe-bench:default: frappe.utils.background_jobs.execute_job(event=None, is_async=True, job_name='frappe.model.delete_doc.delete_dynamic_links', kwargs={'doctype': 'Property Setter', 'name': 'Sales Invoice-tax_id-hidden'}, method='frappe.model.delete_doc.delete_dynamic_links', site='education.localhost', user='Administrator') (education.localhost||e0320421-245a-4bd1-b931-8d011dfe7742)
2025-09-28 10:17:22,497 Successfully completed frappe.utils.background_jobs.execute_job(event=None, is_async=True, job_name='frappe.model.delete_doc.delete_dynamic_links', kwargs={'doctype': 'Property Setter', 'name': 'Sales Invoice-tax_id-hidden'}, method='frappe.model.delete_doc.delete_dynamic_links', site='education.localhost', user='Administrator') job in 0:00:00.068909s on worker 509d537860474bb2a312a7fc0ee82f39
2025-09-28 10:17:22,497 Users-user-Documents-resturantOS-frappe-bench:default: Job OK (education.localhost||e0320421-245a-4bd1-b931-8d011dfe7742)
2025-09-28 10:17:22,497 Result is kept for 600 seconds
2025-09-28 10:17:22,505 Users-user-Documents-resturantOS-frappe-bench:default: frappe.utils.background_jobs.execute_job(event=None, is_async=True, job_name='frappe.model.delete_doc.delete_dynamic_links', kwargs={'doctype': 'Property Setter', 'name': 'Sales Invoice-tax_id-print_hide'}, method='frappe.model.delete_doc.delete_dynamic_links', site='education.localhost', user='Administrator') (education.localhost||c163297d-3fbf-4ea9-b0ba-bc1b24a4a971)
2025-09-28 10:17:22,586 Successfully completed frappe.utils.background_jobs.execute_job(event=None, is_async=True, job_name='frappe.model.delete_doc.delete_dynamic_links', kwargs={'doctype': 'Property Setter', 'name': 'Sales Invoice-tax_id-print_hide'}, method='frappe.model.delete_doc.delete_dynamic_links', site='education.localhost', user='Administrator') job in 0:00:00.067077s on worker 509d537860474bb2a312a7fc0ee82f39
2025-09-28 10:17:22,586 Users-user-Documents-resturantOS-frappe-bench:default: Job OK (education.localhost||c163297d-3fbf-4ea9-b0ba-bc1b24a4a971)
2025-09-28 10:17:22,587 Result is kept for 600 seconds
2025-09-28 10:17:22,595 Users-user-Documents-resturantOS-frappe-bench:default: frappe.utils.background_jobs.execute_job(event=None, is_async=True, job_name='frappe.model.delete_doc.delete_dynamic_links', kwargs={'doctype': 'Property Setter', 'name': 'Delivery Note-tax_id-hidden'}, method='frappe.model.delete_doc.delete_dynamic_links', site='education.localhost', user='Administrator') (education.localhost||4e1b44c6-2d1d-45f2-b839-59f5a52c9f09)
2025-09-28 10:17:22,676 Successfully completed frappe.utils.background_jobs.execute_job(event=None, is_async=True, job_name='frappe.model.delete_doc.delete_dynamic_links', kwargs={'doctype': 'Property Setter', 'name': 'Delivery Note-tax_id-hidden'}, method='frappe.model.delete_doc.delete_dynamic_links', site='education.localhost', user='Administrator') job in 0:00:00.068008s on worker 509d537860474bb2a312a7fc0ee82f39
2025-09-28 10:17:22,677 Users-user-Documents-resturantOS-frappe-bench:default: Job OK (education.localhost||4e1b44c6-2d1d-45f2-b839-59f5a52c9f09)
2025-09-28 10:17:22,677 Result is kept for 600 seconds
2025-09-28 10:17:22,685 Users-user-Documents-resturantOS-frappe-bench:default: frappe.utils.background_jobs.execute_job(event=None, is_async=True, job_name='frappe.model.delete_doc.delete_dynamic_links', kwargs={'doctype': 'Property Setter', 'name': 'Delivery Note-tax_id-print_hide'}, method='frappe.model.delete_doc.delete_dynamic_links', site='education.localhost', user='Administrator') (education.localhost||d9a7b974-9157-43c5-81f5-ddec7a44c914)
2025-09-28 10:17:22,768 Successfully completed frappe.utils.background_jobs.execute_job(event=None, is_async=True, job_name='frappe.model.delete_doc.delete_dynamic_links', kwargs={'doctype': 'Property Setter', 'name': 'Delivery Note-tax_id-print_hide'}, method='frappe.model.delete_doc.delete_dynamic_links', site='education.localhost', user='Administrator') job in 0:00:00.070303s on worker 509d537860474bb2a312a7fc0ee82f39
2025-09-28 10:17:22,769 Users-user-Documents-resturantOS-frappe-bench:default: Job OK (education.localhost||d9a7b974-9157-43c5-81f5-ddec7a44c914)
2025-09-28 10:17:22,769 Result is kept for 600 seconds
2025-09-28 10:17:22,777 Users-user-Documents-resturantOS-frappe-bench:default: frappe.utils.background_jobs.execute_job(event=None, is_async=True, job_name='frappe.model.delete_doc.delete_dynamic_links', kwargs={'doctype': 'Property Setter', 'name': 'Packed Item-rate-read_only'}, method='frappe.model.delete_doc.delete_dynamic_links', site='education.localhost', user='Administrator') (education.localhost||60cb0ac8-c180-4b69-9268-b2ef981b6c2a)
2025-09-28 10:17:22,863 Successfully completed frappe.utils.background_jobs.execute_job(event=None, is_async=True, job_name='frappe.model.delete_doc.delete_dynamic_links', kwargs={'doctype': 'Property Setter', 'name': 'Packed Item-rate-read_only'}, method='frappe.model.delete_doc.delete_dynamic_links', site='education.localhost', user='Administrator') job in 0:00:00.072505s on worker 509d537860474bb2a312a7fc0ee82f39
2025-09-28 10:17:22,863 Users-user-Documents-resturantOS-frappe-bench:default: Job OK (education.localhost||60cb0ac8-c180-4b69-9268-b2ef981b6c2a)
2025-09-28 10:17:22,864 Result is kept for 600 seconds
2025-09-28 10:17:22,871 Users-user-Documents-resturantOS-frappe-bench:default: frappe.utils.background_jobs.execute_job(event=None, is_async=True, job_name='frappe.model.delete_doc.delete_dynamic_links', kwargs={'doctype': 'Property Setter', 'name': 'Sales Invoice Item-discount_account..., method='frappe.model.delete_doc.delete_dynamic_links', site='education.localhost', user='Administrator') (education.localhost||b361207c-5035-4070-a57f-1d7d54ea303f)
2025-09-28 10:17:22,952 Successfully completed frappe.utils.background_jobs.execute_job(event=None, is_async=True, job_name='frappe.model.delete_doc.delete_dynamic_links', kwargs={'doctype': 'Property Setter', 'name': 'Sales Invoice Item-discount_account..., method='frappe.model.delete_doc.delete_dynamic_links', site='education.localhost', user='Administrator') job in 0:00:00.067479s on worker 509d537860474bb2a312a7fc0ee82f39
2025-09-28 10:17:22,952 Users-user-Documents-resturantOS-frappe-bench:default: Job OK (education.localhost||b361207c-5035-4070-a57f-1d7d54ea303f)
2025-09-28 10:17:22,953 Result is kept for 600 seconds
2025-09-28 10:17:22,960 Users-user-Documents-resturantOS-frappe-bench:default: frappe.utils.background_jobs.execute_job(event=None, is_async=True, job_name='frappe.model.delete_doc.delete_dynamic_links', kwargs={'doctype': 'Property Setter', 'name': 'Sales Invoice Item-discount_account..., method='frappe.model.delete_doc.delete_dynamic_links', site='education.localhost', user='Administrator') (education.localhost||22eefef7-4385-4846-a3cd-8c2a007cad32)
2025-09-28 10:17:23,045 Successfully completed frappe.utils.background_jobs.execute_job(event=None, is_async=True, job_name='frappe.model.delete_doc.delete_dynamic_links', kwargs={'doctype': 'Property Setter', 'name': 'Sales Invoice Item-discount_account..., method='frappe.model.delete_doc.delete_dynamic_links', site='education.localhost', user='Administrator') job in 0:00:00.070098s on worker 509d537860474bb2a312a7fc0ee82f39
2025-09-28 10:17:23,045 Users-user-Documents-resturantOS-frappe-bench:default: Job OK (education.localhost||22eefef7-4385-4846-a3cd-8c2a007cad32)
2025-09-28 10:17:23,046 Result is kept for 600 seconds
2025-09-28 10:17:23,053 Users-user-Documents-resturantOS-frappe-bench:default: frappe.utils.background_jobs.execute_job(event=None, is_async=True, job_name='frappe.model.delete_doc.delete_dynamic_links', kwargs={'doctype': 'Property Setter', 'name': 'Sales Invoice-additional_discount_a..., method='frappe.model.delete_doc.delete_dynamic_links', site='education.localhost', user='Administrator') (education.localhost||f9c3657f-47f1-45a1-a46d-9fcb1cc472f5)
2025-09-28 10:17:23,142 Successfully completed frappe.utils.background_jobs.execute_job(event=None, is_async=True, job_name='frappe.model.delete_doc.delete_dynamic_links', kwargs={'doctype': 'Property Setter', 'name': 'Sales Invoice-additional_discount_a..., method='frappe.model.delete_doc.delete_dynamic_links', site='education.localhost', user='Administrator') job in 0:00:00.075225s on worker 509d537860474bb2a312a7fc0ee82f39
2025-09-28 10:17:23,143 Users-user-Documents-resturantOS-frappe-bench:default: Job OK (education.localhost||f9c3657f-47f1-45a1-a46d-9fcb1cc472f5)
2025-09-28 10:17:23,143 Result is kept for 600 seconds
2025-09-28 10:17:23,151 Users-user-Documents-resturantOS-frappe-bench:default: frappe.utils.background_jobs.execute_job(event=None, is_async=True, job_name='frappe.model.delete_doc.delete_dynamic_links', kwargs={'doctype': 'Property Setter', 'name': 'Sales Invoice-additional_discount_a..., method='frappe.model.delete_doc.delete_dynamic_links', site='education.localhost', user='Administrator') (education.localhost||88d90762-d576-4c55-b9d0-def87f2a28b6)
2025-09-28 10:17:23,233 Successfully completed frappe.utils.background_jobs.execute_job(event=None, is_async=True, job_name='frappe.model.delete_doc.delete_dynamic_links', kwargs={'doctype': 'Property Setter', 'name': 'Sales Invoice-additional_discount_a..., method='frappe.model.delete_doc.delete_dynamic_links', site='education.localhost', user='Administrator') job in 0:00:00.068712s on worker 509d537860474bb2a312a7fc0ee82f39
2025-09-28 10:17:23,233 Users-user-Documents-resturantOS-frappe-bench:default: Job OK (education.localhost||88d90762-d576-4c55-b9d0-def87f2a28b6)
2025-09-28 10:17:23,234 Result is kept for 600 seconds
2025-09-28 10:17:23,242 Users-user-Documents-resturantOS-frappe-bench:default: frappe.utils.background_jobs.execute_job(event=None, is_async=True, job_name='frappe.model.delete_doc.delete_dynamic_links', kwargs={'doctype': 'Property Setter', 'name': 'Supplier-naming_series-reqd'}, method='frappe.model.delete_doc.delete_dynamic_links', site='education.localhost', user='Administrator') (education.localhost||03db32aa-48a2-4d1d-87a0-84993b0a39eb)
2025-09-28 10:17:23,322 Successfully completed frappe.utils.background_jobs.execute_job(event=None, is_async=True, job_name='frappe.model.delete_doc.delete_dynamic_links', kwargs={'doctype': 'Property Setter', 'name': 'Supplier-naming_series-reqd'}, method='frappe.model.delete_doc.delete_dynamic_links', site='education.localhost', user='Administrator') job in 0:00:00.066943s on worker 509d537860474bb2a312a7fc0ee82f39
2025-09-28 10:17:23,323 Users-user-Documents-resturantOS-frappe-bench:default: Job OK (education.localhost||03db32aa-48a2-4d1d-87a0-84993b0a39eb)
2025-09-28 10:17:23,323 Result is kept for 600 seconds
2025-09-28 10:17:23,331 Users-user-Documents-resturantOS-frappe-bench:default: frappe.utils.background_jobs.execute_job(event=None, is_async=True, job_name='frappe.model.delete_doc.delete_dynamic_links', kwargs={'doctype': 'Property Setter', 'name': 'Supplier-naming_series-hidden'}, method='frappe.model.delete_doc.delete_dynamic_links', site='education.localhost', user='Administrator') (education.localhost||62b64179-0996-42a3-a0bc-07635551160c)
2025-09-28 10:17:23,413 Successfully completed frappe.utils.background_jobs.execute_job(event=None, is_async=True, job_name='frappe.model.delete_doc.delete_dynamic_links', kwargs={'doctype': 'Property Setter', 'name': 'Supplier-naming_series-hidden'}, method='frappe.model.delete_doc.delete_dynamic_links', site='education.localhost', user='Administrator') job in 0:00:00.068324s on worker 509d537860474bb2a312a7fc0ee82f39
2025-09-28 10:17:23,413 Users-user-Documents-resturantOS-frappe-bench:default: Job OK (education.localhost||62b64179-0996-42a3-a0bc-07635551160c)
2025-09-28 10:17:23,413 Result is kept for 600 seconds
2025-09-28 10:17:23,422 Users-user-Documents-resturantOS-frappe-bench:default: frappe.utils.background_jobs.execute_job(event=None, is_async=True, job_name='frappe.model.delete_doc.delete_dynamic_links', kwargs={'doctype': 'Property Setter', 'name': 'Supplier-naming_series-reqd'}, method='frappe.model.delete_doc.delete_dynamic_links', site='education.localhost', user='Administrator') (education.localhost||44276dcc-42e1-490e-94ba-bce3519230b7)
2025-09-28 10:17:23,503 Successfully completed frappe.utils.background_jobs.execute_job(event=None, is_async=True, job_name='frappe.model.delete_doc.delete_dynamic_links', kwargs={'doctype': 'Property Setter', 'name': 'Supplier-naming_series-reqd'}, method='frappe.model.delete_doc.delete_dynamic_links', site='education.localhost', user='Administrator') job in 0:00:00.067548s on worker 509d537860474bb2a312a7fc0ee82f39
2025-09-28 10:17:23,504 Users-user-Documents-resturantOS-frappe-bench:default: Job OK (education.localhost||44276dcc-42e1-490e-94ba-bce3519230b7)
2025-09-28 10:17:23,504 Result is kept for 600 seconds
2025-09-28 10:17:23,512 Users-user-Documents-resturantOS-frappe-bench:default: frappe.utils.background_jobs.execute_job(event=None, is_async=True, job_name='frappe.model.delete_doc.delete_dynamic_links', kwargs={'doctype': 'Property Setter', 'name': 'Supplier-naming_series-hidden'}, method='frappe.model.delete_doc.delete_dynamic_links', site='education.localhost', user='Administrator') (education.localhost||0c27d195-c5e6-4dc1-82d7-48db8af27650)
2025-09-28 10:17:23,593 Successfully completed frappe.utils.background_jobs.execute_job(event=None, is_async=True, job_name='frappe.model.delete_doc.delete_dynamic_links', kwargs={'doctype': 'Property Setter', 'name': 'Supplier-naming_series-hidden'}, method='frappe.model.delete_doc.delete_dynamic_links', site='education.localhost', user='Administrator') job in 0:00:00.067191s on worker 509d537860474bb2a312a7fc0ee82f39
2025-09-28 10:17:23,593 Users-user-Documents-resturantOS-frappe-bench:default: Job OK (education.localhost||0c27d195-c5e6-4dc1-82d7-48db8af27650)
2025-09-28 10:17:23,594 Result is kept for 600 seconds
2025-09-28 10:17:23,601 Users-user-Documents-resturantOS-frappe-bench:default: frappe.utils.background_jobs.execute_job(event=None, is_async=True, job_name='frappe.model.delete_doc.delete_dynamic_links', kwargs={'doctype': 'Property Setter', 'name': 'Customer-naming_series-reqd'}, method='frappe.model.delete_doc.delete_dynamic_links', site='education.localhost', user='Administrator') (education.localhost||201f385b-3fa9-4c37-b64f-507b56327e12)
2025-09-28 10:17:23,682 Successfully completed frappe.utils.background_jobs.execute_job(event=None, is_async=True, job_name='frappe.model.delete_doc.delete_dynamic_links', kwargs={'doctype': 'Property Setter', 'name': 'Customer-naming_series-reqd'}, method='frappe.model.delete_doc.delete_dynamic_links', site='education.localhost', user='Administrator') job in 0:00:00.067990s on worker 509d537860474bb2a312a7fc0ee82f39
2025-09-28 10:17:23,683 Users-user-Documents-resturantOS-frappe-bench:default: Job OK (education.localhost||201f385b-3fa9-4c37-b64f-507b56327e12)
2025-09-28 10:17:23,683 Result is kept for 600 seconds
2025-09-28 10:17:23,691 Users-user-Documents-resturantOS-frappe-bench:default: frappe.utils.background_jobs.execute_job(event=None, is_async=True, job_name='frappe.model.delete_doc.delete_dynamic_links', kwargs={'doctype': 'Property Setter', 'name': 'Customer-naming_series-hidden'}, method='frappe.model.delete_doc.delete_dynamic_links', site='education.localhost', user='Administrator') (education.localhost||d8c9cfcc-e319-4107-b2f1-b5538cb4ca61)
2025-09-28 10:17:23,774 Successfully completed frappe.utils.background_jobs.execute_job(event=None, is_async=True, job_name='frappe.model.delete_doc.delete_dynamic_links', kwargs={'doctype': 'Property Setter', 'name': 'Customer-naming_series-hidden'}, method='frappe.model.delete_doc.delete_dynamic_links', site='education.localhost', user='Administrator') job in 0:00:00.069473s on worker 509d537860474bb2a312a7fc0ee82f39
2025-09-28 10:17:23,774 Users-user-Documents-resturantOS-frappe-bench:default: Job OK (education.localhost||d8c9cfcc-e319-4107-b2f1-b5538cb4ca61)
2025-09-28 10:17:23,775 Result is kept for 600 seconds
2025-09-28 10:17:23,783 Users-user-Documents-resturantOS-frappe-bench:default: frappe.utils.background_jobs.execute_job(event=None, is_async=True, job_name='frappe.model.delete_doc.delete_dynamic_links', kwargs={'doctype': 'Property Setter', 'name': 'Sales Order-tax_id-hidden'}, method='frappe.model.delete_doc.delete_dynamic_links', site='education.localhost', user='Administrator') (education.localhost||e003ec08-f2cb-44cd-bb21-3b118047c4b7)
2025-09-28 10:17:23,864 Successfully completed frappe.utils.background_jobs.execute_job(event=None, is_async=True, job_name='frappe.model.delete_doc.delete_dynamic_links', kwargs={'doctype': 'Property Setter', 'name': 'Sales Order-tax_id-hidden'}, method='frappe.model.delete_doc.delete_dynamic_links', site='education.localhost', user='Administrator') job in 0:00:00.068317s on worker 509d537860474bb2a312a7fc0ee82f39
2025-09-28 10:17:23,865 Users-user-Documents-resturantOS-frappe-bench:default: Job OK (education.localhost||e003ec08-f2cb-44cd-bb21-3b118047c4b7)
2025-09-28 10:17:23,865 Result is kept for 600 seconds
2025-09-28 10:17:23,873 Users-user-Documents-resturantOS-frappe-bench:default: frappe.utils.background_jobs.execute_job(event=None, is_async=True, job_name='frappe.model.delete_doc.delete_dynamic_links', kwargs={'doctype': 'Property Setter', 'name': 'Sales Order-tax_id-print_hide'}, method='frappe.model.delete_doc.delete_dynamic_links', site='education.localhost', user='Administrator') (education.localhost||60ca316c-b080-41e0-a600-60d988220102)
2025-09-28 10:17:23,957 Successfully completed frappe.utils.background_jobs.execute_job(event=None, is_async=True, job_name='frappe.model.delete_doc.delete_dynamic_links', kwargs={'doctype': 'Property Setter', 'name': 'Sales Order-tax_id-print_hide'}, method='frappe.model.delete_doc.delete_dynamic_links', site='education.localhost', user='Administrator') job in 0:00:00.070472s on worker 509d537860474bb2a312a7fc0ee82f39
2025-09-28 10:17:23,958 Users-user-Documents-resturantOS-frappe-bench:default: Job OK (education.localhost||60ca316c-b080-41e0-a600-60d988220102)
2025-09-28 10:17:23,958 Result is kept for 600 seconds
2025-09-28 10:17:23,965 Users-user-Documents-resturantOS-frappe-bench:default: frappe.utils.background_jobs.execute_job(event=None, is_async=True, job_name='frappe.model.delete_doc.delete_dynamic_links', kwargs={'doctype': 'Property Setter', 'name': 'Sales Invoice-tax_id-hidden'}, method='frappe.model.delete_doc.delete_dynamic_links', site='education.localhost', user='Administrator') (education.localhost||2dc1050e-93fb-4ccd-b30a-0e65730fe23c)
2025-09-28 10:17:24,071 Successfully completed frappe.utils.background_jobs.execute_job(event=None, is_async=True, job_name='frappe.model.delete_doc.delete_dynamic_links', kwargs={'doctype': 'Property Setter', 'name': 'Sales Invoice-tax_id-hidden'}, method='frappe.model.delete_doc.delete_dynamic_links', site='education.localhost', user='Administrator') job in 0:00:00.090203s on worker 509d537860474bb2a312a7fc0ee82f39
2025-09-28 10:17:24,072 Users-user-Documents-resturantOS-frappe-bench:default: Job OK (education.localhost||2dc1050e-93fb-4ccd-b30a-0e65730fe23c)
2025-09-28 10:17:24,072 Result is kept for 600 seconds
2025-09-28 10:17:24,081 Users-user-Documents-resturantOS-frappe-bench:default: frappe.utils.background_jobs.execute_job(event=None, is_async=True, job_name='frappe.model.delete_doc.delete_dynamic_links', kwargs={'doctype': 'Property Setter', 'name': 'Sales Invoice-tax_id-print_hide'}, method='frappe.model.delete_doc.delete_dynamic_links', site='education.localhost', user='Administrator') (education.localhost||80cf04d9-3ebd-41a5-bad1-5e1a9e0d1aca)
2025-09-28 10:17:24,168 Successfully completed frappe.utils.background_jobs.execute_job(event=None, is_async=True, job_name='frappe.model.delete_doc.delete_dynamic_links', kwargs={'doctype': 'Property Setter', 'name': 'Sales Invoice-tax_id-print_hide'}, method='frappe.model.delete_doc.delete_dynamic_links', site='education.localhost', user='Administrator') job in 0:00:00.072469s on worker 509d537860474bb2a312a7fc0ee82f39
2025-09-28 10:17:24,168 Users-user-Documents-resturantOS-frappe-bench:default: Job OK (education.localhost||80cf04d9-3ebd-41a5-bad1-5e1a9e0d1aca)
2025-09-28 10:17:24,168 Result is kept for 600 seconds
2025-09-28 10:17:24,176 Users-user-Documents-resturantOS-frappe-bench:default: frappe.utils.background_jobs.execute_job(event=None, is_async=True, job_name='frappe.model.delete_doc.delete_dynamic_links', kwargs={'doctype': 'Property Setter', 'name': 'Delivery Note-tax_id-hidden'}, method='frappe.model.delete_doc.delete_dynamic_links', site='education.localhost', user='Administrator') (education.localhost||c68e63b5-88b4-49b0-b02f-f5329f5c650a)
2025-09-28 10:17:24,260 Successfully completed frappe.utils.background_jobs.execute_job(event=None, is_async=True, job_name='frappe.model.delete_doc.delete_dynamic_links', kwargs={'doctype': 'Property Setter', 'name': 'Delivery Note-tax_id-hidden'}, method='frappe.model.delete_doc.delete_dynamic_links', site='education.localhost', user='Administrator') job in 0:00:00.070353s on worker 509d537860474bb2a312a7fc0ee82f39
2025-09-28 10:17:24,260 Users-user-Documents-resturantOS-frappe-bench:default: Job OK (education.localhost||c68e63b5-88b4-49b0-b02f-f5329f5c650a)
2025-09-28 10:17:24,261 Result is kept for 600 seconds
2025-09-28 10:17:24,269 Users-user-Documents-resturantOS-frappe-bench:default: frappe.utils.background_jobs.execute_job(event=None, is_async=True, job_name='frappe.model.delete_doc.delete_dynamic_links', kwargs={'doctype': 'Property Setter', 'name': 'Delivery Note-tax_id-print_hide'}, method='frappe.model.delete_doc.delete_dynamic_links', site='education.localhost', user='Administrator') (education.localhost||25ff548b-1ef6-4bf6-8fed-468d1278dc33)
2025-09-28 10:17:24,358 Successfully completed frappe.utils.background_jobs.execute_job(event=None, is_async=True, job_name='frappe.model.delete_doc.delete_dynamic_links', kwargs={'doctype': 'Property Setter', 'name': 'Delivery Note-tax_id-print_hide'}, method='frappe.model.delete_doc.delete_dynamic_links', site='education.localhost', user='Administrator') job in 0:00:00.072857s on worker 509d537860474bb2a312a7fc0ee82f39
2025-09-28 10:17:24,359 Users-user-Documents-resturantOS-frappe-bench:default: Job OK (education.localhost||25ff548b-1ef6-4bf6-8fed-468d1278dc33)
2025-09-28 10:17:24,359 Result is kept for 600 seconds
2025-09-28 10:17:24,368 Users-user-Documents-resturantOS-frappe-bench:default: frappe.utils.background_jobs.execute_job(event=None, is_async=True, job_name='frappe.model.delete_doc.delete_dynamic_links', kwargs={'doctype': 'Property Setter', 'name': 'Packed Item-rate-read_only'}, method='frappe.model.delete_doc.delete_dynamic_links', site='education.localhost', user='Administrator') (education.localhost||3aa78b67-ebcd-4402-b936-d7a65e4afa0c)
2025-09-28 10:17:24,456 Successfully completed frappe.utils.background_jobs.execute_job(event=None, is_async=True, job_name='frappe.model.delete_doc.delete_dynamic_links', kwargs={'doctype': 'Property Setter', 'name': 'Packed Item-rate-read_only'}, method='frappe.model.delete_doc.delete_dynamic_links', site='education.localhost', user='Administrator') job in 0:00:00.073600s on worker 509d537860474bb2a312a7fc0ee82f39
2025-09-28 10:17:24,456 Users-user-Documents-resturantOS-frappe-bench:default: Job OK (education.localhost||3aa78b67-ebcd-4402-b936-d7a65e4afa0c)
2025-09-28 10:17:24,456 Result is kept for 600 seconds
2025-09-28 10:17:24,465 Users-user-Documents-resturantOS-frappe-bench:default: frappe.utils.background_jobs.execute_job(event=None, is_async=True, job_name='frappe.model.delete_doc.delete_dynamic_links', kwargs={'doctype': 'Property Setter', 'name': 'Sales Invoice Item-discount_account..., method='frappe.model.delete_doc.delete_dynamic_links', site='education.localhost', user='Administrator') (education.localhost||8b3c4428-c074-4297-a0f5-7956ea03c92e)
2025-09-28 10:17:24,552 Successfully completed frappe.utils.background_jobs.execute_job(event=None, is_async=True, job_name='frappe.model.delete_doc.delete_dynamic_links', kwargs={'doctype': 'Property Setter', 'name': 'Sales Invoice Item-discount_account..., method='frappe.model.delete_doc.delete_dynamic_links', site='education.localhost', user='Administrator') job in 0:00:00.072701s on worker 509d537860474bb2a312a7fc0ee82f39
2025-09-28 10:17:24,552 Users-user-Documents-resturantOS-frappe-bench:default: Job OK (education.localhost||8b3c4428-c074-4297-a0f5-7956ea03c92e)
2025-09-28 10:17:24,553 Result is kept for 600 seconds
2025-09-28 10:17:24,561 Users-user-Documents-resturantOS-frappe-bench:default: frappe.utils.background_jobs.execute_job(event=None, is_async=True, job_name='frappe.model.delete_doc.delete_dynamic_links', kwargs={'doctype': 'Property Setter', 'name': 'Sales Invoice Item-discount_account..., method='frappe.model.delete_doc.delete_dynamic_links', site='education.localhost', user='Administrator') (education.localhost||85190433-ddb9-4b08-bbc3-2372bca2fcc5)
2025-09-28 10:17:24,646 Successfully completed frappe.utils.background_jobs.execute_job(event=None, is_async=True, job_name='frappe.model.delete_doc.delete_dynamic_links', kwargs={'doctype': 'Property Setter', 'name': 'Sales Invoice Item-discount_account..., method='frappe.model.delete_doc.delete_dynamic_links', site='education.localhost', user='Administrator') job in 0:00:00.070726s on worker 509d537860474bb2a312a7fc0ee82f39
2025-09-28 10:17:24,646 Users-user-Documents-resturantOS-frappe-bench:default: Job OK (education.localhost||85190433-ddb9-4b08-bbc3-2372bca2fcc5)
2025-09-28 10:17:24,646 Result is kept for 600 seconds
2025-09-28 10:17:24,654 Users-user-Documents-resturantOS-frappe-bench:default: frappe.utils.background_jobs.execute_job(event=None, is_async=True, job_name='frappe.model.delete_doc.delete_dynamic_links', kwargs={'doctype': 'Property Setter', 'name': 'Sales Invoice-additional_discount_a..., method='frappe.model.delete_doc.delete_dynamic_links', site='education.localhost', user='Administrator') (education.localhost||ea1234d0-6e97-4be3-acc4-e960bd57c55b)
2025-09-28 10:17:24,737 Successfully completed frappe.utils.background_jobs.execute_job(event=None, is_async=True, job_name='frappe.model.delete_doc.delete_dynamic_links', kwargs={'doctype': 'Property Setter', 'name': 'Sales Invoice-additional_discount_a..., method='frappe.model.delete_doc.delete_dynamic_links', site='education.localhost', user='Administrator') job in 0:00:00.069452s on worker 509d537860474bb2a312a7fc0ee82f39
2025-09-28 10:17:24,737 Users-user-Documents-resturantOS-frappe-bench:default: Job OK (education.localhost||ea1234d0-6e97-4be3-acc4-e960bd57c55b)
2025-09-28 10:17:24,738 Result is kept for 600 seconds
2025-09-28 10:17:24,746 Users-user-Documents-resturantOS-frappe-bench:default: frappe.utils.background_jobs.execute_job(event=None, is_async=True, job_name='frappe.model.delete_doc.delete_dynamic_links', kwargs={'doctype': 'Property Setter', 'name': 'Sales Invoice-additional_discount_a..., method='frappe.model.delete_doc.delete_dynamic_links', site='education.localhost', user='Administrator') (education.localhost||434556e4-9eda-4e0c-966a-03e2f975f6d3)
2025-09-28 10:17:24,830 Successfully completed frappe.utils.background_jobs.execute_job(event=None, is_async=True, job_name='frappe.model.delete_doc.delete_dynamic_links', kwargs={'doctype': 'Property Setter', 'name': 'Sales Invoice-additional_discount_a..., method='frappe.model.delete_doc.delete_dynamic_links', site='education.localhost', user='Administrator') job in 0:00:00.069128s on worker 509d537860474bb2a312a7fc0ee82f39
2025-09-28 10:17:24,831 Users-user-Documents-resturantOS-frappe-bench:default: Job OK (education.localhost||434556e4-9eda-4e0c-966a-03e2f975f6d3)
2025-09-28 10:17:24,831 Result is kept for 600 seconds
2025-09-28 10:17:24,839 Users-user-Documents-resturantOS-frappe-bench:default: frappe.utils.background_jobs.execute_job(event=None, is_async=True, job_name='frappe.model.delete_doc.delete_dynamic_links', kwargs={'doctype': 'Property Setter', 'name': 'Quotation-base_rounded_total-hidden..., method='frappe.model.delete_doc.delete_dynamic_links', site='education.localhost', user='Administrator') (education.localhost||beb90610-4f7c-4c5d-8953-d2f258008a9f)
2025-09-28 10:17:24,924 Successfully completed frappe.utils.background_jobs.execute_job(event=None, is_async=True, job_name='frappe.model.delete_doc.delete_dynamic_links', kwargs={'doctype': 'Property Setter', 'name': 'Quotation-base_rounded_total-hidden..., method='frappe.model.delete_doc.delete_dynamic_links', site='education.localhost', user='Administrator') job in 0:00:00.072296s on worker 509d537860474bb2a312a7fc0ee82f39
2025-09-28 10:17:24,925 Users-user-Documents-resturantOS-frappe-bench:default: Job OK (education.localhost||beb90610-4f7c-4c5d-8953-d2f258008a9f)
2025-09-28 10:17:24,926 Result is kept for 600 seconds
2025-09-28 10:17:24,934 Users-user-Documents-resturantOS-frappe-bench:default: frappe.utils.background_jobs.execute_job(event=None, is_async=True, job_name='frappe.model.delete_doc.delete_dynamic_links', kwargs={'doctype': 'Property Setter', 'name': 'Quotation-base_rounded_total-print_..., method='frappe.model.delete_doc.delete_dynamic_links', site='education.localhost', user='Administrator') (education.localhost||4c796260-281d-4346-b754-a67a95c579dd)
2025-09-28 10:17:25,023 Successfully completed frappe.utils.background_jobs.execute_job(event=None, is_async=True, job_name='frappe.model.delete_doc.delete_dynamic_links', kwargs={'doctype': 'Property Setter', 'name': 'Quotation-base_rounded_total-print_..., method='frappe.model.delete_doc.delete_dynamic_links', site='education.localhost', user='Administrator') job in 0:00:00.075833s on worker 509d537860474bb2a312a7fc0ee82f39
2025-09-28 10:17:25,024 Users-user-Documents-resturantOS-frappe-bench:default: Job OK (education.localhost||4c796260-281d-4346-b754-a67a95c579dd)
2025-09-28 10:17:25,024 Result is kept for 600 seconds
2025-09-28 10:17:25,031 Users-user-Documents-resturantOS-frappe-bench:default: frappe.utils.background_jobs.execute_job(event=None, is_async=True, job_name='frappe.model.delete_doc.delete_dynamic_links', kwargs={'doctype': 'Property Setter', 'name': 'Quotation-rounded_total-hidden'}, method='frappe.model.delete_doc.delete_dynamic_links', site='education.localhost', user='Administrator') (education.localhost||1f547d68-a90e-454f-b79d-2674303436b6)
2025-09-28 10:17:25,114 Successfully completed frappe.utils.background_jobs.execute_job(event=None, is_async=True, job_name='frappe.model.delete_doc.delete_dynamic_links', kwargs={'doctype': 'Property Setter', 'name': 'Quotation-rounded_total-hidden'}, method='frappe.model.delete_doc.delete_dynamic_links', site='education.localhost', user='Administrator') job in 0:00:00.069542s on worker 509d537860474bb2a312a7fc0ee82f39
2025-09-28 10:17:25,115 Users-user-Documents-resturantOS-frappe-bench:default: Job OK (education.localhost||1f547d68-a90e-454f-b79d-2674303436b6)
2025-09-28 10:17:25,115 Result is kept for 600 seconds
2025-09-28 10:17:25,123 Users-user-Documents-resturantOS-frappe-bench:default: frappe.utils.background_jobs.execute_job(event=None, is_async=True, job_name='frappe.model.delete_doc.delete_dynamic_links', kwargs={'doctype': 'Property Setter', 'name': 'Quotation-rounded_total-print_hide'..., method='frappe.model.delete_doc.delete_dynamic_links', site='education.localhost', user='Administrator') (education.localhost||408636b0-6626-46dd-80d5-75dfdcec5361)
2025-09-28 10:17:25,209 Successfully completed frappe.utils.background_jobs.execute_job(event=None, is_async=True, job_name='frappe.model.delete_doc.delete_dynamic_links', kwargs={'doctype': 'Property Setter', 'name': 'Quotation-rounded_total-print_hide'..., method='frappe.model.delete_doc.delete_dynamic_links', site='education.localhost', user='Administrator') job in 0:00:00.073146s on worker 509d537860474bb2a312a7fc0ee82f39
2025-09-28 10:17:25,210 Users-user-Documents-resturantOS-frappe-bench:default: Job OK (education.localhost||408636b0-6626-46dd-80d5-75dfdcec5361)
2025-09-28 10:17:25,210 Result is kept for 600 seconds
2025-09-28 10:17:25,218 Users-user-Documents-resturantOS-frappe-bench:default: frappe.utils.background_jobs.execute_job(event=None, is_async=True, job_name='frappe.model.delete_doc.delete_dynamic_links', kwargs={'doctype': 'Property Setter', 'name': 'Quotation-disable_rounded_total-def..., method='frappe.model.delete_doc.delete_dynamic_links', site='education.localhost', user='Administrator') (education.localhost||0de8ee77-1cfb-4dd2-a816-96053611781a)
2025-09-28 10:17:25,305 Successfully completed frappe.utils.background_jobs.execute_job(event=None, is_async=True, job_name='frappe.model.delete_doc.delete_dynamic_links', kwargs={'doctype': 'Property Setter', 'name': 'Quotation-disable_rounded_total-def..., method='frappe.model.delete_doc.delete_dynamic_links', site='education.localhost', user='Administrator') job in 0:00:00.073329s on worker 509d537860474bb2a312a7fc0ee82f39
2025-09-28 10:17:25,306 Users-user-Documents-resturantOS-frappe-bench:default: Job OK (education.localhost||0de8ee77-1cfb-4dd2-a816-96053611781a)
2025-09-28 10:17:25,306 Result is kept for 600 seconds
2025-09-28 10:17:25,314 Users-user-Documents-resturantOS-frappe-bench:default: frappe.utils.background_jobs.execute_job(event=None, is_async=True, job_name='frappe.model.delete_doc.delete_dynamic_links', kwargs={'doctype': 'Property Setter', 'name': 'Sales Order-base_rounded_total-hidd..., method='frappe.model.delete_doc.delete_dynamic_links', site='education.localhost', user='Administrator') (education.localhost||2bc65759-df0d-4790-a620-f860e71efa24)
2025-09-28 10:17:25,401 Successfully completed frappe.utils.background_jobs.execute_job(event=None, is_async=True, job_name='frappe.model.delete_doc.delete_dynamic_links', kwargs={'doctype': 'Property Setter', 'name': 'Sales Order-base_rounded_total-hidd..., method='frappe.model.delete_doc.delete_dynamic_links', site='education.localhost', user='Administrator') job in 0:00:00.072818s on worker 509d537860474bb2a312a7fc0ee82f39
2025-09-28 10:17:25,402 Users-user-Documents-resturantOS-frappe-bench:default: Job OK (education.localhost||2bc65759-df0d-4790-a620-f860e71efa24)
2025-09-28 10:17:25,402 Result is kept for 600 seconds
2025-09-28 10:17:25,410 Users-user-Documents-resturantOS-frappe-bench:default: frappe.utils.background_jobs.execute_job(event=None, is_async=True, job_name='frappe.model.delete_doc.delete_dynamic_links', kwargs={'doctype': 'Property Setter', 'name': 'Sales Order-base_rounded_total-prin..., method='frappe.model.delete_doc.delete_dynamic_links', site='education.localhost', user='Administrator') (education.localhost||85de9826-c781-478a-8800-f06832c37447)
2025-09-28 10:17:25,495 Successfully completed frappe.utils.background_jobs.execute_job(event=None, is_async=True, job_name='frappe.model.delete_doc.delete_dynamic_links', kwargs={'doctype': 'Property Setter', 'name': 'Sales Order-base_rounded_total-prin..., method='frappe.model.delete_doc.delete_dynamic_links', site='education.localhost', user='Administrator') job in 0:00:00.069758s on worker 509d537860474bb2a312a7fc0ee82f39
2025-09-28 10:17:25,496 Users-user-Documents-resturantOS-frappe-bench:default: Job OK (education.localhost||85de9826-c781-478a-8800-f06832c37447)
2025-09-28 10:17:25,496 Result is kept for 600 seconds
2025-09-28 10:17:25,505 Users-user-Documents-resturantOS-frappe-bench:default: frappe.utils.background_jobs.execute_job(event=None, is_async=True, job_name='frappe.model.delete_doc.delete_dynamic_links', kwargs={'doctype': 'Property Setter', 'name': 'Sales Order-rounded_total-hidden'}, method='frappe.model.delete_doc.delete_dynamic_links', site='education.localhost', user='Administrator') (education.localhost||14958995-5598-42b2-84cd-e18e2700dfd3)
2025-09-28 10:17:25,588 Successfully completed frappe.utils.background_jobs.execute_job(event=None, is_async=True, job_name='frappe.model.delete_doc.delete_dynamic_links', kwargs={'doctype': 'Property Setter', 'name': 'Sales Order-rounded_total-hidden'}, method='frappe.model.delete_doc.delete_dynamic_links', site='education.localhost', user='Administrator') job in 0:00:00.070336s on worker 509d537860474bb2a312a7fc0ee82f39
2025-09-28 10:17:25,589 Users-user-Documents-resturantOS-frappe-bench:default: Job OK (education.localhost||14958995-5598-42b2-84cd-e18e2700dfd3)
2025-09-28 10:17:25,589 Result is kept for 600 seconds
2025-09-28 10:17:25,596 Users-user-Documents-resturantOS-frappe-bench:default: frappe.utils.background_jobs.execute_job(event=None, is_async=True, job_name='frappe.model.delete_doc.delete_dynamic_links', kwargs={'doctype': 'Property Setter', 'name': 'Sales Order-rounded_total-print_hid..., method='frappe.model.delete_doc.delete_dynamic_links', site='education.localhost', user='Administrator') (education.localhost||fc5ce9de-5680-463d-93a6-330de34b3017)
2025-09-28 10:17:25,679 Successfully completed frappe.utils.background_jobs.execute_job(event=None, is_async=True, job_name='frappe.model.delete_doc.delete_dynamic_links', kwargs={'doctype': 'Property Setter', 'name': 'Sales Order-rounded_total-print_hid..., method='frappe.model.delete_doc.delete_dynamic_links', site='education.localhost', user='Administrator') job in 0:00:00.069259s on worker 509d537860474bb2a312a7fc0ee82f39
2025-09-28 10:17:25,679 Users-user-Documents-resturantOS-frappe-bench:default: Job OK (education.localhost||fc5ce9de-5680-463d-93a6-330de34b3017)
2025-09-28 10:17:25,680 Result is kept for 600 seconds
2025-09-28 10:17:25,688 Users-user-Documents-resturantOS-frappe-bench:default: frappe.utils.background_jobs.execute_job(event=None, is_async=True, job_name='frappe.model.delete_doc.delete_dynamic_links', kwargs={'doctype': 'Property Setter', 'name': 'Sales Order-disable_rounded_total-d..., method='frappe.model.delete_doc.delete_dynamic_links', site='education.localhost', user='Administrator') (education.localhost||f56c9f83-916f-4202-bb3e-9ca437255a2e)
2025-09-28 10:17:25,768 Successfully completed frappe.utils.background_jobs.execute_job(event=None, is_async=True, job_name='frappe.model.delete_doc.delete_dynamic_links', kwargs={'doctype': 'Property Setter', 'name': 'Sales Order-disable_rounded_total-d..., method='frappe.model.delete_doc.delete_dynamic_links', site='education.localhost', user='Administrator') job in 0:00:00.067645s on worker 509d537860474bb2a312a7fc0ee82f39
2025-09-28 10:17:25,769 Users-user-Documents-resturantOS-frappe-bench:default: Job OK (education.localhost||f56c9f83-916f-4202-bb3e-9ca437255a2e)
2025-09-28 10:17:25,769 Result is kept for 600 seconds
2025-09-28 10:17:25,777 Users-user-Documents-resturantOS-frappe-bench:default: frappe.utils.background_jobs.execute_job(event=None, is_async=True, job_name='frappe.model.delete_doc.delete_dynamic_links', kwargs={'doctype': 'Property Setter', 'name': 'Sales Invoice-base_rounded_total-hi..., method='frappe.model.delete_doc.delete_dynamic_links', site='education.localhost', user='Administrator') (education.localhost||072e2e30-b2c9-4361-ba58-ddab866caaca)
2025-09-28 10:17:25,869 Successfully completed frappe.utils.background_jobs.execute_job(event=None, is_async=True, job_name='frappe.model.delete_doc.delete_dynamic_links', kwargs={'doctype': 'Property Setter', 'name': 'Sales Invoice-base_rounded_total-hi..., method='frappe.model.delete_doc.delete_dynamic_links', site='education.localhost', user='Administrator') job in 0:00:00.076898s on worker 509d537860474bb2a312a7fc0ee82f39
2025-09-28 10:17:25,870 Users-user-Documents-resturantOS-frappe-bench:default: Job OK (education.localhost||072e2e30-b2c9-4361-ba58-ddab866caaca)
2025-09-28 10:17:25,870 Result is kept for 600 seconds
2025-09-28 10:17:25,880 Users-user-Documents-resturantOS-frappe-bench:default: frappe.utils.background_jobs.execute_job(event=None, is_async=True, job_name='frappe.model.delete_doc.delete_dynamic_links', kwargs={'doctype': 'Property Setter', 'name': 'Sales Invoice-base_rounded_total-pr..., method='frappe.model.delete_doc.delete_dynamic_links', site='education.localhost', user='Administrator') (education.localhost||ad6558e7-823b-49bb-8619-43b8a45dc68f)
2025-09-28 10:17:25,976 Successfully completed frappe.utils.background_jobs.execute_job(event=None, is_async=True, job_name='frappe.model.delete_doc.delete_dynamic_links', kwargs={'doctype': 'Property Setter', 'name': 'Sales Invoice-base_rounded_total-pr..., method='frappe.model.delete_doc.delete_dynamic_links', site='education.localhost', user='Administrator') job in 0:00:00.080972s on worker 509d537860474bb2a312a7fc0ee82f39
2025-09-28 10:17:25,977 Users-user-Documents-resturantOS-frappe-bench:default: Job OK (education.localhost||ad6558e7-823b-49bb-8619-43b8a45dc68f)
2025-09-28 10:17:25,977 Result is kept for 600 seconds
2025-09-28 10:17:25,986 Users-user-Documents-resturantOS-frappe-bench:default: frappe.utils.background_jobs.execute_job(event=None, is_async=True, job_name='frappe.model.delete_doc.delete_dynamic_links', kwargs={'doctype': 'Property Setter', 'name': 'Sales Invoice-rounded_total-hidden'..., method='frappe.model.delete_doc.delete_dynamic_links', site='education.localhost', user='Administrator') (education.localhost||62a3c92a-48c2-4017-a71c-1e77c1346fff)
2025-09-28 10:17:26,070 Successfully completed frappe.utils.background_jobs.execute_job(event=None, is_async=True, job_name='frappe.model.delete_doc.delete_dynamic_links', kwargs={'doctype': 'Property Setter', 'name': 'Sales Invoice-rounded_total-hidden'..., method='frappe.model.delete_doc.delete_dynamic_links', site='education.localhost', user='Administrator') job in 0:00:00.070537s on worker 509d537860474bb2a312a7fc0ee82f39
2025-09-28 10:17:26,070 Users-user-Documents-resturantOS-frappe-bench:default: Job OK (education.localhost||62a3c92a-48c2-4017-a71c-1e77c1346fff)
2025-09-28 10:17:26,071 Result is kept for 600 seconds
2025-09-28 10:17:26,078 Users-user-Documents-resturantOS-frappe-bench:default: frappe.utils.background_jobs.execute_job(event=None, is_async=True, job_name='frappe.model.delete_doc.delete_dynamic_links', kwargs={'doctype': 'Property Setter', 'name': 'Sales Invoice-rounded_total-print_h..., method='frappe.model.delete_doc.delete_dynamic_links', site='education.localhost', user='Administrator') (education.localhost||4a534a37-39e9-4c50-84db-a730a75cdbc9)
2025-09-28 10:17:26,165 Successfully completed frappe.utils.background_jobs.execute_job(event=None, is_async=True, job_name='frappe.model.delete_doc.delete_dynamic_links', kwargs={'doctype': 'Property Setter', 'name': 'Sales Invoice-rounded_total-print_h..., method='frappe.model.delete_doc.delete_dynamic_links', site='education.localhost', user='Administrator') job in 0:00:00.072615s on worker 509d537860474bb2a312a7fc0ee82f39
2025-09-28 10:17:26,166 Users-user-Documents-resturantOS-frappe-bench:default: Job OK (education.localhost||4a534a37-39e9-4c50-84db-a730a75cdbc9)
2025-09-28 10:17:26,166 Result is kept for 600 seconds
2025-09-28 10:17:26,174 Users-user-Documents-resturantOS-frappe-bench:default: frappe.utils.background_jobs.execute_job(event=None, is_async=True, job_name='frappe.model.delete_doc.delete_dynamic_links', kwargs={'doctype': 'Property Setter', 'name': 'Sales Invoice-disable_rounded_total..., method='frappe.model.delete_doc.delete_dynamic_links', site='education.localhost', user='Administrator') (education.localhost||e44b57ae-6460-44dc-8ab9-50eac37addc7)
2025-09-28 10:17:26,258 Successfully completed frappe.utils.background_jobs.execute_job(event=None, is_async=True, job_name='frappe.model.delete_doc.delete_dynamic_links', kwargs={'doctype': 'Property Setter', 'name': 'Sales Invoice-disable_rounded_total..., method='frappe.model.delete_doc.delete_dynamic_links', site='education.localhost', user='Administrator') job in 0:00:00.070686s on worker 509d537860474bb2a312a7fc0ee82f39
2025-09-28 10:17:26,258 Users-user-Documents-resturantOS-frappe-bench:default: Job OK (education.localhost||e44b57ae-6460-44dc-8ab9-50eac37addc7)
2025-09-28 10:17:26,259 Result is kept for 600 seconds
2025-09-28 10:17:26,266 Users-user-Documents-resturantOS-frappe-bench:default: frappe.utils.background_jobs.execute_job(event=None, is_async=True, job_name='frappe.model.delete_doc.delete_dynamic_links', kwargs={'doctype': 'Property Setter', 'name': 'Delivery Note-base_rounded_total-hi..., method='frappe.model.delete_doc.delete_dynamic_links', site='education.localhost', user='Administrator') (education.localhost||7449c2d4-4c40-4856-a465-e6d91e64fb64)
2025-09-28 10:17:26,354 Successfully completed frappe.utils.background_jobs.execute_job(event=None, is_async=True, job_name='frappe.model.delete_doc.delete_dynamic_links', kwargs={'doctype': 'Property Setter', 'name': 'Delivery Note-base_rounded_total-hi..., method='frappe.model.delete_doc.delete_dynamic_links', site='education.localhost', user='Administrator') job in 0:00:00.073594s on worker 509d537860474bb2a312a7fc0ee82f39
2025-09-28 10:17:26,354 Users-user-Documents-resturantOS-frappe-bench:default: Job OK (education.localhost||7449c2d4-4c40-4856-a465-e6d91e64fb64)
2025-09-28 10:17:26,355 Result is kept for 600 seconds
2025-09-28 10:17:26,363 Users-user-Documents-resturantOS-frappe-bench:default: frappe.utils.background_jobs.execute_job(event=None, is_async=True, job_name='frappe.model.delete_doc.delete_dynamic_links', kwargs={'doctype': 'Property Setter', 'name': 'Delivery Note-base_rounded_total-pr..., method='frappe.model.delete_doc.delete_dynamic_links', site='education.localhost', user='Administrator') (education.localhost||a7eeaca9-1f68-44ed-81f3-bcc1cef462a5)
2025-09-28 10:17:26,453 Successfully completed frappe.utils.background_jobs.execute_job(event=None, is_async=True, job_name='frappe.model.delete_doc.delete_dynamic_links', kwargs={'doctype': 'Property Setter', 'name': 'Delivery Note-base_rounded_total-pr..., method='frappe.model.delete_doc.delete_dynamic_links', site='education.localhost', user='Administrator') job in 0:00:00.075879s on worker 509d537860474bb2a312a7fc0ee82f39
2025-09-28 10:17:26,453 Users-user-Documents-resturantOS-frappe-bench:default: Job OK (education.localhost||a7eeaca9-1f68-44ed-81f3-bcc1cef462a5)
2025-09-28 10:17:26,453 Result is kept for 600 seconds
2025-09-28 10:17:26,462 Users-user-Documents-resturantOS-frappe-bench:default: frappe.utils.background_jobs.execute_job(event=None, is_async=True, job_name='frappe.model.delete_doc.delete_dynamic_links', kwargs={'doctype': 'Property Setter', 'name': 'Delivery Note-rounded_total-hidden'..., method='frappe.model.delete_doc.delete_dynamic_links', site='education.localhost', user='Administrator') (education.localhost||a7909e42-d044-44a9-802f-e757a664198a)
2025-09-28 10:17:26,548 Successfully completed frappe.utils.background_jobs.execute_job(event=None, is_async=True, job_name='frappe.model.delete_doc.delete_dynamic_links', kwargs={'doctype': 'Property Setter', 'name': 'Delivery Note-rounded_total-hidden'..., method='frappe.model.delete_doc.delete_dynamic_links', site='education.localhost', user='Administrator') job in 0:00:00.072916s on worker 509d537860474bb2a312a7fc0ee82f39
2025-09-28 10:17:26,549 Users-user-Documents-resturantOS-frappe-bench:default: Job OK (education.localhost||a7909e42-d044-44a9-802f-e757a664198a)
2025-09-28 10:17:26,549 Result is kept for 600 seconds
2025-09-28 10:17:26,557 Users-user-Documents-resturantOS-frappe-bench:default: frappe.utils.background_jobs.execute_job(event=None, is_async=True, job_name='frappe.model.delete_doc.delete_dynamic_links', kwargs={'doctype': 'Property Setter', 'name': 'Delivery Note-rounded_total-print_h..., method='frappe.model.delete_doc.delete_dynamic_links', site='education.localhost', user='Administrator') (education.localhost||8a843ab4-d432-4604-86e8-41959b393309)
2025-09-28 10:17:26,641 Successfully completed frappe.utils.background_jobs.execute_job(event=None, is_async=True, job_name='frappe.model.delete_doc.delete_dynamic_links', kwargs={'doctype': 'Property Setter', 'name': 'Delivery Note-rounded_total-print_h..., method='frappe.model.delete_doc.delete_dynamic_links', site='education.localhost', user='Administrator') job in 0:00:00.069894s on worker 509d537860474bb2a312a7fc0ee82f39
2025-09-28 10:17:26,641 Users-user-Documents-resturantOS-frappe-bench:default: Job OK (education.localhost||8a843ab4-d432-4604-86e8-41959b393309)
2025-09-28 10:17:26,641 Result is kept for 600 seconds
2025-09-28 10:17:26,649 Users-user-Documents-resturantOS-frappe-bench:default: frappe.utils.background_jobs.execute_job(event=None, is_async=True, job_name='frappe.model.delete_doc.delete_dynamic_links', kwargs={'doctype': 'Property Setter', 'name': 'Delivery Note-disable_rounded_total..., method='frappe.model.delete_doc.delete_dynamic_links', site='education.localhost', user='Administrator') (education.localhost||81aed08d-610c-4906-a568-17cb6c412dd5)
2025-09-28 10:17:26,730 Successfully completed frappe.utils.background_jobs.execute_job(event=None, is_async=True, job_name='frappe.model.delete_doc.delete_dynamic_links', kwargs={'doctype': 'Property Setter', 'name': 'Delivery Note-disable_rounded_total..., method='frappe.model.delete_doc.delete_dynamic_links', site='education.localhost', user='Administrator') job in 0:00:00.067834s on worker 509d537860474bb2a312a7fc0ee82f39
2025-09-28 10:17:26,730 Users-user-Documents-resturantOS-frappe-bench:default: Job OK (education.localhost||81aed08d-610c-4906-a568-17cb6c412dd5)
2025-09-28 10:17:26,731 Result is kept for 600 seconds
2025-09-28 10:17:26,738 Users-user-Documents-resturantOS-frappe-bench:default: frappe.utils.background_jobs.execute_job(event=None, is_async=True, job_name='frappe.model.delete_doc.delete_dynamic_links', kwargs={'doctype': 'Property Setter', 'name': 'Supplier Quotation-base_rounded_tot..., method='frappe.model.delete_doc.delete_dynamic_links', site='education.localhost', user='Administrator') (education.localhost||ab2003e4-5c12-48c4-885e-79dd92a92344)
2025-09-28 10:17:26,826 Successfully completed frappe.utils.background_jobs.execute_job(event=None, is_async=True, job_name='frappe.model.delete_doc.delete_dynamic_links', kwargs={'doctype': 'Property Setter', 'name': 'Supplier Quotation-base_rounded_tot..., method='frappe.model.delete_doc.delete_dynamic_links', site='education.localhost', user='Administrator') job in 0:00:00.074071s on worker 509d537860474bb2a312a7fc0ee82f39
2025-09-28 10:17:26,827 Users-user-Documents-resturantOS-frappe-bench:default: Job OK (education.localhost||ab2003e4-5c12-48c4-885e-79dd92a92344)
2025-09-28 10:17:26,827 Result is kept for 600 seconds
2025-09-28 10:17:26,836 Users-user-Documents-resturantOS-frappe-bench:default: frappe.utils.background_jobs.execute_job(event=None, is_async=True, job_name='frappe.model.delete_doc.delete_dynamic_links', kwargs={'doctype': 'Property Setter', 'name': 'Supplier Quotation-base_rounded_tot..., method='frappe.model.delete_doc.delete_dynamic_links', site='education.localhost', user='Administrator') (education.localhost||3a1f3196-e417-4454-8ea9-07c8bce6dc07)
2025-09-28 10:17:26,925 Successfully completed frappe.utils.background_jobs.execute_job(event=None, is_async=True, job_name='frappe.model.delete_doc.delete_dynamic_links', kwargs={'doctype': 'Property Setter', 'name': 'Supplier Quotation-base_rounded_tot..., method='frappe.model.delete_doc.delete_dynamic_links', site='education.localhost', user='Administrator') job in 0:00:00.075546s on worker 509d537860474bb2a312a7fc0ee82f39
2025-09-28 10:17:26,926 Users-user-Documents-resturantOS-frappe-bench:default: Job OK (education.localhost||3a1f3196-e417-4454-8ea9-07c8bce6dc07)
2025-09-28 10:17:26,926 Result is kept for 600 seconds
2025-09-28 10:17:26,986 Users-user-Documents-resturantOS-frappe-bench:default: frappe.utils.background_jobs.execute_job(event=None, is_async=True, job_name='frappe.model.delete_doc.delete_dynamic_links', kwargs={'doctype': 'Property Setter', 'name': 'Supplier Quotation-rounded_total-hi..., method='frappe.model.delete_doc.delete_dynamic_links', site='education.localhost', user='Administrator') (education.localhost||d6110024-1210-429a-87d6-2817df3d1f6f)
2025-09-28 10:17:27,086 Successfully completed frappe.utils.background_jobs.execute_job(event=None, is_async=True, job_name='frappe.model.delete_doc.delete_dynamic_links', kwargs={'doctype': 'Property Setter', 'name': 'Supplier Quotation-rounded_total-hi..., method='frappe.model.delete_doc.delete_dynamic_links', site='education.localhost', user='Administrator') job in 0:00:00.073908s on worker 509d537860474bb2a312a7fc0ee82f39
2025-09-28 10:17:27,086 Users-user-Documents-resturantOS-frappe-bench:default: Job OK (education.localhost||d6110024-1210-429a-87d6-2817df3d1f6f)
2025-09-28 10:17:27,086 Result is kept for 600 seconds
2025-09-28 10:17:27,095 Users-user-Documents-resturantOS-frappe-bench:default: frappe.utils.background_jobs.execute_job(event=None, is_async=True, job_name='frappe.model.delete_doc.delete_dynamic_links', kwargs={'doctype': 'Property Setter', 'name': 'Supplier Quotation-rounded_total-pr..., method='frappe.model.delete_doc.delete_dynamic_links', site='education.localhost', user='Administrator') (education.localhost||b7ece412-74b5-4e64-852a-1dee4a14feb3)
2025-09-28 10:17:27,180 Successfully completed frappe.utils.background_jobs.execute_job(event=None, is_async=True, job_name='frappe.model.delete_doc.delete_dynamic_links', kwargs={'doctype': 'Property Setter', 'name': 'Supplier Quotation-rounded_total-pr..., method='frappe.model.delete_doc.delete_dynamic_links', site='education.localhost', user='Administrator') job in 0:00:00.072429s on worker 509d537860474bb2a312a7fc0ee82f39
2025-09-28 10:17:27,181 Users-user-Documents-resturantOS-frappe-bench:default: Job OK (education.localhost||b7ece412-74b5-4e64-852a-1dee4a14feb3)
2025-09-28 10:17:27,181 Result is kept for 600 seconds
2025-09-28 10:17:27,189 Users-user-Documents-resturantOS-frappe-bench:default: frappe.utils.background_jobs.execute_job(event=None, is_async=True, job_name='frappe.model.delete_doc.delete_dynamic_links', kwargs={'doctype': 'Property Setter', 'name': 'Supplier Quotation-disable_rounded_..., method='frappe.model.delete_doc.delete_dynamic_links', site='education.localhost', user='Administrator') (education.localhost||a3d6a91b-c318-44e3-9003-764958c62f32)
2025-09-28 10:17:27,286 Successfully completed frappe.utils.background_jobs.execute_job(event=None, is_async=True, job_name='frappe.model.delete_doc.delete_dynamic_links', kwargs={'doctype': 'Property Setter', 'name': 'Supplier Quotation-disable_rounded_..., method='frappe.model.delete_doc.delete_dynamic_links', site='education.localhost', user='Administrator') job in 0:00:00.082509s on worker 509d537860474bb2a312a7fc0ee82f39
2025-09-28 10:17:27,286 Users-user-Documents-resturantOS-frappe-bench:default: Job OK (education.localhost||a3d6a91b-c318-44e3-9003-764958c62f32)
2025-09-28 10:17:27,287 Result is kept for 600 seconds
2025-09-28 10:17:27,295 Users-user-Documents-resturantOS-frappe-bench:default: frappe.utils.background_jobs.execute_job(event=None, is_async=True, job_name='frappe.model.delete_doc.delete_dynamic_links', kwargs={'doctype': 'Property Setter', 'name': 'Purchase Order-base_rounded_total-h..., method='frappe.model.delete_doc.delete_dynamic_links', site='education.localhost', user='Administrator') (education.localhost||394b0107-1dc3-461c-acc6-060fc27fed92)
2025-09-28 10:17:27,377 Successfully completed frappe.utils.background_jobs.execute_job(event=None, is_async=True, job_name='frappe.model.delete_doc.delete_dynamic_links', kwargs={'doctype': 'Property Setter', 'name': 'Purchase Order-base_rounded_total-h..., method='frappe.model.delete_doc.delete_dynamic_links', site='education.localhost', user='Administrator') job in 0:00:00.069163s on worker 509d537860474bb2a312a7fc0ee82f39
2025-09-28 10:17:27,378 Users-user-Documents-resturantOS-frappe-bench:default: Job OK (education.localhost||394b0107-1dc3-461c-acc6-060fc27fed92)
2025-09-28 10:17:27,378 Result is kept for 600 seconds
2025-09-28 10:17:27,386 Users-user-Documents-resturantOS-frappe-bench:default: frappe.utils.background_jobs.execute_job(event=None, is_async=True, job_name='frappe.model.delete_doc.delete_dynamic_links', kwargs={'doctype': 'Property Setter', 'name': 'Purchase Order-base_rounded_total-p..., method='frappe.model.delete_doc.delete_dynamic_links', site='education.localhost', user='Administrator') (education.localhost||e0af0a07-5743-4f13-aa55-3f49e3ba8163)
2025-09-28 10:17:27,471 Successfully completed frappe.utils.background_jobs.execute_job(event=None, is_async=True, job_name='frappe.model.delete_doc.delete_dynamic_links', kwargs={'doctype': 'Property Setter', 'name': 'Purchase Order-base_rounded_total-p..., method='frappe.model.delete_doc.delete_dynamic_links', site='education.localhost', user='Administrator') job in 0:00:00.070907s on worker 509d537860474bb2a312a7fc0ee82f39
2025-09-28 10:17:27,472 Users-user-Documents-resturantOS-frappe-bench:default: Job OK (education.localhost||e0af0a07-5743-4f13-aa55-3f49e3ba8163)
2025-09-28 10:17:27,472 Result is kept for 600 seconds
2025-09-28 10:17:27,481 Users-user-Documents-resturantOS-frappe-bench:default: frappe.utils.background_jobs.execute_job(event=None, is_async=True, job_name='frappe.model.delete_doc.delete_dynamic_links', kwargs={'doctype': 'Property Setter', 'name': 'Purchase Order-rounded_total-hidden..., method='frappe.model.delete_doc.delete_dynamic_links', site='education.localhost', user='Administrator') (education.localhost||aa30d40f-bdf3-4ff3-81f7-697c7b321eb2)
2025-09-28 10:17:27,564 Successfully completed frappe.utils.background_jobs.execute_job(event=None, is_async=True, job_name='frappe.model.delete_doc.delete_dynamic_links', kwargs={'doctype': 'Property Setter', 'name': 'Purchase Order-rounded_total-hidden..., method='frappe.model.delete_doc.delete_dynamic_links', site='education.localhost', user='Administrator') job in 0:00:00.069206s on worker 509d537860474bb2a312a7fc0ee82f39
2025-09-28 10:17:27,565 Users-user-Documents-resturantOS-frappe-bench:default: Job OK (education.localhost||aa30d40f-bdf3-4ff3-81f7-697c7b321eb2)
2025-09-28 10:17:27,565 Result is kept for 600 seconds
2025-09-28 10:17:27,573 Users-user-Documents-resturantOS-frappe-bench:default: frappe.utils.background_jobs.execute_job(event=None, is_async=True, job_name='frappe.model.delete_doc.delete_dynamic_links', kwargs={'doctype': 'Property Setter', 'name': 'Purchase Order-rounded_total-print_..., method='frappe.model.delete_doc.delete_dynamic_links', site='education.localhost', user='Administrator') (education.localhost||b45b0217-0f3a-4526-be2c-fc9bfbe507c5)
2025-09-28 10:17:27,660 Successfully completed frappe.utils.background_jobs.execute_job(event=None, is_async=True, job_name='frappe.model.delete_doc.delete_dynamic_links', kwargs={'doctype': 'Property Setter', 'name': 'Purchase Order-rounded_total-print_..., method='frappe.model.delete_doc.delete_dynamic_links', site='education.localhost', user='Administrator') job in 0:00:00.073176s on worker 509d537860474bb2a312a7fc0ee82f39
2025-09-28 10:17:27,661 Users-user-Documents-resturantOS-frappe-bench:default: Job OK (education.localhost||b45b0217-0f3a-4526-be2c-fc9bfbe507c5)
2025-09-28 10:17:27,661 Result is kept for 600 seconds
2025-09-28 10:17:27,670 Users-user-Documents-resturantOS-frappe-bench:default: frappe.utils.background_jobs.execute_job(event=None, is_async=True, job_name='frappe.model.delete_doc.delete_dynamic_links', kwargs={'doctype': 'Property Setter', 'name': 'Purchase Order-disable_rounded_tota..., method='frappe.model.delete_doc.delete_dynamic_links', site='education.localhost', user='Administrator') (education.localhost||0b655db5-7313-40b9-b809-d760d728aa16)
2025-09-28 10:17:27,765 Successfully completed frappe.utils.background_jobs.execute_job(event=None, is_async=True, job_name='frappe.model.delete_doc.delete_dynamic_links', kwargs={'doctype': 'Property Setter', 'name': 'Purchase Order-disable_rounded_tota..., method='frappe.model.delete_doc.delete_dynamic_links', site='education.localhost', user='Administrator') job in 0:00:00.080715s on worker 509d537860474bb2a312a7fc0ee82f39
2025-09-28 10:17:27,765 Users-user-Documents-resturantOS-frappe-bench:default: Job OK (education.localhost||0b655db5-7313-40b9-b809-d760d728aa16)
2025-09-28 10:17:27,766 Result is kept for 600 seconds
2025-09-28 10:17:27,775 Users-user-Documents-resturantOS-frappe-bench:default: frappe.utils.background_jobs.execute_job(event=None, is_async=True, job_name='frappe.model.delete_doc.delete_dynamic_links', kwargs={'doctype': 'Property Setter', 'name': 'Purchase Invoice-base_rounded_total..., method='frappe.model.delete_doc.delete_dynamic_links', site='education.localhost', user='Administrator') (education.localhost||ba80f81a-e9b9-4d6a-a5f9-c2a4978a800d)
2025-09-28 10:17:27,868 Successfully completed frappe.utils.background_jobs.execute_job(event=None, is_async=True, job_name='frappe.model.delete_doc.delete_dynamic_links', kwargs={'doctype': 'Property Setter', 'name': 'Purchase Invoice-base_rounded_total..., method='frappe.model.delete_doc.delete_dynamic_links', site='education.localhost', user='Administrator') job in 0:00:00.077414s on worker 509d537860474bb2a312a7fc0ee82f39
2025-09-28 10:17:27,868 Users-user-Documents-resturantOS-frappe-bench:default: Job OK (education.localhost||ba80f81a-e9b9-4d6a-a5f9-c2a4978a800d)
2025-09-28 10:17:27,868 Result is kept for 600 seconds
2025-09-28 10:17:27,876 Users-user-Documents-resturantOS-frappe-bench:default: frappe.utils.background_jobs.execute_job(event=None, is_async=True, job_name='frappe.model.delete_doc.delete_dynamic_links', kwargs={'doctype': 'Property Setter', 'name': 'Purchase Invoice-base_rounded_total..., method='frappe.model.delete_doc.delete_dynamic_links', site='education.localhost', user='Administrator') (education.localhost||914a4bcb-6c59-448b-bcd4-c5c01cad829d)
2025-09-28 10:17:27,957 Successfully completed frappe.utils.background_jobs.execute_job(event=None, is_async=True, job_name='frappe.model.delete_doc.delete_dynamic_links', kwargs={'doctype': 'Property Setter', 'name': 'Purchase Invoice-base_rounded_total..., method='frappe.model.delete_doc.delete_dynamic_links', site='education.localhost', user='Administrator') job in 0:00:00.067242s on worker 509d537860474bb2a312a7fc0ee82f39
2025-09-28 10:17:27,957 Users-user-Documents-resturantOS-frappe-bench:default: Job OK (education.localhost||914a4bcb-6c59-448b-bcd4-c5c01cad829d)
2025-09-28 10:17:27,957 Result is kept for 600 seconds
2025-09-28 10:17:27,966 Users-user-Documents-resturantOS-frappe-bench:default: frappe.utils.background_jobs.execute_job(event=None, is_async=True, job_name='frappe.model.delete_doc.delete_dynamic_links', kwargs={'doctype': 'Property Setter', 'name': 'Purchase Invoice-rounded_total-hidd..., method='frappe.model.delete_doc.delete_dynamic_links', site='education.localhost', user='Administrator') (education.localhost||1e1574a7-a015-46d0-bfee-5b9c42606aba)
2025-09-28 10:17:28,047 Successfully completed frappe.utils.background_jobs.execute_job(event=None, is_async=True, job_name='frappe.model.delete_doc.delete_dynamic_links', kwargs={'doctype': 'Property Setter', 'name': 'Purchase Invoice-rounded_total-hidd..., method='frappe.model.delete_doc.delete_dynamic_links', site='education.localhost', user='Administrator') job in 0:00:00.067873s on worker 509d537860474bb2a312a7fc0ee82f39
2025-09-28 10:17:28,048 Users-user-Documents-resturantOS-frappe-bench:default: Job OK (education.localhost||1e1574a7-a015-46d0-bfee-5b9c42606aba)
2025-09-28 10:17:28,048 Result is kept for 600 seconds
2025-09-28 10:17:28,056 Users-user-Documents-resturantOS-frappe-bench:default: frappe.utils.background_jobs.execute_job(event=None, is_async=True, job_name='frappe.model.delete_doc.delete_dynamic_links', kwargs={'doctype': 'Property Setter', 'name': 'Purchase Invoice-rounded_total-prin..., method='frappe.model.delete_doc.delete_dynamic_links', site='education.localhost', user='Administrator') (education.localhost||eed0c3d3-a162-437c-b867-2a769dfec375)
2025-09-28 10:17:28,137 Successfully completed frappe.utils.background_jobs.execute_job(event=None, is_async=True, job_name='frappe.model.delete_doc.delete_dynamic_links', kwargs={'doctype': 'Property Setter', 'name': 'Purchase Invoice-rounded_total-prin..., method='frappe.model.delete_doc.delete_dynamic_links', site='education.localhost', user='Administrator') job in 0:00:00.067467s on worker 509d537860474bb2a312a7fc0ee82f39
2025-09-28 10:17:28,137 Users-user-Documents-resturantOS-frappe-bench:default: Job OK (education.localhost||eed0c3d3-a162-437c-b867-2a769dfec375)
2025-09-28 10:17:28,137 Result is kept for 600 seconds
2025-09-28 10:17:28,145 Users-user-Documents-resturantOS-frappe-bench:default: frappe.utils.background_jobs.execute_job(event=None, is_async=True, job_name='frappe.model.delete_doc.delete_dynamic_links', kwargs={'doctype': 'Property Setter', 'name': 'Purchase Invoice-disable_rounded_to..., method='frappe.model.delete_doc.delete_dynamic_links', site='education.localhost', user='Administrator') (education.localhost||e58183e3-f61e-4060-b65f-75a8ab26dac3)
2025-09-28 10:17:28,227 Successfully completed frappe.utils.background_jobs.execute_job(event=None, is_async=True, job_name='frappe.model.delete_doc.delete_dynamic_links', kwargs={'doctype': 'Property Setter', 'name': 'Purchase Invoice-disable_rounded_to..., method='frappe.model.delete_doc.delete_dynamic_links', site='education.localhost', user='Administrator') job in 0:00:00.067920s on worker 509d537860474bb2a312a7fc0ee82f39
2025-09-28 10:17:28,227 Users-user-Documents-resturantOS-frappe-bench:default: Job OK (education.localhost||e58183e3-f61e-4060-b65f-75a8ab26dac3)
2025-09-28 10:17:28,228 Result is kept for 600 seconds
2025-09-28 10:17:28,235 Users-user-Documents-resturantOS-frappe-bench:default: frappe.utils.background_jobs.execute_job(event=None, is_async=True, job_name='frappe.model.delete_doc.delete_dynamic_links', kwargs={'doctype': 'Property Setter', 'name': 'Purchase Receipt-base_rounded_total..., method='frappe.model.delete_doc.delete_dynamic_links', site='education.localhost', user='Administrator') (education.localhost||616b8294-ca9d-40a3-a978-da5225d4d798)
2025-09-28 10:17:28,323 Successfully completed frappe.utils.background_jobs.execute_job(event=None, is_async=True, job_name='frappe.model.delete_doc.delete_dynamic_links', kwargs={'doctype': 'Property Setter', 'name': 'Purchase Receipt-base_rounded_total..., method='frappe.model.delete_doc.delete_dynamic_links', site='education.localhost', user='Administrator') job in 0:00:00.073362s on worker 509d537860474bb2a312a7fc0ee82f39
2025-09-28 10:17:28,323 Users-user-Documents-resturantOS-frappe-bench:default: Job OK (education.localhost||616b8294-ca9d-40a3-a978-da5225d4d798)
2025-09-28 10:17:28,324 Result is kept for 600 seconds
2025-09-28 10:17:28,331 Users-user-Documents-resturantOS-frappe-bench:default: frappe.utils.background_jobs.execute_job(event=None, is_async=True, job_name='frappe.model.delete_doc.delete_dynamic_links', kwargs={'doctype': 'Property Setter', 'name': 'Purchase Receipt-base_rounded_total..., method='frappe.model.delete_doc.delete_dynamic_links', site='education.localhost', user='Administrator') (education.localhost||9759b8ad-f0fc-4685-827f-2f138fd7b815)
2025-09-28 10:17:28,417 Successfully completed frappe.utils.background_jobs.execute_job(event=None, is_async=True, job_name='frappe.model.delete_doc.delete_dynamic_links', kwargs={'doctype': 'Property Setter', 'name': 'Purchase Receipt-base_rounded_total..., method='frappe.model.delete_doc.delete_dynamic_links', site='education.localhost', user='Administrator') job in 0:00:00.072193s on worker 509d537860474bb2a312a7fc0ee82f39
2025-09-28 10:17:28,417 Users-user-Documents-resturantOS-frappe-bench:default: Job OK (education.localhost||9759b8ad-f0fc-4685-827f-2f138fd7b815)
2025-09-28 10:17:28,418 Result is kept for 600 seconds
2025-09-28 10:17:28,426 Users-user-Documents-resturantOS-frappe-bench:default: frappe.utils.background_jobs.execute_job(event=None, is_async=True, job_name='frappe.model.delete_doc.delete_dynamic_links', kwargs={'doctype': 'Property Setter', 'name': 'Purchase Receipt-rounded_total-hidd..., method='frappe.model.delete_doc.delete_dynamic_links', site='education.localhost', user='Administrator') (education.localhost||bf1ff005-4bd6-4a86-ae1c-a0796f5739ea)
2025-09-28 10:17:28,508 Successfully completed frappe.utils.background_jobs.execute_job(event=None, is_async=True, job_name='frappe.model.delete_doc.delete_dynamic_links', kwargs={'doctype': 'Property Setter', 'name': 'Purchase Receipt-rounded_total-hidd..., method='frappe.model.delete_doc.delete_dynamic_links', site='education.localhost', user='Administrator') job in 0:00:00.068452s on worker 509d537860474bb2a312a7fc0ee82f39
2025-09-28 10:17:28,508 Users-user-Documents-resturantOS-frappe-bench:default: Job OK (education.localhost||bf1ff005-4bd6-4a86-ae1c-a0796f5739ea)
2025-09-28 10:17:28,508 Result is kept for 600 seconds
2025-09-28 10:17:28,517 Users-user-Documents-resturantOS-frappe-bench:default: frappe.utils.background_jobs.execute_job(event=None, is_async=True, job_name='frappe.model.delete_doc.delete_dynamic_links', kwargs={'doctype': 'Property Setter', 'name': 'Purchase Receipt-rounded_total-prin..., method='frappe.model.delete_doc.delete_dynamic_links', site='education.localhost', user='Administrator') (education.localhost||54efb23c-6a3e-45d9-9c72-e6126970c9ca)
2025-09-28 10:17:28,602 Successfully completed frappe.utils.background_jobs.execute_job(event=None, is_async=True, job_name='frappe.model.delete_doc.delete_dynamic_links', kwargs={'doctype': 'Property Setter', 'name': 'Purchase Receipt-rounded_total-prin..., method='frappe.model.delete_doc.delete_dynamic_links', site='education.localhost', user='Administrator') job in 0:00:00.071324s on worker 509d537860474bb2a312a7fc0ee82f39
2025-09-28 10:17:28,602 Users-user-Documents-resturantOS-frappe-bench:default: Job OK (education.localhost||54efb23c-6a3e-45d9-9c72-e6126970c9ca)
2025-09-28 10:17:28,602 Result is kept for 600 seconds
2025-09-28 10:17:28,611 Users-user-Documents-resturantOS-frappe-bench:default: frappe.utils.background_jobs.execute_job(event=None, is_async=True, job_name='frappe.model.delete_doc.delete_dynamic_links', kwargs={'doctype': 'Property Setter', 'name': 'Purchase Receipt-disable_rounded_to..., method='frappe.model.delete_doc.delete_dynamic_links', site='education.localhost', user='Administrator') (education.localhost||52a1a49e-773f-40e9-8b04-370181adccf5)
2025-09-28 10:17:28,699 Successfully completed frappe.utils.background_jobs.execute_job(event=None, is_async=True, job_name='frappe.model.delete_doc.delete_dynamic_links', kwargs={'doctype': 'Property Setter', 'name': 'Purchase Receipt-disable_rounded_to..., method='frappe.model.delete_doc.delete_dynamic_links', site='education.localhost', user='Administrator') job in 0:00:00.073494s on worker 509d537860474bb2a312a7fc0ee82f39
2025-09-28 10:17:28,700 Users-user-Documents-resturantOS-frappe-bench:default: Job OK (education.localhost||52a1a49e-773f-40e9-8b04-370181adccf5)
2025-09-28 10:17:28,700 Result is kept for 600 seconds
2025-09-28 10:17:28,710 Users-user-Documents-resturantOS-frappe-bench:default: frappe.utils.background_jobs.execute_job(event=None, is_async=True, job_name='frappe.model.delete_doc.delete_dynamic_links', kwargs={'doctype': 'Property Setter', 'name': 'Quotation-in_words-hidden'}, method='frappe.model.delete_doc.delete_dynamic_links', site='education.localhost', user='Administrator') (education.localhost||e27450fc-48a2-4f70-a7ce-85b2d539e6e5)
2025-09-28 10:17:28,797 Successfully completed frappe.utils.background_jobs.execute_job(event=None, is_async=True, job_name='frappe.model.delete_doc.delete_dynamic_links', kwargs={'doctype': 'Property Setter', 'name': 'Quotation-in_words-hidden'}, method='frappe.model.delete_doc.delete_dynamic_links', site='education.localhost', user='Administrator') job in 0:00:00.073438s on worker 509d537860474bb2a312a7fc0ee82f39
2025-09-28 10:17:28,798 Users-user-Documents-resturantOS-frappe-bench:default: Job OK (education.localhost||e27450fc-48a2-4f70-a7ce-85b2d539e6e5)
2025-09-28 10:17:28,798 Result is kept for 600 seconds
2025-09-28 10:17:28,806 Users-user-Documents-resturantOS-frappe-bench:default: frappe.utils.background_jobs.execute_job(event=None, is_async=True, job_name='frappe.model.delete_doc.delete_dynamic_links', kwargs={'doctype': 'Property Setter', 'name': 'Quotation-in_words-print_hide'}, method='frappe.model.delete_doc.delete_dynamic_links', site='education.localhost', user='Administrator') (education.localhost||224c1396-50c4-45be-a411-e0b41557f8ee)
2025-09-28 10:17:28,890 Successfully completed frappe.utils.background_jobs.execute_job(event=None, is_async=True, job_name='frappe.model.delete_doc.delete_dynamic_links', kwargs={'doctype': 'Property Setter', 'name': 'Quotation-in_words-print_hide'}, method='frappe.model.delete_doc.delete_dynamic_links', site='education.localhost', user='Administrator') job in 0:00:00.071309s on worker 509d537860474bb2a312a7fc0ee82f39
2025-09-28 10:17:28,891 Users-user-Documents-resturantOS-frappe-bench:default: Job OK (education.localhost||224c1396-50c4-45be-a411-e0b41557f8ee)
2025-09-28 10:17:28,891 Result is kept for 600 seconds
2025-09-28 10:17:28,899 Users-user-Documents-resturantOS-frappe-bench:default: frappe.utils.background_jobs.execute_job(event=None, is_async=True, job_name='frappe.model.delete_doc.delete_dynamic_links', kwargs={'doctype': 'Property Setter', 'name': 'Sales Order-in_words-hidden'}, method='frappe.model.delete_doc.delete_dynamic_links', site='education.localhost', user='Administrator') (education.localhost||afe30a29-0d8c-4c14-b391-ad672658592e)
2025-09-28 10:17:28,986 Successfully completed frappe.utils.background_jobs.execute_job(event=None, is_async=True, job_name='frappe.model.delete_doc.delete_dynamic_links', kwargs={'doctype': 'Property Setter', 'name': 'Sales Order-in_words-hidden'}, method='frappe.model.delete_doc.delete_dynamic_links', site='education.localhost', user='Administrator') job in 0:00:00.073373s on worker 509d537860474bb2a312a7fc0ee82f39
2025-09-28 10:17:28,987 Users-user-Documents-resturantOS-frappe-bench:default: Job OK (education.localhost||afe30a29-0d8c-4c14-b391-ad672658592e)
2025-09-28 10:17:28,987 Result is kept for 600 seconds
2025-09-28 10:17:28,995 Users-user-Documents-resturantOS-frappe-bench:default: frappe.utils.background_jobs.execute_job(event=None, is_async=True, job_name='frappe.model.delete_doc.delete_dynamic_links', kwargs={'doctype': 'Property Setter', 'name': 'Sales Order-in_words-print_hide'}, method='frappe.model.delete_doc.delete_dynamic_links', site='education.localhost', user='Administrator') (education.localhost||d5957666-df7b-471d-940c-945277b3fe4a)
2025-09-28 10:17:29,080 Successfully completed frappe.utils.background_jobs.execute_job(event=None, is_async=True, job_name='frappe.model.delete_doc.delete_dynamic_links', kwargs={'doctype': 'Property Setter', 'name': 'Sales Order-in_words-print_hide'}, method='frappe.model.delete_doc.delete_dynamic_links', site='education.localhost', user='Administrator') job in 0:00:00.071908s on worker 509d537860474bb2a312a7fc0ee82f39
2025-09-28 10:17:29,081 Users-user-Documents-resturantOS-frappe-bench:default: Job OK (education.localhost||d5957666-df7b-471d-940c-945277b3fe4a)
2025-09-28 10:17:29,081 Result is kept for 600 seconds
2025-09-28 10:17:29,089 Users-user-Documents-resturantOS-frappe-bench:default: frappe.utils.background_jobs.execute_job(event=None, is_async=True, job_name='frappe.model.delete_doc.delete_dynamic_links', kwargs={'doctype': 'Property Setter', 'name': 'Sales Invoice-in_words-hidden'}, method='frappe.model.delete_doc.delete_dynamic_links', site='education.localhost', user='Administrator') (education.localhost||0058555b-145f-4cd4-a521-022b32c91727)
2025-09-28 10:17:29,172 Successfully completed frappe.utils.background_jobs.execute_job(event=None, is_async=True, job_name='frappe.model.delete_doc.delete_dynamic_links', kwargs={'doctype': 'Property Setter', 'name': 'Sales Invoice-in_words-hidden'}, method='frappe.model.delete_doc.delete_dynamic_links', site='education.localhost', user='Administrator') job in 0:00:00.069060s on worker 509d537860474bb2a312a7fc0ee82f39
2025-09-28 10:17:29,173 Users-user-Documents-resturantOS-frappe-bench:default: Job OK (education.localhost||0058555b-145f-4cd4-a521-022b32c91727)
2025-09-28 10:17:29,173 Result is kept for 600 seconds
2025-09-28 10:17:29,181 Users-user-Documents-resturantOS-frappe-bench:default: frappe.utils.background_jobs.execute_job(event=None, is_async=True, job_name='frappe.model.delete_doc.delete_dynamic_links', kwargs={'doctype': 'Property Setter', 'name': 'Sales Invoice-in_words-print_hide'}, method='frappe.model.delete_doc.delete_dynamic_links', site='education.localhost', user='Administrator') (education.localhost||3db5536e-bbd2-4dad-9426-387706657b92)
2025-09-28 10:17:29,264 Successfully completed frappe.utils.background_jobs.execute_job(event=None, is_async=True, job_name='frappe.model.delete_doc.delete_dynamic_links', kwargs={'doctype': 'Property Setter', 'name': 'Sales Invoice-in_words-print_hide'}, method='frappe.model.delete_doc.delete_dynamic_links', site='education.localhost', user='Administrator') job in 0:00:00.069383s on worker 509d537860474bb2a312a7fc0ee82f39
2025-09-28 10:17:29,265 Users-user-Documents-resturantOS-frappe-bench:default: Job OK (education.localhost||3db5536e-bbd2-4dad-9426-387706657b92)
2025-09-28 10:17:29,265 Result is kept for 600 seconds
2025-09-28 10:17:29,273 Users-user-Documents-resturantOS-frappe-bench:default: frappe.utils.background_jobs.execute_job(event=None, is_async=True, job_name='frappe.model.delete_doc.delete_dynamic_links', kwargs={'doctype': 'Property Setter', 'name': 'Delivery Note-in_words-hidden'}, method='frappe.model.delete_doc.delete_dynamic_links', site='education.localhost', user='Administrator') (education.localhost||ea2c11b1-a4d1-466f-94e0-b11c57326df9)
2025-09-28 10:17:29,354 Successfully completed frappe.utils.background_jobs.execute_job(event=None, is_async=True, job_name='frappe.model.delete_doc.delete_dynamic_links', kwargs={'doctype': 'Property Setter', 'name': 'Delivery Note-in_words-hidden'}, method='frappe.model.delete_doc.delete_dynamic_links', site='education.localhost', user='Administrator') job in 0:00:00.068337s on worker 509d537860474bb2a312a7fc0ee82f39
2025-09-28 10:17:29,355 Users-user-Documents-resturantOS-frappe-bench:default: Job OK (education.localhost||ea2c11b1-a4d1-466f-94e0-b11c57326df9)
2025-09-28 10:17:29,355 Result is kept for 600 seconds
2025-09-28 10:17:29,363 Users-user-Documents-resturantOS-frappe-bench:default: frappe.utils.background_jobs.execute_job(event=None, is_async=True, job_name='frappe.model.delete_doc.delete_dynamic_links', kwargs={'doctype': 'Property Setter', 'name': 'Delivery Note-in_words-print_hide'}, method='frappe.model.delete_doc.delete_dynamic_links', site='education.localhost', user='Administrator') (education.localhost||67c7cdb7-e77b-4691-ba44-c527174aeed0)
2025-09-28 10:17:29,447 Successfully completed frappe.utils.background_jobs.execute_job(event=None, is_async=True, job_name='frappe.model.delete_doc.delete_dynamic_links', kwargs={'doctype': 'Property Setter', 'name': 'Delivery Note-in_words-print_hide'}, method='frappe.model.delete_doc.delete_dynamic_links', site='education.localhost', user='Administrator') job in 0:00:00.070137s on worker 509d537860474bb2a312a7fc0ee82f39
2025-09-28 10:17:29,447 Users-user-Documents-resturantOS-frappe-bench:default: Job OK (education.localhost||67c7cdb7-e77b-4691-ba44-c527174aeed0)
2025-09-28 10:17:29,448 Result is kept for 600 seconds
2025-09-28 10:17:29,456 Users-user-Documents-resturantOS-frappe-bench:default: frappe.utils.background_jobs.execute_job(event=None, is_async=True, job_name='frappe.model.delete_doc.delete_dynamic_links', kwargs={'doctype': 'Property Setter', 'name': 'Supplier Quotation-in_words-hidden'..., method='frappe.model.delete_doc.delete_dynamic_links', site='education.localhost', user='Administrator') (education.localhost||5f5187d0-66c9-4ca6-8e27-8b21f8ad7691)
2025-09-28 10:17:29,536 Successfully completed frappe.utils.background_jobs.execute_job(event=None, is_async=True, job_name='frappe.model.delete_doc.delete_dynamic_links', kwargs={'doctype': 'Property Setter', 'name': 'Supplier Quotation-in_words-hidden'..., method='frappe.model.delete_doc.delete_dynamic_links', site='education.localhost', user='Administrator') job in 0:00:00.067465s on worker 509d537860474bb2a312a7fc0ee82f39
2025-09-28 10:17:29,537 Users-user-Documents-resturantOS-frappe-bench:default: Job OK (education.localhost||5f5187d0-66c9-4ca6-8e27-8b21f8ad7691)
2025-09-28 10:17:29,537 Result is kept for 600 seconds
2025-09-28 10:17:29,545 Users-user-Documents-resturantOS-frappe-bench:default: frappe.utils.background_jobs.execute_job(event=None, is_async=True, job_name='frappe.model.delete_doc.delete_dynamic_links', kwargs={'doctype': 'Property Setter', 'name': 'Supplier Quotation-in_words-print_h..., method='frappe.model.delete_doc.delete_dynamic_links', site='education.localhost', user='Administrator') (education.localhost||0a485060-3406-4fce-add9-4919e99e5dc3)
2025-09-28 10:17:29,633 Successfully completed frappe.utils.background_jobs.execute_job(event=None, is_async=True, job_name='frappe.model.delete_doc.delete_dynamic_links', kwargs={'doctype': 'Property Setter', 'name': 'Supplier Quotation-in_words-print_h..., method='frappe.model.delete_doc.delete_dynamic_links', site='education.localhost', user='Administrator') job in 0:00:00.073910s on worker 509d537860474bb2a312a7fc0ee82f39
2025-09-28 10:17:29,633 Users-user-Documents-resturantOS-frappe-bench:default: Job OK (education.localhost||0a485060-3406-4fce-add9-4919e99e5dc3)
2025-09-28 10:17:29,634 Result is kept for 600 seconds
2025-09-28 10:17:29,641 Users-user-Documents-resturantOS-frappe-bench:default: frappe.utils.background_jobs.execute_job(event=None, is_async=True, job_name='frappe.model.delete_doc.delete_dynamic_links', kwargs={'doctype': 'Property Setter', 'name': 'Purchase Order-in_words-hidden'}, method='frappe.model.delete_doc.delete_dynamic_links', site='education.localhost', user='Administrator') (education.localhost||5a3d2b04-7d3b-481b-84f5-ab1195bd63cb)
2025-09-28 10:17:29,731 Successfully completed frappe.utils.background_jobs.execute_job(event=None, is_async=True, job_name='frappe.model.delete_doc.delete_dynamic_links', kwargs={'doctype': 'Property Setter', 'name': 'Purchase Order-in_words-hidden'}, method='frappe.model.delete_doc.delete_dynamic_links', site='education.localhost', user='Administrator') job in 0:00:00.075998s on worker 509d537860474bb2a312a7fc0ee82f39
2025-09-28 10:17:29,731 Users-user-Documents-resturantOS-frappe-bench:default: Job OK (education.localhost||5a3d2b04-7d3b-481b-84f5-ab1195bd63cb)
2025-09-28 10:17:29,732 Result is kept for 600 seconds
2025-09-28 10:17:29,740 Users-user-Documents-resturantOS-frappe-bench:default: frappe.utils.background_jobs.execute_job(event=None, is_async=True, job_name='frappe.model.delete_doc.delete_dynamic_links', kwargs={'doctype': 'Property Setter', 'name': 'Purchase Order-in_words-print_hide'..., method='frappe.model.delete_doc.delete_dynamic_links', site='education.localhost', user='Administrator') (education.localhost||f199922b-c987-4fd6-b9f6-9d683a9d35da)
2025-09-28 10:17:29,821 Successfully completed frappe.utils.background_jobs.execute_job(event=None, is_async=True, job_name='frappe.model.delete_doc.delete_dynamic_links', kwargs={'doctype': 'Property Setter', 'name': 'Purchase Order-in_words-print_hide'..., method='frappe.model.delete_doc.delete_dynamic_links', site='education.localhost', user='Administrator') job in 0:00:00.068176s on worker 509d537860474bb2a312a7fc0ee82f39
2025-09-28 10:17:29,822 Users-user-Documents-resturantOS-frappe-bench:default: Job OK (education.localhost||f199922b-c987-4fd6-b9f6-9d683a9d35da)
2025-09-28 10:17:29,822 Result is kept for 600 seconds
2025-09-28 10:17:29,830 Users-user-Documents-resturantOS-frappe-bench:default: frappe.utils.background_jobs.execute_job(event=None, is_async=True, job_name='frappe.model.delete_doc.delete_dynamic_links', kwargs={'doctype': 'Property Setter', 'name': 'Purchase Invoice-in_words-hidden'}, method='frappe.model.delete_doc.delete_dynamic_links', site='education.localhost', user='Administrator') (education.localhost||cff095bb-94f7-4e39-bd55-a09a8cce8d46)
2025-09-28 10:17:29,912 Successfully completed frappe.utils.background_jobs.execute_job(event=None, is_async=True, job_name='frappe.model.delete_doc.delete_dynamic_links', kwargs={'doctype': 'Property Setter', 'name': 'Purchase Invoice-in_words-hidden'}, method='frappe.model.delete_doc.delete_dynamic_links', site='education.localhost', user='Administrator') job in 0:00:00.069273s on worker 509d537860474bb2a312a7fc0ee82f39
2025-09-28 10:17:29,913 Users-user-Documents-resturantOS-frappe-bench:default: Job OK (education.localhost||cff095bb-94f7-4e39-bd55-a09a8cce8d46)
2025-09-28 10:17:29,913 Result is kept for 600 seconds
2025-09-28 10:17:29,922 Users-user-Documents-resturantOS-frappe-bench:default: frappe.utils.background_jobs.execute_job(event=None, is_async=True, job_name='frappe.model.delete_doc.delete_dynamic_links', kwargs={'doctype': 'Property Setter', 'name': 'Purchase Invoice-in_words-print_hid..., method='frappe.model.delete_doc.delete_dynamic_links', site='education.localhost', user='Administrator') (education.localhost||e79ceb5c-47ff-4524-848a-8b9e0a8e11fe)
2025-09-28 10:17:30,002 Successfully completed frappe.utils.background_jobs.execute_job(event=None, is_async=True, job_name='frappe.model.delete_doc.delete_dynamic_links', kwargs={'doctype': 'Property Setter', 'name': 'Purchase Invoice-in_words-print_hid..., method='frappe.model.delete_doc.delete_dynamic_links', site='education.localhost', user='Administrator') job in 0:00:00.066774s on worker 509d537860474bb2a312a7fc0ee82f39
2025-09-28 10:17:30,002 Users-user-Documents-resturantOS-frappe-bench:default: Job OK (education.localhost||e79ceb5c-47ff-4524-848a-8b9e0a8e11fe)
2025-09-28 10:17:30,002 Result is kept for 600 seconds
2025-09-28 10:17:30,010 Users-user-Documents-resturantOS-frappe-bench:default: frappe.utils.background_jobs.execute_job(event=None, is_async=True, job_name='frappe.model.delete_doc.delete_dynamic_links', kwargs={'doctype': 'Property Setter', 'name': 'Purchase Receipt-in_words-hidden'}, method='frappe.model.delete_doc.delete_dynamic_links', site='education.localhost', user='Administrator') (education.localhost||0e8770c7-93f1-46d4-a0d4-6a1776e0463b)
2025-09-28 10:17:30,092 Successfully completed frappe.utils.background_jobs.execute_job(event=None, is_async=True, job_name='frappe.model.delete_doc.delete_dynamic_links', kwargs={'doctype': 'Property Setter', 'name': 'Purchase Receipt-in_words-hidden'}, method='frappe.model.delete_doc.delete_dynamic_links', site='education.localhost', user='Administrator') job in 0:00:00.068184s on worker 509d537860474bb2a312a7fc0ee82f39
2025-09-28 10:17:30,092 Users-user-Documents-resturantOS-frappe-bench:default: Job OK (education.localhost||0e8770c7-93f1-46d4-a0d4-6a1776e0463b)
2025-09-28 10:17:30,093 Result is kept for 600 seconds
2025-09-28 10:17:30,101 Users-user-Documents-resturantOS-frappe-bench:default: frappe.utils.background_jobs.execute_job(event=None, is_async=True, job_name='frappe.model.delete_doc.delete_dynamic_links', kwargs={'doctype': 'Property Setter', 'name': 'Purchase Receipt-in_words-print_hid..., method='frappe.model.delete_doc.delete_dynamic_links', site='education.localhost', user='Administrator') (education.localhost||3cfd9402-cd4d-4099-8023-ba4a9367b3a3)
2025-09-28 10:17:30,185 Successfully completed frappe.utils.background_jobs.execute_job(event=None, is_async=True, job_name='frappe.model.delete_doc.delete_dynamic_links', kwargs={'doctype': 'Property Setter', 'name': 'Purchase Receipt-in_words-print_hid..., method='frappe.model.delete_doc.delete_dynamic_links', site='education.localhost', user='Administrator') job in 0:00:00.071360s on worker 509d537860474bb2a312a7fc0ee82f39
2025-09-28 10:17:30,186 Users-user-Documents-resturantOS-frappe-bench:default: Job OK (education.localhost||3cfd9402-cd4d-4099-8023-ba4a9367b3a3)
2025-09-28 10:17:30,186 Result is kept for 600 seconds
2025-09-28 10:17:30,194 Users-user-Documents-resturantOS-frappe-bench:default: frappe.utils.background_jobs.execute_job(event=None, is_async=True, job_name='frappe.model.delete_doc.delete_dynamic_links', kwargs={'doctype': 'Property Setter', 'name': 'Item-naming_series-reqd'}, method='frappe.model.delete_doc.delete_dynamic_links', site='education.localhost', user='Administrator') (education.localhost||76892234-cbca-40ad-af8f-214b5d43ed81)
2025-09-28 10:17:30,280 Successfully completed frappe.utils.background_jobs.execute_job(event=None, is_async=True, job_name='frappe.model.delete_doc.delete_dynamic_links', kwargs={'doctype': 'Property Setter', 'name': 'Item-naming_series-reqd'}, method='frappe.model.delete_doc.delete_dynamic_links', site='education.localhost', user='Administrator') job in 0:00:00.071780s on worker 509d537860474bb2a312a7fc0ee82f39
2025-09-28 10:17:30,280 Users-user-Documents-resturantOS-frappe-bench:default: Job OK (education.localhost||76892234-cbca-40ad-af8f-214b5d43ed81)
2025-09-28 10:17:30,281 Result is kept for 600 seconds
2025-09-28 10:17:30,288 Users-user-Documents-resturantOS-frappe-bench:default: frappe.utils.background_jobs.execute_job(event=None, is_async=True, job_name='frappe.model.delete_doc.delete_dynamic_links', kwargs={'doctype': 'Property Setter', 'name': 'Item-naming_series-hidden'}, method='frappe.model.delete_doc.delete_dynamic_links', site='education.localhost', user='Administrator') (education.localhost||2f0b7156-1722-487d-a014-c7b70aff9b83)
2025-09-28 10:17:30,369 Successfully completed frappe.utils.background_jobs.execute_job(event=None, is_async=True, job_name='frappe.model.delete_doc.delete_dynamic_links', kwargs={'doctype': 'Property Setter', 'name': 'Item-naming_series-hidden'}, method='frappe.model.delete_doc.delete_dynamic_links', site='education.localhost', user='Administrator') job in 0:00:00.067870s on worker 509d537860474bb2a312a7fc0ee82f39
2025-09-28 10:17:30,370 Users-user-Documents-resturantOS-frappe-bench:default: Job OK (education.localhost||2f0b7156-1722-487d-a014-c7b70aff9b83)
2025-09-28 10:17:30,370 Result is kept for 600 seconds
2025-09-28 10:17:30,378 Users-user-Documents-resturantOS-frappe-bench:default: frappe.utils.background_jobs.execute_job(event=None, is_async=True, job_name='frappe.model.delete_doc.delete_dynamic_links', kwargs={'doctype': 'Property Setter', 'name': 'Item-item_code-hidden'}, method='frappe.model.delete_doc.delete_dynamic_links', site='education.localhost', user='Administrator') (education.localhost||836e839f-9fb1-4152-ac04-37d8efe16a30)
2025-09-28 10:17:30,460 Successfully completed frappe.utils.background_jobs.execute_job(event=None, is_async=True, job_name='frappe.model.delete_doc.delete_dynamic_links', kwargs={'doctype': 'Property Setter', 'name': 'Item-item_code-hidden'}, method='frappe.model.delete_doc.delete_dynamic_links', site='education.localhost', user='Administrator') job in 0:00:00.068690s on worker 509d537860474bb2a312a7fc0ee82f39
2025-09-28 10:17:30,461 Users-user-Documents-resturantOS-frappe-bench:default: Job OK (education.localhost||836e839f-9fb1-4152-ac04-37d8efe16a30)
2025-09-28 10:17:30,461 Result is kept for 600 seconds
2025-09-28 10:17:30,469 Users-user-Documents-resturantOS-frappe-bench:default: frappe.utils.background_jobs.execute_job(event=None, is_async=True, job_name='frappe.model.delete_doc.delete_dynamic_links', kwargs={'doctype': 'Property Setter', 'name': 'Item-item_code-reqd'}, method='frappe.model.delete_doc.delete_dynamic_links', site='education.localhost', user='Administrator') (education.localhost||74cbf5cc-73e4-42a7-9892-759c96e739e7)
2025-09-28 10:17:30,555 Successfully completed frappe.utils.background_jobs.execute_job(event=None, is_async=True, job_name='frappe.model.delete_doc.delete_dynamic_links', kwargs={'doctype': 'Property Setter', 'name': 'Item-item_code-reqd'}, method='frappe.model.delete_doc.delete_dynamic_links', site='education.localhost', user='Administrator') job in 0:00:00.072201s on worker 509d537860474bb2a312a7fc0ee82f39
2025-09-28 10:17:30,555 Users-user-Documents-resturantOS-frappe-bench:default: Job OK (education.localhost||74cbf5cc-73e4-42a7-9892-759c96e739e7)
2025-09-28 10:17:30,556 Result is kept for 600 seconds
2025-09-28 10:17:30,565 Users-user-Documents-resturantOS-frappe-bench:default: frappe.utils.background_jobs.execute_job(event=None, is_async=True, job_name='frappe.model.delete_doc.delete_dynamic_links', kwargs={'doctype': 'Property Setter', 'name': 'Sales Invoice Item-barcode-hidden'}, method='frappe.model.delete_doc.delete_dynamic_links', site='education.localhost', user='Administrator') (education.localhost||3671110d-aa01-4afd-b912-965c890f3e91)
2025-09-28 10:17:30,652 Successfully completed frappe.utils.background_jobs.execute_job(event=None, is_async=True, job_name='frappe.model.delete_doc.delete_dynamic_links', kwargs={'doctype': 'Property Setter', 'name': 'Sales Invoice Item-barcode-hidden'}, method='frappe.model.delete_doc.delete_dynamic_links', site='education.localhost', user='Administrator') job in 0:00:00.073651s on worker 509d537860474bb2a312a7fc0ee82f39
2025-09-28 10:17:30,653 Users-user-Documents-resturantOS-frappe-bench:default: Job OK (education.localhost||3671110d-aa01-4afd-b912-965c890f3e91)
2025-09-28 10:17:30,653 Result is kept for 600 seconds
2025-09-28 10:17:30,661 Users-user-Documents-resturantOS-frappe-bench:default: frappe.utils.background_jobs.execute_job(event=None, is_async=True, job_name='frappe.model.delete_doc.delete_dynamic_links', kwargs={'doctype': 'Property Setter', 'name': 'POS Invoice Item-barcode-hidden'}, method='frappe.model.delete_doc.delete_dynamic_links', site='education.localhost', user='Administrator') (education.localhost||a0ef0534-74df-4a9a-aaca-d187d5ce0c2b)
2025-09-28 10:17:30,744 Successfully completed frappe.utils.background_jobs.execute_job(event=None, is_async=True, job_name='frappe.model.delete_doc.delete_dynamic_links', kwargs={'doctype': 'Property Setter', 'name': 'POS Invoice Item-barcode-hidden'}, method='frappe.model.delete_doc.delete_dynamic_links', site='education.localhost', user='Administrator') job in 0:00:00.070106s on worker 509d537860474bb2a312a7fc0ee82f39
2025-09-28 10:17:30,745 Users-user-Documents-resturantOS-frappe-bench:default: Job OK (education.localhost||a0ef0534-74df-4a9a-aaca-d187d5ce0c2b)
2025-09-28 10:17:30,745 Result is kept for 600 seconds
2025-09-28 10:17:30,753 Users-user-Documents-resturantOS-frappe-bench:default: frappe.utils.background_jobs.execute_job(event=None, is_async=True, job_name='frappe.model.delete_doc.delete_dynamic_links', kwargs={'doctype': 'Property Setter', 'name': 'Job Card-barcode-hidden'}, method='frappe.model.delete_doc.delete_dynamic_links', site='education.localhost', user='Administrator') (education.localhost||a27c6a66-14b8-46fc-9c36-07d2c2a376c4)
2025-09-28 10:17:30,834 Successfully completed frappe.utils.background_jobs.execute_job(event=None, is_async=True, job_name='frappe.model.delete_doc.delete_dynamic_links', kwargs={'doctype': 'Property Setter', 'name': 'Job Card-barcode-hidden'}, method='frappe.model.delete_doc.delete_dynamic_links', site='education.localhost', user='Administrator') job in 0:00:00.067507s on worker 509d537860474bb2a312a7fc0ee82f39
2025-09-28 10:17:30,834 Users-user-Documents-resturantOS-frappe-bench:default: Job OK (education.localhost||a27c6a66-14b8-46fc-9c36-07d2c2a376c4)
2025-09-28 10:17:30,835 Result is kept for 600 seconds
2025-09-28 10:17:30,843 Users-user-Documents-resturantOS-frappe-bench:default: frappe.utils.background_jobs.execute_job(event=None, is_async=True, job_name='frappe.model.delete_doc.delete_dynamic_links', kwargs={'doctype': 'Property Setter', 'name': 'Purchase Receipt Item-barcode-hidde..., method='frappe.model.delete_doc.delete_dynamic_links', site='education.localhost', user='Administrator') (education.localhost||ca34f4be-4b81-454d-a997-58fcf89073a2)
2025-09-28 10:17:30,924 Successfully completed frappe.utils.background_jobs.execute_job(event=None, is_async=True, job_name='frappe.model.delete_doc.delete_dynamic_links', kwargs={'doctype': 'Property Setter', 'name': 'Purchase Receipt Item-barcode-hidde..., method='frappe.model.delete_doc.delete_dynamic_links', site='education.localhost', user='Administrator') job in 0:00:00.068729s on worker 509d537860474bb2a312a7fc0ee82f39
2025-09-28 10:17:30,925 Users-user-Documents-resturantOS-frappe-bench:default: Job OK (education.localhost||ca34f4be-4b81-454d-a997-58fcf89073a2)
2025-09-28 10:17:30,925 Result is kept for 600 seconds
2025-09-28 10:17:30,934 Users-user-Documents-resturantOS-frappe-bench:default: frappe.utils.background_jobs.execute_job(event=None, is_async=True, job_name='frappe.model.delete_doc.delete_dynamic_links', kwargs={'doctype': 'Property Setter', 'name': 'Delivery Note Item-barcode-hidden'}, method='frappe.model.delete_doc.delete_dynamic_links', site='education.localhost', user='Administrator') (education.localhost||78453408-9f02-426b-8aff-ab4db75b4020)
2025-09-28 10:17:31,016 Successfully completed frappe.utils.background_jobs.execute_job(event=None, is_async=True, job_name='frappe.model.delete_doc.delete_dynamic_links', kwargs={'doctype': 'Property Setter', 'name': 'Delivery Note Item-barcode-hidden'}, method='frappe.model.delete_doc.delete_dynamic_links', site='education.localhost', user='Administrator') job in 0:00:00.068582s on worker 509d537860474bb2a312a7fc0ee82f39
2025-09-28 10:17:31,016 Users-user-Documents-resturantOS-frappe-bench:default: Job OK (education.localhost||78453408-9f02-426b-8aff-ab4db75b4020)
2025-09-28 10:17:31,017 Result is kept for 600 seconds
2025-09-28 10:17:31,024 Users-user-Documents-resturantOS-frappe-bench:default: frappe.utils.background_jobs.execute_job(event=None, is_async=True, job_name='frappe.model.delete_doc.delete_dynamic_links', kwargs={'doctype': 'Property Setter', 'name': 'Stock Reconciliation Item-barcode-h..., method='frappe.model.delete_doc.delete_dynamic_links', site='education.localhost', user='Administrator') (education.localhost||84a3dc3f-4324-4570-afac-ffafc65dd99d)
2025-09-28 10:17:31,105 Successfully completed frappe.utils.background_jobs.execute_job(event=None, is_async=True, job_name='frappe.model.delete_doc.delete_dynamic_links', kwargs={'doctype': 'Property Setter', 'name': 'Stock Reconciliation Item-barcode-h..., method='frappe.model.delete_doc.delete_dynamic_links', site='education.localhost', user='Administrator') job in 0:00:00.067866s on worker 509d537860474bb2a312a7fc0ee82f39
2025-09-28 10:17:31,106 Users-user-Documents-resturantOS-frappe-bench:default: Job OK (education.localhost||84a3dc3f-4324-4570-afac-ffafc65dd99d)
2025-09-28 10:17:31,106 Result is kept for 600 seconds
2025-09-28 10:17:31,113 Users-user-Documents-resturantOS-frappe-bench:default: frappe.utils.background_jobs.execute_job(event=None, is_async=True, job_name='frappe.model.delete_doc.delete_dynamic_links', kwargs={'doctype': 'Property Setter', 'name': 'Stock Entry Detail-barcode-hidden'}, method='frappe.model.delete_doc.delete_dynamic_links', site='education.localhost', user='Administrator') (education.localhost||001d2045-4e4e-43bd-88d4-8fdf41b06681)
2025-09-28 10:17:31,196 Successfully completed frappe.utils.background_jobs.execute_job(event=None, is_async=True, job_name='frappe.model.delete_doc.delete_dynamic_links', kwargs={'doctype': 'Property Setter', 'name': 'Stock Entry Detail-barcode-hidden'}, method='frappe.model.delete_doc.delete_dynamic_links', site='education.localhost', user='Administrator') job in 0:00:00.069221s on worker 509d537860474bb2a312a7fc0ee82f39
2025-09-28 10:17:31,196 Users-user-Documents-resturantOS-frappe-bench:default: Job OK (education.localhost||001d2045-4e4e-43bd-88d4-8fdf41b06681)
2025-09-28 10:17:31,196 Result is kept for 600 seconds
2025-09-28 10:17:31,204 Users-user-Documents-resturantOS-frappe-bench:default: frappe.utils.background_jobs.execute_job(event=None, is_async=True, job_name='frappe.model.delete_doc.delete_dynamic_links', kwargs={'doctype': 'Property Setter', 'name': 'Item Barcode-barcode-hidden'}, method='frappe.model.delete_doc.delete_dynamic_links', site='education.localhost', user='Administrator') (education.localhost||479085a8-1e20-4e85-9205-9d7f5680b3cd)
2025-09-28 10:17:31,285 Successfully completed frappe.utils.background_jobs.execute_job(event=None, is_async=True, job_name='frappe.model.delete_doc.delete_dynamic_links', kwargs={'doctype': 'Property Setter', 'name': 'Item Barcode-barcode-hidden'}, method='frappe.model.delete_doc.delete_dynamic_links', site='education.localhost', user='Administrator') job in 0:00:00.068167s on worker 509d537860474bb2a312a7fc0ee82f39
2025-09-28 10:17:31,286 Users-user-Documents-resturantOS-frappe-bench:default: Job OK (education.localhost||479085a8-1e20-4e85-9205-9d7f5680b3cd)
2025-09-28 10:17:31,286 Result is kept for 600 seconds
2025-09-28 10:17:31,294 Users-user-Documents-resturantOS-frappe-bench:default: frappe.utils.background_jobs.execute_job(event=None, is_async=True, job_name='frappe.model.delete_doc.delete_dynamic_links', kwargs={'doctype': 'Property Setter', 'name': 'Item-barcodes-hidden'}, method='frappe.model.delete_doc.delete_dynamic_links', site='education.localhost', user='Administrator') (education.localhost||5a9d3c6e-e4a1-45bf-97d6-5d44b8db5b04)
2025-09-28 10:17:31,377 Successfully completed frappe.utils.background_jobs.execute_job(event=None, is_async=True, job_name='frappe.model.delete_doc.delete_dynamic_links', kwargs={'doctype': 'Property Setter', 'name': 'Item-barcodes-hidden'}, method='frappe.model.delete_doc.delete_dynamic_links', site='education.localhost', user='Administrator') job in 0:00:00.070714s on worker 509d537860474bb2a312a7fc0ee82f39
2025-09-28 10:17:31,378 Users-user-Documents-resturantOS-frappe-bench:default: Job OK (education.localhost||5a9d3c6e-e4a1-45bf-97d6-5d44b8db5b04)
2025-09-28 10:17:31,378 Result is kept for 600 seconds
2025-09-28 10:17:31,386 Users-user-Documents-resturantOS-frappe-bench:default: frappe.utils.background_jobs.execute_job(event=None, is_async=True, job_name='frappe.model.delete_doc.delete_dynamic_links', kwargs={'doctype': 'Property Setter', 'name': 'Sales Invoice-scan_barcode-hidden'}, method='frappe.model.delete_doc.delete_dynamic_links', site='education.localhost', user='Administrator') (education.localhost||33dda912-2b8a-452d-8519-cdd5b1098d0b)
2025-09-28 10:17:31,541 Successfully completed frappe.utils.background_jobs.execute_job(event=None, is_async=True, job_name='frappe.model.delete_doc.delete_dynamic_links', kwargs={'doctype': 'Property Setter', 'name': 'Sales Invoice-scan_barcode-hidden'}, method='frappe.model.delete_doc.delete_dynamic_links', site='education.localhost', user='Administrator') job in 0:00:00.141402s on worker 509d537860474bb2a312a7fc0ee82f39
2025-09-28 10:17:31,541 Users-user-Documents-resturantOS-frappe-bench:default: Job OK (education.localhost||33dda912-2b8a-452d-8519-cdd5b1098d0b)
2025-09-28 10:17:31,542 Result is kept for 600 seconds
2025-09-28 10:17:31,549 Users-user-Documents-resturantOS-frappe-bench:default: frappe.utils.background_jobs.execute_job(event=None, is_async=True, job_name='frappe.model.delete_doc.delete_dynamic_links', kwargs={'doctype': 'Property Setter', 'name': 'POS Invoice-scan_barcode-hidden'}, method='frappe.model.delete_doc.delete_dynamic_links', site='education.localhost', user='Administrator') (education.localhost||955c1e66-2ee9-4544-b785-70fe1fa1b353)
2025-09-28 10:17:31,635 Successfully completed frappe.utils.background_jobs.execute_job(event=None, is_async=True, job_name='frappe.model.delete_doc.delete_dynamic_links', kwargs={'doctype': 'Property Setter', 'name': 'POS Invoice-scan_barcode-hidden'}, method='frappe.model.delete_doc.delete_dynamic_links', site='education.localhost', user='Administrator') job in 0:00:00.071703s on worker 509d537860474bb2a312a7fc0ee82f39
2025-09-28 10:17:31,635 Users-user-Documents-resturantOS-frappe-bench:default: Job OK (education.localhost||955c1e66-2ee9-4544-b785-70fe1fa1b353)
2025-09-28 10:17:31,635 Result is kept for 600 seconds
2025-09-28 10:17:31,643 Users-user-Documents-resturantOS-frappe-bench:default: frappe.utils.background_jobs.execute_job(event=None, is_async=True, job_name='frappe.model.delete_doc.delete_dynamic_links', kwargs={'doctype': 'Property Setter', 'name': 'Purchase Invoice-scan_barcode-hidde..., method='frappe.model.delete_doc.delete_dynamic_links', site='education.localhost', user='Administrator') (education.localhost||78494b8c-90a3-47a5-b0af-2dce77240816)
2025-09-28 10:17:31,724 Successfully completed frappe.utils.background_jobs.execute_job(event=None, is_async=True, job_name='frappe.model.delete_doc.delete_dynamic_links', kwargs={'doctype': 'Property Setter', 'name': 'Purchase Invoice-scan_barcode-hidde..., method='frappe.model.delete_doc.delete_dynamic_links', site='education.localhost', user='Administrator') job in 0:00:00.067894s on worker 509d537860474bb2a312a7fc0ee82f39
2025-09-28 10:17:31,725 Users-user-Documents-resturantOS-frappe-bench:default: Job OK (education.localhost||78494b8c-90a3-47a5-b0af-2dce77240816)
2025-09-28 10:17:31,725 Result is kept for 600 seconds
2025-09-28 10:17:31,733 Users-user-Documents-resturantOS-frappe-bench:default: frappe.utils.background_jobs.execute_job(event=None, is_async=True, job_name='frappe.model.delete_doc.delete_dynamic_links', kwargs={'doctype': 'Property Setter', 'name': 'Purchase Order-scan_barcode-hidden'..., method='frappe.model.delete_doc.delete_dynamic_links', site='education.localhost', user='Administrator') (education.localhost||b99b1d7a-2b61-4a8a-a442-24253263f619)
2025-09-28 10:17:31,815 Successfully completed frappe.utils.background_jobs.execute_job(event=None, is_async=True, job_name='frappe.model.delete_doc.delete_dynamic_links', kwargs={'doctype': 'Property Setter', 'name': 'Purchase Order-scan_barcode-hidden'..., method='frappe.model.delete_doc.delete_dynamic_links', site='education.localhost', user='Administrator') job in 0:00:00.068324s on worker 509d537860474bb2a312a7fc0ee82f39
2025-09-28 10:17:31,815 Users-user-Documents-resturantOS-frappe-bench:default: Job OK (education.localhost||b99b1d7a-2b61-4a8a-a442-24253263f619)
2025-09-28 10:17:31,815 Result is kept for 600 seconds
2025-09-28 10:17:31,824 Users-user-Documents-resturantOS-frappe-bench:default: frappe.utils.background_jobs.execute_job(event=None, is_async=True, job_name='frappe.model.delete_doc.delete_dynamic_links', kwargs={'doctype': 'Property Setter', 'name': 'Quotation-scan_barcode-hidden'}, method='frappe.model.delete_doc.delete_dynamic_links', site='education.localhost', user='Administrator') (education.localhost||5fc8b29b-fa2d-4891-8d88-45c8a35fc62c)
2025-09-28 10:17:31,904 Successfully completed frappe.utils.background_jobs.execute_job(event=None, is_async=True, job_name='frappe.model.delete_doc.delete_dynamic_links', kwargs={'doctype': 'Property Setter', 'name': 'Quotation-scan_barcode-hidden'}, method='frappe.model.delete_doc.delete_dynamic_links', site='education.localhost', user='Administrator') job in 0:00:00.067591s on worker 509d537860474bb2a312a7fc0ee82f39
2025-09-28 10:17:31,905 Users-user-Documents-resturantOS-frappe-bench:default: Job OK (education.localhost||5fc8b29b-fa2d-4891-8d88-45c8a35fc62c)
2025-09-28 10:17:31,905 Result is kept for 600 seconds
2025-09-28 10:17:31,913 Users-user-Documents-resturantOS-frappe-bench:default: frappe.utils.background_jobs.execute_job(event=None, is_async=True, job_name='frappe.model.delete_doc.delete_dynamic_links', kwargs={'doctype': 'Property Setter', 'name': 'Sales Order-scan_barcode-hidden'}, method='frappe.model.delete_doc.delete_dynamic_links', site='education.localhost', user='Administrator') (education.localhost||f31b45a6-9f9e-4f40-af71-af6d34eed0da)
2025-09-28 10:17:31,994 Successfully completed frappe.utils.background_jobs.execute_job(event=None, is_async=True, job_name='frappe.model.delete_doc.delete_dynamic_links', kwargs={'doctype': 'Property Setter', 'name': 'Sales Order-scan_barcode-hidden'}, method='frappe.model.delete_doc.delete_dynamic_links', site='education.localhost', user='Administrator') job in 0:00:00.067524s on worker 509d537860474bb2a312a7fc0ee82f39
2025-09-28 10:17:31,995 Users-user-Documents-resturantOS-frappe-bench:default: Job OK (education.localhost||f31b45a6-9f9e-4f40-af71-af6d34eed0da)
2025-09-28 10:17:31,995 Result is kept for 600 seconds
2025-09-28 10:17:32,002 Users-user-Documents-resturantOS-frappe-bench:default: frappe.utils.background_jobs.execute_job(event=None, is_async=True, job_name='frappe.model.delete_doc.delete_dynamic_links', kwargs={'doctype': 'Property Setter', 'name': 'Pick List-scan_barcode-hidden'}, method='frappe.model.delete_doc.delete_dynamic_links', site='education.localhost', user='Administrator') (education.localhost||c4edfaa4-6711-4501-acd1-d84dd165c27b)
2025-09-28 10:17:32,083 Successfully completed frappe.utils.background_jobs.execute_job(event=None, is_async=True, job_name='frappe.model.delete_doc.delete_dynamic_links', kwargs={'doctype': 'Property Setter', 'name': 'Pick List-scan_barcode-hidden'}, method='frappe.model.delete_doc.delete_dynamic_links', site='education.localhost', user='Administrator') job in 0:00:00.067727s on worker 509d537860474bb2a312a7fc0ee82f39
2025-09-28 10:17:32,083 Users-user-Documents-resturantOS-frappe-bench:default: Job OK (education.localhost||c4edfaa4-6711-4501-acd1-d84dd165c27b)
2025-09-28 10:17:32,084 Result is kept for 600 seconds
2025-09-28 10:17:32,092 Users-user-Documents-resturantOS-frappe-bench:default: frappe.utils.background_jobs.execute_job(event=None, is_async=True, job_name='frappe.model.delete_doc.delete_dynamic_links', kwargs={'doctype': 'Property Setter', 'name': 'Stock Reconciliation-scan_barcode-h..., method='frappe.model.delete_doc.delete_dynamic_links', site='education.localhost', user='Administrator') (education.localhost||d531eb19-56a9-4e65-8e5d-55c70330641e)
2025-09-28 10:17:32,173 Successfully completed frappe.utils.background_jobs.execute_job(event=None, is_async=True, job_name='frappe.model.delete_doc.delete_dynamic_links', kwargs={'doctype': 'Property Setter', 'name': 'Stock Reconciliation-scan_barcode-h..., method='frappe.model.delete_doc.delete_dynamic_links', site='education.localhost', user='Administrator') job in 0:00:00.068245s on worker 509d537860474bb2a312a7fc0ee82f39
2025-09-28 10:17:32,174 Users-user-Documents-resturantOS-frappe-bench:default: Job OK (education.localhost||d531eb19-56a9-4e65-8e5d-55c70330641e)
2025-09-28 10:17:32,174 Result is kept for 600 seconds
2025-09-28 10:17:32,182 Users-user-Documents-resturantOS-frappe-bench:default: frappe.utils.background_jobs.execute_job(event=None, is_async=True, job_name='frappe.model.delete_doc.delete_dynamic_links', kwargs={'doctype': 'Property Setter', 'name': 'Material Request-scan_barcode-hidde..., method='frappe.model.delete_doc.delete_dynamic_links', site='education.localhost', user='Administrator') (education.localhost||927c090d-187a-4460-a4d9-00f7569c89eb)
2025-09-28 10:17:32,263 Successfully completed frappe.utils.background_jobs.execute_job(event=None, is_async=True, job_name='frappe.model.delete_doc.delete_dynamic_links', kwargs={'doctype': 'Property Setter', 'name': 'Material Request-scan_barcode-hidde..., method='frappe.model.delete_doc.delete_dynamic_links', site='education.localhost', user='Administrator') job in 0:00:00.067475s on worker 509d537860474bb2a312a7fc0ee82f39
2025-09-28 10:17:32,263 Users-user-Documents-resturantOS-frappe-bench:default: Job OK (education.localhost||927c090d-187a-4460-a4d9-00f7569c89eb)
2025-09-28 10:17:32,264 Result is kept for 600 seconds
2025-09-28 10:17:32,272 Users-user-Documents-resturantOS-frappe-bench:default: frappe.utils.background_jobs.execute_job(event=None, is_async=True, job_name='frappe.model.delete_doc.delete_dynamic_links', kwargs={'doctype': 'Property Setter', 'name': 'Delivery Note-scan_barcode-hidden'}, method='frappe.model.delete_doc.delete_dynamic_links', site='education.localhost', user='Administrator') (education.localhost||f1a4bf08-a74a-4909-be22-81f4374b764c)
2025-09-28 10:17:32,353 Successfully completed frappe.utils.background_jobs.execute_job(event=None, is_async=True, job_name='frappe.model.delete_doc.delete_dynamic_links', kwargs={'doctype': 'Property Setter', 'name': 'Delivery Note-scan_barcode-hidden'}, method='frappe.model.delete_doc.delete_dynamic_links', site='education.localhost', user='Administrator') job in 0:00:00.067234s on worker 509d537860474bb2a312a7fc0ee82f39
2025-09-28 10:17:32,353 Users-user-Documents-resturantOS-frappe-bench:default: Job OK (education.localhost||f1a4bf08-a74a-4909-be22-81f4374b764c)
2025-09-28 10:17:32,354 Result is kept for 600 seconds
2025-09-28 10:17:32,362 Users-user-Documents-resturantOS-frappe-bench:default: frappe.utils.background_jobs.execute_job(event=None, is_async=True, job_name='frappe.model.delete_doc.delete_dynamic_links', kwargs={'doctype': 'Property Setter', 'name': 'Purchase Receipt-scan_barcode-hidde..., method='frappe.model.delete_doc.delete_dynamic_links', site='education.localhost', user='Administrator') (education.localhost||2d9201c7-d4ce-4f3a-be71-ad4641f47f8b)
2025-09-28 10:17:32,474 Successfully completed frappe.utils.background_jobs.execute_job(event=None, is_async=True, job_name='frappe.model.delete_doc.delete_dynamic_links', kwargs={'doctype': 'Property Setter', 'name': 'Purchase Receipt-scan_barcode-hidde..., method='frappe.model.delete_doc.delete_dynamic_links', site='education.localhost', user='Administrator') job in 0:00:00.096622s on worker 509d537860474bb2a312a7fc0ee82f39
2025-09-28 10:17:32,474 Users-user-Documents-resturantOS-frappe-bench:default: Job OK (education.localhost||2d9201c7-d4ce-4f3a-be71-ad4641f47f8b)
2025-09-28 10:17:32,475 Result is kept for 600 seconds
2025-09-28 10:17:32,491 Users-user-Documents-resturantOS-frappe-bench:default: frappe.utils.background_jobs.execute_job(event=None, is_async=True, job_name='frappe.model.delete_doc.delete_dynamic_links', kwargs={'doctype': 'Property Setter', 'name': 'Stock Entry-scan_barcode-hidden'}, method='frappe.model.delete_doc.delete_dynamic_links', site='education.localhost', user='Administrator') (education.localhost||65ddb6c0-fe27-4d18-9711-c83194abf9d8)
2025-09-28 10:17:32,576 Successfully completed frappe.utils.background_jobs.execute_job(event=None, is_async=True, job_name='frappe.model.delete_doc.delete_dynamic_links', kwargs={'doctype': 'Property Setter', 'name': 'Stock Entry-scan_barcode-hidden'}, method='frappe.model.delete_doc.delete_dynamic_links', site='education.localhost', user='Administrator') job in 0:00:00.071231s on worker 509d537860474bb2a312a7fc0ee82f39
2025-09-28 10:17:32,576 Users-user-Documents-resturantOS-frappe-bench:default: Job OK (education.localhost||65ddb6c0-fe27-4d18-9711-c83194abf9d8)
2025-09-28 10:17:32,577 Result is kept for 600 seconds
2025-09-28 10:17:32,585 Users-user-Documents-resturantOS-frappe-bench:default: frappe.utils.background_jobs.execute_job(event=None, is_async=True, job_name='frappe.model.delete_doc.delete_dynamic_links', kwargs={'doctype': 'Property Setter', 'name': 'Sales Invoice Item-target_warehouse..., method='frappe.model.delete_doc.delete_dynamic_links', site='education.localhost', user='Administrator') (education.localhost||e7dc1a14-7028-4cb7-9369-d80d331dd5ed)
2025-09-28 10:17:32,670 Successfully completed frappe.utils.background_jobs.execute_job(event=None, is_async=True, job_name='frappe.model.delete_doc.delete_dynamic_links', kwargs={'doctype': 'Property Setter', 'name': 'Sales Invoice Item-target_warehouse..., method='frappe.model.delete_doc.delete_dynamic_links', site='education.localhost', user='Administrator') job in 0:00:00.071065s on worker 509d537860474bb2a312a7fc0ee82f39
2025-09-28 10:17:32,670 Users-user-Documents-resturantOS-frappe-bench:default: Job OK (education.localhost||e7dc1a14-7028-4cb7-9369-d80d331dd5ed)
2025-09-28 10:17:32,670 Result is kept for 600 seconds
2025-09-28 10:17:32,679 Users-user-Documents-resturantOS-frappe-bench:default: frappe.utils.background_jobs.execute_job(event=None, is_async=True, job_name='frappe.model.delete_doc.delete_dynamic_links', kwargs={'doctype': 'Property Setter', 'name': 'Delivery Note Item-target_warehouse..., method='frappe.model.delete_doc.delete_dynamic_links', site='education.localhost', user='Administrator') (education.localhost||24a093ef-dabc-4a7e-a839-2fca6203e098)
2025-09-28 10:17:32,763 Successfully completed frappe.utils.background_jobs.execute_job(event=None, is_async=True, job_name='frappe.model.delete_doc.delete_dynamic_links', kwargs={'doctype': 'Property Setter', 'name': 'Delivery Note Item-target_warehouse..., method='frappe.model.delete_doc.delete_dynamic_links', site='education.localhost', user='Administrator') job in 0:00:00.071143s on worker 509d537860474bb2a312a7fc0ee82f39
2025-09-28 10:17:32,764 Users-user-Documents-resturantOS-frappe-bench:default: Job OK (education.localhost||24a093ef-dabc-4a7e-a839-2fca6203e098)
2025-09-28 10:17:32,764 Result is kept for 600 seconds
2025-09-28 10:17:32,772 Users-user-Documents-resturantOS-frappe-bench:default: frappe.utils.background_jobs.execute_job(event=None, is_async=True, job_name='frappe.model.delete_doc.delete_dynamic_links', kwargs={'doctype': 'Property Setter', 'name': 'Purchase Invoice Item-from_warehous..., method='frappe.model.delete_doc.delete_dynamic_links', site='education.localhost', user='Administrator') (education.localhost||e295e182-9561-49dc-ae91-bbacdfbbcf8f)
2025-09-28 10:17:32,854 Successfully completed frappe.utils.background_jobs.execute_job(event=None, is_async=True, job_name='frappe.model.delete_doc.delete_dynamic_links', kwargs={'doctype': 'Property Setter', 'name': 'Purchase Invoice Item-from_warehous..., method='frappe.model.delete_doc.delete_dynamic_links', site='education.localhost', user='Administrator') job in 0:00:00.068117s on worker 509d537860474bb2a312a7fc0ee82f39
2025-09-28 10:17:32,854 Users-user-Documents-resturantOS-frappe-bench:default: Job OK (education.localhost||e295e182-9561-49dc-ae91-bbacdfbbcf8f)
2025-09-28 10:17:32,855 Result is kept for 600 seconds
2025-09-28 10:17:32,863 Users-user-Documents-resturantOS-frappe-bench:default: frappe.utils.background_jobs.execute_job(event=None, is_async=True, job_name='frappe.model.delete_doc.delete_dynamic_links', kwargs={'doctype': 'Property Setter', 'name': 'Purchase Receipt Item-from_warehous..., method='frappe.model.delete_doc.delete_dynamic_links', site='education.localhost', user='Administrator') (education.localhost||400a101c-a5ff-4d74-9cc2-510e08e8e4c6)
2025-09-28 10:17:32,945 Successfully completed frappe.utils.background_jobs.execute_job(event=None, is_async=True, job_name='frappe.model.delete_doc.delete_dynamic_links', kwargs={'doctype': 'Property Setter', 'name': 'Purchase Receipt Item-from_warehous..., method='frappe.model.delete_doc.delete_dynamic_links', site='education.localhost', user='Administrator') job in 0:00:00.068604s on worker 509d537860474bb2a312a7fc0ee82f39
2025-09-28 10:17:32,945 Users-user-Documents-resturantOS-frappe-bench:default: Job OK (education.localhost||400a101c-a5ff-4d74-9cc2-510e08e8e4c6)
2025-09-28 10:17:32,945 Result is kept for 600 seconds
2025-09-28 10:17:32,954 Users-user-Documents-resturantOS-frappe-bench:long: frappe.utils.background_jobs.execute_job(event=None, is_async=True, job_name='frappe.core.doctype.scheduled_job_type.scheduled_job_type.run_scheduled_jo..., kwargs={'job_type': 'frappe.desk.form.document_follow.send_hourly_updates', 'sched..., method='frappe.core.doctype.scheduled_job_type.scheduled_job_type.run_scheduled_jo..., site='erpnext.localhost', user='Administrator') (erpnext.localhost||scheduled_job||i3qcmjkc4h)
2025-09-28 10:17:33,696 Successfully completed frappe.utils.background_jobs.execute_job(event=None, is_async=True, job_name='frappe.core.doctype.scheduled_job_type.scheduled_job_type.run_scheduled_jo..., kwargs={'job_type': 'frappe.desk.form.document_follow.send_hourly_updates', 'sched..., method='frappe.core.doctype.scheduled_job_type.scheduled_job_type.run_scheduled_jo..., site='erpnext.localhost', user='Administrator') job in 0:00:00.729617s on worker 509d537860474bb2a312a7fc0ee82f39
2025-09-28 10:17:33,696 Users-user-Documents-resturantOS-frappe-bench:long: Job OK (erpnext.localhost||scheduled_job||i3qcmjkc4h)
2025-09-28 10:17:33,697 Result is kept for 600 seconds
2025-09-28 10:17:33,707 Users-user-Documents-resturantOS-frappe-bench:long: frappe.utils.background_jobs.execute_job(event=None, is_async=True, job_name='frappe.core.doctype.scheduled_job_type.scheduled_job_type.run_scheduled_jo..., kwargs={'job_type': 'frappe.website.doctype.web_page.web_page.check_publish_status..., method='frappe.core.doctype.scheduled_job_type.scheduled_job_type.run_scheduled_jo..., site='erpnext.localhost', user='Administrator') (erpnext.localhost||scheduled_job||i3qs3c8ffo)
2025-09-28 10:17:34,520 Successfully completed frappe.utils.background_jobs.execute_job(event=None, is_async=True, job_name='frappe.core.doctype.scheduled_job_type.scheduled_job_type.run_scheduled_jo..., kwargs={'job_type': 'frappe.website.doctype.web_page.web_page.check_publish_status..., method='frappe.core.doctype.scheduled_job_type.scheduled_job_type.run_scheduled_jo..., site='erpnext.localhost', user='Administrator') job in 0:00:00.799334s on worker 509d537860474bb2a312a7fc0ee82f39
2025-09-28 10:17:34,520 Users-user-Documents-resturantOS-frappe-bench:long: Job OK (erpnext.localhost||scheduled_job||i3qs3c8ffo)
2025-09-28 10:17:34,521 Result is kept for 600 seconds
2025-09-28 10:17:34,532 Users-user-Documents-resturantOS-frappe-bench:long: frappe.utils.background_jobs.execute_job(event=None, is_async=True, job_name='frappe.core.doctype.scheduled_job_type.scheduled_job_type.run_scheduled_jo..., kwargs={'job_type': 'frappe.oauth.delete_oauth2_data', 'scheduled_job_type': 'i3qd..., method='frappe.core.doctype.scheduled_job_type.scheduled_job_type.run_scheduled_jo..., site='erpnext.localhost', user='Administrator') (erpnext.localhost||scheduled_job||i3qdh7n1eu)
2025-09-28 10:17:35,394 Successfully completed frappe.utils.background_jobs.execute_job(event=None, is_async=True, job_name='frappe.core.doctype.scheduled_job_type.scheduled_job_type.run_scheduled_jo..., kwargs={'job_type': 'frappe.oauth.delete_oauth2_data', 'scheduled_job_type': 'i3qd..., method='frappe.core.doctype.scheduled_job_type.scheduled_job_type.run_scheduled_jo..., site='erpnext.localhost', user='Administrator') job in 0:00:00.847711s on worker 509d537860474bb2a312a7fc0ee82f39
2025-09-28 10:17:35,394 Users-user-Documents-resturantOS-frappe-bench:long: Job OK (erpnext.localhost||scheduled_job||i3qdh7n1eu)
2025-09-28 10:17:35,395 Result is kept for 600 seconds
2025-09-28 10:17:35,405 Users-user-Documents-resturantOS-frappe-bench:long: frappe.utils.background_jobs.execute_job(event=None, is_async=True, job_name='frappe.core.doctype.scheduled_job_type.scheduled_job_type.run_scheduled_jo..., kwargs={'job_type': 'erpnext.stock.doctype.repost_item_valuation.repost_item_valua..., method='frappe.core.doctype.scheduled_job_type.scheduled_job_type.run_scheduled_jo..., site='erpnext.localhost', user='Administrator') (erpnext.localhost||scheduled_job||k0ri4iqih2)
2025-09-28 10:17:36,175 Successfully completed frappe.utils.background_jobs.execute_job(event=None, is_async=True, job_name='frappe.core.doctype.scheduled_job_type.scheduled_job_type.run_scheduled_jo..., kwargs={'job_type': 'erpnext.stock.doctype.repost_item_valuation.repost_item_valua..., method='frappe.core.doctype.scheduled_job_type.scheduled_job_type.run_scheduled_jo..., site='erpnext.localhost', user='Administrator') job in 0:00:00.756595s on worker 509d537860474bb2a312a7fc0ee82f39
2025-09-28 10:17:36,175 Users-user-Documents-resturantOS-frappe-bench:long: Job OK (erpnext.localhost||scheduled_job||k0ri4iqih2)
2025-09-28 10:17:36,175 Result is kept for 600 seconds
2025-09-28 10:17:36,187 Users-user-Documents-resturantOS-frappe-bench:long: frappe.utils.background_jobs.execute_job(event=None, is_async=True, job_name='frappe.core.doctype.scheduled_job_type.scheduled_job_type.run_scheduled_jo..., kwargs={'job_type': 'erpnext.utilities.doctype.video.video.update_youtube_data', '..., method='frappe.core.doctype.scheduled_job_type.scheduled_job_type.run_scheduled_jo..., site='erpnext.localhost', user='Administrator') (erpnext.localhost||scheduled_job||k0r5ejk7uu)
2025-09-28 10:17:37,199 Successfully completed frappe.utils.background_jobs.execute_job(event=None, is_async=True, job_name='frappe.core.doctype.scheduled_job_type.scheduled_job_type.run_scheduled_jo..., kwargs={'job_type': 'erpnext.utilities.doctype.video.video.update_youtube_data', '..., method='frappe.core.doctype.scheduled_job_type.scheduled_job_type.run_scheduled_jo..., site='erpnext.localhost', user='Administrator') job in 0:00:00.999464s on worker 509d537860474bb2a312a7fc0ee82f39
2025-09-28 10:17:37,200 Users-user-Documents-resturantOS-frappe-bench:long: Job OK (erpnext.localhost||scheduled_job||k0r5ejk7uu)
2025-09-28 10:17:37,200 Result is kept for 600 seconds
2025-09-28 10:17:37,212 Users-user-Documents-resturantOS-frappe-bench:long: frappe.utils.background_jobs.execute_job(event=None, is_async=True, job_name='frappe.core.doctype.scheduled_job_type.scheduled_job_type.run_scheduled_jo..., kwargs={'job_type': 'frappe.desk.utils.delete_old_exported_report_files', 'schedul..., method='frappe.core.doctype.scheduled_job_type.scheduled_job_type.run_scheduled_jo..., site='erpnext.localhost', user='Administrator') (erpnext.localhost||scheduled_job||i3raeovqm4)
2025-09-28 10:17:37,972 Successfully completed frappe.utils.background_jobs.execute_job(event=None, is_async=True, job_name='frappe.core.doctype.scheduled_job_type.scheduled_job_type.run_scheduled_jo..., kwargs={'job_type': 'frappe.desk.utils.delete_old_exported_report_files', 'schedul..., method='frappe.core.doctype.scheduled_job_type.scheduled_job_type.run_scheduled_jo..., site='erpnext.localhost', user='Administrator') job in 0:00:00.746589s on worker 509d537860474bb2a312a7fc0ee82f39
2025-09-28 10:17:37,972 Users-user-Documents-resturantOS-frappe-bench:long: Job OK (erpnext.localhost||scheduled_job||i3raeovqm4)
2025-09-28 10:17:37,972 Result is kept for 600 seconds
2025-09-28 10:17:37,984 Users-user-Documents-resturantOS-frappe-bench:long: frappe.utils.background_jobs.execute_job(event=None, is_async=True, job_name='frappe.core.doctype.scheduled_job_type.scheduled_job_type.run_scheduled_jo..., kwargs={'job_type': 'frappe.website.doctype.personal_data_deletion_request.persona..., method='frappe.core.doctype.scheduled_job_type.scheduled_job_type.run_scheduled_jo..., site='erpnext.localhost', user='Administrator') (erpnext.localhost||scheduled_job||i3qgdg59gs)
2025-09-28 10:17:38,754 Successfully completed frappe.utils.background_jobs.execute_job(event=None, is_async=True, job_name='frappe.core.doctype.scheduled_job_type.scheduled_job_type.run_scheduled_jo..., kwargs={'job_type': 'frappe.website.doctype.personal_data_deletion_request.persona..., method='frappe.core.doctype.scheduled_job_type.scheduled_job_type.run_scheduled_jo..., site='erpnext.localhost', user='Administrator') job in 0:00:00.757064s on worker 509d537860474bb2a312a7fc0ee82f39
2025-09-28 10:17:38,754 Users-user-Documents-resturantOS-frappe-bench:long: Job OK (erpnext.localhost||scheduled_job||i3qgdg59gs)
2025-09-28 10:17:38,755 Result is kept for 600 seconds
2025-09-28 10:17:38,766 Users-user-Documents-resturantOS-frappe-bench:long: frappe.utils.background_jobs.execute_job(event=None, is_async=True, job_name='frappe.core.doctype.scheduled_job_type.scheduled_job_type.run_scheduled_jo..., kwargs={'job_type': 'erpnext.projects.doctype.project.project.project_status_updat..., method='frappe.core.doctype.scheduled_job_type.scheduled_job_type.run_scheduled_jo..., site='erpnext.localhost', user='Administrator') (erpnext.localhost||scheduled_job||k0r97ug9n3)
2025-09-28 10:17:39,525 Successfully completed frappe.utils.background_jobs.execute_job(event=None, is_async=True, job_name='frappe.core.doctype.scheduled_job_type.scheduled_job_type.run_scheduled_jo..., kwargs={'job_type': 'erpnext.projects.doctype.project.project.project_status_updat..., method='frappe.core.doctype.scheduled_job_type.scheduled_job_type.run_scheduled_jo..., site='erpnext.localhost', user='Administrator') job in 0:00:00.744793s on worker 509d537860474bb2a312a7fc0ee82f39
2025-09-28 10:17:39,525 Users-user-Documents-resturantOS-frappe-bench:long: Job OK (erpnext.localhost||scheduled_job||k0r97ug9n3)
2025-09-28 10:17:39,525 Result is kept for 600 seconds
2025-09-28 10:17:39,537 Users-user-Documents-resturantOS-frappe-bench:long: frappe.utils.background_jobs.execute_job(event=None, is_async=True, job_name='frappe.core.doctype.scheduled_job_type.scheduled_job_type.run_scheduled_jo..., kwargs={'job_type': 'erpnext.utilities.bulk_transaction.retry', 'scheduled_job_typ..., method='frappe.core.doctype.scheduled_job_type.scheduled_job_type.run_scheduled_jo..., site='erpnext.localhost', user='Administrator') (erpnext.localhost||scheduled_job||k0rgoug58k)
2025-09-28 10:17:40,415 Successfully completed frappe.utils.background_jobs.execute_job(event=None, is_async=True, job_name='frappe.core.doctype.scheduled_job_type.scheduled_job_type.run_scheduled_jo..., kwargs={'job_type': 'erpnext.utilities.bulk_transaction.retry', 'scheduled_job_typ..., method='frappe.core.doctype.scheduled_job_type.scheduled_job_type.run_scheduled_jo..., site='erpnext.localhost', user='Administrator') job in 0:00:00.863268s on worker 509d537860474bb2a312a7fc0ee82f39
2025-09-28 10:17:40,416 Users-user-Documents-resturantOS-frappe-bench:long: Job OK (erpnext.localhost||scheduled_job||k0rgoug58k)
2025-09-28 10:17:40,416 Result is kept for 600 seconds
2025-09-28 10:17:40,428 Users-user-Documents-resturantOS-frappe-bench:long: frappe.utils.background_jobs.execute_job(event=None, is_async=True, job_name='frappe.core.doctype.scheduled_job_type.scheduled_job_type.run_scheduled_jo..., kwargs={'job_type': 'erpnext.erpnext_integrations.doctype.plaid_settings.plaid_set..., method='frappe.core.doctype.scheduled_job_type.scheduled_job_type.run_scheduled_jo..., site='erpnext.localhost', user='Administrator') (erpnext.localhost||scheduled_job||k0rt51fs3s)
2025-09-28 10:17:41,211 Successfully completed frappe.utils.background_jobs.execute_job(event=None, is_async=True, job_name='frappe.core.doctype.scheduled_job_type.scheduled_job_type.run_scheduled_jo..., kwargs={'job_type': 'erpnext.erpnext_integrations.doctype.plaid_settings.plaid_set..., method='frappe.core.doctype.scheduled_job_type.scheduled_job_type.run_scheduled_jo..., site='erpnext.localhost', user='Administrator') job in 0:00:00.769364s on worker 509d537860474bb2a312a7fc0ee82f39
2025-09-28 10:17:41,212 Users-user-Documents-resturantOS-frappe-bench:long: Job OK (erpnext.localhost||scheduled_job||k0rt51fs3s)
2025-09-28 10:17:41,212 Result is kept for 600 seconds
2025-09-28 10:17:41,224 Users-user-Documents-resturantOS-frappe-bench:long: frappe.utils.background_jobs.execute_job(event=None, is_async=True, job_name='frappe.core.doctype.scheduled_job_type.scheduled_job_type.run_scheduled_jo..., kwargs={'job_type': 'frappe.desk.page.backups.backups.delete_downloadable_backups'..., method='frappe.core.doctype.scheduled_job_type.scheduled_job_type.run_scheduled_jo..., site='erpnext.localhost', user='Administrator') (erpnext.localhost||scheduled_job||i3quohg47r)
2025-09-28 10:17:41,979 Successfully completed frappe.utils.background_jobs.execute_job(event=None, is_async=True, job_name='frappe.core.doctype.scheduled_job_type.scheduled_job_type.run_scheduled_jo..., kwargs={'job_type': 'frappe.desk.page.backups.backups.delete_downloadable_backups'..., method='frappe.core.doctype.scheduled_job_type.scheduled_job_type.run_scheduled_jo..., site='erpnext.localhost', user='Administrator') job in 0:00:00.740205s on worker 509d537860474bb2a312a7fc0ee82f39
2025-09-28 10:17:41,979 Users-user-Documents-resturantOS-frappe-bench:long: Job OK (erpnext.localhost||scheduled_job||i3quohg47r)
2025-09-28 10:17:41,980 Result is kept for 600 seconds
2025-09-28 10:17:41,991 Users-user-Documents-resturantOS-frappe-bench:long: frappe.utils.background_jobs.execute_job(event=None, is_async=True, job_name='frappe.core.doctype.scheduled_job_type.scheduled_job_type.run_scheduled_jo..., kwargs={'job_type': 'frappe.core.doctype.prepared_report.prepared_report.expire_st..., method='frappe.core.doctype.scheduled_job_type.scheduled_job_type.run_scheduled_jo..., site='erpnext.localhost', user='Administrator') (erpnext.localhost||scheduled_job||i3q6j1kelm)
2025-09-28 10:17:42,757 Successfully completed frappe.utils.background_jobs.execute_job(event=None, is_async=True, job_name='frappe.core.doctype.scheduled_job_type.scheduled_job_type.run_scheduled_jo..., kwargs={'job_type': 'frappe.core.doctype.prepared_report.prepared_report.expire_st..., method='frappe.core.doctype.scheduled_job_type.scheduled_job_type.run_scheduled_jo..., site='erpnext.localhost', user='Administrator') job in 0:00:00.753156s on worker 509d537860474bb2a312a7fc0ee82f39
2025-09-28 10:17:42,758 Users-user-Documents-resturantOS-frappe-bench:long: Job OK (erpnext.localhost||scheduled_job||i3q6j1kelm)
2025-09-28 10:17:42,758 Result is kept for 600 seconds
2025-09-28 10:17:42,769 Users-user-Documents-resturantOS-frappe-bench:long: frappe.utils.background_jobs.execute_job(event=None, is_async=True, job_name='frappe.core.doctype.scheduled_job_type.scheduled_job_type.run_scheduled_jo..., kwargs={'job_type': 'frappe.twofactor.delete_all_barcodes_for_users', 'scheduled_j..., method='frappe.core.doctype.scheduled_job_type.scheduled_job_type.run_scheduled_jo..., site='erpnext.localhost', user='Administrator') (erpnext.localhost||scheduled_job||i3qq39ent9)
2025-09-28 10:17:43,505 Successfully completed frappe.utils.background_jobs.execute_job(event=None, is_async=True, job_name='frappe.core.doctype.scheduled_job_type.scheduled_job_type.run_scheduled_jo..., kwargs={'job_type': 'frappe.twofactor.delete_all_barcodes_for_users', 'scheduled_j..., method='frappe.core.doctype.scheduled_job_type.scheduled_job_type.run_scheduled_jo..., site='erpnext.localhost', user='Administrator') job in 0:00:00.722350s on worker 509d537860474bb2a312a7fc0ee82f39
2025-09-28 10:17:43,505 Users-user-Documents-resturantOS-frappe-bench:long: Job OK (erpnext.localhost||scheduled_job||i3qq39ent9)
2025-09-28 10:17:43,506 Result is kept for 600 seconds
2025-09-28 10:17:43,518 Users-user-Documents-resturantOS-frappe-bench:long: frappe.utils.background_jobs.execute_job(event=None, is_async=True, job_name='frappe.core.doctype.scheduled_job_type.scheduled_job_type.run_scheduled_jo..., kwargs={'job_type': 'erpnext.projects.doctype.project.project.collect_project_stat..., method='frappe.core.doctype.scheduled_job_type.scheduled_job_type.run_scheduled_jo..., site='erpnext.localhost', user='Administrator') (erpnext.localhost||scheduled_job||k0rifkfthh)
2025-09-28 10:17:44,302 Successfully completed frappe.utils.background_jobs.execute_job(event=None, is_async=True, job_name='frappe.core.doctype.scheduled_job_type.scheduled_job_type.run_scheduled_jo..., kwargs={'job_type': 'erpnext.projects.doctype.project.project.collect_project_stat..., method='frappe.core.doctype.scheduled_job_type.scheduled_job_type.run_scheduled_jo..., site='erpnext.localhost', user='Administrator') job in 0:00:00.771110s on worker 509d537860474bb2a312a7fc0ee82f39
2025-09-28 10:17:44,302 Users-user-Documents-resturantOS-frappe-bench:long: Job OK (erpnext.localhost||scheduled_job||k0rifkfthh)
2025-09-28 10:17:44,303 Result is kept for 600 seconds
2025-09-28 10:17:44,314 Users-user-Documents-resturantOS-frappe-bench:long: frappe.utils.background_jobs.execute_job(event=None, is_async=True, job_name='frappe.core.doctype.scheduled_job_type.scheduled_job_type.run_scheduled_jo..., kwargs={'job_type': 'frappe.model.utils.user_settings.sync_user_settings', 'schedu..., method='frappe.core.doctype.scheduled_job_type.scheduled_job_type.run_scheduled_jo..., site='erpnext.localhost', user='Administrator') (erpnext.localhost||scheduled_job||i3qs2q5l0c)
2025-09-28 10:17:45,073 Successfully completed frappe.utils.background_jobs.execute_job(event=None, is_async=True, job_name='frappe.core.doctype.scheduled_job_type.scheduled_job_type.run_scheduled_jo..., kwargs={'job_type': 'frappe.model.utils.user_settings.sync_user_settings', 'schedu..., method='frappe.core.doctype.scheduled_job_type.scheduled_job_type.run_scheduled_jo..., site='erpnext.localhost', user='Administrator') job in 0:00:00.744912s on worker 509d537860474bb2a312a7fc0ee82f39
2025-09-28 10:17:45,073 Users-user-Documents-resturantOS-frappe-bench:long: Job OK (erpnext.localhost||scheduled_job||i3qs2q5l0c)
2025-09-28 10:17:45,073 Result is kept for 600 seconds
2025-09-28 10:17:45,085 Users-user-Documents-resturantOS-frappe-bench:long: frappe.utils.background_jobs.execute_job(event=None, is_async=True, job_name='frappe.core.doctype.scheduled_job_type.scheduled_job_type.run_scheduled_jo..., kwargs={'job_type': 'frappe.website.doctype.web_page.web_page.check_publish_status..., method='frappe.core.doctype.scheduled_job_type.scheduled_job_type.run_scheduled_jo..., site='hrms.localhost', user='Administrator') (hrms.localhost||scheduled_job||moajn9vj7q)
2025-09-28 10:17:45,877 Successfully completed frappe.utils.background_jobs.execute_job(event=None, is_async=True, job_name='frappe.core.doctype.scheduled_job_type.scheduled_job_type.run_scheduled_jo..., kwargs={'job_type': 'frappe.website.doctype.web_page.web_page.check_publish_status..., method='frappe.core.doctype.scheduled_job_type.scheduled_job_type.run_scheduled_jo..., site='hrms.localhost', user='Administrator') job in 0:00:00.779318s on worker 509d537860474bb2a312a7fc0ee82f39
2025-09-28 10:17:45,878 Users-user-Documents-resturantOS-frappe-bench:long: Job OK (hrms.localhost||scheduled_job||moajn9vj7q)
2025-09-28 10:17:45,878 Result is kept for 600 seconds
2025-09-28 10:17:45,889 Users-user-Documents-resturantOS-frappe-bench:long: frappe.utils.background_jobs.execute_job(event=None, is_async=True, job_name='frappe.core.doctype.scheduled_job_type.scheduled_job_type.run_scheduled_jo..., kwargs={'job_type': 'hrms.hr.doctype.shift_type.shift_type.process_auto_attendance..., method='frappe.core.doctype.scheduled_job_type.scheduled_job_type.run_scheduled_jo..., site='hrms.localhost', user='Administrator') (hrms.localhost||scheduled_job||p3abq25tmm)
2025-09-28 10:17:46,710 Successfully completed frappe.utils.background_jobs.execute_job(event=None, is_async=True, job_name='frappe.core.doctype.scheduled_job_type.scheduled_job_type.run_scheduled_jo..., kwargs={'job_type': 'hrms.hr.doctype.shift_type.shift_type.process_auto_attendance..., method='frappe.core.doctype.scheduled_job_type.scheduled_job_type.run_scheduled_jo..., site='hrms.localhost', user='Administrator') job in 0:00:00.807378s on worker 509d537860474bb2a312a7fc0ee82f39
2025-09-28 10:17:46,710 Users-user-Documents-resturantOS-frappe-bench:long: Job OK (hrms.localhost||scheduled_job||p3abq25tmm)
2025-09-28 10:17:46,710 Result is kept for 600 seconds
2025-09-28 10:17:46,722 Users-user-Documents-resturantOS-frappe-bench:long: frappe.utils.background_jobs.execute_job(event=None, is_async=True, job_name='frappe.core.doctype.scheduled_job_type.scheduled_job_type.run_scheduled_jo..., kwargs={'job_type': 'frappe.desk.utils.delete_old_exported_report_files', 'schedul..., method='frappe.core.doctype.scheduled_job_type.scheduled_job_type.run_scheduled_jo..., site='hrms.localhost', user='Administrator') (hrms.localhost||scheduled_job||moa43go24e)
2025-09-28 10:17:47,484 Successfully completed frappe.utils.background_jobs.execute_job(event=None, is_async=True, job_name='frappe.core.doctype.scheduled_job_type.scheduled_job_type.run_scheduled_jo..., kwargs={'job_type': 'frappe.desk.utils.delete_old_exported_report_files', 'schedul..., method='frappe.core.doctype.scheduled_job_type.scheduled_job_type.run_scheduled_jo..., site='hrms.localhost', user='Administrator') job in 0:00:00.747958s on worker 509d537860474bb2a312a7fc0ee82f39
2025-09-28 10:17:47,484 Users-user-Documents-resturantOS-frappe-bench:long: Job OK (hrms.localhost||scheduled_job||moa43go24e)
2025-09-28 10:17:47,484 Result is kept for 600 seconds
2025-09-28 10:17:47,496 Users-user-Documents-resturantOS-frappe-bench:long: frappe.utils.background_jobs.execute_job(event=None, is_async=True, job_name='frappe.core.doctype.scheduled_job_type.scheduled_job_type.run_scheduled_jo..., kwargs={'job_type': 'erpnext.erpnext_integrations.doctype.plaid_settings.plaid_set..., method='frappe.core.doctype.scheduled_job_type.scheduled_job_type.run_scheduled_jo..., site='hrms.localhost', user='Administrator') (hrms.localhost||scheduled_job||onjj96dsoc)
2025-09-28 10:17:48,243 Successfully completed frappe.utils.background_jobs.execute_job(event=None, is_async=True, job_name='frappe.core.doctype.scheduled_job_type.scheduled_job_type.run_scheduled_jo..., kwargs={'job_type': 'erpnext.erpnext_integrations.doctype.plaid_settings.plaid_set..., method='frappe.core.doctype.scheduled_job_type.scheduled_job_type.run_scheduled_jo..., site='hrms.localhost', user='Administrator') job in 0:00:00.733480s on worker 509d537860474bb2a312a7fc0ee82f39
2025-09-28 10:17:48,243 Users-user-Documents-resturantOS-frappe-bench:long: Job OK (hrms.localhost||scheduled_job||onjj96dsoc)
2025-09-28 10:17:48,244 Result is kept for 600 seconds
2025-09-28 10:17:48,254 Users-user-Documents-resturantOS-frappe-bench:long: frappe.utils.background_jobs.execute_job(event=None, is_async=True, job_name='frappe.core.doctype.scheduled_job_type.scheduled_job_type.run_scheduled_jo..., kwargs={'job_type': 'frappe.model.utils.user_settings.sync_user_settings', 'schedu..., method='frappe.core.doctype.scheduled_job_type.scheduled_job_type.run_scheduled_jo..., site='hrms.localhost', user='Administrator') (hrms.localhost||scheduled_job||moajv8jr8g)
2025-09-28 10:17:49,013 Successfully completed frappe.utils.background_jobs.execute_job(event=None, is_async=True, job_name='frappe.core.doctype.scheduled_job_type.scheduled_job_type.run_scheduled_jo..., kwargs={'job_type': 'frappe.model.utils.user_settings.sync_user_settings', 'schedu..., method='frappe.core.doctype.scheduled_job_type.scheduled_job_type.run_scheduled_jo..., site='hrms.localhost', user='Administrator') job in 0:00:00.746364s on worker 509d537860474bb2a312a7fc0ee82f39
2025-09-28 10:17:49,014 Users-user-Documents-resturantOS-frappe-bench:long: Job OK (hrms.localhost||scheduled_job||moajv8jr8g)
2025-09-28 10:17:49,014 Result is kept for 600 seconds
2025-09-28 10:17:49,025 Users-user-Documents-resturantOS-frappe-bench:long: frappe.utils.background_jobs.execute_job(event=None, is_async=True, job_name='frappe.core.doctype.scheduled_job_type.scheduled_job_type.run_scheduled_jo..., kwargs={'job_type': 'erpnext.projects.doctype.project.project.collect_project_stat..., method='frappe.core.doctype.scheduled_job_type.scheduled_job_type.run_scheduled_jo..., site='hrms.localhost', user='Administrator') (hrms.localhost||scheduled_job||onj1m7de8i)
2025-09-28 10:17:49,795 Successfully completed frappe.utils.background_jobs.execute_job(event=None, is_async=True, job_name='frappe.core.doctype.scheduled_job_type.scheduled_job_type.run_scheduled_jo..., kwargs={'job_type': 'erpnext.projects.doctype.project.project.collect_project_stat..., method='frappe.core.doctype.scheduled_job_type.scheduled_job_type.run_scheduled_jo..., site='hrms.localhost', user='Administrator') job in 0:00:00.756905s on worker 509d537860474bb2a312a7fc0ee82f39
2025-09-28 10:17:49,796 Users-user-Documents-resturantOS-frappe-bench:long: Job OK (hrms.localhost||scheduled_job||onj1m7de8i)
2025-09-28 10:17:49,796 Result is kept for 600 seconds
2025-09-28 10:17:49,807 Users-user-Documents-resturantOS-frappe-bench:long: frappe.utils.background_jobs.execute_job(event=None, is_async=True, job_name='frappe.core.doctype.scheduled_job_type.scheduled_job_type.run_scheduled_jo..., kwargs={'job_type': 'hrms.hr.doctype.shift_type.shift_type.update_last_sync_of_che..., method='frappe.core.doctype.scheduled_job_type.scheduled_job_type.run_scheduled_jo..., site='hrms.localhost', user='Administrator') (hrms.localhost||scheduled_job||p392scvmtb)
2025-09-28 10:17:50,585 Successfully completed frappe.utils.background_jobs.execute_job(event=None, is_async=True, job_name='frappe.core.doctype.scheduled_job_type.scheduled_job_type.run_scheduled_jo..., kwargs={'job_type': 'hrms.hr.doctype.shift_type.shift_type.update_last_sync_of_che..., method='frappe.core.doctype.scheduled_job_type.scheduled_job_type.run_scheduled_jo..., site='hrms.localhost', user='Administrator') job in 0:00:00.764753s on worker 509d537860474bb2a312a7fc0ee82f39
2025-09-28 10:17:50,586 Users-user-Documents-resturantOS-frappe-bench:long: Job OK (hrms.localhost||scheduled_job||p392scvmtb)
2025-09-28 10:17:50,586 Result is kept for 600 seconds
2025-09-28 10:17:50,598 Users-user-Documents-resturantOS-frappe-bench:long: frappe.utils.background_jobs.execute_job(event=None, is_async=True, job_name='frappe.core.doctype.scheduled_job_type.scheduled_job_type.run_scheduled_jo..., kwargs={'job_type': 'erpnext.utilities.bulk_transaction.retry', 'scheduled_job_typ..., method='frappe.core.doctype.scheduled_job_type.scheduled_job_type.run_scheduled_jo..., site='hrms.localhost', user='Administrator') (hrms.localhost||scheduled_job||onj33u5sou)
2025-09-28 10:17:51,360 Successfully completed frappe.utils.background_jobs.execute_job(event=None, is_async=True, job_name='frappe.core.doctype.scheduled_job_type.scheduled_job_type.run_scheduled_jo..., kwargs={'job_type': 'erpnext.utilities.bulk_transaction.retry', 'scheduled_job_typ..., method='frappe.core.doctype.scheduled_job_type.scheduled_job_type.run_scheduled_jo..., site='hrms.localhost', user='Administrator') job in 0:00:00.749307s on worker 509d537860474bb2a312a7fc0ee82f39
2025-09-28 10:17:51,361 Users-user-Documents-resturantOS-frappe-bench:long: Job OK (hrms.localhost||scheduled_job||onj33u5sou)
2025-09-28 10:17:51,361 Result is kept for 600 seconds
2025-09-28 10:17:51,372 Users-user-Documents-resturantOS-frappe-bench:long: frappe.utils.background_jobs.execute_job(event=None, is_async=True, job_name='frappe.core.doctype.scheduled_job_type.scheduled_job_type.run_scheduled_jo..., kwargs={'job_type': 'frappe.desk.form.document_follow.send_hourly_updates', 'sched..., method='frappe.core.doctype.scheduled_job_type.scheduled_job_type.run_scheduled_jo..., site='hrms.localhost', user='Administrator') (hrms.localhost||scheduled_job||moa6eam9a5)
2025-09-28 10:17:52,112 Successfully completed frappe.utils.background_jobs.execute_job(event=None, is_async=True, job_name='frappe.core.doctype.scheduled_job_type.scheduled_job_type.run_scheduled_jo..., kwargs={'job_type': 'frappe.desk.form.document_follow.send_hourly_updates', 'sched..., method='frappe.core.doctype.scheduled_job_type.scheduled_job_type.run_scheduled_jo..., site='hrms.localhost', user='Administrator') job in 0:00:00.726448s on worker 509d537860474bb2a312a7fc0ee82f39
2025-09-28 10:17:52,112 Users-user-Documents-resturantOS-frappe-bench:long: Job OK (hrms.localhost||scheduled_job||moa6eam9a5)
2025-09-28 10:17:52,113 Result is kept for 600 seconds
2025-09-28 10:17:52,124 Users-user-Documents-resturantOS-frappe-bench:long: frappe.utils.background_jobs.execute_job(event=None, is_async=True, job_name='frappe.core.doctype.scheduled_job_type.scheduled_job_type.run_scheduled_jo..., kwargs={'job_type': 'erpnext.projects.doctype.project.project.project_status_updat..., method='frappe.core.doctype.scheduled_job_type.scheduled_job_type.run_scheduled_jo..., site='hrms.localhost', user='Administrator') (hrms.localhost||scheduled_job||onjo6766jm)
2025-09-28 10:17:52,892 Successfully completed frappe.utils.background_jobs.execute_job(event=None, is_async=True, job_name='frappe.core.doctype.scheduled_job_type.scheduled_job_type.run_scheduled_jo..., kwargs={'job_type': 'erpnext.projects.doctype.project.project.project_status_updat..., method='frappe.core.doctype.scheduled_job_type.scheduled_job_type.run_scheduled_jo..., site='hrms.localhost', user='Administrator') job in 0:00:00.754974s on worker 509d537860474bb2a312a7fc0ee82f39
2025-09-28 10:17:52,893 Users-user-Documents-resturantOS-frappe-bench:long: Job OK (hrms.localhost||scheduled_job||onjo6766jm)
2025-09-28 10:17:52,894 Result is kept for 600 seconds
2025-09-28 10:17:52,904 Users-user-Documents-resturantOS-frappe-bench:long: frappe.utils.background_jobs.execute_job(event=None, is_async=True, job_name='frappe.core.doctype.scheduled_job_type.scheduled_job_type.run_scheduled_jo..., kwargs={'job_type': 'frappe.desk.page.backups.backups.delete_downloadable_backups'..., method='frappe.core.doctype.scheduled_job_type.scheduled_job_type.run_scheduled_jo..., site='hrms.localhost', user='Administrator') (hrms.localhost||scheduled_job||moa573jht0)
2025-09-28 10:17:53,649 Successfully completed frappe.utils.background_jobs.execute_job(event=None, is_async=True, job_name='frappe.core.doctype.scheduled_job_type.scheduled_job_type.run_scheduled_jo..., kwargs={'job_type': 'frappe.desk.page.backups.backups.delete_downloadable_backups'..., method='frappe.core.doctype.scheduled_job_type.scheduled_job_type.run_scheduled_jo..., site='hrms.localhost', user='Administrator') job in 0:00:00.731636s on worker 509d537860474bb2a312a7fc0ee82f39
2025-09-28 10:17:53,649 Users-user-Documents-resturantOS-frappe-bench:long: Job OK (hrms.localhost||scheduled_job||moa573jht0)
2025-09-28 10:17:53,649 Result is kept for 600 seconds
2025-09-28 10:17:53,661 Users-user-Documents-resturantOS-frappe-bench:long: frappe.utils.background_jobs.execute_job(event=None, is_async=True, job_name='frappe.core.doctype.scheduled_job_type.scheduled_job_type.run_scheduled_jo..., kwargs={'job_type': 'frappe.twofactor.delete_all_barcodes_for_users', 'scheduled_j..., method='frappe.core.doctype.scheduled_job_type.scheduled_job_type.run_scheduled_jo..., site='hrms.localhost', user='Administrator') (hrms.localhost||scheduled_job||moa7hdg5je)
2025-09-28 10:17:54,399 Successfully completed frappe.utils.background_jobs.execute_job(event=None, is_async=True, job_name='frappe.core.doctype.scheduled_job_type.scheduled_job_type.run_scheduled_jo..., kwargs={'job_type': 'frappe.twofactor.delete_all_barcodes_for_users', 'scheduled_j..., method='frappe.core.doctype.scheduled_job_type.scheduled_job_type.run_scheduled_jo..., site='hrms.localhost', user='Administrator') job in 0:00:00.724618s on worker 509d537860474bb2a312a7fc0ee82f39
2025-09-28 10:17:54,399 Users-user-Documents-resturantOS-frappe-bench:long: Job OK (hrms.localhost||scheduled_job||moa7hdg5je)
2025-09-28 10:17:54,400 Result is kept for 600 seconds
2025-09-28 10:17:54,411 Users-user-Documents-resturantOS-frappe-bench:long: frappe.utils.background_jobs.execute_job(event=None, is_async=True, job_name='frappe.core.doctype.scheduled_job_type.scheduled_job_type.run_scheduled_jo..., kwargs={'job_type': 'hrms.hr.doctype.shift_schedule_assignment.shift_schedule_assi..., method='frappe.core.doctype.scheduled_job_type.scheduled_job_type.run_scheduled_jo..., site='hrms.localhost', user='Administrator') (hrms.localhost||scheduled_job||p3alnn7g0o)
2025-09-28 10:17:55,210 Successfully completed frappe.utils.background_jobs.execute_job(event=None, is_async=True, job_name='frappe.core.doctype.scheduled_job_type.scheduled_job_type.run_scheduled_jo..., kwargs={'job_type': 'hrms.hr.doctype.shift_schedule_assignment.shift_schedule_assi..., method='frappe.core.doctype.scheduled_job_type.scheduled_job_type.run_scheduled_jo..., site='hrms.localhost', user='Administrator') job in 0:00:00.785172s on worker 509d537860474bb2a312a7fc0ee82f39
2025-09-28 10:17:55,210 Users-user-Documents-resturantOS-frappe-bench:long: Job OK (hrms.localhost||scheduled_job||p3alnn7g0o)
2025-09-28 10:17:55,211 Result is kept for 600 seconds
2025-09-28 10:17:55,222 Users-user-Documents-resturantOS-frappe-bench:long: frappe.utils.background_jobs.execute_job(event=None, is_async=True, job_name='frappe.core.doctype.scheduled_job_type.scheduled_job_type.run_scheduled_jo..., kwargs={'job_type': 'frappe.oauth.delete_oauth2_data', 'scheduled_job_type': 'moai..., method='frappe.core.doctype.scheduled_job_type.scheduled_job_type.run_scheduled_jo..., site='hrms.localhost', user='Administrator') (hrms.localhost||scheduled_job||moaitfkd7v)
2025-09-28 10:17:55,995 Successfully completed frappe.utils.background_jobs.execute_job(event=None, is_async=True, job_name='frappe.core.doctype.scheduled_job_type.scheduled_job_type.run_scheduled_jo..., kwargs={'job_type': 'frappe.oauth.delete_oauth2_data', 'scheduled_job_type': 'moai..., method='frappe.core.doctype.scheduled_job_type.scheduled_job_type.run_scheduled_jo..., site='hrms.localhost', user='Administrator') job in 0:00:00.758876s on worker 509d537860474bb2a312a7fc0ee82f39
2025-09-28 10:17:55,995 Users-user-Documents-resturantOS-frappe-bench:long: Job OK (hrms.localhost||scheduled_job||moaitfkd7v)
2025-09-28 10:17:55,996 Result is kept for 600 seconds
2025-09-28 10:17:56,007 Users-user-Documents-resturantOS-frappe-bench:long: frappe.utils.background_jobs.execute_job(event=None, is_async=True, job_name='frappe.core.doctype.scheduled_job_type.scheduled_job_type.run_scheduled_jo..., kwargs={'job_type': 'erpnext.stock.doctype.repost_item_valuation.repost_item_valua..., method='frappe.core.doctype.scheduled_job_type.scheduled_job_type.run_scheduled_jo..., site='hrms.localhost', user='Administrator') (hrms.localhost||scheduled_job||onj9eh5vua)
2025-09-28 10:17:56,836 Successfully completed frappe.utils.background_jobs.execute_job(event=None, is_async=True, job_name='frappe.core.doctype.scheduled_job_type.scheduled_job_type.run_scheduled_jo..., kwargs={'job_type': 'erpnext.stock.doctype.repost_item_valuation.repost_item_valua..., method='frappe.core.doctype.scheduled_job_type.scheduled_job_type.run_scheduled_jo..., site='hrms.localhost', user='Administrator') job in 0:00:00.815161s on worker 509d537860474bb2a312a7fc0ee82f39
2025-09-28 10:17:56,836 Users-user-Documents-resturantOS-frappe-bench:long: Job OK (hrms.localhost||scheduled_job||onj9eh5vua)
2025-09-28 10:17:56,836 Result is kept for 600 seconds
2025-09-28 10:17:56,848 Users-user-Documents-resturantOS-frappe-bench:long: frappe.utils.background_jobs.execute_job(event=None, is_async=True, job_name='frappe.core.doctype.scheduled_job_type.scheduled_job_type.run_scheduled_jo..., kwargs={'job_type': 'erpnext.utilities.doctype.video.video.update_youtube_data', '..., method='frappe.core.doctype.scheduled_job_type.scheduled_job_type.run_scheduled_jo..., site='hrms.localhost', user='Administrator') (hrms.localhost||scheduled_job||onj9gcn849)
2025-09-28 10:17:57,815 Successfully completed frappe.utils.background_jobs.execute_job(event=None, is_async=True, job_name='frappe.core.doctype.scheduled_job_type.scheduled_job_type.run_scheduled_jo..., kwargs={'job_type': 'erpnext.utilities.doctype.video.video.update_youtube_data', '..., method='frappe.core.doctype.scheduled_job_type.scheduled_job_type.run_scheduled_jo..., site='hrms.localhost', user='Administrator') job in 0:00:00.953566s on worker 509d537860474bb2a312a7fc0ee82f39
2025-09-28 10:17:57,816 Users-user-Documents-resturantOS-frappe-bench:long: Job OK (hrms.localhost||scheduled_job||onj9gcn849)
2025-09-28 10:17:57,816 Result is kept for 600 seconds
2025-09-28 10:17:57,828 Users-user-Documents-resturantOS-frappe-bench:long: frappe.utils.background_jobs.execute_job(event=None, is_async=True, job_name='frappe.core.doctype.scheduled_job_type.scheduled_job_type.run_scheduled_jo..., kwargs={'job_type': 'frappe.website.doctype.personal_data_deletion_request.persona..., method='frappe.core.doctype.scheduled_job_type.scheduled_job_type.run_scheduled_jo..., site='hrms.localhost', user='Administrator') (hrms.localhost||scheduled_job||moaq3f9bjp)
2025-09-28 10:17:58,604 Successfully completed frappe.utils.background_jobs.execute_job(event=None, is_async=True, job_name='frappe.core.doctype.scheduled_job_type.scheduled_job_type.run_scheduled_jo..., kwargs={'job_type': 'frappe.website.doctype.personal_data_deletion_request.persona..., method='frappe.core.doctype.scheduled_job_type.scheduled_job_type.run_scheduled_jo..., site='hrms.localhost', user='Administrator') job in 0:00:00.762468s on worker 509d537860474bb2a312a7fc0ee82f39
2025-09-28 10:17:58,604 Users-user-Documents-resturantOS-frappe-bench:long: Job OK (hrms.localhost||scheduled_job||moaq3f9bjp)
2025-09-28 10:17:58,605 Result is kept for 600 seconds
2025-09-28 10:17:58,615 Users-user-Documents-resturantOS-frappe-bench:long: frappe.utils.background_jobs.execute_job(event=None, is_async=True, job_name='frappe.core.doctype.scheduled_job_type.scheduled_job_type.run_scheduled_jo..., kwargs={'job_type': 'frappe.core.doctype.prepared_report.prepared_report.expire_st..., method='frappe.core.doctype.scheduled_job_type.scheduled_job_type.run_scheduled_jo..., site='hrms.localhost', user='Administrator') (hrms.localhost||scheduled_job||moab3i31k4)
2025-09-28 10:17:59,352 Successfully completed frappe.utils.background_jobs.execute_job(event=None, is_async=True, job_name='frappe.core.doctype.scheduled_job_type.scheduled_job_type.run_scheduled_jo..., kwargs={'job_type': 'frappe.core.doctype.prepared_report.prepared_report.expire_st..., method='frappe.core.doctype.scheduled_job_type.scheduled_job_type.run_scheduled_jo..., site='hrms.localhost', user='Administrator') job in 0:00:00.722470s on worker 509d537860474bb2a312a7fc0ee82f39
2025-09-28 10:17:59,352 Users-user-Documents-resturantOS-frappe-bench:long: Job OK (hrms.localhost||scheduled_job||moab3i31k4)
2025-09-28 10:17:59,353 Result is kept for 600 seconds
2025-09-28 10:17:59,364 Users-user-Documents-resturantOS-frappe-bench:long: frappe.utils.background_jobs.execute_job(event=None, is_async=True, job_name='frappe.core.doctype.scheduled_job_type.scheduled_job_type.run_scheduled_jo..., kwargs={'job_type': 'frappe.model.utils.user_settings.sync_user_settings', 'schedu..., method='frappe.core.doctype.scheduled_job_type.scheduled_job_type.run_scheduled_jo..., site='resturant.localhost', user='Administrator') (resturant.localhost||scheduled_job||t89a1ocpq1)
2025-09-28 10:18:00,281 Successfully completed frappe.utils.background_jobs.execute_job(event=None, is_async=True, job_name='frappe.core.doctype.scheduled_job_type.scheduled_job_type.run_scheduled_jo..., kwargs={'job_type': 'frappe.model.utils.user_settings.sync_user_settings', 'schedu..., method='frappe.core.doctype.scheduled_job_type.scheduled_job_type.run_scheduled_jo..., site='resturant.localhost', user='Administrator') job in 0:00:00.902877s on worker 509d537860474bb2a312a7fc0ee82f39
2025-09-28 10:18:00,281 Users-user-Documents-resturantOS-frappe-bench:long: Job OK (resturant.localhost||scheduled_job||t89a1ocpq1)
2025-09-28 10:18:00,281 Result is kept for 600 seconds
2025-09-28 10:18:00,293 Users-user-Documents-resturantOS-frappe-bench:long: frappe.utils.background_jobs.execute_job(event=None, is_async=True, job_name='frappe.core.doctype.scheduled_job_type.scheduled_job_type.run_scheduled_jo..., kwargs={'job_type': 'frappe.desk.page.backups.backups.delete_downloadable_backups'..., method='frappe.core.doctype.scheduled_job_type.scheduled_job_type.run_scheduled_jo..., site='resturant.localhost', user='Administrator') (resturant.localhost||scheduled_job||t89i488n7o)
2025-09-28 10:18:01,039 Successfully completed frappe.utils.background_jobs.execute_job(event=None, is_async=True, job_name='frappe.core.doctype.scheduled_job_type.scheduled_job_type.run_scheduled_jo..., kwargs={'job_type': 'frappe.desk.page.backups.backups.delete_downloadable_backups'..., method='frappe.core.doctype.scheduled_job_type.scheduled_job_type.run_scheduled_jo..., site='resturant.localhost', user='Administrator') job in 0:00:00.731234s on worker 509d537860474bb2a312a7fc0ee82f39
2025-09-28 10:18:01,040 Users-user-Documents-resturantOS-frappe-bench:long: Job OK (resturant.localhost||scheduled_job||t89i488n7o)
2025-09-28 10:18:01,040 Result is kept for 600 seconds
2025-09-28 10:18:01,051 Users-user-Documents-resturantOS-frappe-bench:long: frappe.utils.background_jobs.execute_job(event=None, is_async=True, job_name='frappe.core.doctype.scheduled_job_type.scheduled_job_type.run_scheduled_jo..., kwargs={'job_type': 'frappe.website.doctype.personal_data_deletion_request.persona..., method='frappe.core.doctype.scheduled_job_type.scheduled_job_type.run_scheduled_jo..., site='resturant.localhost', user='Administrator') (resturant.localhost||scheduled_job||t890f64rhn)
2025-09-28 10:18:01,824 Successfully completed frappe.utils.background_jobs.execute_job(event=None, is_async=True, job_name='frappe.core.doctype.scheduled_job_type.scheduled_job_type.run_scheduled_jo..., kwargs={'job_type': 'frappe.website.doctype.personal_data_deletion_request.persona..., method='frappe.core.doctype.scheduled_job_type.scheduled_job_type.run_scheduled_jo..., site='resturant.localhost', user='Administrator') job in 0:00:00.759806s on worker 509d537860474bb2a312a7fc0ee82f39
2025-09-28 10:18:01,825 Users-user-Documents-resturantOS-frappe-bench:long: Job OK (resturant.localhost||scheduled_job||t890f64rhn)
2025-09-28 10:18:01,825 Result is kept for 600 seconds
2025-09-28 10:18:01,837 Users-user-Documents-resturantOS-frappe-bench:long: frappe.utils.background_jobs.execute_job(event=None, is_async=True, job_name='frappe.core.doctype.scheduled_job_type.scheduled_job_type.run_scheduled_jo..., kwargs={'job_type': 'frappe.twofactor.delete_all_barcodes_for_users', 'scheduled_j..., method='frappe.core.doctype.scheduled_job_type.scheduled_job_type.run_scheduled_jo..., site='resturant.localhost', user='Administrator') (resturant.localhost||scheduled_job||t89q8enhiv)
2025-09-28 10:18:02,586 Successfully completed frappe.utils.background_jobs.execute_job(event=None, is_async=True, job_name='frappe.core.doctype.scheduled_job_type.scheduled_job_type.run_scheduled_jo..., kwargs={'job_type': 'frappe.twofactor.delete_all_barcodes_for_users', 'scheduled_j..., method='frappe.core.doctype.scheduled_job_type.scheduled_job_type.run_scheduled_jo..., site='resturant.localhost', user='Administrator') job in 0:00:00.735210s on worker 509d537860474bb2a312a7fc0ee82f39
2025-09-28 10:18:02,586 Users-user-Documents-resturantOS-frappe-bench:long: Job OK (resturant.localhost||scheduled_job||t89q8enhiv)
2025-09-28 10:18:02,587 Result is kept for 600 seconds
2025-09-28 10:18:02,598 Users-user-Documents-resturantOS-frappe-bench:long: frappe.utils.background_jobs.execute_job(event=None, is_async=True, job_name='frappe.core.doctype.scheduled_job_type.scheduled_job_type.run_scheduled_jo..., kwargs={'job_type': 'frappe.website.doctype.web_page.web_page.check_publish_status..., method='frappe.core.doctype.scheduled_job_type.scheduled_job_type.run_scheduled_jo..., site='resturant.localhost', user='Administrator') (resturant.localhost||scheduled_job||t89dm45etr)
2025-09-28 10:18:03,379 Successfully completed frappe.utils.background_jobs.execute_job(event=None, is_async=True, job_name='frappe.core.doctype.scheduled_job_type.scheduled_job_type.run_scheduled_jo..., kwargs={'job_type': 'frappe.website.doctype.web_page.web_page.check_publish_status..., method='frappe.core.doctype.scheduled_job_type.scheduled_job_type.run_scheduled_jo..., site='resturant.localhost', user='Administrator') job in 0:00:00.767175s on worker 509d537860474bb2a312a7fc0ee82f39
2025-09-28 10:18:03,379 Users-user-Documents-resturantOS-frappe-bench:long: Job OK (resturant.localhost||scheduled_job||t89dm45etr)
2025-09-28 10:18:03,380 Result is kept for 600 seconds
2025-09-28 10:18:03,392 Users-user-Documents-resturantOS-frappe-bench:long: frappe.utils.background_jobs.execute_job(event=None, is_async=True, job_name='frappe.core.doctype.scheduled_job_type.scheduled_job_type.run_scheduled_jo..., kwargs={'job_type': 'frappe.desk.form.document_follow.send_hourly_updates', 'sched..., method='frappe.core.doctype.scheduled_job_type.scheduled_job_type.run_scheduled_jo..., site='resturant.localhost', user='Administrator') (resturant.localhost||scheduled_job||t89g5j3m4m)
2025-09-28 10:18:04,127 Successfully completed frappe.utils.background_jobs.execute_job(event=None, is_async=True, job_name='frappe.core.doctype.scheduled_job_type.scheduled_job_type.run_scheduled_jo..., kwargs={'job_type': 'frappe.desk.form.document_follow.send_hourly_updates', 'sched..., method='frappe.core.doctype.scheduled_job_type.scheduled_job_type.run_scheduled_jo..., site='resturant.localhost', user='Administrator') job in 0:00:00.721732s on worker 509d537860474bb2a312a7fc0ee82f39
2025-09-28 10:18:04,127 Users-user-Documents-resturantOS-frappe-bench:long: Job OK (resturant.localhost||scheduled_job||t89g5j3m4m)
2025-09-28 10:18:04,128 Result is kept for 600 seconds
2025-09-28 10:18:04,139 Users-user-Documents-resturantOS-frappe-bench:long: frappe.utils.background_jobs.execute_job(event=None, is_async=True, job_name='frappe.core.doctype.scheduled_job_type.scheduled_job_type.run_scheduled_jo..., kwargs={'job_type': 'frappe.oauth.delete_oauth2_data', 'scheduled_job_type': 't89a..., method='frappe.core.doctype.scheduled_job_type.scheduled_job_type.run_scheduled_jo..., site='resturant.localhost', user='Administrator') (resturant.localhost||scheduled_job||t89aab0o19)
2025-09-28 10:18:04,925 Successfully completed frappe.utils.background_jobs.execute_job(event=None, is_async=True, job_name='frappe.core.doctype.scheduled_job_type.scheduled_job_type.run_scheduled_jo..., kwargs={'job_type': 'frappe.oauth.delete_oauth2_data', 'scheduled_job_type': 't89a..., method='frappe.core.doctype.scheduled_job_type.scheduled_job_type.run_scheduled_jo..., site='resturant.localhost', user='Administrator') job in 0:00:00.772087s on worker 509d537860474bb2a312a7fc0ee82f39
2025-09-28 10:18:04,925 Users-user-Documents-resturantOS-frappe-bench:long: Job OK (resturant.localhost||scheduled_job||t89aab0o19)
2025-09-28 10:18:04,925 Result is kept for 600 seconds
2025-09-28 10:18:04,937 Users-user-Documents-resturantOS-frappe-bench:long: frappe.utils.background_jobs.execute_job(event=None, is_async=True, job_name='frappe.core.doctype.scheduled_job_type.scheduled_job_type.run_scheduled_jo..., kwargs={'job_type': 'frappe.desk.utils.delete_old_exported_report_files', 'schedul..., method='frappe.core.doctype.scheduled_job_type.scheduled_job_type.run_scheduled_jo..., site='resturant.localhost', user='Administrator') (resturant.localhost||scheduled_job||t89lj4el2j)
2025-09-28 10:18:05,724 Successfully completed frappe.utils.background_jobs.execute_job(event=None, is_async=True, job_name='frappe.core.doctype.scheduled_job_type.scheduled_job_type.run_scheduled_jo..., kwargs={'job_type': 'frappe.desk.utils.delete_old_exported_report_files', 'schedul..., method='frappe.core.doctype.scheduled_job_type.scheduled_job_type.run_scheduled_jo..., site='resturant.localhost', user='Administrator') job in 0:00:00.774023s on worker 509d537860474bb2a312a7fc0ee82f39
2025-09-28 10:18:05,724 Users-user-Documents-resturantOS-frappe-bench:long: Job OK (resturant.localhost||scheduled_job||t89lj4el2j)
2025-09-28 10:18:05,725 Result is kept for 600 seconds
2025-09-28 10:18:05,737 Users-user-Documents-resturantOS-frappe-bench:long: frappe.utils.background_jobs.execute_job(event=None, is_async=True, job_name='frappe.core.doctype.scheduled_job_type.scheduled_job_type.run_scheduled_jo..., kwargs={'job_type': 'frappe.core.doctype.prepared_report.prepared_report.expire_st..., method='frappe.core.doctype.scheduled_job_type.scheduled_job_type.run_scheduled_jo..., site='resturant.localhost', user='Administrator') (resturant.localhost||scheduled_job||t89ui2mk8a)
2025-09-28 10:18:06,526 Successfully completed frappe.utils.background_jobs.execute_job(event=None, is_async=True, job_name='frappe.core.doctype.scheduled_job_type.scheduled_job_type.run_scheduled_jo..., kwargs={'job_type': 'frappe.core.doctype.prepared_report.prepared_report.expire_st..., method='frappe.core.doctype.scheduled_job_type.scheduled_job_type.run_scheduled_jo..., site='resturant.localhost', user='Administrator') job in 0:00:00.776832s on worker 509d537860474bb2a312a7fc0ee82f39
2025-09-28 10:18:06,527 Users-user-Documents-resturantOS-frappe-bench:long: Job OK (resturant.localhost||scheduled_job||t89ui2mk8a)
2025-09-28 10:18:06,527 Result is kept for 600 seconds
2025-09-28 10:18:06,539 Users-user-Documents-resturantOS-frappe-bench:long: frappe.utils.background_jobs.execute_job(event=None, is_async=True, job_name='frappe.core.doctype.scheduled_job_type.scheduled_job_type.run_scheduled_jo..., kwargs={'job_type': 'frappe.website.doctype.personal_data_deletion_request.persona..., method='frappe.core.doctype.scheduled_job_type.scheduled_job_type.run_scheduled_jo..., site='education.localhost', user='Administrator') (education.localhost||scheduled_job||rfa85cvkt3)
2025-09-28 10:18:07,316 Successfully completed frappe.utils.background_jobs.execute_job(event=None, is_async=True, job_name='frappe.core.doctype.scheduled_job_type.scheduled_job_type.run_scheduled_jo..., kwargs={'job_type': 'frappe.website.doctype.personal_data_deletion_request.persona..., method='frappe.core.doctype.scheduled_job_type.scheduled_job_type.run_scheduled_jo..., site='education.localhost', user='Administrator') job in 0:00:00.764072s on worker 509d537860474bb2a312a7fc0ee82f39
2025-09-28 10:18:07,316 Users-user-Documents-resturantOS-frappe-bench:long: Job OK (education.localhost||scheduled_job||rfa85cvkt3)
2025-09-28 10:18:07,316 Result is kept for 600 seconds
2025-09-28 10:18:07,327 Users-user-Documents-resturantOS-frappe-bench:long: frappe.utils.background_jobs.execute_job(event=None, is_async=True, job_name='frappe.core.doctype.scheduled_job_type.scheduled_job_type.run_scheduled_jo..., kwargs={'job_type': 'frappe.oauth.delete_oauth2_data', 'scheduled_job_type': 'rfaq..., method='frappe.core.doctype.scheduled_job_type.scheduled_job_type.run_scheduled_jo..., site='education.localhost', user='Administrator') (education.localhost||scheduled_job||rfaqfjh09d)
2025-09-28 10:18:08,081 Successfully completed frappe.utils.background_jobs.execute_job(event=None, is_async=True, job_name='frappe.core.doctype.scheduled_job_type.scheduled_job_type.run_scheduled_jo..., kwargs={'job_type': 'frappe.oauth.delete_oauth2_data', 'scheduled_job_type': 'rfaq..., method='frappe.core.doctype.scheduled_job_type.scheduled_job_type.run_scheduled_jo..., site='education.localhost', user='Administrator') job in 0:00:00.740267s on worker 509d537860474bb2a312a7fc0ee82f39
2025-09-28 10:18:08,081 Users-user-Documents-resturantOS-frappe-bench:long: Job OK (education.localhost||scheduled_job||rfaqfjh09d)
2025-09-28 10:18:08,081 Result is kept for 600 seconds
2025-09-28 10:18:08,094 Users-user-Documents-resturantOS-frappe-bench:long: frappe.utils.background_jobs.execute_job(event=None, is_async=True, job_name='frappe.core.doctype.scheduled_job_type.scheduled_job_type.run_scheduled_jo..., kwargs={'job_type': 'erpnext.erpnext_integrations.doctype.plaid_settings.plaid_set..., method='frappe.core.doctype.scheduled_job_type.scheduled_job_type.run_scheduled_jo..., site='education.localhost', user='Administrator') (education.localhost||scheduled_job||skvu7g6d63)
2025-09-28 10:18:08,875 Successfully completed frappe.utils.background_jobs.execute_job(event=None, is_async=True, job_name='frappe.core.doctype.scheduled_job_type.scheduled_job_type.run_scheduled_jo..., kwargs={'job_type': 'erpnext.erpnext_integrations.doctype.plaid_settings.plaid_set..., method='frappe.core.doctype.scheduled_job_type.scheduled_job_type.run_scheduled_jo..., site='education.localhost', user='Administrator') job in 0:00:00.768037s on worker 509d537860474bb2a312a7fc0ee82f39
2025-09-28 10:18:08,876 Users-user-Documents-resturantOS-frappe-bench:long: Job OK (education.localhost||scheduled_job||skvu7g6d63)
2025-09-28 10:18:08,876 Result is kept for 600 seconds
2025-09-28 10:18:08,887 Users-user-Documents-resturantOS-frappe-bench:long: frappe.utils.background_jobs.execute_job(event=None, is_async=True, job_name='frappe.core.doctype.scheduled_job_type.scheduled_job_type.run_scheduled_jo..., kwargs={'job_type': 'erpnext.utilities.bulk_transaction.retry', 'scheduled_job_typ..., method='frappe.core.doctype.scheduled_job_type.scheduled_job_type.run_scheduled_jo..., site='education.localhost', user='Administrator') (education.localhost||scheduled_job||skvineoq4i)
2025-09-28 10:18:09,644 Successfully completed frappe.utils.background_jobs.execute_job(event=None, is_async=True, job_name='frappe.core.doctype.scheduled_job_type.scheduled_job_type.run_scheduled_jo..., kwargs={'job_type': 'erpnext.utilities.bulk_transaction.retry', 'scheduled_job_typ..., method='frappe.core.doctype.scheduled_job_type.scheduled_job_type.run_scheduled_jo..., site='education.localhost', user='Administrator') job in 0:00:00.744292s on worker 509d537860474bb2a312a7fc0ee82f39
2025-09-28 10:18:09,645 Users-user-Documents-resturantOS-frappe-bench:long: Job OK (education.localhost||scheduled_job||skvineoq4i)
2025-09-28 10:18:09,645 Result is kept for 600 seconds
2025-09-28 10:18:09,657 Users-user-Documents-resturantOS-frappe-bench:long: frappe.utils.background_jobs.execute_job(event=None, is_async=True, job_name='frappe.core.doctype.scheduled_job_type.scheduled_job_type.run_scheduled_jo..., kwargs={'job_type': 'frappe.model.utils.user_settings.sync_user_settings', 'schedu..., method='frappe.core.doctype.scheduled_job_type.scheduled_job_type.run_scheduled_jo..., site='education.localhost', user='Administrator') (education.localhost||scheduled_job||rfarr8i0p9)
2025-09-28 10:18:10,385 Successfully completed frappe.utils.background_jobs.execute_job(event=None, is_async=True, job_name='frappe.core.doctype.scheduled_job_type.scheduled_job_type.run_scheduled_jo..., kwargs={'job_type': 'frappe.model.utils.user_settings.sync_user_settings', 'schedu..., method='frappe.core.doctype.scheduled_job_type.scheduled_job_type.run_scheduled_jo..., site='education.localhost', user='Administrator') job in 0:00:00.713117s on worker 509d537860474bb2a312a7fc0ee82f39
2025-09-28 10:18:10,386 Users-user-Documents-resturantOS-frappe-bench:long: Job OK (education.localhost||scheduled_job||rfarr8i0p9)
2025-09-28 10:18:10,386 Result is kept for 600 seconds
2025-09-28 10:18:10,397 Users-user-Documents-resturantOS-frappe-bench:long: frappe.utils.background_jobs.execute_job(event=None, is_async=True, job_name='frappe.core.doctype.scheduled_job_type.scheduled_job_type.run_scheduled_jo..., kwargs={'job_type': 'frappe.desk.form.document_follow.send_hourly_updates', 'sched..., method='frappe.core.doctype.scheduled_job_type.scheduled_job_type.run_scheduled_jo..., site='education.localhost', user='Administrator') (education.localhost||scheduled_job||rfaah8qgb7)
2025-09-28 10:18:11,148 Successfully completed frappe.utils.background_jobs.execute_job(event=None, is_async=True, job_name='frappe.core.doctype.scheduled_job_type.scheduled_job_type.run_scheduled_jo..., kwargs={'job_type': 'frappe.desk.form.document_follow.send_hourly_updates', 'sched..., method='frappe.core.doctype.scheduled_job_type.scheduled_job_type.run_scheduled_jo..., site='education.localhost', user='Administrator') job in 0:00:00.737068s on worker 509d537860474bb2a312a7fc0ee82f39
2025-09-28 10:18:11,148 Users-user-Documents-resturantOS-frappe-bench:long: Job OK (education.localhost||scheduled_job||rfaah8qgb7)
2025-09-28 10:18:11,149 Result is kept for 600 seconds
2025-09-28 10:18:11,160 Users-user-Documents-resturantOS-frappe-bench:long: frappe.utils.background_jobs.execute_job(event=None, is_async=True, job_name='frappe.core.doctype.scheduled_job_type.scheduled_job_type.run_scheduled_jo..., kwargs={'job_type': 'frappe.desk.page.backups.backups.delete_downloadable_backups'..., method='frappe.core.doctype.scheduled_job_type.scheduled_job_type.run_scheduled_jo..., site='education.localhost', user='Administrator') (education.localhost||scheduled_job||rfan98sc9a)
2025-09-28 10:18:11,890 Successfully completed frappe.utils.background_jobs.execute_job(event=None, is_async=True, job_name='frappe.core.doctype.scheduled_job_type.scheduled_job_type.run_scheduled_jo..., kwargs={'job_type': 'frappe.desk.page.backups.backups.delete_downloadable_backups'..., method='frappe.core.doctype.scheduled_job_type.scheduled_job_type.run_scheduled_jo..., site='education.localhost', user='Administrator') job in 0:00:00.717102s on worker 509d537860474bb2a312a7fc0ee82f39
2025-09-28 10:18:11,891 Users-user-Documents-resturantOS-frappe-bench:long: Job OK (education.localhost||scheduled_job||rfan98sc9a)
2025-09-28 10:18:11,891 Result is kept for 600 seconds
2025-09-28 10:18:11,902 Users-user-Documents-resturantOS-frappe-bench:long: frappe.utils.background_jobs.execute_job(event=None, is_async=True, job_name='frappe.core.doctype.scheduled_job_type.scheduled_job_type.run_scheduled_jo..., kwargs={'job_type': 'erpnext.stock.doctype.repost_item_valuation.repost_item_valua..., method='frappe.core.doctype.scheduled_job_type.scheduled_job_type.run_scheduled_jo..., site='education.localhost', user='Administrator') (education.localhost||scheduled_job||skvsm3hfln)
2025-09-28 10:18:12,704 Successfully completed frappe.utils.background_jobs.execute_job(event=None, is_async=True, job_name='frappe.core.doctype.scheduled_job_type.scheduled_job_type.run_scheduled_jo..., kwargs={'job_type': 'erpnext.stock.doctype.repost_item_valuation.repost_item_valua..., method='frappe.core.doctype.scheduled_job_type.scheduled_job_type.run_scheduled_jo..., site='education.localhost', user='Administrator') job in 0:00:00.789325s on worker 509d537860474bb2a312a7fc0ee82f39
2025-09-28 10:18:12,705 Users-user-Documents-resturantOS-frappe-bench:long: Job OK (education.localhost||scheduled_job||skvsm3hfln)
2025-09-28 10:18:12,705 Result is kept for 600 seconds
2025-09-28 10:18:12,718 Users-user-Documents-resturantOS-frappe-bench:long: frappe.utils.background_jobs.execute_job(event=None, is_async=True, job_name='frappe.core.doctype.scheduled_job_type.scheduled_job_type.run_scheduled_jo..., kwargs={'job_type': 'frappe.core.doctype.prepared_report.prepared_report.expire_st..., method='frappe.core.doctype.scheduled_job_type.scheduled_job_type.run_scheduled_jo..., site='education.localhost', user='Administrator') (education.localhost||scheduled_job||rfar6eooii)
2025-09-28 10:18:13,460 Successfully completed frappe.utils.background_jobs.execute_job(event=None, is_async=True, job_name='frappe.core.doctype.scheduled_job_type.scheduled_job_type.run_scheduled_jo..., kwargs={'job_type': 'frappe.core.doctype.prepared_report.prepared_report.expire_st..., method='frappe.core.doctype.scheduled_job_type.scheduled_job_type.run_scheduled_jo..., site='education.localhost', user='Administrator') job in 0:00:00.729089s on worker 509d537860474bb2a312a7fc0ee82f39
2025-09-28 10:18:13,460 Users-user-Documents-resturantOS-frappe-bench:long: Job OK (education.localhost||scheduled_job||rfar6eooii)
2025-09-28 10:18:13,461 Result is kept for 600 seconds
2025-09-28 10:18:13,472 Users-user-Documents-resturantOS-frappe-bench:long: frappe.utils.background_jobs.execute_job(event=None, is_async=True, job_name='frappe.core.doctype.scheduled_job_type.scheduled_job_type.run_scheduled_jo..., kwargs={'job_type': 'erpnext.projects.doctype.project.project.project_status_updat..., method='frappe.core.doctype.scheduled_job_type.scheduled_job_type.run_scheduled_jo..., site='education.localhost', user='Administrator') (education.localhost||scheduled_job||skvqjiiapj)
2025-09-28 10:18:14,218 Successfully completed frappe.utils.background_jobs.execute_job(event=None, is_async=True, job_name='frappe.core.doctype.scheduled_job_type.scheduled_job_type.run_scheduled_jo..., kwargs={'job_type': 'erpnext.projects.doctype.project.project.project_status_updat..., method='frappe.core.doctype.scheduled_job_type.scheduled_job_type.run_scheduled_jo..., site='education.localhost', user='Administrator') job in 0:00:00.733168s on worker 509d537860474bb2a312a7fc0ee82f39
2025-09-28 10:18:14,219 Users-user-Documents-resturantOS-frappe-bench:long: Job OK (education.localhost||scheduled_job||skvqjiiapj)
2025-09-28 10:18:14,219 Result is kept for 600 seconds
2025-09-28 10:18:14,230 Users-user-Documents-resturantOS-frappe-bench:long: frappe.utils.background_jobs.execute_job(event=None, is_async=True, job_name='frappe.core.doctype.scheduled_job_type.scheduled_job_type.run_scheduled_jo..., kwargs={'job_type': 'frappe.twofactor.delete_all_barcodes_for_users', 'scheduled_j..., method='frappe.core.doctype.scheduled_job_type.scheduled_job_type.run_scheduled_jo..., site='education.localhost', user='Administrator') (education.localhost||scheduled_job||rfa0dmqef5)
2025-09-28 10:18:14,997 Successfully completed frappe.utils.background_jobs.execute_job(event=None, is_async=True, job_name='frappe.core.doctype.scheduled_job_type.scheduled_job_type.run_scheduled_jo..., kwargs={'job_type': 'frappe.twofactor.delete_all_barcodes_for_users', 'scheduled_j..., method='frappe.core.doctype.scheduled_job_type.scheduled_job_type.run_scheduled_jo..., site='education.localhost', user='Administrator') job in 0:00:00.753230s on worker 509d537860474bb2a312a7fc0ee82f39
2025-09-28 10:18:14,997 Users-user-Documents-resturantOS-frappe-bench:long: Job OK (education.localhost||scheduled_job||rfa0dmqef5)
2025-09-28 10:18:14,998 Result is kept for 600 seconds
2025-09-28 10:18:15,010 Users-user-Documents-resturantOS-frappe-bench:long: frappe.utils.background_jobs.execute_job(event=None, is_async=True, job_name='frappe.core.doctype.scheduled_job_type.scheduled_job_type.run_scheduled_jo..., kwargs={'job_type': 'frappe.website.doctype.web_page.web_page.check_publish_status..., method='frappe.core.doctype.scheduled_job_type.scheduled_job_type.run_scheduled_jo..., site='education.localhost', user='Administrator') (education.localhost||scheduled_job||rfa5vq5la2)
2025-09-28 10:18:15,811 Successfully completed frappe.utils.background_jobs.execute_job(event=None, is_async=True, job_name='frappe.core.doctype.scheduled_job_type.scheduled_job_type.run_scheduled_jo..., kwargs={'job_type': 'frappe.website.doctype.web_page.web_page.check_publish_status..., method='frappe.core.doctype.scheduled_job_type.scheduled_job_type.run_scheduled_jo..., site='education.localhost', user='Administrator') job in 0:00:00.788162s on worker 509d537860474bb2a312a7fc0ee82f39
2025-09-28 10:18:15,812 Users-user-Documents-resturantOS-frappe-bench:long: Job OK (education.localhost||scheduled_job||rfa5vq5la2)
2025-09-28 10:18:15,812 Result is kept for 600 seconds
2025-09-28 10:18:15,824 Users-user-Documents-resturantOS-frappe-bench:long: frappe.utils.background_jobs.execute_job(event=None, is_async=True, job_name='frappe.core.doctype.scheduled_job_type.scheduled_job_type.run_scheduled_jo..., kwargs={'job_type': 'erpnext.utilities.doctype.video.video.update_youtube_data', '..., method='frappe.core.doctype.scheduled_job_type.scheduled_job_type.run_scheduled_jo..., site='education.localhost', user='Administrator') (education.localhost||scheduled_job||skvgrl3nca)
2025-09-28 10:18:16,879 Successfully completed frappe.utils.background_jobs.execute_job(event=None, is_async=True, job_name='frappe.core.doctype.scheduled_job_type.scheduled_job_type.run_scheduled_jo..., kwargs={'job_type': 'erpnext.utilities.doctype.video.video.update_youtube_data', '..., method='frappe.core.doctype.scheduled_job_type.scheduled_job_type.run_scheduled_jo..., site='education.localhost', user='Administrator') job in 0:00:01.040660s on worker 509d537860474bb2a312a7fc0ee82f39
2025-09-28 10:18:16,880 Users-user-Documents-resturantOS-frappe-bench:long: Job OK (education.localhost||scheduled_job||skvgrl3nca)
2025-09-28 10:18:16,880 Result is kept for 600 seconds
2025-09-28 10:18:16,894 Users-user-Documents-resturantOS-frappe-bench:long: frappe.utils.background_jobs.execute_job(event=None, is_async=True, job_name='frappe.core.doctype.scheduled_job_type.scheduled_job_type.run_scheduled_jo..., kwargs={'job_type': 'erpnext.projects.doctype.project.project.collect_project_stat..., method='frappe.core.doctype.scheduled_job_type.scheduled_job_type.run_scheduled_jo..., site='education.localhost', user='Administrator') (education.localhost||scheduled_job||skvjba56ed)
2025-09-28 10:18:17,783 Successfully completed frappe.utils.background_jobs.execute_job(event=None, is_async=True, job_name='frappe.core.doctype.scheduled_job_type.scheduled_job_type.run_scheduled_jo..., kwargs={'job_type': 'erpnext.projects.doctype.project.project.collect_project_stat..., method='frappe.core.doctype.scheduled_job_type.scheduled_job_type.run_scheduled_jo..., site='education.localhost', user='Administrator') job in 0:00:00.870962s on worker 509d537860474bb2a312a7fc0ee82f39
2025-09-28 10:18:17,784 Users-user-Documents-resturantOS-frappe-bench:long: Job OK (education.localhost||scheduled_job||skvjba56ed)
2025-09-28 10:18:17,784 Result is kept for 600 seconds
2025-09-28 10:18:17,795 Users-user-Documents-resturantOS-frappe-bench:long: frappe.utils.background_jobs.execute_job(event=None, is_async=True, job_name='frappe.core.doctype.scheduled_job_type.scheduled_job_type.run_scheduled_jo..., kwargs={'job_type': 'frappe.desk.utils.delete_old_exported_report_files', 'schedul..., method='frappe.core.doctype.scheduled_job_type.scheduled_job_type.run_scheduled_jo..., site='education.localhost', user='Administrator') (education.localhost||scheduled_job||rfafdded26)
2025-09-28 10:18:18,579 Successfully completed frappe.utils.background_jobs.execute_job(event=None, is_async=True, job_name='frappe.core.doctype.scheduled_job_type.scheduled_job_type.run_scheduled_jo..., kwargs={'job_type': 'frappe.desk.utils.delete_old_exported_report_files', 'schedul..., method='frappe.core.doctype.scheduled_job_type.scheduled_job_type.run_scheduled_jo..., site='education.localhost', user='Administrator') job in 0:00:00.770608s on worker 509d537860474bb2a312a7fc0ee82f39
2025-09-28 10:18:18,579 Users-user-Documents-resturantOS-frappe-bench:long: Job OK (education.localhost||scheduled_job||rfafdded26)
2025-09-28 10:18:18,579 Result is kept for 600 seconds
2025-09-28 10:20:00,491 Users-user-Documents-resturantOS-frappe-bench:default: frappe.utils.background_jobs.execute_job(event=None, is_async=True, job_name='frappe.core.doctype.scheduled_job_type.scheduled_job_type.run_scheduled_jo..., kwargs={'job_type': 'frappe.email.queue.flush', 'scheduled_job_type': 'moarrskqpm'..., method='frappe.core.doctype.scheduled_job_type.scheduled_job_type.run_scheduled_jo..., site='hrms.localhost', user='Administrator') (hrms.localhost||scheduled_job||moarrskqpm)
2025-09-28 10:20:01,609 Successfully completed frappe.utils.background_jobs.execute_job(event=None, is_async=True, job_name='frappe.core.doctype.scheduled_job_type.scheduled_job_type.run_scheduled_jo..., kwargs={'job_type': 'frappe.email.queue.flush', 'scheduled_job_type': 'moarrskqpm'..., method='frappe.core.doctype.scheduled_job_type.scheduled_job_type.run_scheduled_jo..., site='hrms.localhost', user='Administrator') job in 0:00:01.093842s on worker 509d537860474bb2a312a7fc0ee82f39
2025-09-28 10:20:01,609 Users-user-Documents-resturantOS-frappe-bench:default: Job OK (hrms.localhost||scheduled_job||moarrskqpm)
2025-09-28 10:20:01,610 Result is kept for 600 seconds
2025-09-28 10:20:01,622 Users-user-Documents-resturantOS-frappe-bench:default: frappe.utils.background_jobs.execute_job(event=None, is_async=True, job_name='frappe.core.doctype.scheduled_job_type.scheduled_job_type.run_scheduled_jo..., kwargs={'job_type': 'frappe.integrations.doctype.google_calendar.google_calendar.s..., method='frappe.core.doctype.scheduled_job_type.scheduled_job_type.run_scheduled_jo..., site='hrms.localhost', user='Administrator') (hrms.localhost||scheduled_job||moaj5vmroq)
2025-09-28 10:20:02,466 Successfully completed frappe.utils.background_jobs.execute_job(event=None, is_async=True, job_name='frappe.core.doctype.scheduled_job_type.scheduled_job_type.run_scheduled_jo..., kwargs={'job_type': 'frappe.integrations.doctype.google_calendar.google_calendar.s..., method='frappe.core.doctype.scheduled_job_type.scheduled_job_type.run_scheduled_jo..., site='hrms.localhost', user='Administrator') job in 0:00:00.830034s on worker 509d537860474bb2a312a7fc0ee82f39
2025-09-28 10:20:02,466 Users-user-Documents-resturantOS-frappe-bench:default: Job OK (hrms.localhost||scheduled_job||moaj5vmroq)
2025-09-28 10:20:02,466 Result is kept for 600 seconds
2025-09-28 10:20:02,478 Users-user-Documents-resturantOS-frappe-bench:default: frappe.utils.background_jobs.execute_job(event=None, is_async=True, job_name='frappe.core.doctype.scheduled_job_type.scheduled_job_type.run_scheduled_jo..., kwargs={'job_type': 'frappe.email.doctype.email_account.email_account.pull', 'sche..., method='frappe.core.doctype.scheduled_job_type.scheduled_job_type.run_scheduled_jo..., site='hrms.localhost', user='Administrator') (hrms.localhost||scheduled_job||moavp17f68)
2025-09-28 10:20:03,204 Successfully completed frappe.utils.background_jobs.execute_job(event=None, is_async=True, job_name='frappe.core.doctype.scheduled_job_type.scheduled_job_type.run_scheduled_jo..., kwargs={'job_type': 'frappe.email.doctype.email_account.email_account.pull', 'sche..., method='frappe.core.doctype.scheduled_job_type.scheduled_job_type.run_scheduled_jo..., site='hrms.localhost', user='Administrator') job in 0:00:00.712125s on worker 509d537860474bb2a312a7fc0ee82f39
2025-09-28 10:20:03,204 Users-user-Documents-resturantOS-frappe-bench:default: Job OK (hrms.localhost||scheduled_job||moavp17f68)
2025-09-28 10:20:03,204 Result is kept for 600 seconds
2025-09-28 10:20:03,216 Users-user-Documents-resturantOS-frappe-bench:default: frappe.utils.background_jobs.execute_job(event=None, is_async=True, job_name='frappe.core.doctype.scheduled_job_type.scheduled_job_type.run_scheduled_jo..., kwargs={'job_type': 'frappe.monitor.flush', 'scheduled_job_type': 'moa4nr1fii'}, method='frappe.core.doctype.scheduled_job_type.scheduled_job_type.run_scheduled_jo..., site='hrms.localhost', user='Administrator') (hrms.localhost||scheduled_job||moa4nr1fii)
2025-09-28 10:20:03,930 Successfully completed frappe.utils.background_jobs.execute_job(event=None, is_async=True, job_name='frappe.core.doctype.scheduled_job_type.scheduled_job_type.run_scheduled_jo..., kwargs={'job_type': 'frappe.monitor.flush', 'scheduled_job_type': 'moa4nr1fii'}, method='frappe.core.doctype.scheduled_job_type.scheduled_job_type.run_scheduled_jo..., site='hrms.localhost', user='Administrator') job in 0:00:00.700250s on worker 509d537860474bb2a312a7fc0ee82f39
2025-09-28 10:20:03,930 Users-user-Documents-resturantOS-frappe-bench:default: Job OK (hrms.localhost||scheduled_job||moa4nr1fii)
2025-09-28 10:20:03,930 Result is kept for 600 seconds
2025-09-28 10:20:03,942 Users-user-Documents-resturantOS-frappe-bench:default: frappe.utils.background_jobs.execute_job(event=None, is_async=True, job_name='frappe.core.doctype.scheduled_job_type.scheduled_job_type.run_scheduled_jo..., kwargs={'job_type': 'hrms.hr.doctype.interview.interview.send_interview_reminder',..., method='frappe.core.doctype.scheduled_job_type.scheduled_job_type.run_scheduled_jo..., site='hrms.localhost', user='Administrator') (hrms.localhost||scheduled_job||p395mfeqpe)
2025-09-28 10:20:04,651 Successfully completed frappe.utils.background_jobs.execute_job(event=None, is_async=True, job_name='frappe.core.doctype.scheduled_job_type.scheduled_job_type.run_scheduled_jo..., kwargs={'job_type': 'hrms.hr.doctype.interview.interview.send_interview_reminder',..., method='frappe.core.doctype.scheduled_job_type.scheduled_job_type.run_scheduled_jo..., site='hrms.localhost', user='Administrator') job in 0:00:00.695956s on worker 509d537860474bb2a312a7fc0ee82f39
2025-09-28 10:20:04,652 Users-user-Documents-resturantOS-frappe-bench:default: Job OK (hrms.localhost||scheduled_job||p395mfeqpe)
2025-09-28 10:20:04,652 Result is kept for 600 seconds
2025-09-28 10:20:04,663 Users-user-Documents-resturantOS-frappe-bench:default: frappe.utils.background_jobs.execute_job(event=None, is_async=True, job_name='frappe.core.doctype.scheduled_job_type.scheduled_job_type.run_scheduled_jo..., kwargs={'job_type': 'frappe.email.doctype.notification.notification.trigger_offset..., method='frappe.core.doctype.scheduled_job_type.scheduled_job_type.run_scheduled_jo..., site='hrms.localhost', user='Administrator') (hrms.localhost||scheduled_job||moa3u2rt95)
2025-09-28 10:20:05,358 Successfully completed frappe.utils.background_jobs.execute_job(event=None, is_async=True, job_name='frappe.core.doctype.scheduled_job_type.scheduled_job_type.run_scheduled_jo..., kwargs={'job_type': 'frappe.email.doctype.notification.notification.trigger_offset..., method='frappe.core.doctype.scheduled_job_type.scheduled_job_type.run_scheduled_jo..., site='hrms.localhost', user='Administrator') job in 0:00:00.681512s on worker 509d537860474bb2a312a7fc0ee82f39
2025-09-28 10:20:05,358 Users-user-Documents-resturantOS-frappe-bench:default: Job OK (hrms.localhost||scheduled_job||moa3u2rt95)
2025-09-28 10:20:05,359 Result is kept for 600 seconds
2025-09-28 10:20:05,370 Users-user-Documents-resturantOS-frappe-bench:default: frappe.utils.background_jobs.execute_job(event=None, is_async=True, job_name='frappe.core.doctype.scheduled_job_type.scheduled_job_type.run_scheduled_jo..., kwargs={'job_type': 'frappe.email.queue.retry_sending_emails', 'scheduled_job_type..., method='frappe.core.doctype.scheduled_job_type.scheduled_job_type.run_scheduled_jo..., site='hrms.localhost', user='Administrator') (hrms.localhost||scheduled_job||moa8b2rj9v)
2025-09-28 10:20:06,077 Successfully completed frappe.utils.background_jobs.execute_job(event=None, is_async=True, job_name='frappe.core.doctype.scheduled_job_type.scheduled_job_type.run_scheduled_jo..., kwargs={'job_type': 'frappe.email.queue.retry_sending_emails', 'scheduled_job_type..., method='frappe.core.doctype.scheduled_job_type.scheduled_job_type.run_scheduled_jo..., site='hrms.localhost', user='Administrator') job in 0:00:00.694333s on worker 509d537860474bb2a312a7fc0ee82f39
2025-09-28 10:20:06,077 Users-user-Documents-resturantOS-frappe-bench:default: Job OK (hrms.localhost||scheduled_job||moa8b2rj9v)
2025-09-28 10:20:06,078 Result is kept for 600 seconds
2025-09-28 10:20:06,089 Users-user-Documents-resturantOS-frappe-bench:default: frappe.utils.background_jobs.execute_job(event=None, is_async=True, job_name='frappe.core.doctype.scheduled_job_type.scheduled_job_type.run_scheduled_jo..., kwargs={'job_type': 'frappe.email.queue.flush', 'scheduled_job_type': 'rfau6l5hgd'..., method='frappe.core.doctype.scheduled_job_type.scheduled_job_type.run_scheduled_jo..., site='education.localhost', user='Administrator') (education.localhost||scheduled_job||rfau6l5hgd)
2025-09-28 10:20:06,791 Successfully completed frappe.utils.background_jobs.execute_job(event=None, is_async=True, job_name='frappe.core.doctype.scheduled_job_type.scheduled_job_type.run_scheduled_jo..., kwargs={'job_type': 'frappe.email.queue.flush', 'scheduled_job_type': 'rfau6l5hgd'..., method='frappe.core.doctype.scheduled_job_type.scheduled_job_type.run_scheduled_jo..., site='education.localhost', user='Administrator') job in 0:00:00.689154s on worker 509d537860474bb2a312a7fc0ee82f39
2025-09-28 10:20:06,791 Users-user-Documents-resturantOS-frappe-bench:default: Job OK (education.localhost||scheduled_job||rfau6l5hgd)
2025-09-28 10:20:06,792 Result is kept for 600 seconds
2025-09-28 10:20:06,804 Users-user-Documents-resturantOS-frappe-bench:default: frappe.utils.background_jobs.execute_job(event=None, is_async=True, job_name='frappe.core.doctype.scheduled_job_type.scheduled_job_type.run_scheduled_jo..., kwargs={'job_type': 'frappe.integrations.doctype.google_calendar.google_calendar.s..., method='frappe.core.doctype.scheduled_job_type.scheduled_job_type.run_scheduled_jo..., site='education.localhost', user='Administrator') (education.localhost||scheduled_job||rfadu7l5ur)
2025-09-28 10:20:07,597 Successfully completed frappe.utils.background_jobs.execute_job(event=None, is_async=True, job_name='frappe.core.doctype.scheduled_job_type.scheduled_job_type.run_scheduled_jo..., kwargs={'job_type': 'frappe.integrations.doctype.google_calendar.google_calendar.s..., method='frappe.core.doctype.scheduled_job_type.scheduled_job_type.run_scheduled_jo..., site='education.localhost', user='Administrator') job in 0:00:00.779498s on worker 509d537860474bb2a312a7fc0ee82f39
2025-09-28 10:20:07,598 Users-user-Documents-resturantOS-frappe-bench:default: Job OK (education.localhost||scheduled_job||rfadu7l5ur)
2025-09-28 10:20:07,598 Result is kept for 600 seconds
2025-09-28 10:20:07,610 Users-user-Documents-resturantOS-frappe-bench:default: frappe.utils.background_jobs.execute_job(event=None, is_async=True, job_name='frappe.core.doctype.scheduled_job_type.scheduled_job_type.run_scheduled_jo..., kwargs={'job_type': 'frappe.email.doctype.email_account.email_account.pull', 'sche..., method='frappe.core.doctype.scheduled_job_type.scheduled_job_type.run_scheduled_jo..., site='education.localhost', user='Administrator') (education.localhost||scheduled_job||rfaalv5h8m)
2025-09-28 10:20:08,316 Successfully completed frappe.utils.background_jobs.execute_job(event=None, is_async=True, job_name='frappe.core.doctype.scheduled_job_type.scheduled_job_type.run_scheduled_jo..., kwargs={'job_type': 'frappe.email.doctype.email_account.email_account.pull', 'sche..., method='frappe.core.doctype.scheduled_job_type.scheduled_job_type.run_scheduled_jo..., site='education.localhost', user='Administrator') job in 0:00:00.692414s on worker 509d537860474bb2a312a7fc0ee82f39
2025-09-28 10:20:08,317 Users-user-Documents-resturantOS-frappe-bench:default: Job OK (education.localhost||scheduled_job||rfaalv5h8m)
2025-09-28 10:20:08,317 Result is kept for 600 seconds
2025-09-28 10:20:08,329 Users-user-Documents-resturantOS-frappe-bench:default: frappe.utils.background_jobs.execute_job(event=None, is_async=True, job_name='frappe.core.doctype.scheduled_job_type.scheduled_job_type.run_scheduled_jo..., kwargs={'job_type': 'frappe.email.doctype.notification.notification.trigger_offset..., method='frappe.core.doctype.scheduled_job_type.scheduled_job_type.run_scheduled_jo..., site='education.localhost', user='Administrator') (education.localhost||scheduled_job||rfae444qht)
2025-09-28 10:20:09,170 Successfully completed frappe.utils.background_jobs.execute_job(event=None, is_async=True, job_name='frappe.core.doctype.scheduled_job_type.scheduled_job_type.run_scheduled_jo..., kwargs={'job_type': 'frappe.email.doctype.notification.notification.trigger_offset..., method='frappe.core.doctype.scheduled_job_type.scheduled_job_type.run_scheduled_jo..., site='education.localhost', user='Administrator') job in 0:00:00.825334s on worker 509d537860474bb2a312a7fc0ee82f39
2025-09-28 10:20:09,171 Users-user-Documents-resturantOS-frappe-bench:default: Job OK (education.localhost||scheduled_job||rfae444qht)
2025-09-28 10:20:09,171 Result is kept for 600 seconds
2025-09-28 10:20:09,184 Users-user-Documents-resturantOS-frappe-bench:default: frappe.utils.background_jobs.execute_job(event=None, is_async=True, job_name='frappe.core.doctype.scheduled_job_type.scheduled_job_type.run_scheduled_jo..., kwargs={'job_type': 'frappe.email.queue.retry_sending_emails', 'scheduled_job_type..., method='frappe.core.doctype.scheduled_job_type.scheduled_job_type.run_scheduled_jo..., site='education.localhost', user='Administrator') (education.localhost||scheduled_job||rfa4ssl812)
2025-09-28 10:20:09,867 Successfully completed frappe.utils.background_jobs.execute_job(event=None, is_async=True, job_name='frappe.core.doctype.scheduled_job_type.scheduled_job_type.run_scheduled_jo..., kwargs={'job_type': 'frappe.email.queue.retry_sending_emails', 'scheduled_job_type..., method='frappe.core.doctype.scheduled_job_type.scheduled_job_type.run_scheduled_jo..., site='education.localhost', user='Administrator') job in 0:00:00.668725s on worker 509d537860474bb2a312a7fc0ee82f39
2025-09-28 10:20:09,868 Users-user-Documents-resturantOS-frappe-bench:default: Job OK (education.localhost||scheduled_job||rfa4ssl812)
2025-09-28 10:20:09,868 Result is kept for 600 seconds
2025-09-28 10:20:09,880 Users-user-Documents-resturantOS-frappe-bench:default: frappe.utils.background_jobs.execute_job(event=None, is_async=True, job_name='frappe.core.doctype.scheduled_job_type.scheduled_job_type.run_scheduled_jo..., kwargs={'job_type': 'frappe.monitor.flush', 'scheduled_job_type': 'rfabac2214'}, method='frappe.core.doctype.scheduled_job_type.scheduled_job_type.run_scheduled_jo..., site='education.localhost', user='Administrator') (education.localhost||scheduled_job||rfabac2214)
2025-09-28 10:20:10,552 Successfully completed frappe.utils.background_jobs.execute_job(event=None, is_async=True, job_name='frappe.core.doctype.scheduled_job_type.scheduled_job_type.run_scheduled_jo..., kwargs={'job_type': 'frappe.monitor.flush', 'scheduled_job_type': 'rfabac2214'}, method='frappe.core.doctype.scheduled_job_type.scheduled_job_type.run_scheduled_jo..., site='education.localhost', user='Administrator') job in 0:00:00.658571s on worker 509d537860474bb2a312a7fc0ee82f39
2025-09-28 10:20:10,552 Users-user-Documents-resturantOS-frappe-bench:default: Job OK (education.localhost||scheduled_job||rfabac2214)
2025-09-28 10:20:10,553 Result is kept for 600 seconds
2025-09-28 10:20:10,563 Users-user-Documents-resturantOS-frappe-bench:default: frappe.utils.background_jobs.execute_job(event=None, is_async=True, job_name='frappe.core.doctype.scheduled_job_type.scheduled_job_type.run_scheduled_jo..., kwargs={'job_type': 'frappe.email.queue.retry_sending_emails', 'scheduled_job_type..., method='frappe.core.doctype.scheduled_job_type.scheduled_job_type.run_scheduled_jo..., site='erpnext.localhost', user='Administrator') (erpnext.localhost||scheduled_job||i3q1telple)
2025-09-28 10:20:11,262 Successfully completed frappe.utils.background_jobs.execute_job(event=None, is_async=True, job_name='frappe.core.doctype.scheduled_job_type.scheduled_job_type.run_scheduled_jo..., kwargs={'job_type': 'frappe.email.queue.retry_sending_emails', 'scheduled_job_type..., method='frappe.core.doctype.scheduled_job_type.scheduled_job_type.run_scheduled_jo..., site='erpnext.localhost', user='Administrator') job in 0:00:00.684406s on worker 509d537860474bb2a312a7fc0ee82f39
2025-09-28 10:20:11,262 Users-user-Documents-resturantOS-frappe-bench:default: Job OK (erpnext.localhost||scheduled_job||i3q1telple)
2025-09-28 10:20:11,262 Result is kept for 600 seconds
2025-09-28 10:20:11,273 Users-user-Documents-resturantOS-frappe-bench:default: frappe.utils.background_jobs.execute_job(event=None, is_async=True, job_name='frappe.core.doctype.scheduled_job_type.scheduled_job_type.run_scheduled_jo..., kwargs={'job_type': 'frappe.monitor.flush', 'scheduled_job_type': 'i3qnb8q0pg'}, method='frappe.core.doctype.scheduled_job_type.scheduled_job_type.run_scheduled_jo..., site='erpnext.localhost', user='Administrator') (erpnext.localhost||scheduled_job||i3qnb8q0pg)
2025-09-28 10:20:11,952 Successfully completed frappe.utils.background_jobs.execute_job(event=None, is_async=True, job_name='frappe.core.doctype.scheduled_job_type.scheduled_job_type.run_scheduled_jo..., kwargs={'job_type': 'frappe.monitor.flush', 'scheduled_job_type': 'i3qnb8q0pg'}, method='frappe.core.doctype.scheduled_job_type.scheduled_job_type.run_scheduled_jo..., site='erpnext.localhost', user='Administrator') job in 0:00:00.664933s on worker 509d537860474bb2a312a7fc0ee82f39
2025-09-28 10:20:11,953 Users-user-Documents-resturantOS-frappe-bench:default: Job OK (erpnext.localhost||scheduled_job||i3qnb8q0pg)
2025-09-28 10:20:11,953 Result is kept for 600 seconds
2025-09-28 10:20:11,968 Users-user-Documents-resturantOS-frappe-bench:default: frappe.utils.background_jobs.execute_job(event=None, is_async=True, job_name='frappe.core.doctype.scheduled_job_type.scheduled_job_type.run_scheduled_jo..., kwargs={'job_type': 'frappe.email.doctype.email_account.email_account.pull', 'sche..., method='frappe.core.doctype.scheduled_job_type.scheduled_job_type.run_scheduled_jo..., site='erpnext.localhost', user='Administrator') (erpnext.localhost||scheduled_job||i3qn3r9e35)
2025-09-28 10:20:12,684 Successfully completed frappe.utils.background_jobs.execute_job(event=None, is_async=True, job_name='frappe.core.doctype.scheduled_job_type.scheduled_job_type.run_scheduled_jo..., kwargs={'job_type': 'frappe.email.doctype.email_account.email_account.pull', 'sche..., method='frappe.core.doctype.scheduled_job_type.scheduled_job_type.run_scheduled_jo..., site='erpnext.localhost', user='Administrator') job in 0:00:00.702322s on worker 509d537860474bb2a312a7fc0ee82f39
2025-09-28 10:20:12,685 Users-user-Documents-resturantOS-frappe-bench:default: Job OK (erpnext.localhost||scheduled_job||i3qn3r9e35)
2025-09-28 10:20:12,685 Result is kept for 600 seconds
2025-09-28 10:20:12,696 Users-user-Documents-resturantOS-frappe-bench:default: frappe.utils.background_jobs.execute_job(event=None, is_async=True, job_name='frappe.core.doctype.scheduled_job_type.scheduled_job_type.run_scheduled_jo..., kwargs={'job_type': 'frappe.integrations.doctype.google_calendar.google_calendar.s..., method='frappe.core.doctype.scheduled_job_type.scheduled_job_type.run_scheduled_jo..., site='erpnext.localhost', user='Administrator') (erpnext.localhost||scheduled_job||i3q59sufvp)
2025-09-28 10:20:13,471 Successfully completed frappe.utils.background_jobs.execute_job(event=None, is_async=True, job_name='frappe.core.doctype.scheduled_job_type.scheduled_job_type.run_scheduled_jo..., kwargs={'job_type': 'frappe.integrations.doctype.google_calendar.google_calendar.s..., method='frappe.core.doctype.scheduled_job_type.scheduled_job_type.run_scheduled_jo..., site='erpnext.localhost', user='Administrator') job in 0:00:00.761472s on worker 509d537860474bb2a312a7fc0ee82f39
2025-09-28 10:20:13,471 Users-user-Documents-resturantOS-frappe-bench:default: Job OK (erpnext.localhost||scheduled_job||i3q59sufvp)
2025-09-28 10:20:13,472 Result is kept for 600 seconds
2025-09-28 10:20:13,484 Users-user-Documents-resturantOS-frappe-bench:default: frappe.utils.background_jobs.execute_job(event=None, is_async=True, job_name='frappe.core.doctype.scheduled_job_type.scheduled_job_type.run_scheduled_jo..., kwargs={'job_type': 'frappe.email.doctype.notification.notification.trigger_offset..., method='frappe.core.doctype.scheduled_job_type.scheduled_job_type.run_scheduled_jo..., site='erpnext.localhost', user='Administrator') (erpnext.localhost||scheduled_job||i3qenim3s4)
2025-09-28 10:20:14,162 Successfully completed frappe.utils.background_jobs.execute_job(event=None, is_async=True, job_name='frappe.core.doctype.scheduled_job_type.scheduled_job_type.run_scheduled_jo..., kwargs={'job_type': 'frappe.email.doctype.notification.notification.trigger_offset..., method='frappe.core.doctype.scheduled_job_type.scheduled_job_type.run_scheduled_jo..., site='erpnext.localhost', user='Administrator') job in 0:00:00.665842s on worker 509d537860474bb2a312a7fc0ee82f39
2025-09-28 10:20:14,163 Users-user-Documents-resturantOS-frappe-bench:default: Job OK (erpnext.localhost||scheduled_job||i3qenim3s4)
2025-09-28 10:20:14,163 Result is kept for 600 seconds
2025-09-28 10:20:14,174 Users-user-Documents-resturantOS-frappe-bench:default: frappe.utils.background_jobs.execute_job(event=None, is_async=True, job_name='frappe.core.doctype.scheduled_job_type.scheduled_job_type.run_scheduled_jo..., kwargs={'job_type': 'frappe.email.queue.flush', 'scheduled_job_type': 'i3qhjuun64'..., method='frappe.core.doctype.scheduled_job_type.scheduled_job_type.run_scheduled_jo..., site='erpnext.localhost', user='Administrator') (erpnext.localhost||scheduled_job||i3qhjuun64)
2025-09-28 10:20:14,903 Successfully completed frappe.utils.background_jobs.execute_job(event=None, is_async=True, job_name='frappe.core.doctype.scheduled_job_type.scheduled_job_type.run_scheduled_jo..., kwargs={'job_type': 'frappe.email.queue.flush', 'scheduled_job_type': 'i3qhjuun64'..., method='frappe.core.doctype.scheduled_job_type.scheduled_job_type.run_scheduled_jo..., site='erpnext.localhost', user='Administrator') job in 0:00:00.714348s on worker 509d537860474bb2a312a7fc0ee82f39
2025-09-28 10:20:14,903 Users-user-Documents-resturantOS-frappe-bench:default: Job OK (erpnext.localhost||scheduled_job||i3qhjuun64)
2025-09-28 10:20:14,904 Result is kept for 600 seconds
2025-09-28 10:20:14,914 Users-user-Documents-resturantOS-frappe-bench:default: frappe.utils.background_jobs.execute_job(event=None, is_async=True, job_name='frappe.core.doctype.scheduled_job_type.scheduled_job_type.run_scheduled_jo..., kwargs={'job_type': 'frappe.integrations.doctype.google_calendar.google_calendar.s..., method='frappe.core.doctype.scheduled_job_type.scheduled_job_type.run_scheduled_jo..., site='resturant.localhost', user='Administrator') (resturant.localhost||scheduled_job||t89didi78e)
2025-09-28 10:20:15,932 Successfully completed frappe.utils.background_jobs.execute_job(event=None, is_async=True, job_name='frappe.core.doctype.scheduled_job_type.scheduled_job_type.run_scheduled_jo..., kwargs={'job_type': 'frappe.integrations.doctype.google_calendar.google_calendar.s..., method='frappe.core.doctype.scheduled_job_type.scheduled_job_type.run_scheduled_jo..., site='resturant.localhost', user='Administrator') job in 0:00:01.004730s on worker 509d537860474bb2a312a7fc0ee82f39
2025-09-28 10:20:15,933 Users-user-Documents-resturantOS-frappe-bench:default: Job OK (resturant.localhost||scheduled_job||t89didi78e)
2025-09-28 10:20:15,933 Result is kept for 600 seconds
2025-09-28 10:20:15,945 Users-user-Documents-resturantOS-frappe-bench:default: frappe.utils.background_jobs.execute_job(event=None, is_async=True, job_name='frappe.core.doctype.scheduled_job_type.scheduled_job_type.run_scheduled_jo..., kwargs={'job_type': 'frappe.monitor.flush', 'scheduled_job_type': 't89s0d7svi'}, method='frappe.core.doctype.scheduled_job_type.scheduled_job_type.run_scheduled_jo..., site='resturant.localhost', user='Administrator') (resturant.localhost||scheduled_job||t89s0d7svi)
2025-09-28 10:20:16,758 Successfully completed frappe.utils.background_jobs.execute_job(event=None, is_async=True, job_name='frappe.core.doctype.scheduled_job_type.scheduled_job_type.run_scheduled_jo..., kwargs={'job_type': 'frappe.monitor.flush', 'scheduled_job_type': 't89s0d7svi'}, method='frappe.core.doctype.scheduled_job_type.scheduled_job_type.run_scheduled_jo..., site='resturant.localhost', user='Administrator') job in 0:00:00.797179s on worker 509d537860474bb2a312a7fc0ee82f39
2025-09-28 10:20:16,759 Users-user-Documents-resturantOS-frappe-bench:default: Job OK (resturant.localhost||scheduled_job||t89s0d7svi)
2025-09-28 10:20:16,759 Result is kept for 600 seconds
2025-09-28 10:20:16,773 Users-user-Documents-resturantOS-frappe-bench:default: frappe.utils.background_jobs.execute_job(event=None, is_async=True, job_name='frappe.core.doctype.scheduled_job_type.scheduled_job_type.run_scheduled_jo..., kwargs={'job_type': 'frappe.email.doctype.email_account.email_account.pull', 'sche..., method='frappe.core.doctype.scheduled_job_type.scheduled_job_type.run_scheduled_jo..., site='resturant.localhost', user='Administrator') (resturant.localhost||scheduled_job||t89ngbj81r)
2025-09-28 10:20:18,220 Successfully completed frappe.utils.background_jobs.execute_job(event=None, is_async=True, job_name='frappe.core.doctype.scheduled_job_type.scheduled_job_type.run_scheduled_jo..., kwargs={'job_type': 'frappe.email.doctype.email_account.email_account.pull', 'sche..., method='frappe.core.doctype.scheduled_job_type.scheduled_job_type.run_scheduled_jo..., site='resturant.localhost', user='Administrator') job in 0:00:01.429225s on worker 509d537860474bb2a312a7fc0ee82f39
2025-09-28 10:20:18,221 Users-user-Documents-resturantOS-frappe-bench:default: Job OK (resturant.localhost||scheduled_job||t89ngbj81r)
2025-09-28 10:20:18,221 Result is kept for 600 seconds
2025-09-28 10:20:18,232 Users-user-Documents-resturantOS-frappe-bench:default: frappe.utils.background_jobs.execute_job(event=None, is_async=True, job_name='frappe.core.doctype.scheduled_job_type.scheduled_job_type.run_scheduled_jo..., kwargs={'job_type': 'frappe.email.queue.flush', 'scheduled_job_type': 't89cjdiai5'..., method='frappe.core.doctype.scheduled_job_type.scheduled_job_type.run_scheduled_jo..., site='resturant.localhost', user='Administrator') (resturant.localhost||scheduled_job||t89cjdiai5)
2025-09-28 10:20:19,315 Successfully completed frappe.utils.background_jobs.execute_job(event=None, is_async=True, job_name='frappe.core.doctype.scheduled_job_type.scheduled_job_type.run_scheduled_jo..., kwargs={'job_type': 'frappe.email.queue.flush', 'scheduled_job_type': 't89cjdiai5'..., method='frappe.core.doctype.scheduled_job_type.scheduled_job_type.run_scheduled_jo..., site='resturant.localhost', user='Administrator') job in 0:00:01.069188s on worker 509d537860474bb2a312a7fc0ee82f39
2025-09-28 10:20:19,316 Users-user-Documents-resturantOS-frappe-bench:default: Job OK (resturant.localhost||scheduled_job||t89cjdiai5)
2025-09-28 10:20:19,316 Result is kept for 600 seconds
2025-09-28 10:20:19,328 Users-user-Documents-resturantOS-frappe-bench:default: frappe.utils.background_jobs.execute_job(event=None, is_async=True, job_name='frappe.core.doctype.scheduled_job_type.scheduled_job_type.run_scheduled_jo..., kwargs={'job_type': 'frappe.email.queue.retry_sending_emails', 'scheduled_job_type..., method='frappe.core.doctype.scheduled_job_type.scheduled_job_type.run_scheduled_jo..., site='resturant.localhost', user='Administrator') (resturant.localhost||scheduled_job||t898d96467)
2025-09-28 10:20:20,099 Successfully completed frappe.utils.background_jobs.execute_job(event=None, is_async=True, job_name='frappe.core.doctype.scheduled_job_type.scheduled_job_type.run_scheduled_jo..., kwargs={'job_type': 'frappe.email.queue.retry_sending_emails', 'scheduled_job_type..., method='frappe.core.doctype.scheduled_job_type.scheduled_job_type.run_scheduled_jo..., site='resturant.localhost', user='Administrator') job in 0:00:00.758085s on worker 509d537860474bb2a312a7fc0ee82f39
2025-09-28 10:20:20,100 Users-user-Documents-resturantOS-frappe-bench:default: Job OK (resturant.localhost||scheduled_job||t898d96467)
2025-09-28 10:20:20,100 Result is kept for 600 seconds
2025-09-28 10:20:20,111 Users-user-Documents-resturantOS-frappe-bench:default: frappe.utils.background_jobs.execute_job(event=None, is_async=True, job_name='frappe.core.doctype.scheduled_job_type.scheduled_job_type.run_scheduled_jo..., kwargs={'job_type': 'frappe.email.doctype.notification.notification.trigger_offset..., method='frappe.core.doctype.scheduled_job_type.scheduled_job_type.run_scheduled_jo..., site='resturant.localhost', user='Administrator') (resturant.localhost||scheduled_job||t892j3i7ae)
2025-09-28 10:20:20,866 Successfully completed frappe.utils.background_jobs.execute_job(event=None, is_async=True, job_name='frappe.core.doctype.scheduled_job_type.scheduled_job_type.run_scheduled_jo..., kwargs={'job_type': 'frappe.email.doctype.notification.notification.trigger_offset..., method='frappe.core.doctype.scheduled_job_type.scheduled_job_type.run_scheduled_jo..., site='resturant.localhost', user='Administrator') job in 0:00:00.740545s on worker 509d537860474bb2a312a7fc0ee82f39
2025-09-28 10:20:20,866 Users-user-Documents-resturantOS-frappe-bench:default: Job OK (resturant.localhost||scheduled_job||t892j3i7ae)
2025-09-28 10:20:20,867 Result is kept for 600 seconds
2025-09-28 10:24:00,816 Users-user-Documents-resturantOS-frappe-bench:default: frappe.utils.background_jobs.execute_job(event=None, is_async=True, job_name='frappe.core.doctype.scheduled_job_type.scheduled_job_type.run_scheduled_jo..., kwargs={'job_type': 'frappe.monitor.flush', 'scheduled_job_type': 'i3qnb8q0pg'}, method='frappe.core.doctype.scheduled_job_type.scheduled_job_type.run_scheduled_jo..., site='erpnext.localhost', user='Administrator') (erpnext.localhost||scheduled_job||i3qnb8q0pg)
2025-09-28 10:24:01,721 Successfully completed frappe.utils.background_jobs.execute_job(event=None, is_async=True, job_name='frappe.core.doctype.scheduled_job_type.scheduled_job_type.run_scheduled_jo..., kwargs={'job_type': 'frappe.monitor.flush', 'scheduled_job_type': 'i3qnb8q0pg'}, method='frappe.core.doctype.scheduled_job_type.scheduled_job_type.run_scheduled_jo..., site='erpnext.localhost', user='Administrator') job in 0:00:00.889927s on worker 509d537860474bb2a312a7fc0ee82f39
2025-09-28 10:24:01,722 Users-user-Documents-resturantOS-frappe-bench:default: Job OK (erpnext.localhost||scheduled_job||i3qnb8q0pg)
2025-09-28 10:24:01,722 Result is kept for 600 seconds
2025-09-28 10:24:01,733 Users-user-Documents-resturantOS-frappe-bench:default: frappe.utils.background_jobs.execute_job(event=None, is_async=True, job_name='frappe.core.doctype.scheduled_job_type.scheduled_job_type.run_scheduled_jo..., kwargs={'job_type': 'frappe.email.queue.retry_sending_emails', 'scheduled_job_type..., method='frappe.core.doctype.scheduled_job_type.scheduled_job_type.run_scheduled_jo..., site='erpnext.localhost', user='Administrator') (erpnext.localhost||scheduled_job||i3q1telple)
2025-09-28 10:24:02,442 Successfully completed frappe.utils.background_jobs.execute_job(event=None, is_async=True, job_name='frappe.core.doctype.scheduled_job_type.scheduled_job_type.run_scheduled_jo..., kwargs={'job_type': 'frappe.email.queue.retry_sending_emails', 'scheduled_job_type..., method='frappe.core.doctype.scheduled_job_type.scheduled_job_type.run_scheduled_jo..., site='erpnext.localhost', user='Administrator') job in 0:00:00.693578s on worker 509d537860474bb2a312a7fc0ee82f39
2025-09-28 10:24:02,443 Users-user-Documents-resturantOS-frappe-bench:default: Job OK (erpnext.localhost||scheduled_job||i3q1telple)
2025-09-28 10:24:02,443 Result is kept for 600 seconds
2025-09-28 10:24:02,454 Users-user-Documents-resturantOS-frappe-bench:default: frappe.utils.background_jobs.execute_job(event=None, is_async=True, job_name='frappe.core.doctype.scheduled_job_type.scheduled_job_type.run_scheduled_jo..., kwargs={'job_type': 'frappe.integrations.doctype.google_calendar.google_calendar.s..., method='frappe.core.doctype.scheduled_job_type.scheduled_job_type.run_scheduled_jo..., site='erpnext.localhost', user='Administrator') (erpnext.localhost||scheduled_job||i3q59sufvp)
2025-09-28 10:24:03,292 Successfully completed frappe.utils.background_jobs.execute_job(event=None, is_async=True, job_name='frappe.core.doctype.scheduled_job_type.scheduled_job_type.run_scheduled_jo..., kwargs={'job_type': 'frappe.integrations.doctype.google_calendar.google_calendar.s..., method='frappe.core.doctype.scheduled_job_type.scheduled_job_type.run_scheduled_jo..., site='erpnext.localhost', user='Administrator') job in 0:00:00.823805s on worker 509d537860474bb2a312a7fc0ee82f39
2025-09-28 10:24:03,293 Users-user-Documents-resturantOS-frappe-bench:default: Job OK (erpnext.localhost||scheduled_job||i3q59sufvp)
2025-09-28 10:24:03,294 Result is kept for 600 seconds
2025-09-28 10:24:03,305 Users-user-Documents-resturantOS-frappe-bench:default: frappe.utils.background_jobs.execute_job(event=None, is_async=True, job_name='frappe.core.doctype.scheduled_job_type.scheduled_job_type.run_scheduled_jo..., kwargs={'job_type': 'frappe.email.queue.flush', 'scheduled_job_type': 'i3qhjuun64'..., method='frappe.core.doctype.scheduled_job_type.scheduled_job_type.run_scheduled_jo..., site='erpnext.localhost', user='Administrator') (erpnext.localhost||scheduled_job||i3qhjuun64)
2025-09-28 10:24:04,013 Successfully completed frappe.utils.background_jobs.execute_job(event=None, is_async=True, job_name='frappe.core.doctype.scheduled_job_type.scheduled_job_type.run_scheduled_jo..., kwargs={'job_type': 'frappe.email.queue.flush', 'scheduled_job_type': 'i3qhjuun64'..., method='frappe.core.doctype.scheduled_job_type.scheduled_job_type.run_scheduled_jo..., site='erpnext.localhost', user='Administrator') job in 0:00:00.693385s on worker 509d537860474bb2a312a7fc0ee82f39
2025-09-28 10:24:04,013 Users-user-Documents-resturantOS-frappe-bench:default: Job OK (erpnext.localhost||scheduled_job||i3qhjuun64)
2025-09-28 10:24:04,014 Result is kept for 600 seconds
2025-09-28 10:24:04,027 Users-user-Documents-resturantOS-frappe-bench:default: frappe.utils.background_jobs.execute_job(event=None, is_async=True, job_name='frappe.core.doctype.scheduled_job_type.scheduled_job_type.run_scheduled_jo..., kwargs={'job_type': 'frappe.integrations.doctype.google_calendar.google_calendar.s..., method='frappe.core.doctype.scheduled_job_type.scheduled_job_type.run_scheduled_jo..., site='resturant.localhost', user='Administrator') (resturant.localhost||scheduled_job||t89didi78e)
2025-09-28 10:24:04,809 Successfully completed frappe.utils.background_jobs.execute_job(event=None, is_async=True, job_name='frappe.core.doctype.scheduled_job_type.scheduled_job_type.run_scheduled_jo..., kwargs={'job_type': 'frappe.integrations.doctype.google_calendar.google_calendar.s..., method='frappe.core.doctype.scheduled_job_type.scheduled_job_type.run_scheduled_jo..., site='resturant.localhost', user='Administrator') job in 0:00:00.766999s on worker 509d537860474bb2a312a7fc0ee82f39
2025-09-28 10:24:04,810 Users-user-Documents-resturantOS-frappe-bench:default: Job OK (resturant.localhost||scheduled_job||t89didi78e)
2025-09-28 10:24:04,810 Result is kept for 600 seconds
2025-09-28 10:24:04,822 Users-user-Documents-resturantOS-frappe-bench:default: frappe.utils.background_jobs.execute_job(event=None, is_async=True, job_name='frappe.core.doctype.scheduled_job_type.scheduled_job_type.run_scheduled_jo..., kwargs={'job_type': 'frappe.email.queue.retry_sending_emails', 'scheduled_job_type..., method='frappe.core.doctype.scheduled_job_type.scheduled_job_type.run_scheduled_jo..., site='resturant.localhost', user='Administrator') (resturant.localhost||scheduled_job||t898d96467)
2025-09-28 10:24:05,543 Successfully completed frappe.utils.background_jobs.execute_job(event=None, is_async=True, job_name='frappe.core.doctype.scheduled_job_type.scheduled_job_type.run_scheduled_jo..., kwargs={'job_type': 'frappe.email.queue.retry_sending_emails', 'scheduled_job_type..., method='frappe.core.doctype.scheduled_job_type.scheduled_job_type.run_scheduled_jo..., site='resturant.localhost', user='Administrator') job in 0:00:00.708355s on worker 509d537860474bb2a312a7fc0ee82f39
2025-09-28 10:24:05,544 Users-user-Documents-resturantOS-frappe-bench:default: Job OK (resturant.localhost||scheduled_job||t898d96467)
2025-09-28 10:24:05,544 Result is kept for 600 seconds
2025-09-28 10:24:05,554 Users-user-Documents-resturantOS-frappe-bench:default: frappe.utils.background_jobs.execute_job(event=None, is_async=True, job_name='frappe.core.doctype.scheduled_job_type.scheduled_job_type.run_scheduled_jo..., kwargs={'job_type': 'frappe.monitor.flush', 'scheduled_job_type': 't89s0d7svi'}, method='frappe.core.doctype.scheduled_job_type.scheduled_job_type.run_scheduled_jo..., site='resturant.localhost', user='Administrator') (resturant.localhost||scheduled_job||t89s0d7svi)
2025-09-28 10:24:06,254 Successfully completed frappe.utils.background_jobs.execute_job(event=None, is_async=True, job_name='frappe.core.doctype.scheduled_job_type.scheduled_job_type.run_scheduled_jo..., kwargs={'job_type': 'frappe.monitor.flush', 'scheduled_job_type': 't89s0d7svi'}, method='frappe.core.doctype.scheduled_job_type.scheduled_job_type.run_scheduled_jo..., site='resturant.localhost', user='Administrator') job in 0:00:00.687003s on worker 509d537860474bb2a312a7fc0ee82f39
2025-09-28 10:24:06,254 Users-user-Documents-resturantOS-frappe-bench:default: Job OK (resturant.localhost||scheduled_job||t89s0d7svi)
2025-09-28 10:24:06,254 Result is kept for 600 seconds
2025-09-28 10:24:06,265 Users-user-Documents-resturantOS-frappe-bench:default: frappe.utils.background_jobs.execute_job(event=None, is_async=True, job_name='frappe.core.doctype.scheduled_job_type.scheduled_job_type.run_scheduled_jo..., kwargs={'job_type': 'frappe.email.queue.flush', 'scheduled_job_type': 't89cjdiai5'..., method='frappe.core.doctype.scheduled_job_type.scheduled_job_type.run_scheduled_jo..., site='resturant.localhost', user='Administrator') (resturant.localhost||scheduled_job||t89cjdiai5)
2025-09-28 10:24:07,009 Successfully completed frappe.utils.background_jobs.execute_job(event=None, is_async=True, job_name='frappe.core.doctype.scheduled_job_type.scheduled_job_type.run_scheduled_jo..., kwargs={'job_type': 'frappe.email.queue.flush', 'scheduled_job_type': 't89cjdiai5'..., method='frappe.core.doctype.scheduled_job_type.scheduled_job_type.run_scheduled_jo..., site='resturant.localhost', user='Administrator') job in 0:00:00.730391s on worker 509d537860474bb2a312a7fc0ee82f39
2025-09-28 10:24:07,010 Users-user-Documents-resturantOS-frappe-bench:default: Job OK (resturant.localhost||scheduled_job||t89cjdiai5)
2025-09-28 10:24:07,010 Result is kept for 600 seconds
2025-09-28 10:24:07,021 Users-user-Documents-resturantOS-frappe-bench:default: frappe.utils.background_jobs.execute_job(event=None, is_async=True, job_name='frappe.core.doctype.scheduled_job_type.scheduled_job_type.run_scheduled_jo..., kwargs={'job_type': 'frappe.integrations.doctype.google_calendar.google_calendar.s..., method='frappe.core.doctype.scheduled_job_type.scheduled_job_type.run_scheduled_jo..., site='hrms.localhost', user='Administrator') (hrms.localhost||scheduled_job||moaj5vmroq)
2025-09-28 10:24:07,785 Successfully completed frappe.utils.background_jobs.execute_job(event=None, is_async=True, job_name='frappe.core.doctype.scheduled_job_type.scheduled_job_type.run_scheduled_jo..., kwargs={'job_type': 'frappe.integrations.doctype.google_calendar.google_calendar.s..., method='frappe.core.doctype.scheduled_job_type.scheduled_job_type.run_scheduled_jo..., site='hrms.localhost', user='Administrator') job in 0:00:00.751154s on worker 509d537860474bb2a312a7fc0ee82f39
2025-09-28 10:24:07,786 Users-user-Documents-resturantOS-frappe-bench:default: Job OK (hrms.localhost||scheduled_job||moaj5vmroq)
2025-09-28 10:24:07,786 Result is kept for 600 seconds
2025-09-28 10:24:07,798 Users-user-Documents-resturantOS-frappe-bench:default: frappe.utils.background_jobs.execute_job(event=None, is_async=True, job_name='frappe.core.doctype.scheduled_job_type.scheduled_job_type.run_scheduled_jo..., kwargs={'job_type': 'frappe.email.queue.flush', 'scheduled_job_type': 'moarrskqpm'..., method='frappe.core.doctype.scheduled_job_type.scheduled_job_type.run_scheduled_jo..., site='hrms.localhost', user='Administrator') (hrms.localhost||scheduled_job||moarrskqpm)
2025-09-28 10:24:08,506 Successfully completed frappe.utils.background_jobs.execute_job(event=None, is_async=True, job_name='frappe.core.doctype.scheduled_job_type.scheduled_job_type.run_scheduled_jo..., kwargs={'job_type': 'frappe.email.queue.flush', 'scheduled_job_type': 'moarrskqpm'..., method='frappe.core.doctype.scheduled_job_type.scheduled_job_type.run_scheduled_jo..., site='hrms.localhost', user='Administrator') job in 0:00:00.692092s on worker 509d537860474bb2a312a7fc0ee82f39
2025-09-28 10:24:08,506 Users-user-Documents-resturantOS-frappe-bench:default: Job OK (hrms.localhost||scheduled_job||moarrskqpm)
2025-09-28 10:24:08,507 Result is kept for 600 seconds
2025-09-28 10:24:08,517 Users-user-Documents-resturantOS-frappe-bench:default: frappe.utils.background_jobs.execute_job(event=None, is_async=True, job_name='frappe.core.doctype.scheduled_job_type.scheduled_job_type.run_scheduled_jo..., kwargs={'job_type': 'frappe.email.queue.retry_sending_emails', 'scheduled_job_type..., method='frappe.core.doctype.scheduled_job_type.scheduled_job_type.run_scheduled_jo..., site='hrms.localhost', user='Administrator') (hrms.localhost||scheduled_job||moa8b2rj9v)
2025-09-28 10:24:09,232 Successfully completed frappe.utils.background_jobs.execute_job(event=None, is_async=True, job_name='frappe.core.doctype.scheduled_job_type.scheduled_job_type.run_scheduled_jo..., kwargs={'job_type': 'frappe.email.queue.retry_sending_emails', 'scheduled_job_type..., method='frappe.core.doctype.scheduled_job_type.scheduled_job_type.run_scheduled_jo..., site='hrms.localhost', user='Administrator') job in 0:00:00.701284s on worker 509d537860474bb2a312a7fc0ee82f39
2025-09-28 10:24:09,232 Users-user-Documents-resturantOS-frappe-bench:default: Job OK (hrms.localhost||scheduled_job||moa8b2rj9v)
2025-09-28 10:24:09,233 Result is kept for 600 seconds
2025-09-28 10:24:09,243 Users-user-Documents-resturantOS-frappe-bench:default: frappe.utils.background_jobs.execute_job(event=None, is_async=True, job_name='frappe.core.doctype.scheduled_job_type.scheduled_job_type.run_scheduled_jo..., kwargs={'job_type': 'frappe.monitor.flush', 'scheduled_job_type': 'moa4nr1fii'}, method='frappe.core.doctype.scheduled_job_type.scheduled_job_type.run_scheduled_jo..., site='hrms.localhost', user='Administrator') (hrms.localhost||scheduled_job||moa4nr1fii)
2025-09-28 10:24:09,946 Successfully completed frappe.utils.background_jobs.execute_job(event=None, is_async=True, job_name='frappe.core.doctype.scheduled_job_type.scheduled_job_type.run_scheduled_jo..., kwargs={'job_type': 'frappe.monitor.flush', 'scheduled_job_type': 'moa4nr1fii'}, method='frappe.core.doctype.scheduled_job_type.scheduled_job_type.run_scheduled_jo..., site='hrms.localhost', user='Administrator') job in 0:00:00.689707s on worker 509d537860474bb2a312a7fc0ee82f39
2025-09-28 10:24:09,946 Users-user-Documents-resturantOS-frappe-bench:default: Job OK (hrms.localhost||scheduled_job||moa4nr1fii)
2025-09-28 10:24:09,947 Result is kept for 600 seconds
2025-09-28 10:24:09,957 Users-user-Documents-resturantOS-frappe-bench:default: frappe.utils.background_jobs.execute_job(event=None, is_async=True, job_name='frappe.core.doctype.scheduled_job_type.scheduled_job_type.run_scheduled_jo..., kwargs={'job_type': 'hrms.hr.doctype.interview.interview.send_interview_reminder',..., method='frappe.core.doctype.scheduled_job_type.scheduled_job_type.run_scheduled_jo..., site='hrms.localhost', user='Administrator') (hrms.localhost||scheduled_job||p395mfeqpe)
2025-09-28 10:24:10,650 Successfully completed frappe.utils.background_jobs.execute_job(event=None, is_async=True, job_name='frappe.core.doctype.scheduled_job_type.scheduled_job_type.run_scheduled_jo..., kwargs={'job_type': 'hrms.hr.doctype.interview.interview.send_interview_reminder',..., method='frappe.core.doctype.scheduled_job_type.scheduled_job_type.run_scheduled_jo..., site='hrms.localhost', user='Administrator') job in 0:00:00.679858s on worker 509d537860474bb2a312a7fc0ee82f39
2025-09-28 10:24:10,651 Users-user-Documents-resturantOS-frappe-bench:default: Job OK (hrms.localhost||scheduled_job||p395mfeqpe)
2025-09-28 10:24:10,651 Result is kept for 600 seconds
2025-09-28 10:24:10,662 Users-user-Documents-resturantOS-frappe-bench:default: frappe.utils.background_jobs.execute_job(event=None, is_async=True, job_name='frappe.core.doctype.scheduled_job_type.scheduled_job_type.run_scheduled_jo..., kwargs={'job_type': 'frappe.monitor.flush', 'scheduled_job_type': 'rfabac2214'}, method='frappe.core.doctype.scheduled_job_type.scheduled_job_type.run_scheduled_jo..., site='education.localhost', user='Administrator') (education.localhost||scheduled_job||rfabac2214)
2025-09-28 10:24:11,386 Successfully completed frappe.utils.background_jobs.execute_job(event=None, is_async=True, job_name='frappe.core.doctype.scheduled_job_type.scheduled_job_type.run_scheduled_jo..., kwargs={'job_type': 'frappe.monitor.flush', 'scheduled_job_type': 'rfabac2214'}, method='frappe.core.doctype.scheduled_job_type.scheduled_job_type.run_scheduled_jo..., site='education.localhost', user='Administrator') job in 0:00:00.708463s on worker 509d537860474bb2a312a7fc0ee82f39
2025-09-28 10:24:11,387 Users-user-Documents-resturantOS-frappe-bench:default: Job OK (education.localhost||scheduled_job||rfabac2214)
2025-09-28 10:24:11,387 Result is kept for 600 seconds
2025-09-28 10:24:11,398 Users-user-Documents-resturantOS-frappe-bench:default: frappe.utils.background_jobs.execute_job(event=None, is_async=True, job_name='frappe.core.doctype.scheduled_job_type.scheduled_job_type.run_scheduled_jo..., kwargs={'job_type': 'frappe.integrations.doctype.google_calendar.google_calendar.s..., method='frappe.core.doctype.scheduled_job_type.scheduled_job_type.run_scheduled_jo..., site='education.localhost', user='Administrator') (education.localhost||scheduled_job||rfadu7l5ur)
2025-09-28 10:24:12,214 Successfully completed frappe.utils.background_jobs.execute_job(event=None, is_async=True, job_name='frappe.core.doctype.scheduled_job_type.scheduled_job_type.run_scheduled_jo..., kwargs={'job_type': 'frappe.integrations.doctype.google_calendar.google_calendar.s..., method='frappe.core.doctype.scheduled_job_type.scheduled_job_type.run_scheduled_jo..., site='education.localhost', user='Administrator') job in 0:00:00.802766s on worker 509d537860474bb2a312a7fc0ee82f39
2025-09-28 10:24:12,215 Users-user-Documents-resturantOS-frappe-bench:default: Job OK (education.localhost||scheduled_job||rfadu7l5ur)
2025-09-28 10:24:12,215 Result is kept for 600 seconds
2025-09-28 10:24:12,227 Users-user-Documents-resturantOS-frappe-bench:default: frappe.utils.background_jobs.execute_job(event=None, is_async=True, job_name='frappe.core.doctype.scheduled_job_type.scheduled_job_type.run_scheduled_jo..., kwargs={'job_type': 'frappe.email.queue.flush', 'scheduled_job_type': 'rfau6l5hgd'..., method='frappe.core.doctype.scheduled_job_type.scheduled_job_type.run_scheduled_jo..., site='education.localhost', user='Administrator') (education.localhost||scheduled_job||rfau6l5hgd)
2025-09-28 10:24:12,975 Successfully completed frappe.utils.background_jobs.execute_job(event=None, is_async=True, job_name='frappe.core.doctype.scheduled_job_type.scheduled_job_type.run_scheduled_jo..., kwargs={'job_type': 'frappe.email.queue.flush', 'scheduled_job_type': 'rfau6l5hgd'..., method='frappe.core.doctype.scheduled_job_type.scheduled_job_type.run_scheduled_jo..., site='education.localhost', user='Administrator') job in 0:00:00.734272s on worker 509d537860474bb2a312a7fc0ee82f39
2025-09-28 10:24:12,976 Users-user-Documents-resturantOS-frappe-bench:default: Job OK (education.localhost||scheduled_job||rfau6l5hgd)
2025-09-28 10:24:12,976 Result is kept for 600 seconds
2025-09-28 10:24:12,988 Users-user-Documents-resturantOS-frappe-bench:default: frappe.utils.background_jobs.execute_job(event=None, is_async=True, job_name='frappe.core.doctype.scheduled_job_type.scheduled_job_type.run_scheduled_jo..., kwargs={'job_type': 'frappe.email.queue.retry_sending_emails', 'scheduled_job_type..., method='frappe.core.doctype.scheduled_job_type.scheduled_job_type.run_scheduled_jo..., site='education.localhost', user='Administrator') (education.localhost||scheduled_job||rfa4ssl812)
2025-09-28 10:24:13,704 Successfully completed frappe.utils.background_jobs.execute_job(event=None, is_async=True, job_name='frappe.core.doctype.scheduled_job_type.scheduled_job_type.run_scheduled_jo..., kwargs={'job_type': 'frappe.email.queue.retry_sending_emails', 'scheduled_job_type..., method='frappe.core.doctype.scheduled_job_type.scheduled_job_type.run_scheduled_jo..., site='education.localhost', user='Administrator') job in 0:00:00.702505s on worker 509d537860474bb2a312a7fc0ee82f39
2025-09-28 10:24:13,705 Users-user-Documents-resturantOS-frappe-bench:default: Job OK (education.localhost||scheduled_job||rfa4ssl812)
2025-09-28 10:24:13,705 Result is kept for 600 seconds
2025-09-28 10:42:34,121 Cleaning registries for queue: Users-user-Documents-resturantOS-frappe-bench:short
2025-09-28 10:42:34,347 Cleaning registries for queue: Users-user-Documents-resturantOS-frappe-bench:default
2025-09-28 10:42:34,354 Cleaning registries for queue: Users-user-Documents-resturantOS-frappe-bench:long
2025-09-28 10:42:49,888 Users-user-Documents-resturantOS-frappe-bench:default: frappe.utils.background_jobs.execute_job(event=None, is_async=True, job_name='frappe.core.doctype.scheduled_job_type.scheduled_job_type.run_scheduled_jo..., kwargs={'job_type': 'frappe.monitor.flush', 'scheduled_job_type': 't89s0d7svi'}, method='frappe.core.doctype.scheduled_job_type.scheduled_job_type.run_scheduled_jo..., site='resturant.localhost', user='Administrator') (resturant.localhost||scheduled_job||t89s0d7svi)
2025-09-28 10:42:51,185 Successfully completed frappe.utils.background_jobs.execute_job(event=None, is_async=True, job_name='frappe.core.doctype.scheduled_job_type.scheduled_job_type.run_scheduled_jo..., kwargs={'job_type': 'frappe.monitor.flush', 'scheduled_job_type': 't89s0d7svi'}, method='frappe.core.doctype.scheduled_job_type.scheduled_job_type.run_scheduled_jo..., site='resturant.localhost', user='Administrator') job in 0:00:01.281834s on worker 509d537860474bb2a312a7fc0ee82f39
2025-09-28 10:42:51,186 Users-user-Documents-resturantOS-frappe-bench:default: Job OK (resturant.localhost||scheduled_job||t89s0d7svi)
2025-09-28 10:42:51,186 Result is kept for 600 seconds
2025-09-28 10:42:51,197 Users-user-Documents-resturantOS-frappe-bench:default: frappe.utils.background_jobs.execute_job(event=None, is_async=True, job_name='frappe.core.doctype.scheduled_job_type.scheduled_job_type.run_scheduled_jo..., kwargs={'job_type': 'frappe.email.queue.retry_sending_emails', 'scheduled_job_type..., method='frappe.core.doctype.scheduled_job_type.scheduled_job_type.run_scheduled_jo..., site='resturant.localhost', user='Administrator') (resturant.localhost||scheduled_job||t898d96467)
2025-09-28 10:42:52,042 Successfully completed frappe.utils.background_jobs.execute_job(event=None, is_async=True, job_name='frappe.core.doctype.scheduled_job_type.scheduled_job_type.run_scheduled_jo..., kwargs={'job_type': 'frappe.email.queue.retry_sending_emails', 'scheduled_job_type..., method='frappe.core.doctype.scheduled_job_type.scheduled_job_type.run_scheduled_jo..., site='resturant.localhost', user='Administrator') job in 0:00:00.831370s on worker 509d537860474bb2a312a7fc0ee82f39
2025-09-28 10:42:52,042 Users-user-Documents-resturantOS-frappe-bench:default: Job OK (resturant.localhost||scheduled_job||t898d96467)
2025-09-28 10:42:52,043 Result is kept for 600 seconds
2025-09-28 10:42:52,056 Users-user-Documents-resturantOS-frappe-bench:default: frappe.utils.background_jobs.execute_job(event=None, is_async=True, job_name='frappe.core.doctype.scheduled_job_type.scheduled_job_type.run_scheduled_jo..., kwargs={'job_type': 'frappe.email.doctype.email_account.email_account.pull', 'sche..., method='frappe.core.doctype.scheduled_job_type.scheduled_job_type.run_scheduled_jo..., site='resturant.localhost', user='Administrator') (resturant.localhost||scheduled_job||t89ngbj81r)
2025-09-28 10:42:53,013 Successfully completed frappe.utils.background_jobs.execute_job(event=None, is_async=True, job_name='frappe.core.doctype.scheduled_job_type.scheduled_job_type.run_scheduled_jo..., kwargs={'job_type': 'frappe.email.doctype.email_account.email_account.pull', 'sche..., method='frappe.core.doctype.scheduled_job_type.scheduled_job_type.run_scheduled_jo..., site='resturant.localhost', user='Administrator') job in 0:00:00.943658s on worker 509d537860474bb2a312a7fc0ee82f39
2025-09-28 10:42:53,014 Users-user-Documents-resturantOS-frappe-bench:default: Job OK (resturant.localhost||scheduled_job||t89ngbj81r)
2025-09-28 10:42:53,014 Result is kept for 600 seconds
2025-09-28 10:42:53,027 Users-user-Documents-resturantOS-frappe-bench:default: frappe.utils.background_jobs.execute_job(event=None, is_async=True, job_name='frappe.core.doctype.scheduled_job_type.scheduled_job_type.run_scheduled_jo..., kwargs={'job_type': 'frappe.integrations.doctype.google_calendar.google_calendar.s..., method='frappe.core.doctype.scheduled_job_type.scheduled_job_type.run_scheduled_jo..., site='resturant.localhost', user='Administrator') (resturant.localhost||scheduled_job||t89didi78e)
2025-09-28 10:42:54,204 Successfully completed frappe.utils.background_jobs.execute_job(event=None, is_async=True, job_name='frappe.core.doctype.scheduled_job_type.scheduled_job_type.run_scheduled_jo..., kwargs={'job_type': 'frappe.integrations.doctype.google_calendar.google_calendar.s..., method='frappe.core.doctype.scheduled_job_type.scheduled_job_type.run_scheduled_jo..., site='resturant.localhost', user='Administrator') job in 0:00:01.162292s on worker 509d537860474bb2a312a7fc0ee82f39
2025-09-28 10:42:54,205 Users-user-Documents-resturantOS-frappe-bench:default: Job OK (resturant.localhost||scheduled_job||t89didi78e)
2025-09-28 10:42:54,205 Result is kept for 600 seconds
2025-09-28 10:42:54,217 Users-user-Documents-resturantOS-frappe-bench:default: frappe.utils.background_jobs.execute_job(event=None, is_async=True, job_name='frappe.core.doctype.scheduled_job_type.scheduled_job_type.run_scheduled_jo..., kwargs={'job_type': 'frappe.search.sqlite_search.build_index_if_not_exists', 'sche..., method='frappe.core.doctype.scheduled_job_type.scheduled_job_type.run_scheduled_jo..., site='resturant.localhost', user='Administrator') (resturant.localhost||scheduled_job||t89man012t)
2025-09-28 10:42:55,197 Successfully completed frappe.utils.background_jobs.execute_job(event=None, is_async=True, job_name='frappe.core.doctype.scheduled_job_type.scheduled_job_type.run_scheduled_jo..., kwargs={'job_type': 'frappe.search.sqlite_search.build_index_if_not_exists', 'sche..., method='frappe.core.doctype.scheduled_job_type.scheduled_job_type.run_scheduled_jo..., site='resturant.localhost', user='Administrator') job in 0:00:00.964303s on worker 509d537860474bb2a312a7fc0ee82f39
2025-09-28 10:42:55,198 Users-user-Documents-resturantOS-frappe-bench:default: Job OK (resturant.localhost||scheduled_job||t89man012t)
2025-09-28 10:42:55,198 Result is kept for 600 seconds
2025-09-28 10:42:55,209 Users-user-Documents-resturantOS-frappe-bench:default: frappe.utils.background_jobs.execute_job(event=None, is_async=True, job_name='frappe.core.doctype.scheduled_job_type.scheduled_job_type.run_scheduled_jo..., kwargs={'job_type': 'frappe.utils.global_search.sync_global_search', 'scheduled_jo..., method='frappe.core.doctype.scheduled_job_type.scheduled_job_type.run_scheduled_jo..., site='resturant.localhost', user='Administrator') (resturant.localhost||scheduled_job||t892q6fb7n)
2025-09-28 10:42:56,035 Successfully completed frappe.utils.background_jobs.execute_job(event=None, is_async=True, job_name='frappe.core.doctype.scheduled_job_type.scheduled_job_type.run_scheduled_jo..., kwargs={'job_type': 'frappe.utils.global_search.sync_global_search', 'scheduled_jo..., method='frappe.core.doctype.scheduled_job_type.scheduled_job_type.run_scheduled_jo..., site='resturant.localhost', user='Administrator') job in 0:00:00.811647s on worker 509d537860474bb2a312a7fc0ee82f39
2025-09-28 10:42:56,035 Users-user-Documents-resturantOS-frappe-bench:default: Job OK (resturant.localhost||scheduled_job||t892q6fb7n)
2025-09-28 10:42:56,036 Result is kept for 600 seconds
2025-09-28 10:42:56,050 Users-user-Documents-resturantOS-frappe-bench:default: frappe.utils.background_jobs.execute_job(event=None, is_async=True, job_name='frappe.core.doctype.scheduled_job_type.scheduled_job_type.run_scheduled_jo..., kwargs={'job_type': 'frappe.email.queue.flush', 'scheduled_job_type': 't89cjdiai5'..., method='frappe.core.doctype.scheduled_job_type.scheduled_job_type.run_scheduled_jo..., site='resturant.localhost', user='Administrator') (resturant.localhost||scheduled_job||t89cjdiai5)
2025-09-28 10:42:56,924 Successfully completed frappe.utils.background_jobs.execute_job(event=None, is_async=True, job_name='frappe.core.doctype.scheduled_job_type.scheduled_job_type.run_scheduled_jo..., kwargs={'job_type': 'frappe.email.queue.flush', 'scheduled_job_type': 't89cjdiai5'..., method='frappe.core.doctype.scheduled_job_type.scheduled_job_type.run_scheduled_jo..., site='resturant.localhost', user='Administrator') job in 0:00:00.857036s on worker 509d537860474bb2a312a7fc0ee82f39
2025-09-28 10:42:56,925 Users-user-Documents-resturantOS-frappe-bench:default: Job OK (resturant.localhost||scheduled_job||t89cjdiai5)
2025-09-28 10:42:56,925 Result is kept for 600 seconds
2025-09-28 10:42:56,938 Users-user-Documents-resturantOS-frappe-bench:default: frappe.utils.background_jobs.execute_job(event=None, is_async=True, job_name='frappe.core.doctype.scheduled_job_type.scheduled_job_type.run_scheduled_jo..., kwargs={'job_type': 'frappe.model.utils.link_count.update_link_count', 'scheduled_..., method='frappe.core.doctype.scheduled_job_type.scheduled_job_type.run_scheduled_jo..., site='resturant.localhost', user='Administrator') (resturant.localhost||scheduled_job||t89vc95mc3)
2025-09-28 10:42:57,803 Successfully completed frappe.utils.background_jobs.execute_job(event=None, is_async=True, job_name='frappe.core.doctype.scheduled_job_type.scheduled_job_type.run_scheduled_jo..., kwargs={'job_type': 'frappe.model.utils.link_count.update_link_count', 'scheduled_..., method='frappe.core.doctype.scheduled_job_type.scheduled_job_type.run_scheduled_jo..., site='resturant.localhost', user='Administrator') job in 0:00:00.851175s on worker 509d537860474bb2a312a7fc0ee82f39
2025-09-28 10:42:57,804 Users-user-Documents-resturantOS-frappe-bench:default: Job OK (resturant.localhost||scheduled_job||t89vc95mc3)
2025-09-28 10:42:57,804 Result is kept for 600 seconds
2025-09-28 10:42:57,814 Users-user-Documents-resturantOS-frappe-bench:default: frappe.utils.background_jobs.execute_job(event=None, is_async=True, job_name='frappe.core.doctype.scheduled_job_type.scheduled_job_type.run_scheduled_jo..., kwargs={'job_type': 'frappe.pulse.client.send_queued_events', 'scheduled_job_type'..., method='frappe.core.doctype.scheduled_job_type.scheduled_job_type.run_scheduled_jo..., site='resturant.localhost', user='Administrator') (resturant.localhost||scheduled_job||t89m5nii7s)
2025-09-28 10:42:58,639 Successfully completed frappe.utils.background_jobs.execute_job(event=None, is_async=True, job_name='frappe.core.doctype.scheduled_job_type.scheduled_job_type.run_scheduled_jo..., kwargs={'job_type': 'frappe.pulse.client.send_queued_events', 'scheduled_job_type'..., method='frappe.core.doctype.scheduled_job_type.scheduled_job_type.run_scheduled_jo..., site='resturant.localhost', user='Administrator') job in 0:00:00.808021s on worker 509d537860474bb2a312a7fc0ee82f39
2025-09-28 10:42:58,639 Users-user-Documents-resturantOS-frappe-bench:default: Job OK (resturant.localhost||scheduled_job||t89m5nii7s)
2025-09-28 10:42:58,639 Result is kept for 600 seconds
2025-09-28 10:42:58,654 Users-user-Documents-resturantOS-frappe-bench:default: frappe.utils.background_jobs.execute_job(event=None, is_async=True, job_name='frappe.core.doctype.scheduled_job_type.scheduled_job_type.run_scheduled_jo..., kwargs={'job_type': 'frappe.email.doctype.email_account.email_account.notify_unrep..., method='frappe.core.doctype.scheduled_job_type.scheduled_job_type.run_scheduled_jo..., site='resturant.localhost', user='Administrator') (resturant.localhost||scheduled_job||t899cq0gk7)
2025-09-28 10:42:59,453 Successfully completed frappe.utils.background_jobs.execute_job(event=None, is_async=True, job_name='frappe.core.doctype.scheduled_job_type.scheduled_job_type.run_scheduled_jo..., kwargs={'job_type': 'frappe.email.doctype.email_account.email_account.notify_unrep..., method='frappe.core.doctype.scheduled_job_type.scheduled_job_type.run_scheduled_jo..., site='resturant.localhost', user='Administrator') job in 0:00:00.785343s on worker 509d537860474bb2a312a7fc0ee82f39
2025-09-28 10:42:59,454 Users-user-Documents-resturantOS-frappe-bench:default: Job OK (resturant.localhost||scheduled_job||t899cq0gk7)
2025-09-28 10:42:59,455 Result is kept for 600 seconds
2025-09-28 10:42:59,468 Users-user-Documents-resturantOS-frappe-bench:default: frappe.utils.background_jobs.execute_job(event=None, is_async=True, job_name='frappe.core.doctype.scheduled_job_type.scheduled_job_type.run_scheduled_jo..., kwargs={'job_type': 'frappe.deferred_insert.save_to_db', 'scheduled_job_type': 't8..., method='frappe.core.doctype.scheduled_job_type.scheduled_job_type.run_scheduled_jo..., site='resturant.localhost', user='Administrator') (resturant.localhost||scheduled_job||t89c87mqp1)
2025-09-28 10:43:00,383 Successfully completed frappe.utils.background_jobs.execute_job(event=None, is_async=True, job_name='frappe.core.doctype.scheduled_job_type.scheduled_job_type.run_scheduled_jo..., kwargs={'job_type': 'frappe.deferred_insert.save_to_db', 'scheduled_job_type': 't8..., method='frappe.core.doctype.scheduled_job_type.scheduled_job_type.run_scheduled_jo..., site='resturant.localhost', user='Administrator') job in 0:00:00.898479s on worker 509d537860474bb2a312a7fc0ee82f39
2025-09-28 10:43:00,383 Users-user-Documents-resturantOS-frappe-bench:default: Job OK (resturant.localhost||scheduled_job||t89c87mqp1)
2025-09-28 10:43:00,384 Result is kept for 600 seconds
2025-09-28 10:43:00,395 Users-user-Documents-resturantOS-frappe-bench:default: frappe.utils.background_jobs.execute_job(event=None, is_async=True, job_name='frappe.core.doctype.scheduled_job_type.scheduled_job_type.run_scheduled_jo..., kwargs={'job_type': 'frappe.automation.doctype.reminder.reminder.send_reminders', ..., method='frappe.core.doctype.scheduled_job_type.scheduled_job_type.run_scheduled_jo..., site='resturant.localhost', user='Administrator') (resturant.localhost||scheduled_job||t89nlhnofd)
2025-09-28 10:43:01,305 Successfully completed frappe.utils.background_jobs.execute_job(event=None, is_async=True, job_name='frappe.core.doctype.scheduled_job_type.scheduled_job_type.run_scheduled_jo..., kwargs={'job_type': 'frappe.automation.doctype.reminder.reminder.send_reminders', ..., method='frappe.core.doctype.scheduled_job_type.scheduled_job_type.run_scheduled_jo..., site='resturant.localhost', user='Administrator') job in 0:00:00.896814s on worker 509d537860474bb2a312a7fc0ee82f39
2025-09-28 10:43:01,306 Users-user-Documents-resturantOS-frappe-bench:default: Job OK (resturant.localhost||scheduled_job||t89nlhnofd)
2025-09-28 10:43:01,306 Result is kept for 600 seconds
2025-09-28 10:43:01,317 Users-user-Documents-resturantOS-frappe-bench:default: frappe.utils.background_jobs.execute_job(event=None, is_async=True, job_name='frappe.core.doctype.scheduled_job_type.scheduled_job_type.run_scheduled_jo..., kwargs={'job_type': 'frappe.email.doctype.notification.notification.trigger_offset..., method='frappe.core.doctype.scheduled_job_type.scheduled_job_type.run_scheduled_jo..., site='resturant.localhost', user='Administrator') (resturant.localhost||scheduled_job||t892j3i7ae)
2025-09-28 10:43:02,156 Successfully completed frappe.utils.background_jobs.execute_job(event=None, is_async=True, job_name='frappe.core.doctype.scheduled_job_type.scheduled_job_type.run_scheduled_jo..., kwargs={'job_type': 'frappe.email.doctype.notification.notification.trigger_offset..., method='frappe.core.doctype.scheduled_job_type.scheduled_job_type.run_scheduled_jo..., site='resturant.localhost', user='Administrator') job in 0:00:00.824782s on worker 509d537860474bb2a312a7fc0ee82f39
2025-09-28 10:43:02,157 Users-user-Documents-resturantOS-frappe-bench:default: Job OK (resturant.localhost||scheduled_job||t892j3i7ae)
2025-09-28 10:43:02,157 Result is kept for 600 seconds
2025-09-28 10:43:02,168 Users-user-Documents-resturantOS-frappe-bench:default: frappe.utils.background_jobs.execute_job(event=None, is_async=True, job_name='frappe.core.doctype.scheduled_job_type.scheduled_job_type.run_scheduled_jo..., kwargs={'job_type': 'frappe.deferred_insert.save_to_db', 'scheduled_job_type': 'rf..., method='frappe.core.doctype.scheduled_job_type.scheduled_job_type.run_scheduled_jo..., site='education.localhost', user='Administrator') (education.localhost||scheduled_job||rfa34ecmg6)
2025-09-28 10:43:03,229 Successfully completed frappe.utils.background_jobs.execute_job(event=None, is_async=True, job_name='frappe.core.doctype.scheduled_job_type.scheduled_job_type.run_scheduled_jo..., kwargs={'job_type': 'frappe.deferred_insert.save_to_db', 'scheduled_job_type': 'rf..., method='frappe.core.doctype.scheduled_job_type.scheduled_job_type.run_scheduled_jo..., site='education.localhost', user='Administrator') job in 0:00:01.045279s on worker 509d537860474bb2a312a7fc0ee82f39
2025-09-28 10:43:03,230 Users-user-Documents-resturantOS-frappe-bench:default: Job OK (education.localhost||scheduled_job||rfa34ecmg6)
2025-09-28 10:43:03,230 Result is kept for 600 seconds
2025-09-28 10:43:03,243 Users-user-Documents-resturantOS-frappe-bench:default: frappe.utils.background_jobs.execute_job(event=None, is_async=True, job_name='frappe.core.doctype.scheduled_job_type.scheduled_job_type.run_scheduled_jo..., kwargs={'job_type': 'frappe.email.queue.retry_sending_emails', 'scheduled_job_type..., method='frappe.core.doctype.scheduled_job_type.scheduled_job_type.run_scheduled_jo..., site='education.localhost', user='Administrator') (education.localhost||scheduled_job||rfa4ssl812)
2025-09-28 10:43:04,134 Successfully completed frappe.utils.background_jobs.execute_job(event=None, is_async=True, job_name='frappe.core.doctype.scheduled_job_type.scheduled_job_type.run_scheduled_jo..., kwargs={'job_type': 'frappe.email.queue.retry_sending_emails', 'scheduled_job_type..., method='frappe.core.doctype.scheduled_job_type.scheduled_job_type.run_scheduled_jo..., site='education.localhost', user='Administrator') job in 0:00:00.874221s on worker 509d537860474bb2a312a7fc0ee82f39
2025-09-28 10:43:04,135 Users-user-Documents-resturantOS-frappe-bench:default: Job OK (education.localhost||scheduled_job||rfa4ssl812)
2025-09-28 10:43:04,135 Result is kept for 600 seconds
2025-09-28 10:43:04,149 Users-user-Documents-resturantOS-frappe-bench:default: frappe.utils.background_jobs.execute_job(event=None, is_async=True, job_name='frappe.core.doctype.scheduled_job_type.scheduled_job_type.run_scheduled_jo..., kwargs={'job_type': 'frappe.email.doctype.notification.notification.trigger_offset..., method='frappe.core.doctype.scheduled_job_type.scheduled_job_type.run_scheduled_jo..., site='education.localhost', user='Administrator') (education.localhost||scheduled_job||rfae444qht)
2025-09-28 10:43:05,044 Successfully completed frappe.utils.background_jobs.execute_job(event=None, is_async=True, job_name='frappe.core.doctype.scheduled_job_type.scheduled_job_type.run_scheduled_jo..., kwargs={'job_type': 'frappe.email.doctype.notification.notification.trigger_offset..., method='frappe.core.doctype.scheduled_job_type.scheduled_job_type.run_scheduled_jo..., site='education.localhost', user='Administrator') job in 0:00:00.851797s on worker 509d537860474bb2a312a7fc0ee82f39
2025-09-28 10:43:05,045 Users-user-Documents-resturantOS-frappe-bench:default: Job OK (education.localhost||scheduled_job||rfae444qht)
2025-09-28 10:43:05,045 Result is kept for 600 seconds
2025-09-28 10:43:05,057 Users-user-Documents-resturantOS-frappe-bench:default: frappe.utils.background_jobs.execute_job(event=None, is_async=True, job_name='frappe.core.doctype.scheduled_job_type.scheduled_job_type.run_scheduled_jo..., kwargs={'job_type': 'frappe.email.doctype.email_account.email_account.notify_unrep..., method='frappe.core.doctype.scheduled_job_type.scheduled_job_type.run_scheduled_jo..., site='education.localhost', user='Administrator') (education.localhost||scheduled_job||rfapacoffu)
2025-09-28 10:43:06,455 Successfully completed frappe.utils.background_jobs.execute_job(event=None, is_async=True, job_name='frappe.core.doctype.scheduled_job_type.scheduled_job_type.run_scheduled_jo..., kwargs={'job_type': 'frappe.email.doctype.email_account.email_account.notify_unrep..., method='frappe.core.doctype.scheduled_job_type.scheduled_job_type.run_scheduled_jo..., site='education.localhost', user='Administrator') job in 0:00:01.384349s on worker 509d537860474bb2a312a7fc0ee82f39
2025-09-28 10:43:06,456 Users-user-Documents-resturantOS-frappe-bench:default: Job OK (education.localhost||scheduled_job||rfapacoffu)
2025-09-28 10:43:06,456 Result is kept for 600 seconds
2025-09-28 10:43:06,468 Users-user-Documents-resturantOS-frappe-bench:default: frappe.utils.background_jobs.execute_job(event=None, is_async=True, job_name='frappe.core.doctype.scheduled_job_type.scheduled_job_type.run_scheduled_jo..., kwargs={'job_type': 'erpnext.manufacturing.doctype.bom_update_log.bom_update_log.r..., method='frappe.core.doctype.scheduled_job_type.scheduled_job_type.run_scheduled_jo..., site='education.localhost', user='Administrator') (education.localhost||scheduled_job||skvnic3m8o)
2025-09-28 10:43:07,349 Successfully completed frappe.utils.background_jobs.execute_job(event=None, is_async=True, job_name='frappe.core.doctype.scheduled_job_type.scheduled_job_type.run_scheduled_jo..., kwargs={'job_type': 'erpnext.manufacturing.doctype.bom_update_log.bom_update_log.r..., method='frappe.core.doctype.scheduled_job_type.scheduled_job_type.run_scheduled_jo..., site='education.localhost', user='Administrator') job in 0:00:00.866479s on worker 509d537860474bb2a312a7fc0ee82f39
2025-09-28 10:43:07,350 Users-user-Documents-resturantOS-frappe-bench:default: Job OK (education.localhost||scheduled_job||skvnic3m8o)
2025-09-28 10:43:07,350 Result is kept for 600 seconds
2025-09-28 10:43:07,362 Users-user-Documents-resturantOS-frappe-bench:default: frappe.utils.background_jobs.execute_job(event=None, is_async=True, job_name='frappe.core.doctype.scheduled_job_type.scheduled_job_type.run_scheduled_jo..., kwargs={'job_type': 'frappe.utils.global_search.sync_global_search', 'scheduled_jo..., method='frappe.core.doctype.scheduled_job_type.scheduled_job_type.run_scheduled_jo..., site='education.localhost', user='Administrator') (education.localhost||scheduled_job||rfatdqei4v)
2025-09-28 10:43:08,240 Successfully completed frappe.utils.background_jobs.execute_job(event=None, is_async=True, job_name='frappe.core.doctype.scheduled_job_type.scheduled_job_type.run_scheduled_jo..., kwargs={'job_type': 'frappe.utils.global_search.sync_global_search', 'scheduled_jo..., method='frappe.core.doctype.scheduled_job_type.scheduled_job_type.run_scheduled_jo..., site='education.localhost', user='Administrator') job in 0:00:00.863934s on worker 509d537860474bb2a312a7fc0ee82f39
2025-09-28 10:43:08,240 Users-user-Documents-resturantOS-frappe-bench:default: Job OK (education.localhost||scheduled_job||rfatdqei4v)
2025-09-28 10:43:08,240 Result is kept for 600 seconds
2025-09-28 10:43:08,253 Users-user-Documents-resturantOS-frappe-bench:default: frappe.utils.background_jobs.execute_job(event=None, is_async=True, job_name='frappe.core.doctype.scheduled_job_type.scheduled_job_type.run_scheduled_jo..., kwargs={'job_type': 'frappe.monitor.flush', 'scheduled_job_type': 'rfabac2214'}, method='frappe.core.doctype.scheduled_job_type.scheduled_job_type.run_scheduled_jo..., site='education.localhost', user='Administrator') (education.localhost||scheduled_job||rfabac2214)
2025-09-28 10:43:09,053 Successfully completed frappe.utils.background_jobs.execute_job(event=None, is_async=True, job_name='frappe.core.doctype.scheduled_job_type.scheduled_job_type.run_scheduled_jo..., kwargs={'job_type': 'frappe.monitor.flush', 'scheduled_job_type': 'rfabac2214'}, method='frappe.core.doctype.scheduled_job_type.scheduled_job_type.run_scheduled_jo..., site='education.localhost', user='Administrator') job in 0:00:00.785508s on worker 509d537860474bb2a312a7fc0ee82f39
2025-09-28 10:43:09,053 Users-user-Documents-resturantOS-frappe-bench:default: Job OK (education.localhost||scheduled_job||rfabac2214)
2025-09-28 10:43:09,053 Result is kept for 600 seconds
2025-09-28 10:43:09,065 Users-user-Documents-resturantOS-frappe-bench:default: frappe.utils.background_jobs.execute_job(event=None, is_async=True, job_name='frappe.core.doctype.scheduled_job_type.scheduled_job_type.run_scheduled_jo..., kwargs={'job_type': 'frappe.email.queue.flush', 'scheduled_job_type': 'rfau6l5hgd'..., method='frappe.core.doctype.scheduled_job_type.scheduled_job_type.run_scheduled_jo..., site='education.localhost', user='Administrator') (education.localhost||scheduled_job||rfau6l5hgd)
2025-09-28 10:43:09,942 Successfully completed frappe.utils.background_jobs.execute_job(event=None, is_async=True, job_name='frappe.core.doctype.scheduled_job_type.scheduled_job_type.run_scheduled_jo..., kwargs={'job_type': 'frappe.email.queue.flush', 'scheduled_job_type': 'rfau6l5hgd'..., method='frappe.core.doctype.scheduled_job_type.scheduled_job_type.run_scheduled_jo..., site='education.localhost', user='Administrator') job in 0:00:00.863087s on worker 509d537860474bb2a312a7fc0ee82f39
2025-09-28 10:43:09,943 Users-user-Documents-resturantOS-frappe-bench:default: Job OK (education.localhost||scheduled_job||rfau6l5hgd)
2025-09-28 10:43:09,943 Result is kept for 600 seconds
2025-09-28 10:43:09,955 Users-user-Documents-resturantOS-frappe-bench:default: frappe.utils.background_jobs.execute_job(event=None, is_async=True, job_name='frappe.core.doctype.scheduled_job_type.scheduled_job_type.run_scheduled_jo..., kwargs={'job_type': 'frappe.automation.doctype.reminder.reminder.send_reminders', ..., method='frappe.core.doctype.scheduled_job_type.scheduled_job_type.run_scheduled_jo..., site='education.localhost', user='Administrator') (education.localhost||scheduled_job||rfa9eb2i4i)
2025-09-28 10:43:10,743 Successfully completed frappe.utils.background_jobs.execute_job(event=None, is_async=True, job_name='frappe.core.doctype.scheduled_job_type.scheduled_job_type.run_scheduled_jo..., kwargs={'job_type': 'frappe.automation.doctype.reminder.reminder.send_reminders', ..., method='frappe.core.doctype.scheduled_job_type.scheduled_job_type.run_scheduled_jo..., site='education.localhost', user='Administrator') job in 0:00:00.775015s on worker 509d537860474bb2a312a7fc0ee82f39
2025-09-28 10:43:10,744 Users-user-Documents-resturantOS-frappe-bench:default: Job OK (education.localhost||scheduled_job||rfa9eb2i4i)
2025-09-28 10:43:10,744 Result is kept for 600 seconds
2025-09-28 10:43:10,756 Users-user-Documents-resturantOS-frappe-bench:default: frappe.utils.background_jobs.execute_job(event=None, is_async=True, job_name='frappe.core.doctype.scheduled_job_type.scheduled_job_type.run_scheduled_jo..., kwargs={'job_type': 'frappe.email.doctype.email_account.email_account.pull', 'sche..., method='frappe.core.doctype.scheduled_job_type.scheduled_job_type.run_scheduled_jo..., site='education.localhost', user='Administrator') (education.localhost||scheduled_job||rfaalv5h8m)
2025-09-28 10:43:11,586 Successfully completed frappe.utils.background_jobs.execute_job(event=None, is_async=True, job_name='frappe.core.doctype.scheduled_job_type.scheduled_job_type.run_scheduled_jo..., kwargs={'job_type': 'frappe.email.doctype.email_account.email_account.pull', 'sche..., method='frappe.core.doctype.scheduled_job_type.scheduled_job_type.run_scheduled_jo..., site='education.localhost', user='Administrator') job in 0:00:00.813726s on worker 509d537860474bb2a312a7fc0ee82f39
2025-09-28 10:43:11,587 Users-user-Documents-resturantOS-frappe-bench:default: Job OK (education.localhost||scheduled_job||rfaalv5h8m)
2025-09-28 10:43:11,588 Result is kept for 600 seconds
2025-09-28 10:43:11,602 Users-user-Documents-resturantOS-frappe-bench:default: frappe.utils.background_jobs.execute_job(event=None, is_async=True, job_name='frappe.core.doctype.scheduled_job_type.scheduled_job_type.run_scheduled_jo..., kwargs={'job_type': 'frappe.integrations.doctype.google_calendar.google_calendar.s..., method='frappe.core.doctype.scheduled_job_type.scheduled_job_type.run_scheduled_jo..., site='education.localhost', user='Administrator') (education.localhost||scheduled_job||rfadu7l5ur)
2025-09-28 10:43:12,476 Successfully completed frappe.utils.background_jobs.execute_job(event=None, is_async=True, job_name='frappe.core.doctype.scheduled_job_type.scheduled_job_type.run_scheduled_jo..., kwargs={'job_type': 'frappe.integrations.doctype.google_calendar.google_calendar.s..., method='frappe.core.doctype.scheduled_job_type.scheduled_job_type.run_scheduled_jo..., site='education.localhost', user='Administrator') job in 0:00:00.858466s on worker 509d537860474bb2a312a7fc0ee82f39
2025-09-28 10:43:12,477 Users-user-Documents-resturantOS-frappe-bench:default: Job OK (education.localhost||scheduled_job||rfadu7l5ur)
2025-09-28 10:43:12,477 Result is kept for 600 seconds
2025-09-28 10:43:12,489 Users-user-Documents-resturantOS-frappe-bench:default: frappe.utils.background_jobs.execute_job(event=None, is_async=True, job_name='frappe.core.doctype.scheduled_job_type.scheduled_job_type.run_scheduled_jo..., kwargs={'job_type': 'erpnext.accounts.doctype.gl_entry.gl_entry.rename_gle_sle_doc..., method='frappe.core.doctype.scheduled_job_type.scheduled_job_type.run_scheduled_jo..., site='education.localhost', user='Administrator') (education.localhost||scheduled_job||skvlrfqrr8)
2025-09-28 10:43:13,397 Successfully completed frappe.utils.background_jobs.execute_job(event=None, is_async=True, job_name='frappe.core.doctype.scheduled_job_type.scheduled_job_type.run_scheduled_jo..., kwargs={'job_type': 'erpnext.accounts.doctype.gl_entry.gl_entry.rename_gle_sle_doc..., method='frappe.core.doctype.scheduled_job_type.scheduled_job_type.run_scheduled_jo..., site='education.localhost', user='Administrator') job in 0:00:00.893915s on worker 509d537860474bb2a312a7fc0ee82f39
2025-09-28 10:43:13,398 Users-user-Documents-resturantOS-frappe-bench:default: Job OK (education.localhost||scheduled_job||skvlrfqrr8)
2025-09-28 10:43:13,398 Result is kept for 600 seconds
2025-09-28 10:43:13,409 Users-user-Documents-resturantOS-frappe-bench:default: frappe.utils.background_jobs.execute_job(event=None, is_async=True, job_name='frappe.core.doctype.scheduled_job_type.scheduled_job_type.run_scheduled_jo..., kwargs={'job_type': 'frappe.model.utils.link_count.update_link_count', 'scheduled_..., method='frappe.core.doctype.scheduled_job_type.scheduled_job_type.run_scheduled_jo..., site='education.localhost', user='Administrator') (education.localhost||scheduled_job||rfa3qh966d)
2025-09-28 10:43:14,261 Successfully completed frappe.utils.background_jobs.execute_job(event=None, is_async=True, job_name='frappe.core.doctype.scheduled_job_type.scheduled_job_type.run_scheduled_jo..., kwargs={'job_type': 'frappe.model.utils.link_count.update_link_count', 'scheduled_..., method='frappe.core.doctype.scheduled_job_type.scheduled_job_type.run_scheduled_jo..., site='education.localhost', user='Administrator') job in 0:00:00.836605s on worker 509d537860474bb2a312a7fc0ee82f39
2025-09-28 10:43:14,262 Users-user-Documents-resturantOS-frappe-bench:default: Job OK (education.localhost||scheduled_job||rfa3qh966d)
2025-09-28 10:43:14,262 Result is kept for 600 seconds
2025-09-28 10:43:14,274 Users-user-Documents-resturantOS-frappe-bench:default: frappe.utils.background_jobs.execute_job(event=None, is_async=True, job_name='frappe.core.doctype.scheduled_job_type.scheduled_job_type.run_scheduled_jo..., kwargs={'job_type': 'frappe.search.sqlite_search.build_index_if_not_exists', 'sche..., method='frappe.core.doctype.scheduled_job_type.scheduled_job_type.run_scheduled_jo..., site='education.localhost', user='Administrator') (education.localhost||scheduled_job||rfa1tu0mqt)
2025-09-28 10:43:15,153 Successfully completed frappe.utils.background_jobs.execute_job(event=None, is_async=True, job_name='frappe.core.doctype.scheduled_job_type.scheduled_job_type.run_scheduled_jo..., kwargs={'job_type': 'frappe.search.sqlite_search.build_index_if_not_exists', 'sche..., method='frappe.core.doctype.scheduled_job_type.scheduled_job_type.run_scheduled_jo..., site='education.localhost', user='Administrator') job in 0:00:00.866357s on worker 509d537860474bb2a312a7fc0ee82f39
2025-09-28 10:43:15,154 Users-user-Documents-resturantOS-frappe-bench:default: Job OK (education.localhost||scheduled_job||rfa1tu0mqt)
2025-09-28 10:43:15,154 Result is kept for 600 seconds
2025-09-28 10:43:15,165 Users-user-Documents-resturantOS-frappe-bench:default: frappe.utils.background_jobs.execute_job(event=None, is_async=True, job_name='frappe.core.doctype.scheduled_job_type.scheduled_job_type.run_scheduled_jo..., kwargs={'job_type': 'frappe.pulse.client.send_queued_events', 'scheduled_job_type'..., method='frappe.core.doctype.scheduled_job_type.scheduled_job_type.run_scheduled_jo..., site='education.localhost', user='Administrator') (education.localhost||scheduled_job||rfab1lgkhq)
2025-09-28 10:43:15,958 Successfully completed frappe.utils.background_jobs.execute_job(event=None, is_async=True, job_name='frappe.core.doctype.scheduled_job_type.scheduled_job_type.run_scheduled_jo..., kwargs={'job_type': 'frappe.pulse.client.send_queued_events', 'scheduled_job_type'..., method='frappe.core.doctype.scheduled_job_type.scheduled_job_type.run_scheduled_jo..., site='education.localhost', user='Administrator') job in 0:00:00.779230s on worker 509d537860474bb2a312a7fc0ee82f39
2025-09-28 10:43:15,958 Users-user-Documents-resturantOS-frappe-bench:default: Job OK (education.localhost||scheduled_job||rfab1lgkhq)
2025-09-28 10:43:15,959 Result is kept for 600 seconds
2025-09-28 10:43:15,968 Users-user-Documents-resturantOS-frappe-bench:default: frappe.utils.background_jobs.execute_job(event=None, is_async=True, job_name='frappe.core.doctype.scheduled_job_type.scheduled_job_type.run_scheduled_jo..., kwargs={'job_type': 'frappe.integrations.doctype.google_calendar.google_calendar.s..., method='frappe.core.doctype.scheduled_job_type.scheduled_job_type.run_scheduled_jo..., site='hrms.localhost', user='Administrator') (hrms.localhost||scheduled_job||moaj5vmroq)
2025-09-28 10:43:16,896 Successfully completed frappe.utils.background_jobs.execute_job(event=None, is_async=True, job_name='frappe.core.doctype.scheduled_job_type.scheduled_job_type.run_scheduled_jo..., kwargs={'job_type': 'frappe.integrations.doctype.google_calendar.google_calendar.s..., method='frappe.core.doctype.scheduled_job_type.scheduled_job_type.run_scheduled_jo..., site='hrms.localhost', user='Administrator') job in 0:00:00.867184s on worker 509d537860474bb2a312a7fc0ee82f39
2025-09-28 10:43:16,897 Users-user-Documents-resturantOS-frappe-bench:default: Job OK (hrms.localhost||scheduled_job||moaj5vmroq)
2025-09-28 10:43:16,897 Result is kept for 600 seconds
2025-09-28 10:43:16,916 Users-user-Documents-resturantOS-frappe-bench:default: frappe.utils.background_jobs.execute_job(event=None, is_async=True, job_name='frappe.core.doctype.scheduled_job_type.scheduled_job_type.run_scheduled_jo..., kwargs={'job_type': 'frappe.email.doctype.notification.notification.trigger_offset..., method='frappe.core.doctype.scheduled_job_type.scheduled_job_type.run_scheduled_jo..., site='hrms.localhost', user='Administrator') (hrms.localhost||scheduled_job||moa3u2rt95)
2025-09-28 10:43:17,724 Successfully completed frappe.utils.background_jobs.execute_job(event=None, is_async=True, job_name='frappe.core.doctype.scheduled_job_type.scheduled_job_type.run_scheduled_jo..., kwargs={'job_type': 'frappe.email.doctype.notification.notification.trigger_offset..., method='frappe.core.doctype.scheduled_job_type.scheduled_job_type.run_scheduled_jo..., site='hrms.localhost', user='Administrator') job in 0:00:00.792992s on worker 509d537860474bb2a312a7fc0ee82f39
2025-09-28 10:43:17,725 Users-user-Documents-resturantOS-frappe-bench:default: Job OK (hrms.localhost||scheduled_job||moa3u2rt95)
2025-09-28 10:43:17,725 Result is kept for 600 seconds
2025-09-28 10:43:17,735 Users-user-Documents-resturantOS-frappe-bench:default: frappe.utils.background_jobs.execute_job(event=None, is_async=True, job_name='frappe.core.doctype.scheduled_job_type.scheduled_job_type.run_scheduled_jo..., kwargs={'job_type': 'frappe.monitor.flush', 'scheduled_job_type': 'moa4nr1fii'}, method='frappe.core.doctype.scheduled_job_type.scheduled_job_type.run_scheduled_jo..., site='hrms.localhost', user='Administrator') (hrms.localhost||scheduled_job||moa4nr1fii)
2025-09-28 10:43:18,533 Successfully completed frappe.utils.background_jobs.execute_job(event=None, is_async=True, job_name='frappe.core.doctype.scheduled_job_type.scheduled_job_type.run_scheduled_jo..., kwargs={'job_type': 'frappe.monitor.flush', 'scheduled_job_type': 'moa4nr1fii'}, method='frappe.core.doctype.scheduled_job_type.scheduled_job_type.run_scheduled_jo..., site='hrms.localhost', user='Administrator') job in 0:00:00.784298s on worker 509d537860474bb2a312a7fc0ee82f39
2025-09-28 10:43:18,533 Users-user-Documents-resturantOS-frappe-bench:default: Job OK (hrms.localhost||scheduled_job||moa4nr1fii)
2025-09-28 10:43:18,534 Result is kept for 600 seconds
2025-09-28 10:43:18,544 Users-user-Documents-resturantOS-frappe-bench:default: frappe.utils.background_jobs.execute_job(event=None, is_async=True, job_name='frappe.core.doctype.scheduled_job_type.scheduled_job_type.run_scheduled_jo..., kwargs={'job_type': 'erpnext.accounts.doctype.gl_entry.gl_entry.rename_gle_sle_doc..., method='frappe.core.doctype.scheduled_job_type.scheduled_job_type.run_scheduled_jo..., site='hrms.localhost', user='Administrator') (hrms.localhost||scheduled_job||onjj7l9pne)
2025-09-28 10:43:19,470 Successfully completed frappe.utils.background_jobs.execute_job(event=None, is_async=True, job_name='frappe.core.doctype.scheduled_job_type.scheduled_job_type.run_scheduled_jo..., kwargs={'job_type': 'erpnext.accounts.doctype.gl_entry.gl_entry.rename_gle_sle_doc..., method='frappe.core.doctype.scheduled_job_type.scheduled_job_type.run_scheduled_jo..., site='hrms.localhost', user='Administrator') job in 0:00:00.911452s on worker 509d537860474bb2a312a7fc0ee82f39
2025-09-28 10:43:19,471 Users-user-Documents-resturantOS-frappe-bench:default: Job OK (hrms.localhost||scheduled_job||onjj7l9pne)
2025-09-28 10:43:19,471 Result is kept for 600 seconds
2025-09-28 10:43:19,483 Users-user-Documents-resturantOS-frappe-bench:default: frappe.utils.background_jobs.execute_job(event=None, is_async=True, job_name='frappe.core.doctype.scheduled_job_type.scheduled_job_type.run_scheduled_jo..., kwargs={'job_type': 'frappe.search.sqlite_search.build_index_if_not_exists', 'sche..., method='frappe.core.doctype.scheduled_job_type.scheduled_job_type.run_scheduled_jo..., site='hrms.localhost', user='Administrator') (hrms.localhost||scheduled_job||moaneeb4jv)
2025-09-28 10:43:20,595 Successfully completed frappe.utils.background_jobs.execute_job(event=None, is_async=True, job_name='frappe.core.doctype.scheduled_job_type.scheduled_job_type.run_scheduled_jo..., kwargs={'job_type': 'frappe.search.sqlite_search.build_index_if_not_exists', 'sche..., method='frappe.core.doctype.scheduled_job_type.scheduled_job_type.run_scheduled_jo..., site='hrms.localhost', user='Administrator') job in 0:00:01.098764s on worker 509d537860474bb2a312a7fc0ee82f39
2025-09-28 10:43:20,596 Users-user-Documents-resturantOS-frappe-bench:default: Job OK (hrms.localhost||scheduled_job||moaneeb4jv)
2025-09-28 10:43:20,596 Result is kept for 600 seconds
2025-09-28 10:43:20,609 Users-user-Documents-resturantOS-frappe-bench:default: frappe.utils.background_jobs.execute_job(event=None, is_async=True, job_name='frappe.core.doctype.scheduled_job_type.scheduled_job_type.run_scheduled_jo..., kwargs={'job_type': 'hrms.hr.doctype.interview.interview.send_interview_reminder',..., method='frappe.core.doctype.scheduled_job_type.scheduled_job_type.run_scheduled_jo..., site='hrms.localhost', user='Administrator') (hrms.localhost||scheduled_job||p395mfeqpe)
2025-09-28 10:43:21,563 Successfully completed frappe.utils.background_jobs.execute_job(event=None, is_async=True, job_name='frappe.core.doctype.scheduled_job_type.scheduled_job_type.run_scheduled_jo..., kwargs={'job_type': 'hrms.hr.doctype.interview.interview.send_interview_reminder',..., method='frappe.core.doctype.scheduled_job_type.scheduled_job_type.run_scheduled_jo..., site='hrms.localhost', user='Administrator') job in 0:00:00.938932s on worker 509d537860474bb2a312a7fc0ee82f39
2025-09-28 10:43:21,564 Users-user-Documents-resturantOS-frappe-bench:default: Job OK (hrms.localhost||scheduled_job||p395mfeqpe)
2025-09-28 10:43:21,564 Result is kept for 600 seconds
2025-09-28 10:43:21,578 Users-user-Documents-resturantOS-frappe-bench:default: frappe.utils.background_jobs.execute_job(event=None, is_async=True, job_name='frappe.core.doctype.scheduled_job_type.scheduled_job_type.run_scheduled_jo..., kwargs={'job_type': 'frappe.email.doctype.email_account.email_account.notify_unrep..., method='frappe.core.doctype.scheduled_job_type.scheduled_job_type.run_scheduled_jo..., site='hrms.localhost', user='Administrator') (hrms.localhost||scheduled_job||moaa3rhgb2)
2025-09-28 10:43:22,484 Successfully completed frappe.utils.background_jobs.execute_job(event=None, is_async=True, job_name='frappe.core.doctype.scheduled_job_type.scheduled_job_type.run_scheduled_jo..., kwargs={'job_type': 'frappe.email.doctype.email_account.email_account.notify_unrep..., method='frappe.core.doctype.scheduled_job_type.scheduled_job_type.run_scheduled_jo..., site='hrms.localhost', user='Administrator') job in 0:00:00.890662s on worker 509d537860474bb2a312a7fc0ee82f39
2025-09-28 10:43:22,484 Users-user-Documents-resturantOS-frappe-bench:default: Job OK (hrms.localhost||scheduled_job||moaa3rhgb2)
2025-09-28 10:43:22,485 Result is kept for 600 seconds
2025-09-28 10:43:22,496 Users-user-Documents-resturantOS-frappe-bench:default: frappe.utils.background_jobs.execute_job(event=None, is_async=True, job_name='frappe.core.doctype.scheduled_job_type.scheduled_job_type.run_scheduled_jo..., kwargs={'job_type': 'frappe.pulse.client.send_queued_events', 'scheduled_job_type'..., method='frappe.core.doctype.scheduled_job_type.scheduled_job_type.run_scheduled_jo..., site='hrms.localhost', user='Administrator') (hrms.localhost||scheduled_job||moast7616t)
2025-09-28 10:43:23,341 Successfully completed frappe.utils.background_jobs.execute_job(event=None, is_async=True, job_name='frappe.core.doctype.scheduled_job_type.scheduled_job_type.run_scheduled_jo..., kwargs={'job_type': 'frappe.pulse.client.send_queued_events', 'scheduled_job_type'..., method='frappe.core.doctype.scheduled_job_type.scheduled_job_type.run_scheduled_jo..., site='hrms.localhost', user='Administrator') job in 0:00:00.828989s on worker 509d537860474bb2a312a7fc0ee82f39
2025-09-28 10:43:23,341 Users-user-Documents-resturantOS-frappe-bench:default: Job OK (hrms.localhost||scheduled_job||moast7616t)
2025-09-28 10:43:23,342 Result is kept for 600 seconds
2025-09-28 10:43:23,353 Users-user-Documents-resturantOS-frappe-bench:default: frappe.utils.background_jobs.execute_job(event=None, is_async=True, job_name='frappe.core.doctype.scheduled_job_type.scheduled_job_type.run_scheduled_jo..., kwargs={'job_type': 'frappe.email.queue.flush', 'scheduled_job_type': 'moarrskqpm'..., method='frappe.core.doctype.scheduled_job_type.scheduled_job_type.run_scheduled_jo..., site='hrms.localhost', user='Administrator') (hrms.localhost||scheduled_job||moarrskqpm)
2025-09-28 10:43:25,025 Successfully completed frappe.utils.background_jobs.execute_job(event=None, is_async=True, job_name='frappe.core.doctype.scheduled_job_type.scheduled_job_type.run_scheduled_jo..., kwargs={'job_type': 'frappe.email.queue.flush', 'scheduled_job_type': 'moarrskqpm'..., method='frappe.core.doctype.scheduled_job_type.scheduled_job_type.run_scheduled_jo..., site='hrms.localhost', user='Administrator') job in 0:00:01.657147s on worker 509d537860474bb2a312a7fc0ee82f39
2025-09-28 10:43:25,025 Users-user-Documents-resturantOS-frappe-bench:default: Job OK (hrms.localhost||scheduled_job||moarrskqpm)
2025-09-28 10:43:25,026 Result is kept for 600 seconds
2025-09-28 10:43:25,040 Users-user-Documents-resturantOS-frappe-bench:default: frappe.utils.background_jobs.execute_job(event=None, is_async=True, job_name='frappe.core.doctype.scheduled_job_type.scheduled_job_type.run_scheduled_jo..., kwargs={'job_type': 'frappe.email.queue.retry_sending_emails', 'scheduled_job_type..., method='frappe.core.doctype.scheduled_job_type.scheduled_job_type.run_scheduled_jo..., site='hrms.localhost', user='Administrator') (hrms.localhost||scheduled_job||moa8b2rj9v)
2025-09-28 10:43:26,178 Successfully completed frappe.utils.background_jobs.execute_job(event=None, is_async=True, job_name='frappe.core.doctype.scheduled_job_type.scheduled_job_type.run_scheduled_jo..., kwargs={'job_type': 'frappe.email.queue.retry_sending_emails', 'scheduled_job_type..., method='frappe.core.doctype.scheduled_job_type.scheduled_job_type.run_scheduled_jo..., site='hrms.localhost', user='Administrator') job in 0:00:01.122935s on worker 509d537860474bb2a312a7fc0ee82f39
2025-09-28 10:43:26,178 Users-user-Documents-resturantOS-frappe-bench:default: Job OK (hrms.localhost||scheduled_job||moa8b2rj9v)
2025-09-28 10:43:26,179 Result is kept for 600 seconds
2025-09-28 10:43:26,191 Users-user-Documents-resturantOS-frappe-bench:default: frappe.utils.background_jobs.execute_job(event=None, is_async=True, job_name='frappe.core.doctype.scheduled_job_type.scheduled_job_type.run_scheduled_jo..., kwargs={'job_type': 'frappe.utils.global_search.sync_global_search', 'scheduled_jo..., method='frappe.core.doctype.scheduled_job_type.scheduled_job_type.run_scheduled_jo..., site='hrms.localhost', user='Administrator') (hrms.localhost||scheduled_job||moasulb44c)
2025-09-28 10:43:27,152 Successfully completed frappe.utils.background_jobs.execute_job(event=None, is_async=True, job_name='frappe.core.doctype.scheduled_job_type.scheduled_job_type.run_scheduled_jo..., kwargs={'job_type': 'frappe.utils.global_search.sync_global_search', 'scheduled_jo..., method='frappe.core.doctype.scheduled_job_type.scheduled_job_type.run_scheduled_jo..., site='hrms.localhost', user='Administrator') job in 0:00:00.947819s on worker 509d537860474bb2a312a7fc0ee82f39
2025-09-28 10:43:27,153 Users-user-Documents-resturantOS-frappe-bench:default: Job OK (hrms.localhost||scheduled_job||moasulb44c)
2025-09-28 10:43:27,154 Result is kept for 600 seconds
2025-09-28 10:43:27,165 Users-user-Documents-resturantOS-frappe-bench:default: frappe.utils.background_jobs.execute_job(event=None, is_async=True, job_name='frappe.core.doctype.scheduled_job_type.scheduled_job_type.run_scheduled_jo..., kwargs={'job_type': 'frappe.model.utils.link_count.update_link_count', 'scheduled_..., method='frappe.core.doctype.scheduled_job_type.scheduled_job_type.run_scheduled_jo..., site='hrms.localhost', user='Administrator') (hrms.localhost||scheduled_job||moa69d1n58)
2025-09-28 10:43:28,084 Successfully completed frappe.utils.background_jobs.execute_job(event=None, is_async=True, job_name='frappe.core.doctype.scheduled_job_type.scheduled_job_type.run_scheduled_jo..., kwargs={'job_type': 'frappe.model.utils.link_count.update_link_count', 'scheduled_..., method='frappe.core.doctype.scheduled_job_type.scheduled_job_type.run_scheduled_jo..., site='hrms.localhost', user='Administrator') job in 0:00:00.904903s on worker 509d537860474bb2a312a7fc0ee82f39
2025-09-28 10:43:28,085 Users-user-Documents-resturantOS-frappe-bench:default: Job OK (hrms.localhost||scheduled_job||moa69d1n58)
2025-09-28 10:43:28,085 Result is kept for 600 seconds
2025-09-28 10:43:28,095 Users-user-Documents-resturantOS-frappe-bench:default: frappe.utils.background_jobs.execute_job(event=None, is_async=True, job_name='frappe.core.doctype.scheduled_job_type.scheduled_job_type.run_scheduled_jo..., kwargs={'job_type': 'erpnext.manufacturing.doctype.bom_update_log.bom_update_log.r..., method='frappe.core.doctype.scheduled_job_type.scheduled_job_type.run_scheduled_jo..., site='hrms.localhost', user='Administrator') (hrms.localhost||scheduled_job||onj2e2o5l7)
2025-09-28 10:43:29,039 Successfully completed frappe.utils.background_jobs.execute_job(event=None, is_async=True, job_name='frappe.core.doctype.scheduled_job_type.scheduled_job_type.run_scheduled_jo..., kwargs={'job_type': 'erpnext.manufacturing.doctype.bom_update_log.bom_update_log.r..., method='frappe.core.doctype.scheduled_job_type.scheduled_job_type.run_scheduled_jo..., site='hrms.localhost', user='Administrator') job in 0:00:00.928075s on worker 509d537860474bb2a312a7fc0ee82f39
2025-09-28 10:43:29,039 Users-user-Documents-resturantOS-frappe-bench:default: Job OK (hrms.localhost||scheduled_job||onj2e2o5l7)
2025-09-28 10:43:29,039 Result is kept for 600 seconds
2025-09-28 10:43:29,052 Users-user-Documents-resturantOS-frappe-bench:default: frappe.utils.background_jobs.execute_job(event=None, is_async=True, job_name='frappe.core.doctype.scheduled_job_type.scheduled_job_type.run_scheduled_jo..., kwargs={'job_type': 'frappe.deferred_insert.save_to_db', 'scheduled_job_type': 'mo..., method='frappe.core.doctype.scheduled_job_type.scheduled_job_type.run_scheduled_jo..., site='hrms.localhost', user='Administrator') (hrms.localhost||scheduled_job||moaqk36bm8)
2025-09-28 10:43:30,225 Successfully completed frappe.utils.background_jobs.execute_job(event=None, is_async=True, job_name='frappe.core.doctype.scheduled_job_type.scheduled_job_type.run_scheduled_jo..., kwargs={'job_type': 'frappe.deferred_insert.save_to_db', 'scheduled_job_type': 'mo..., method='frappe.core.doctype.scheduled_job_type.scheduled_job_type.run_scheduled_jo..., site='hrms.localhost', user='Administrator') job in 0:00:01.155010s on worker 509d537860474bb2a312a7fc0ee82f39
2025-09-28 10:43:30,226 Users-user-Documents-resturantOS-frappe-bench:default: Job OK (hrms.localhost||scheduled_job||moaqk36bm8)
2025-09-28 10:43:30,226 Result is kept for 600 seconds
2025-09-28 10:43:30,240 Users-user-Documents-resturantOS-frappe-bench:default: frappe.utils.background_jobs.execute_job(event=None, is_async=True, job_name='frappe.core.doctype.scheduled_job_type.scheduled_job_type.run_scheduled_jo..., kwargs={'job_type': 'frappe.email.doctype.email_account.email_account.pull', 'sche..., method='frappe.core.doctype.scheduled_job_type.scheduled_job_type.run_scheduled_jo..., site='hrms.localhost', user='Administrator') (hrms.localhost||scheduled_job||moavp17f68)
2025-09-28 10:43:31,208 Successfully completed frappe.utils.background_jobs.execute_job(event=None, is_async=True, job_name='frappe.core.doctype.scheduled_job_type.scheduled_job_type.run_scheduled_jo..., kwargs={'job_type': 'frappe.email.doctype.email_account.email_account.pull', 'sche..., method='frappe.core.doctype.scheduled_job_type.scheduled_job_type.run_scheduled_jo..., site='hrms.localhost', user='Administrator') job in 0:00:00.952074s on worker 509d537860474bb2a312a7fc0ee82f39
2025-09-28 10:43:31,209 Users-user-Documents-resturantOS-frappe-bench:default: Job OK (hrms.localhost||scheduled_job||moavp17f68)
2025-09-28 10:43:31,209 Result is kept for 600 seconds
2025-09-28 10:43:31,225 Users-user-Documents-resturantOS-frappe-bench:default: frappe.utils.background_jobs.execute_job(event=None, is_async=True, job_name='frappe.core.doctype.scheduled_job_type.scheduled_job_type.run_scheduled_jo..., kwargs={'job_type': 'frappe.automation.doctype.reminder.reminder.send_reminders', ..., method='frappe.core.doctype.scheduled_job_type.scheduled_job_type.run_scheduled_jo..., site='hrms.localhost', user='Administrator') (hrms.localhost||scheduled_job||moajgtod6h)
2025-09-28 10:43:32,564 Successfully completed frappe.utils.background_jobs.execute_job(event=None, is_async=True, job_name='frappe.core.doctype.scheduled_job_type.scheduled_job_type.run_scheduled_jo..., kwargs={'job_type': 'frappe.automation.doctype.reminder.reminder.send_reminders', ..., method='frappe.core.doctype.scheduled_job_type.scheduled_job_type.run_scheduled_jo..., site='hrms.localhost', user='Administrator') job in 0:00:01.320892s on worker 509d537860474bb2a312a7fc0ee82f39
2025-09-28 10:43:32,567 Users-user-Documents-resturantOS-frappe-bench:default: Job OK (hrms.localhost||scheduled_job||moajgtod6h)
2025-09-28 10:43:32,567 Result is kept for 600 seconds
2025-09-28 10:43:32,579 Users-user-Documents-resturantOS-frappe-bench:default: frappe.utils.background_jobs.execute_job(event=None, is_async=True, job_name='frappe.core.doctype.scheduled_job_type.scheduled_job_type.run_scheduled_jo..., kwargs={'job_type': 'erpnext.manufacturing.doctype.bom_update_log.bom_update_log.r..., method='frappe.core.doctype.scheduled_job_type.scheduled_job_type.run_scheduled_jo..., site='erpnext.localhost', user='Administrator') (erpnext.localhost||scheduled_job||k0qn2f783c)
2025-09-28 10:43:33,541 Successfully completed frappe.utils.background_jobs.execute_job(event=None, is_async=True, job_name='frappe.core.doctype.scheduled_job_type.scheduled_job_type.run_scheduled_jo..., kwargs={'job_type': 'erpnext.manufacturing.doctype.bom_update_log.bom_update_log.r..., method='frappe.core.doctype.scheduled_job_type.scheduled_job_type.run_scheduled_jo..., site='erpnext.localhost', user='Administrator') job in 0:00:00.941752s on worker 509d537860474bb2a312a7fc0ee82f39
2025-09-28 10:43:33,542 Users-user-Documents-resturantOS-frappe-bench:default: Job OK (erpnext.localhost||scheduled_job||k0qn2f783c)
2025-09-28 10:43:33,542 Result is kept for 600 seconds
2025-09-28 10:43:33,554 Users-user-Documents-resturantOS-frappe-bench:default: frappe.utils.background_jobs.execute_job(event=None, is_async=True, job_name='frappe.core.doctype.scheduled_job_type.scheduled_job_type.run_scheduled_jo..., kwargs={'job_type': 'erpnext.accounts.doctype.gl_entry.gl_entry.rename_gle_sle_doc..., method='frappe.core.doctype.scheduled_job_type.scheduled_job_type.run_scheduled_jo..., site='erpnext.localhost', user='Administrator') (erpnext.localhost||scheduled_job||k0qkqj8d2t)
2025-09-28 10:43:34,495 Successfully completed frappe.utils.background_jobs.execute_job(event=None, is_async=True, job_name='frappe.core.doctype.scheduled_job_type.scheduled_job_type.run_scheduled_jo..., kwargs={'job_type': 'erpnext.accounts.doctype.gl_entry.gl_entry.rename_gle_sle_doc..., method='frappe.core.doctype.scheduled_job_type.scheduled_job_type.run_scheduled_jo..., site='erpnext.localhost', user='Administrator') job in 0:00:00.921202s on worker 509d537860474bb2a312a7fc0ee82f39
2025-09-28 10:43:34,496 Users-user-Documents-resturantOS-frappe-bench:default: Job OK (erpnext.localhost||scheduled_job||k0qkqj8d2t)
2025-09-28 10:43:34,496 Result is kept for 600 seconds
2025-09-28 10:43:34,513 Users-user-Documents-resturantOS-frappe-bench:default: frappe.utils.background_jobs.execute_job(event=None, is_async=True, job_name='frappe.core.doctype.scheduled_job_type.scheduled_job_type.run_scheduled_jo..., kwargs={'job_type': 'frappe.automation.doctype.reminder.reminder.send_reminders', ..., method='frappe.core.doctype.scheduled_job_type.scheduled_job_type.run_scheduled_jo..., site='erpnext.localhost', user='Administrator') (erpnext.localhost||scheduled_job||i3qqrd70l1)
2025-09-28 10:43:37,667 Successfully completed frappe.utils.background_jobs.execute_job(event=None, is_async=True, job_name='frappe.core.doctype.scheduled_job_type.scheduled_job_type.run_scheduled_jo..., kwargs={'job_type': 'frappe.automation.doctype.reminder.reminder.send_reminders', ..., method='frappe.core.doctype.scheduled_job_type.scheduled_job_type.run_scheduled_jo..., site='erpnext.localhost', user='Administrator') job in 0:00:03.132787s on worker 509d537860474bb2a312a7fc0ee82f39
2025-09-28 10:43:37,668 Users-user-Documents-resturantOS-frappe-bench:default: Job OK (erpnext.localhost||scheduled_job||i3qqrd70l1)
2025-09-28 10:43:37,669 Result is kept for 600 seconds
2025-09-28 10:43:37,681 Users-user-Documents-resturantOS-frappe-bench:default: frappe.utils.background_jobs.execute_job(event=None, is_async=True, job_name='frappe.core.doctype.scheduled_job_type.scheduled_job_type.run_scheduled_jo..., kwargs={'job_type': 'frappe.model.utils.link_count.update_link_count', 'scheduled_..., method='frappe.core.doctype.scheduled_job_type.scheduled_job_type.run_scheduled_jo..., site='erpnext.localhost', user='Administrator') (erpnext.localhost||scheduled_job||i3ql4qgjlp)
2025-09-28 10:43:38,791 Successfully completed frappe.utils.background_jobs.execute_job(event=None, is_async=True, job_name='frappe.core.doctype.scheduled_job_type.scheduled_job_type.run_scheduled_jo..., kwargs={'job_type': 'frappe.model.utils.link_count.update_link_count', 'scheduled_..., method='frappe.core.doctype.scheduled_job_type.scheduled_job_type.run_scheduled_jo..., site='erpnext.localhost', user='Administrator') job in 0:00:01.094219s on worker 509d537860474bb2a312a7fc0ee82f39
2025-09-28 10:43:38,792 Users-user-Documents-resturantOS-frappe-bench:default: Job OK (erpnext.localhost||scheduled_job||i3ql4qgjlp)
2025-09-28 10:43:38,792 Result is kept for 600 seconds
2025-09-28 10:43:38,804 Users-user-Documents-resturantOS-frappe-bench:default: frappe.utils.background_jobs.execute_job(event=None, is_async=True, job_name='frappe.core.doctype.scheduled_job_type.scheduled_job_type.run_scheduled_jo..., kwargs={'job_type': 'frappe.search.sqlite_search.build_index_if_not_exists', 'sche..., method='frappe.core.doctype.scheduled_job_type.scheduled_job_type.run_scheduled_jo..., site='erpnext.localhost', user='Administrator') (erpnext.localhost||scheduled_job||i3qaoemf8f)
2025-09-28 10:43:39,762 Successfully completed frappe.utils.background_jobs.execute_job(event=None, is_async=True, job_name='frappe.core.doctype.scheduled_job_type.scheduled_job_type.run_scheduled_jo..., kwargs={'job_type': 'frappe.search.sqlite_search.build_index_if_not_exists', 'sche..., method='frappe.core.doctype.scheduled_job_type.scheduled_job_type.run_scheduled_jo..., site='erpnext.localhost', user='Administrator') job in 0:00:00.943262s on worker 509d537860474bb2a312a7fc0ee82f39
2025-09-28 10:43:39,763 Users-user-Documents-resturantOS-frappe-bench:default: Job OK (erpnext.localhost||scheduled_job||i3qaoemf8f)
2025-09-28 10:43:39,763 Result is kept for 600 seconds
2025-09-28 10:43:39,776 Users-user-Documents-resturantOS-frappe-bench:default: frappe.utils.background_jobs.execute_job(event=None, is_async=True, job_name='frappe.core.doctype.scheduled_job_type.scheduled_job_type.run_scheduled_jo..., kwargs={'job_type': 'frappe.email.queue.retry_sending_emails', 'scheduled_job_type..., method='frappe.core.doctype.scheduled_job_type.scheduled_job_type.run_scheduled_jo..., site='erpnext.localhost', user='Administrator') (erpnext.localhost||scheduled_job||i3q1telple)
2025-09-28 10:43:41,882 Successfully completed frappe.utils.background_jobs.execute_job(event=None, is_async=True, job_name='frappe.core.doctype.scheduled_job_type.scheduled_job_type.run_scheduled_jo..., kwargs={'job_type': 'frappe.email.queue.retry_sending_emails', 'scheduled_job_type..., method='frappe.core.doctype.scheduled_job_type.scheduled_job_type.run_scheduled_jo..., site='erpnext.localhost', user='Administrator') job in 0:00:02.091001s on worker 509d537860474bb2a312a7fc0ee82f39
2025-09-28 10:43:41,882 Users-user-Documents-resturantOS-frappe-bench:default: Job OK (erpnext.localhost||scheduled_job||i3q1telple)
2025-09-28 10:43:41,883 Result is kept for 600 seconds
2025-09-28 10:43:41,895 Users-user-Documents-resturantOS-frappe-bench:default: frappe.utils.background_jobs.execute_job(event=None, is_async=True, job_name='frappe.core.doctype.scheduled_job_type.scheduled_job_type.run_scheduled_jo..., kwargs={'job_type': 'frappe.email.queue.flush', 'scheduled_job_type': 'i3qhjuun64'..., method='frappe.core.doctype.scheduled_job_type.scheduled_job_type.run_scheduled_jo..., site='erpnext.localhost', user='Administrator') (erpnext.localhost||scheduled_job||i3qhjuun64)
2025-09-28 10:43:42,912 Successfully completed frappe.utils.background_jobs.execute_job(event=None, is_async=True, job_name='frappe.core.doctype.scheduled_job_type.scheduled_job_type.run_scheduled_jo..., kwargs={'job_type': 'frappe.email.queue.flush', 'scheduled_job_type': 'i3qhjuun64'..., method='frappe.core.doctype.scheduled_job_type.scheduled_job_type.run_scheduled_jo..., site='erpnext.localhost', user='Administrator') job in 0:00:00.999593s on worker 509d537860474bb2a312a7fc0ee82f39
2025-09-28 10:43:42,913 Users-user-Documents-resturantOS-frappe-bench:default: Job OK (erpnext.localhost||scheduled_job||i3qhjuun64)
2025-09-28 10:43:42,914 Result is kept for 600 seconds
2025-09-28 10:43:42,929 Users-user-Documents-resturantOS-frappe-bench:default: frappe.utils.background_jobs.execute_job(event=None, is_async=True, job_name='frappe.core.doctype.scheduled_job_type.scheduled_job_type.run_scheduled_jo..., kwargs={'job_type': 'frappe.pulse.client.send_queued_events', 'scheduled_job_type'..., method='frappe.core.doctype.scheduled_job_type.scheduled_job_type.run_scheduled_jo..., site='erpnext.localhost', user='Administrator') (erpnext.localhost||scheduled_job||i3q6kfbc7n)
2025-09-28 10:43:43,937 Successfully completed frappe.utils.background_jobs.execute_job(event=None, is_async=True, job_name='frappe.core.doctype.scheduled_job_type.scheduled_job_type.run_scheduled_jo..., kwargs={'job_type': 'frappe.pulse.client.send_queued_events', 'scheduled_job_type'..., method='frappe.core.doctype.scheduled_job_type.scheduled_job_type.run_scheduled_jo..., site='erpnext.localhost', user='Administrator') job in 0:00:00.990401s on worker 509d537860474bb2a312a7fc0ee82f39
2025-09-28 10:43:43,937 Users-user-Documents-resturantOS-frappe-bench:default: Job OK (erpnext.localhost||scheduled_job||i3q6kfbc7n)
2025-09-28 10:43:43,937 Result is kept for 600 seconds
2025-09-28 10:43:43,949 Users-user-Documents-resturantOS-frappe-bench:default: frappe.utils.background_jobs.execute_job(event=None, is_async=True, job_name='frappe.core.doctype.scheduled_job_type.scheduled_job_type.run_scheduled_jo..., kwargs={'job_type': 'frappe.deferred_insert.save_to_db', 'scheduled_job_type': 'i3..., method='frappe.core.doctype.scheduled_job_type.scheduled_job_type.run_scheduled_jo..., site='erpnext.localhost', user='Administrator') (erpnext.localhost||scheduled_job||i3q9qk9urk)
2025-09-28 10:43:45,014 Successfully completed frappe.utils.background_jobs.execute_job(event=None, is_async=True, job_name='frappe.core.doctype.scheduled_job_type.scheduled_job_type.run_scheduled_jo..., kwargs={'job_type': 'frappe.deferred_insert.save_to_db', 'scheduled_job_type': 'i3..., method='frappe.core.doctype.scheduled_job_type.scheduled_job_type.run_scheduled_jo..., site='erpnext.localhost', user='Administrator') job in 0:00:01.050255s on worker 509d537860474bb2a312a7fc0ee82f39
2025-09-28 10:43:45,015 Users-user-Documents-resturantOS-frappe-bench:default: Job OK (erpnext.localhost||scheduled_job||i3q9qk9urk)
2025-09-28 10:43:45,016 Result is kept for 600 seconds
2025-09-28 10:43:45,031 Users-user-Documents-resturantOS-frappe-bench:default: frappe.utils.background_jobs.execute_job(event=None, is_async=True, job_name='frappe.core.doctype.scheduled_job_type.scheduled_job_type.run_scheduled_jo..., kwargs={'job_type': 'frappe.email.doctype.email_account.email_account.notify_unrep..., method='frappe.core.doctype.scheduled_job_type.scheduled_job_type.run_scheduled_jo..., site='erpnext.localhost', user='Administrator') (erpnext.localhost||scheduled_job||i3qkkem4ol)
2025-09-28 10:43:46,464 Successfully completed frappe.utils.background_jobs.execute_job(event=None, is_async=True, job_name='frappe.core.doctype.scheduled_job_type.scheduled_job_type.run_scheduled_jo..., kwargs={'job_type': 'frappe.email.doctype.email_account.email_account.notify_unrep..., method='frappe.core.doctype.scheduled_job_type.scheduled_job_type.run_scheduled_jo..., site='erpnext.localhost', user='Administrator') job in 0:00:01.415601s on worker 509d537860474bb2a312a7fc0ee82f39
2025-09-28 10:43:46,466 Users-user-Documents-resturantOS-frappe-bench:default: Job OK (erpnext.localhost||scheduled_job||i3qkkem4ol)
2025-09-28 10:43:46,467 Result is kept for 600 seconds
2025-09-28 10:43:46,487 Users-user-Documents-resturantOS-frappe-bench:default: frappe.utils.background_jobs.execute_job(event=None, is_async=True, job_name='frappe.core.doctype.scheduled_job_type.scheduled_job_type.run_scheduled_jo..., kwargs={'job_type': 'frappe.integrations.doctype.google_calendar.google_calendar.s..., method='frappe.core.doctype.scheduled_job_type.scheduled_job_type.run_scheduled_jo..., site='erpnext.localhost', user='Administrator') (erpnext.localhost||scheduled_job||i3q59sufvp)
2025-09-28 10:43:47,664 Successfully completed frappe.utils.background_jobs.execute_job(event=None, is_async=True, job_name='frappe.core.doctype.scheduled_job_type.scheduled_job_type.run_scheduled_jo..., kwargs={'job_type': 'frappe.integrations.doctype.google_calendar.google_calendar.s..., method='frappe.core.doctype.scheduled_job_type.scheduled_job_type.run_scheduled_jo..., site='erpnext.localhost', user='Administrator') job in 0:00:01.138474s on worker 509d537860474bb2a312a7fc0ee82f39
2025-09-28 10:43:47,665 Users-user-Documents-resturantOS-frappe-bench:default: Job OK (erpnext.localhost||scheduled_job||i3q59sufvp)
2025-09-28 10:43:47,665 Result is kept for 600 seconds
2025-09-28 10:43:47,680 Users-user-Documents-resturantOS-frappe-bench:default: frappe.utils.background_jobs.execute_job(event=None, is_async=True, job_name='frappe.core.doctype.scheduled_job_type.scheduled_job_type.run_scheduled_jo..., kwargs={'job_type': 'frappe.email.doctype.email_account.email_account.pull', 'sche..., method='frappe.core.doctype.scheduled_job_type.scheduled_job_type.run_scheduled_jo..., site='erpnext.localhost', user='Administrator') (erpnext.localhost||scheduled_job||i3qn3r9e35)
2025-09-28 10:43:48,566 Successfully completed frappe.utils.background_jobs.execute_job(event=None, is_async=True, job_name='frappe.core.doctype.scheduled_job_type.scheduled_job_type.run_scheduled_jo..., kwargs={'job_type': 'frappe.email.doctype.email_account.email_account.pull', 'sche..., method='frappe.core.doctype.scheduled_job_type.scheduled_job_type.run_scheduled_jo..., site='erpnext.localhost', user='Administrator') job in 0:00:00.871862s on worker 509d537860474bb2a312a7fc0ee82f39
2025-09-28 10:43:48,567 Users-user-Documents-resturantOS-frappe-bench:default: Job OK (erpnext.localhost||scheduled_job||i3qn3r9e35)
2025-09-28 10:43:48,568 Result is kept for 600 seconds
2025-09-28 10:43:48,579 Users-user-Documents-resturantOS-frappe-bench:default: frappe.utils.background_jobs.execute_job(event=None, is_async=True, job_name='frappe.core.doctype.scheduled_job_type.scheduled_job_type.run_scheduled_jo..., kwargs={'job_type': 'frappe.utils.global_search.sync_global_search', 'scheduled_jo..., method='frappe.core.doctype.scheduled_job_type.scheduled_job_type.run_scheduled_jo..., site='erpnext.localhost', user='Administrator') (erpnext.localhost||scheduled_job||i3q1j6aa33)
2025-09-28 10:43:49,426 Successfully completed frappe.utils.background_jobs.execute_job(event=None, is_async=True, job_name='frappe.core.doctype.scheduled_job_type.scheduled_job_type.run_scheduled_jo..., kwargs={'job_type': 'frappe.utils.global_search.sync_global_search', 'scheduled_jo..., method='frappe.core.doctype.scheduled_job_type.scheduled_job_type.run_scheduled_jo..., site='erpnext.localhost', user='Administrator') job in 0:00:00.831325s on worker 509d537860474bb2a312a7fc0ee82f39
2025-09-28 10:43:49,427 Users-user-Documents-resturantOS-frappe-bench:default: Job OK (erpnext.localhost||scheduled_job||i3q1j6aa33)
2025-09-28 10:43:49,427 Result is kept for 600 seconds
2025-09-28 10:43:49,444 Users-user-Documents-resturantOS-frappe-bench:default: frappe.utils.background_jobs.execute_job(event=None, is_async=True, job_name='frappe.core.doctype.scheduled_job_type.scheduled_job_type.run_scheduled_jo..., kwargs={'job_type': 'frappe.email.doctype.notification.notification.trigger_offset..., method='frappe.core.doctype.scheduled_job_type.scheduled_job_type.run_scheduled_jo..., site='erpnext.localhost', user='Administrator') (erpnext.localhost||scheduled_job||i3qenim3s4)
2025-09-28 10:43:50,459 Successfully completed frappe.utils.background_jobs.execute_job(event=None, is_async=True, job_name='frappe.core.doctype.scheduled_job_type.scheduled_job_type.run_scheduled_jo..., kwargs={'job_type': 'frappe.email.doctype.notification.notification.trigger_offset..., method='frappe.core.doctype.scheduled_job_type.scheduled_job_type.run_scheduled_jo..., site='erpnext.localhost', user='Administrator') job in 0:00:00.996934s on worker 509d537860474bb2a312a7fc0ee82f39
2025-09-28 10:43:50,460 Users-user-Documents-resturantOS-frappe-bench:default: Job OK (erpnext.localhost||scheduled_job||i3qenim3s4)
2025-09-28 10:43:50,461 Result is kept for 600 seconds
2025-09-28 10:43:50,479 Users-user-Documents-resturantOS-frappe-bench:default: frappe.utils.background_jobs.execute_job(event=None, is_async=True, job_name='frappe.core.doctype.scheduled_job_type.scheduled_job_type.run_scheduled_jo..., kwargs={'job_type': 'frappe.monitor.flush', 'scheduled_job_type': 'i3qnb8q0pg'}, method='frappe.core.doctype.scheduled_job_type.scheduled_job_type.run_scheduled_jo..., site='erpnext.localhost', user='Administrator') (erpnext.localhost||scheduled_job||i3qnb8q0pg)
2025-09-28 10:43:51,532 Successfully completed frappe.utils.background_jobs.execute_job(event=None, is_async=True, job_name='frappe.core.doctype.scheduled_job_type.scheduled_job_type.run_scheduled_jo..., kwargs={'job_type': 'frappe.monitor.flush', 'scheduled_job_type': 'i3qnb8q0pg'}, method='frappe.core.doctype.scheduled_job_type.scheduled_job_type.run_scheduled_jo..., site='erpnext.localhost', user='Administrator') job in 0:00:01.034472s on worker 509d537860474bb2a312a7fc0ee82f39
2025-09-28 10:43:51,533 Users-user-Documents-resturantOS-frappe-bench:default: Job OK (erpnext.localhost||scheduled_job||i3qnb8q0pg)
2025-09-28 10:43:51,533 Result is kept for 600 seconds
2025-09-28 10:43:51,548 Users-user-Documents-resturantOS-frappe-bench:default: frappe.utils.background_jobs.execute_job(event=None, is_async=True, job_name='frappe.core.doctype.user.user.create_contact', kwargs={'user': <User: doctype=User demo@getnada.com>, 'ignore_mandatory': True}, method='frappe.core.doctype.user.user.create_contact', site='education.localhost', user='daregoodness@gmail.com') (education.localhost||cddf7ae4-0395-4736-a017-6d87d344bcf2)
2025-09-28 10:43:54,254 Successfully completed frappe.utils.background_jobs.execute_job(event=None, is_async=True, job_name='frappe.core.doctype.user.user.create_contact', kwargs={'user': <User: doctype=User demo@getnada.com>, 'ignore_mandatory': True}, method='frappe.core.doctype.user.user.create_contact', site='education.localhost', user='daregoodness@gmail.com') job in 0:00:02.598097s on worker 509d537860474bb2a312a7fc0ee82f39
2025-09-28 10:43:54,255 Users-user-Documents-resturantOS-frappe-bench:default: Job OK (education.localhost||cddf7ae4-0395-4736-a017-6d87d344bcf2)
2025-09-28 10:43:54,256 Result is kept for 600 seconds
2025-09-28 10:43:54,274 Users-user-Documents-resturantOS-frappe-bench:default: frappe.utils.background_jobs.execute_job(event=None, is_async=True, job_name='frappe.core.doctype.user.user.update_gravatar', kwargs={'name': 'demo@getnada.com'}, method='frappe.core.doctype.user.user.update_gravatar', site='education.localhost', user='daregoodness@gmail.com') (education.localhost||70382ca9-9347-4814-bbf9-78b8c54ec687)
2025-09-28 10:43:55,477 Successfully completed frappe.utils.background_jobs.execute_job(event=None, is_async=True, job_name='frappe.core.doctype.user.user.update_gravatar', kwargs={'name': 'demo@getnada.com'}, method='frappe.core.doctype.user.user.update_gravatar', site='education.localhost', user='daregoodness@gmail.com') job in 0:00:01.188720s on worker 509d537860474bb2a312a7fc0ee82f39
2025-09-28 10:43:55,477 Users-user-Documents-resturantOS-frappe-bench:default: Job OK (education.localhost||70382ca9-9347-4814-bbf9-78b8c54ec687)
2025-09-28 10:43:55,478 Result is kept for 600 seconds
2025-09-28 10:43:55,487 Users-user-Documents-resturantOS-frappe-bench:default: frappe.utils.background_jobs.execute_job(event=None, is_async=True, job_name='frappe.core.doctype.user.user.create_contact', kwargs={'user': <User: doctype=User demo@getnada.com>, 'ignore_mandatory': True}, method='frappe.core.doctype.user.user.create_contact', site='education.localhost', user='daregoodness@gmail.com') (education.localhost||c867f377-eb9c-4c2d-8807-fa34b50dcfdd)
2025-09-28 10:43:57,813 Successfully completed frappe.utils.background_jobs.execute_job(event=None, is_async=True, job_name='frappe.core.doctype.user.user.create_contact', kwargs={'user': <User: doctype=User demo@getnada.com>, 'ignore_mandatory': True}, method='frappe.core.doctype.user.user.create_contact', site='education.localhost', user='daregoodness@gmail.com') job in 0:00:02.204149s on worker 509d537860474bb2a312a7fc0ee82f39
2025-09-28 10:43:57,814 Users-user-Documents-resturantOS-frappe-bench:default: Job OK (education.localhost||c867f377-eb9c-4c2d-8807-fa34b50dcfdd)
2025-09-28 10:43:57,814 Result is kept for 600 seconds
2025-09-28 10:43:57,830 Users-user-Documents-resturantOS-frappe-bench:default: frappe.utils.background_jobs.execute_job(event=None, is_async=True, job_name='frappe.core.doctype.user.user.update_gravatar', kwargs={'name': 'demo@getnada.com'}, method='frappe.core.doctype.user.user.update_gravatar', site='education.localhost', user='daregoodness@gmail.com') (education.localhost||289bc932-c887-42c4-b033-e5b86d26fe6f)
2025-09-28 10:43:59,367 Successfully completed frappe.utils.background_jobs.execute_job(event=None, is_async=True, job_name='frappe.core.doctype.user.user.update_gravatar', kwargs={'name': 'demo@getnada.com'}, method='frappe.core.doctype.user.user.update_gravatar', site='education.localhost', user='daregoodness@gmail.com') job in 0:00:01.518595s on worker 509d537860474bb2a312a7fc0ee82f39
2025-09-28 10:43:59,368 Users-user-Documents-resturantOS-frappe-bench:default: Job OK (education.localhost||289bc932-c887-42c4-b033-e5b86d26fe6f)
2025-09-28 10:43:59,368 Result is kept for 600 seconds
2025-09-28 10:44:00,171 Users-user-Documents-resturantOS-frappe-bench:default: frappe.utils.background_jobs.execute_job(event=None, is_async=True, job_name='frappe.core.doctype.scheduled_job_type.scheduled_job_type.run_scheduled_jo..., kwargs={'job_type': 'frappe.email.queue.retry_sending_emails', 'scheduled_job_type..., method='frappe.core.doctype.scheduled_job_type.scheduled_job_type.run_scheduled_jo..., site='erpnext.localhost', user='Administrator') (erpnext.localhost||scheduled_job||i3q1telple)
2025-09-28 10:44:01,739 Successfully completed frappe.utils.background_jobs.execute_job(event=None, is_async=True, job_name='frappe.core.doctype.scheduled_job_type.scheduled_job_type.run_scheduled_jo..., kwargs={'job_type': 'frappe.email.queue.retry_sending_emails', 'scheduled_job_type..., method='frappe.core.doctype.scheduled_job_type.scheduled_job_type.run_scheduled_jo..., site='erpnext.localhost', user='Administrator') job in 0:00:01.548051s on worker 509d537860474bb2a312a7fc0ee82f39
2025-09-28 10:44:01,740 Users-user-Documents-resturantOS-frappe-bench:default: Job OK (erpnext.localhost||scheduled_job||i3q1telple)
2025-09-28 10:44:01,741 Result is kept for 600 seconds
2025-09-28 10:44:01,754 Users-user-Documents-resturantOS-frappe-bench:default: frappe.utils.background_jobs.execute_job(event=None, is_async=True, job_name='frappe.core.doctype.scheduled_job_type.scheduled_job_type.run_scheduled_jo..., kwargs={'job_type': 'frappe.email.queue.flush', 'scheduled_job_type': 'i3qhjuun64'..., method='frappe.core.doctype.scheduled_job_type.scheduled_job_type.run_scheduled_jo..., site='erpnext.localhost', user='Administrator') (erpnext.localhost||scheduled_job||i3qhjuun64)
2025-09-28 10:44:03,508 Successfully completed frappe.utils.background_jobs.execute_job(event=None, is_async=True, job_name='frappe.core.doctype.scheduled_job_type.scheduled_job_type.run_scheduled_jo..., kwargs={'job_type': 'frappe.email.queue.flush', 'scheduled_job_type': 'i3qhjuun64'..., method='frappe.core.doctype.scheduled_job_type.scheduled_job_type.run_scheduled_jo..., site='erpnext.localhost', user='Administrator') job in 0:00:01.732739s on worker 509d537860474bb2a312a7fc0ee82f39
2025-09-28 10:44:03,509 Users-user-Documents-resturantOS-frappe-bench:default: Job OK (erpnext.localhost||scheduled_job||i3qhjuun64)
2025-09-28 10:44:03,510 Result is kept for 600 seconds
2025-09-28 10:44:03,526 Users-user-Documents-resturantOS-frappe-bench:default: frappe.utils.background_jobs.execute_job(event=None, is_async=True, job_name='frappe.core.doctype.scheduled_job_type.scheduled_job_type.run_scheduled_jo..., kwargs={'job_type': 'frappe.monitor.flush', 'scheduled_job_type': 'i3qnb8q0pg'}, method='frappe.core.doctype.scheduled_job_type.scheduled_job_type.run_scheduled_jo..., site='erpnext.localhost', user='Administrator') (erpnext.localhost||scheduled_job||i3qnb8q0pg)
2025-09-28 10:44:04,807 Successfully completed frappe.utils.background_jobs.execute_job(event=None, is_async=True, job_name='frappe.core.doctype.scheduled_job_type.scheduled_job_type.run_scheduled_jo..., kwargs={'job_type': 'frappe.monitor.flush', 'scheduled_job_type': 'i3qnb8q0pg'}, method='frappe.core.doctype.scheduled_job_type.scheduled_job_type.run_scheduled_jo..., site='erpnext.localhost', user='Administrator') job in 0:00:01.262615s on worker 509d537860474bb2a312a7fc0ee82f39
2025-09-28 10:44:04,808 Users-user-Documents-resturantOS-frappe-bench:default: Job OK (erpnext.localhost||scheduled_job||i3qnb8q0pg)
2025-09-28 10:44:04,809 Result is kept for 600 seconds
2025-09-28 10:44:04,826 Users-user-Documents-resturantOS-frappe-bench:default: frappe.utils.background_jobs.execute_job(event=None, is_async=True, job_name='frappe.core.doctype.scheduled_job_type.scheduled_job_type.run_scheduled_jo..., kwargs={'job_type': 'frappe.integrations.doctype.google_calendar.google_calendar.s..., method='frappe.core.doctype.scheduled_job_type.scheduled_job_type.run_scheduled_jo..., site='erpnext.localhost', user='Administrator') (erpnext.localhost||scheduled_job||i3q59sufvp)
2025-09-28 10:44:07,152 Successfully completed frappe.utils.background_jobs.execute_job(event=None, is_async=True, job_name='frappe.core.doctype.scheduled_job_type.scheduled_job_type.run_scheduled_jo..., kwargs={'job_type': 'frappe.integrations.doctype.google_calendar.google_calendar.s..., method='frappe.core.doctype.scheduled_job_type.scheduled_job_type.run_scheduled_jo..., site='erpnext.localhost', user='Administrator') job in 0:00:02.303286s on worker 509d537860474bb2a312a7fc0ee82f39
2025-09-28 10:44:07,152 Users-user-Documents-resturantOS-frappe-bench:default: Job OK (erpnext.localhost||scheduled_job||i3q59sufvp)
2025-09-28 10:44:07,153 Result is kept for 600 seconds
2025-09-28 10:44:07,170 Users-user-Documents-resturantOS-frappe-bench:default: frappe.utils.background_jobs.execute_job(event=None, is_async=True, job_name='frappe.core.doctype.scheduled_job_type.scheduled_job_type.run_scheduled_jo..., kwargs={'job_type': 'frappe.email.queue.flush', 'scheduled_job_type': 'rfau6l5hgd'..., method='frappe.core.doctype.scheduled_job_type.scheduled_job_type.run_scheduled_jo..., site='education.localhost', user='Administrator') (education.localhost||scheduled_job||rfau6l5hgd)
2025-09-28 10:44:08,959 Successfully completed frappe.utils.background_jobs.execute_job(event=None, is_async=True, job_name='frappe.core.doctype.scheduled_job_type.scheduled_job_type.run_scheduled_jo..., kwargs={'job_type': 'frappe.email.queue.flush', 'scheduled_job_type': 'rfau6l5hgd'..., method='frappe.core.doctype.scheduled_job_type.scheduled_job_type.run_scheduled_jo..., site='education.localhost', user='Administrator') job in 0:00:01.760942s on worker 509d537860474bb2a312a7fc0ee82f39
2025-09-28 10:44:08,960 Users-user-Documents-resturantOS-frappe-bench:default: Job OK (education.localhost||scheduled_job||rfau6l5hgd)
2025-09-28 10:44:08,960 Result is kept for 600 seconds
2025-09-28 10:44:08,974 Users-user-Documents-resturantOS-frappe-bench:default: frappe.utils.background_jobs.execute_job(event=None, is_async=True, job_name='frappe.core.doctype.scheduled_job_type.scheduled_job_type.run_scheduled_jo..., kwargs={'job_type': 'frappe.email.queue.retry_sending_emails', 'scheduled_job_type..., method='frappe.core.doctype.scheduled_job_type.scheduled_job_type.run_scheduled_jo..., site='education.localhost', user='Administrator') (education.localhost||scheduled_job||rfa4ssl812)
2025-09-28 10:44:10,085 Successfully completed frappe.utils.background_jobs.execute_job(event=None, is_async=True, job_name='frappe.core.doctype.scheduled_job_type.scheduled_job_type.run_scheduled_jo..., kwargs={'job_type': 'frappe.email.queue.retry_sending_emails', 'scheduled_job_type..., method='frappe.core.doctype.scheduled_job_type.scheduled_job_type.run_scheduled_jo..., site='education.localhost', user='Administrator') job in 0:00:01.092761s on worker 509d537860474bb2a312a7fc0ee82f39
2025-09-28 10:44:10,085 Users-user-Documents-resturantOS-frappe-bench:default: Job OK (education.localhost||scheduled_job||rfa4ssl812)
2025-09-28 10:44:10,086 Result is kept for 600 seconds
2025-09-28 10:44:10,101 Users-user-Documents-resturantOS-frappe-bench:default: frappe.utils.background_jobs.execute_job(event=None, is_async=True, job_name='frappe.core.doctype.scheduled_job_type.scheduled_job_type.run_scheduled_jo..., kwargs={'job_type': 'frappe.integrations.doctype.google_calendar.google_calendar.s..., method='frappe.core.doctype.scheduled_job_type.scheduled_job_type.run_scheduled_jo..., site='education.localhost', user='Administrator') (education.localhost||scheduled_job||rfadu7l5ur)
2025-09-28 10:44:11,592 Successfully completed frappe.utils.background_jobs.execute_job(event=None, is_async=True, job_name='frappe.core.doctype.scheduled_job_type.scheduled_job_type.run_scheduled_jo..., kwargs={'job_type': 'frappe.integrations.doctype.google_calendar.google_calendar.s..., method='frappe.core.doctype.scheduled_job_type.scheduled_job_type.run_scheduled_jo..., site='education.localhost', user='Administrator') job in 0:00:01.464688s on worker 509d537860474bb2a312a7fc0ee82f39
2025-09-28 10:44:11,596 Users-user-Documents-resturantOS-frappe-bench:default: Job OK (education.localhost||scheduled_job||rfadu7l5ur)
2025-09-28 10:44:11,596 Result is kept for 600 seconds
2025-09-28 10:44:11,625 Users-user-Documents-resturantOS-frappe-bench:default: frappe.utils.background_jobs.execute_job(event=None, is_async=True, job_name='frappe.core.doctype.scheduled_job_type.scheduled_job_type.run_scheduled_jo..., kwargs={'job_type': 'frappe.monitor.flush', 'scheduled_job_type': 'rfabac2214'}, method='frappe.core.doctype.scheduled_job_type.scheduled_job_type.run_scheduled_jo..., site='education.localhost', user='Administrator') (education.localhost||scheduled_job||rfabac2214)
2025-09-28 10:44:12,836 Successfully completed frappe.utils.background_jobs.execute_job(event=None, is_async=True, job_name='frappe.core.doctype.scheduled_job_type.scheduled_job_type.run_scheduled_jo..., kwargs={'job_type': 'frappe.monitor.flush', 'scheduled_job_type': 'rfabac2214'}, method='frappe.core.doctype.scheduled_job_type.scheduled_job_type.run_scheduled_jo..., site='education.localhost', user='Administrator') job in 0:00:01.194055s on worker 509d537860474bb2a312a7fc0ee82f39
2025-09-28 10:44:12,837 Users-user-Documents-resturantOS-frappe-bench:default: Job OK (education.localhost||scheduled_job||rfabac2214)
2025-09-28 10:44:12,838 Result is kept for 600 seconds
2025-09-28 10:44:12,850 Users-user-Documents-resturantOS-frappe-bench:default: frappe.utils.background_jobs.execute_job(event=None, is_async=True, job_name='frappe.core.doctype.scheduled_job_type.scheduled_job_type.run_scheduled_jo..., kwargs={'job_type': 'frappe.monitor.flush', 'scheduled_job_type': 't89s0d7svi'}, method='frappe.core.doctype.scheduled_job_type.scheduled_job_type.run_scheduled_jo..., site='resturant.localhost', user='Administrator') (resturant.localhost||scheduled_job||t89s0d7svi)
2025-09-28 10:44:13,883 Successfully completed frappe.utils.background_jobs.execute_job(event=None, is_async=True, job_name='frappe.core.doctype.scheduled_job_type.scheduled_job_type.run_scheduled_jo..., kwargs={'job_type': 'frappe.monitor.flush', 'scheduled_job_type': 't89s0d7svi'}, method='frappe.core.doctype.scheduled_job_type.scheduled_job_type.run_scheduled_jo..., site='resturant.localhost', user='Administrator') job in 0:00:01.013075s on worker 509d537860474bb2a312a7fc0ee82f39
2025-09-28 10:44:13,884 Users-user-Documents-resturantOS-frappe-bench:default: Job OK (resturant.localhost||scheduled_job||t89s0d7svi)
2025-09-28 10:44:13,884 Result is kept for 600 seconds
2025-09-28 10:44:13,900 Users-user-Documents-resturantOS-frappe-bench:default: frappe.utils.background_jobs.execute_job(event=None, is_async=True, job_name='frappe.core.doctype.scheduled_job_type.scheduled_job_type.run_scheduled_jo..., kwargs={'job_type': 'frappe.email.queue.flush', 'scheduled_job_type': 't89cjdiai5'..., method='frappe.core.doctype.scheduled_job_type.scheduled_job_type.run_scheduled_jo..., site='resturant.localhost', user='Administrator') (resturant.localhost||scheduled_job||t89cjdiai5)
2025-09-28 10:44:14,998 Successfully completed frappe.utils.background_jobs.execute_job(event=None, is_async=True, job_name='frappe.core.doctype.scheduled_job_type.scheduled_job_type.run_scheduled_jo..., kwargs={'job_type': 'frappe.email.queue.flush', 'scheduled_job_type': 't89cjdiai5'..., method='frappe.core.doctype.scheduled_job_type.scheduled_job_type.run_scheduled_jo..., site='resturant.localhost', user='Administrator') job in 0:00:01.080358s on worker 509d537860474bb2a312a7fc0ee82f39
2025-09-28 10:44:14,998 Users-user-Documents-resturantOS-frappe-bench:default: Job OK (resturant.localhost||scheduled_job||t89cjdiai5)
2025-09-28 10:44:14,999 Result is kept for 600 seconds
2025-09-28 10:44:15,013 Users-user-Documents-resturantOS-frappe-bench:default: frappe.utils.background_jobs.execute_job(event=None, is_async=True, job_name='frappe.core.doctype.scheduled_job_type.scheduled_job_type.run_scheduled_jo..., kwargs={'job_type': 'frappe.email.queue.retry_sending_emails', 'scheduled_job_type..., method='frappe.core.doctype.scheduled_job_type.scheduled_job_type.run_scheduled_jo..., site='resturant.localhost', user='Administrator') (resturant.localhost||scheduled_job||t898d96467)
2025-09-28 10:44:15,935 Successfully completed frappe.utils.background_jobs.execute_job(event=None, is_async=True, job_name='frappe.core.doctype.scheduled_job_type.scheduled_job_type.run_scheduled_jo..., kwargs={'job_type': 'frappe.email.queue.retry_sending_emails', 'scheduled_job_type..., method='frappe.core.doctype.scheduled_job_type.scheduled_job_type.run_scheduled_jo..., site='resturant.localhost', user='Administrator') job in 0:00:00.906555s on worker 509d537860474bb2a312a7fc0ee82f39
2025-09-28 10:44:15,935 Users-user-Documents-resturantOS-frappe-bench:default: Job OK (resturant.localhost||scheduled_job||t898d96467)
2025-09-28 10:44:15,936 Result is kept for 600 seconds
2025-09-28 10:44:15,947 Users-user-Documents-resturantOS-frappe-bench:default: frappe.utils.background_jobs.execute_job(event=None, is_async=True, job_name='frappe.core.doctype.scheduled_job_type.scheduled_job_type.run_scheduled_jo..., kwargs={'job_type': 'frappe.integrations.doctype.google_calendar.google_calendar.s..., method='frappe.core.doctype.scheduled_job_type.scheduled_job_type.run_scheduled_jo..., site='resturant.localhost', user='Administrator') (resturant.localhost||scheduled_job||t89didi78e)
2025-09-28 10:44:16,913 Successfully completed frappe.utils.background_jobs.execute_job(event=None, is_async=True, job_name='frappe.core.doctype.scheduled_job_type.scheduled_job_type.run_scheduled_jo..., kwargs={'job_type': 'frappe.integrations.doctype.google_calendar.google_calendar.s..., method='frappe.core.doctype.scheduled_job_type.scheduled_job_type.run_scheduled_jo..., site='resturant.localhost', user='Administrator') job in 0:00:00.951944s on worker 509d537860474bb2a312a7fc0ee82f39
2025-09-28 10:44:16,914 Users-user-Documents-resturantOS-frappe-bench:default: Job OK (resturant.localhost||scheduled_job||t89didi78e)
2025-09-28 10:44:16,914 Result is kept for 600 seconds
2025-09-28 10:44:16,926 Users-user-Documents-resturantOS-frappe-bench:default: frappe.utils.background_jobs.execute_job(event=None, is_async=True, job_name='frappe.core.doctype.scheduled_job_type.scheduled_job_type.run_scheduled_jo..., kwargs={'job_type': 'frappe.email.queue.retry_sending_emails', 'scheduled_job_type..., method='frappe.core.doctype.scheduled_job_type.scheduled_job_type.run_scheduled_jo..., site='hrms.localhost', user='Administrator') (hrms.localhost||scheduled_job||moa8b2rj9v)
2025-09-28 10:44:18,073 Successfully completed frappe.utils.background_jobs.execute_job(event=None, is_async=True, job_name='frappe.core.doctype.scheduled_job_type.scheduled_job_type.run_scheduled_jo..., kwargs={'job_type': 'frappe.email.queue.retry_sending_emails', 'scheduled_job_type..., method='frappe.core.doctype.scheduled_job_type.scheduled_job_type.run_scheduled_jo..., site='hrms.localhost', user='Administrator') job in 0:00:01.130929s on worker 509d537860474bb2a312a7fc0ee82f39
2025-09-28 10:44:18,074 Users-user-Documents-resturantOS-frappe-bench:default: Job OK (hrms.localhost||scheduled_job||moa8b2rj9v)
2025-09-28 10:44:18,075 Result is kept for 600 seconds
2025-09-28 10:44:18,092 Users-user-Documents-resturantOS-frappe-bench:default: frappe.utils.background_jobs.execute_job(event=None, is_async=True, job_name='frappe.core.doctype.scheduled_job_type.scheduled_job_type.run_scheduled_jo..., kwargs={'job_type': 'frappe.integrations.doctype.google_calendar.google_calendar.s..., method='frappe.core.doctype.scheduled_job_type.scheduled_job_type.run_scheduled_jo..., site='hrms.localhost', user='Administrator') (hrms.localhost||scheduled_job||moaj5vmroq)
2025-09-28 10:44:19,159 Successfully completed frappe.utils.background_jobs.execute_job(event=None, is_async=True, job_name='frappe.core.doctype.scheduled_job_type.scheduled_job_type.run_scheduled_jo..., kwargs={'job_type': 'frappe.integrations.doctype.google_calendar.google_calendar.s..., method='frappe.core.doctype.scheduled_job_type.scheduled_job_type.run_scheduled_jo..., site='hrms.localhost', user='Administrator') job in 0:00:01.046816s on worker 509d537860474bb2a312a7fc0ee82f39
2025-09-28 10:44:19,160 Users-user-Documents-resturantOS-frappe-bench:default: Job OK (hrms.localhost||scheduled_job||moaj5vmroq)
2025-09-28 10:44:19,161 Result is kept for 600 seconds
2025-09-28 10:44:19,175 Users-user-Documents-resturantOS-frappe-bench:default: frappe.utils.background_jobs.execute_job(event=None, is_async=True, job_name='frappe.core.doctype.scheduled_job_type.scheduled_job_type.run_scheduled_jo..., kwargs={'job_type': 'hrms.hr.doctype.interview.interview.send_interview_reminder',..., method='frappe.core.doctype.scheduled_job_type.scheduled_job_type.run_scheduled_jo..., site='hrms.localhost', user='Administrator') (hrms.localhost||scheduled_job||p395mfeqpe)
2025-09-28 10:44:20,425 Successfully completed frappe.utils.background_jobs.execute_job(event=None, is_async=True, job_name='frappe.core.doctype.scheduled_job_type.scheduled_job_type.run_scheduled_jo..., kwargs={'job_type': 'hrms.hr.doctype.interview.interview.send_interview_reminder',..., method='frappe.core.doctype.scheduled_job_type.scheduled_job_type.run_scheduled_jo..., site='hrms.localhost', user='Administrator') job in 0:00:01.236220s on worker 509d537860474bb2a312a7fc0ee82f39
2025-09-28 10:44:20,426 Users-user-Documents-resturantOS-frappe-bench:default: Job OK (hrms.localhost||scheduled_job||p395mfeqpe)
2025-09-28 10:44:20,426 Result is kept for 600 seconds
2025-09-28 10:44:20,437 Users-user-Documents-resturantOS-frappe-bench:default: frappe.utils.background_jobs.execute_job(event=None, is_async=True, job_name='frappe.core.doctype.scheduled_job_type.scheduled_job_type.run_scheduled_jo..., kwargs={'job_type': 'frappe.monitor.flush', 'scheduled_job_type': 'moa4nr1fii'}, method='frappe.core.doctype.scheduled_job_type.scheduled_job_type.run_scheduled_jo..., site='hrms.localhost', user='Administrator') (hrms.localhost||scheduled_job||moa4nr1fii)
2025-09-28 10:44:21,278 Successfully completed frappe.utils.background_jobs.execute_job(event=None, is_async=True, job_name='frappe.core.doctype.scheduled_job_type.scheduled_job_type.run_scheduled_jo..., kwargs={'job_type': 'frappe.monitor.flush', 'scheduled_job_type': 'moa4nr1fii'}, method='frappe.core.doctype.scheduled_job_type.scheduled_job_type.run_scheduled_jo..., site='hrms.localhost', user='Administrator') job in 0:00:00.823116s on worker 509d537860474bb2a312a7fc0ee82f39
2025-09-28 10:44:21,279 Users-user-Documents-resturantOS-frappe-bench:default: Job OK (hrms.localhost||scheduled_job||moa4nr1fii)
2025-09-28 10:44:21,279 Result is kept for 600 seconds
2025-09-28 10:44:21,290 Users-user-Documents-resturantOS-frappe-bench:default: frappe.utils.background_jobs.execute_job(event=None, is_async=True, job_name='frappe.core.doctype.scheduled_job_type.scheduled_job_type.run_scheduled_jo..., kwargs={'job_type': 'frappe.email.queue.flush', 'scheduled_job_type': 'moarrskqpm'..., method='frappe.core.doctype.scheduled_job_type.scheduled_job_type.run_scheduled_jo..., site='hrms.localhost', user='Administrator') (hrms.localhost||scheduled_job||moarrskqpm)
2025-09-28 10:44:22,183 Successfully completed frappe.utils.background_jobs.execute_job(event=None, is_async=True, job_name='frappe.core.doctype.scheduled_job_type.scheduled_job_type.run_scheduled_jo..., kwargs={'job_type': 'frappe.email.queue.flush', 'scheduled_job_type': 'moarrskqpm'..., method='frappe.core.doctype.scheduled_job_type.scheduled_job_type.run_scheduled_jo..., site='hrms.localhost', user='Administrator') job in 0:00:00.878220s on worker 509d537860474bb2a312a7fc0ee82f39
2025-09-28 10:44:22,184 Users-user-Documents-resturantOS-frappe-bench:default: Job OK (hrms.localhost||scheduled_job||moarrskqpm)
2025-09-28 10:44:22,184 Result is kept for 600 seconds
2025-09-28 10:48:00,333 Users-user-Documents-resturantOS-frappe-bench:default: frappe.utils.background_jobs.execute_job(event=None, is_async=True, job_name='frappe.core.doctype.scheduled_job_type.scheduled_job_type.run_scheduled_jo..., kwargs={'job_type': 'frappe.model.utils.link_count.update_link_count', 'scheduled_..., method='frappe.core.doctype.scheduled_job_type.scheduled_job_type.run_scheduled_jo..., site='resturant.localhost', user='Administrator') (resturant.localhost||scheduled_job||t89vc95mc3)
2025-09-28 10:48:01,233 Successfully completed frappe.utils.background_jobs.execute_job(event=None, is_async=True, job_name='frappe.core.doctype.scheduled_job_type.scheduled_job_type.run_scheduled_jo..., kwargs={'job_type': 'frappe.model.utils.link_count.update_link_count', 'scheduled_..., method='frappe.core.doctype.scheduled_job_type.scheduled_job_type.run_scheduled_jo..., site='resturant.localhost', user='Administrator') job in 0:00:00.884388s on worker 509d537860474bb2a312a7fc0ee82f39
2025-09-28 10:48:01,234 Users-user-Documents-resturantOS-frappe-bench:default: Job OK (resturant.localhost||scheduled_job||t89vc95mc3)
2025-09-28 10:48:01,234 Result is kept for 600 seconds
2025-09-28 10:48:01,246 Users-user-Documents-resturantOS-frappe-bench:default: frappe.utils.background_jobs.execute_job(event=None, is_async=True, job_name='frappe.core.doctype.scheduled_job_type.scheduled_job_type.run_scheduled_jo..., kwargs={'job_type': 'frappe.email.doctype.notification.notification.trigger_offset..., method='frappe.core.doctype.scheduled_job_type.scheduled_job_type.run_scheduled_jo..., site='resturant.localhost', user='Administrator') (resturant.localhost||scheduled_job||t892j3i7ae)
2025-09-28 10:48:02,017 Successfully completed frappe.utils.background_jobs.execute_job(event=None, is_async=True, job_name='frappe.core.doctype.scheduled_job_type.scheduled_job_type.run_scheduled_jo..., kwargs={'job_type': 'frappe.email.doctype.notification.notification.trigger_offset..., method='frappe.core.doctype.scheduled_job_type.scheduled_job_type.run_scheduled_jo..., site='resturant.localhost', user='Administrator') job in 0:00:00.757506s on worker 509d537860474bb2a312a7fc0ee82f39
2025-09-28 10:48:02,018 Users-user-Documents-resturantOS-frappe-bench:default: Job OK (resturant.localhost||scheduled_job||t892j3i7ae)
2025-09-28 10:48:02,018 Result is kept for 600 seconds
2025-09-28 10:48:02,029 Users-user-Documents-resturantOS-frappe-bench:default: frappe.utils.background_jobs.execute_job(event=None, is_async=True, job_name='frappe.core.doctype.scheduled_job_type.scheduled_job_type.run_scheduled_jo..., kwargs={'job_type': 'frappe.integrations.doctype.google_calendar.google_calendar.s..., method='frappe.core.doctype.scheduled_job_type.scheduled_job_type.run_scheduled_jo..., site='resturant.localhost', user='Administrator') (resturant.localhost||scheduled_job||t89didi78e)
2025-09-28 10:48:03,129 Successfully completed frappe.utils.background_jobs.execute_job(event=None, is_async=True, job_name='frappe.core.doctype.scheduled_job_type.scheduled_job_type.run_scheduled_jo..., kwargs={'job_type': 'frappe.integrations.doctype.google_calendar.google_calendar.s..., method='frappe.core.doctype.scheduled_job_type.scheduled_job_type.run_scheduled_jo..., site='resturant.localhost', user='Administrator') job in 0:00:01.086211s on worker 509d537860474bb2a312a7fc0ee82f39
2025-09-28 10:48:03,130 Users-user-Documents-resturantOS-frappe-bench:default: Job OK (resturant.localhost||scheduled_job||t89didi78e)
2025-09-28 10:48:03,130 Result is kept for 600 seconds
2025-09-28 10:48:03,143 Users-user-Documents-resturantOS-frappe-bench:default: frappe.utils.background_jobs.execute_job(event=None, is_async=True, job_name='frappe.core.doctype.scheduled_job_type.scheduled_job_type.run_scheduled_jo..., kwargs={'job_type': 'frappe.email.queue.retry_sending_emails', 'scheduled_job_type..., method='frappe.core.doctype.scheduled_job_type.scheduled_job_type.run_scheduled_jo..., site='resturant.localhost', user='Administrator') (resturant.localhost||scheduled_job||t898d96467)
2025-09-28 10:48:03,940 Successfully completed frappe.utils.background_jobs.execute_job(event=None, is_async=True, job_name='frappe.core.doctype.scheduled_job_type.scheduled_job_type.run_scheduled_jo..., kwargs={'job_type': 'frappe.email.queue.retry_sending_emails', 'scheduled_job_type..., method='frappe.core.doctype.scheduled_job_type.scheduled_job_type.run_scheduled_jo..., site='resturant.localhost', user='Administrator') job in 0:00:00.783035s on worker 509d537860474bb2a312a7fc0ee82f39
2025-09-28 10:48:03,940 Users-user-Documents-resturantOS-frappe-bench:default: Job OK (resturant.localhost||scheduled_job||t898d96467)
2025-09-28 10:48:03,941 Result is kept for 600 seconds
2025-09-28 10:48:03,954 Users-user-Documents-resturantOS-frappe-bench:default: frappe.utils.background_jobs.execute_job(event=None, is_async=True, job_name='frappe.core.doctype.scheduled_job_type.scheduled_job_type.run_scheduled_jo..., kwargs={'job_type': 'frappe.email.queue.flush', 'scheduled_job_type': 't89cjdiai5'..., method='frappe.core.doctype.scheduled_job_type.scheduled_job_type.run_scheduled_jo..., site='resturant.localhost', user='Administrator') (resturant.localhost||scheduled_job||t89cjdiai5)
2025-09-28 10:48:04,777 Successfully completed frappe.utils.background_jobs.execute_job(event=None, is_async=True, job_name='frappe.core.doctype.scheduled_job_type.scheduled_job_type.run_scheduled_jo..., kwargs={'job_type': 'frappe.email.queue.flush', 'scheduled_job_type': 't89cjdiai5'..., method='frappe.core.doctype.scheduled_job_type.scheduled_job_type.run_scheduled_jo..., site='resturant.localhost', user='Administrator') job in 0:00:00.807742s on worker 509d537860474bb2a312a7fc0ee82f39
2025-09-28 10:48:04,778 Users-user-Documents-resturantOS-frappe-bench:default: Job OK (resturant.localhost||scheduled_job||t89cjdiai5)
2025-09-28 10:48:04,778 Result is kept for 600 seconds
2025-09-28 10:48:04,789 Users-user-Documents-resturantOS-frappe-bench:default: frappe.utils.background_jobs.execute_job(event=None, is_async=True, job_name='frappe.core.doctype.scheduled_job_type.scheduled_job_type.run_scheduled_jo..., kwargs={'job_type': 'frappe.automation.doctype.reminder.reminder.send_reminders', ..., method='frappe.core.doctype.scheduled_job_type.scheduled_job_type.run_scheduled_jo..., site='resturant.localhost', user='Administrator') (resturant.localhost||scheduled_job||t89nlhnofd)
2025-09-28 10:48:05,767 Successfully completed frappe.utils.background_jobs.execute_job(event=None, is_async=True, job_name='frappe.core.doctype.scheduled_job_type.scheduled_job_type.run_scheduled_jo..., kwargs={'job_type': 'frappe.automation.doctype.reminder.reminder.send_reminders', ..., method='frappe.core.doctype.scheduled_job_type.scheduled_job_type.run_scheduled_jo..., site='resturant.localhost', user='Administrator') job in 0:00:00.961649s on worker 509d537860474bb2a312a7fc0ee82f39
2025-09-28 10:48:05,768 Users-user-Documents-resturantOS-frappe-bench:default: Job OK (resturant.localhost||scheduled_job||t89nlhnofd)
2025-09-28 10:48:05,769 Result is kept for 600 seconds
2025-09-28 10:48:05,787 Users-user-Documents-resturantOS-frappe-bench:default: frappe.utils.background_jobs.execute_job(event=None, is_async=True, job_name='frappe.core.doctype.scheduled_job_type.scheduled_job_type.run_scheduled_jo..., kwargs={'job_type': 'frappe.pulse.client.send_queued_events', 'scheduled_job_type'..., method='frappe.core.doctype.scheduled_job_type.scheduled_job_type.run_scheduled_jo..., site='resturant.localhost', user='Administrator') (resturant.localhost||scheduled_job||t89m5nii7s)
2025-09-28 10:48:06,695 Successfully completed frappe.utils.background_jobs.execute_job(event=None, is_async=True, job_name='frappe.core.doctype.scheduled_job_type.scheduled_job_type.run_scheduled_jo..., kwargs={'job_type': 'frappe.pulse.client.send_queued_events', 'scheduled_job_type'..., method='frappe.core.doctype.scheduled_job_type.scheduled_job_type.run_scheduled_jo..., site='resturant.localhost', user='Administrator') job in 0:00:00.891079s on worker 509d537860474bb2a312a7fc0ee82f39
2025-09-28 10:48:06,695 Users-user-Documents-resturantOS-frappe-bench:default: Job OK (resturant.localhost||scheduled_job||t89m5nii7s)
2025-09-28 10:48:06,696 Result is kept for 600 seconds
2025-09-28 10:48:06,709 Users-user-Documents-resturantOS-frappe-bench:default: frappe.utils.background_jobs.execute_job(event=None, is_async=True, job_name='frappe.core.doctype.scheduled_job_type.scheduled_job_type.run_scheduled_jo..., kwargs={'job_type': 'frappe.monitor.flush', 'scheduled_job_type': 't89s0d7svi'}, method='frappe.core.doctype.scheduled_job_type.scheduled_job_type.run_scheduled_jo..., site='resturant.localhost', user='Administrator') (resturant.localhost||scheduled_job||t89s0d7svi)
2025-09-28 10:48:07,497 Successfully completed frappe.utils.background_jobs.execute_job(event=None, is_async=True, job_name='frappe.core.doctype.scheduled_job_type.scheduled_job_type.run_scheduled_jo..., kwargs={'job_type': 'frappe.monitor.flush', 'scheduled_job_type': 't89s0d7svi'}, method='frappe.core.doctype.scheduled_job_type.scheduled_job_type.run_scheduled_jo..., site='resturant.localhost', user='Administrator') job in 0:00:00.773651s on worker 509d537860474bb2a312a7fc0ee82f39
2025-09-28 10:48:07,498 Users-user-Documents-resturantOS-frappe-bench:default: Job OK (resturant.localhost||scheduled_job||t89s0d7svi)
2025-09-28 10:48:07,498 Result is kept for 600 seconds
2025-09-28 10:48:07,512 Users-user-Documents-resturantOS-frappe-bench:default: frappe.utils.background_jobs.execute_job(event=None, is_async=True, job_name='frappe.core.doctype.scheduled_job_type.scheduled_job_type.run_scheduled_jo..., kwargs={'job_type': 'frappe.utils.global_search.sync_global_search', 'scheduled_jo..., method='frappe.core.doctype.scheduled_job_type.scheduled_job_type.run_scheduled_jo..., site='resturant.localhost', user='Administrator') (resturant.localhost||scheduled_job||t892q6fb7n)
2025-09-28 10:48:08,252 Successfully completed frappe.utils.background_jobs.execute_job(event=None, is_async=True, job_name='frappe.core.doctype.scheduled_job_type.scheduled_job_type.run_scheduled_jo..., kwargs={'job_type': 'frappe.utils.global_search.sync_global_search', 'scheduled_jo..., method='frappe.core.doctype.scheduled_job_type.scheduled_job_type.run_scheduled_jo..., site='resturant.localhost', user='Administrator') job in 0:00:00.724930s on worker 509d537860474bb2a312a7fc0ee82f39
2025-09-28 10:48:08,252 Users-user-Documents-resturantOS-frappe-bench:default: Job OK (resturant.localhost||scheduled_job||t892q6fb7n)
2025-09-28 10:48:08,253 Result is kept for 600 seconds
2025-09-28 10:48:08,265 Users-user-Documents-resturantOS-frappe-bench:default: frappe.utils.background_jobs.execute_job(event=None, is_async=True, job_name='frappe.core.doctype.scheduled_job_type.scheduled_job_type.run_scheduled_jo..., kwargs={'job_type': 'frappe.deferred_insert.save_to_db', 'scheduled_job_type': 't8..., method='frappe.core.doctype.scheduled_job_type.scheduled_job_type.run_scheduled_jo..., site='resturant.localhost', user='Administrator') (resturant.localhost||scheduled_job||t89c87mqp1)
2025-09-28 10:48:09,022 Successfully completed frappe.utils.background_jobs.execute_job(event=None, is_async=True, job_name='frappe.core.doctype.scheduled_job_type.scheduled_job_type.run_scheduled_jo..., kwargs={'job_type': 'frappe.deferred_insert.save_to_db', 'scheduled_job_type': 't8..., method='frappe.core.doctype.scheduled_job_type.scheduled_job_type.run_scheduled_jo..., site='resturant.localhost', user='Administrator') job in 0:00:00.742887s on worker 509d537860474bb2a312a7fc0ee82f39
2025-09-28 10:48:09,022 Users-user-Documents-resturantOS-frappe-bench:default: Job OK (resturant.localhost||scheduled_job||t89c87mqp1)
2025-09-28 10:48:09,023 Result is kept for 600 seconds
2025-09-28 10:48:09,035 Users-user-Documents-resturantOS-frappe-bench:default: frappe.utils.background_jobs.execute_job(event=None, is_async=True, job_name='frappe.core.doctype.scheduled_job_type.scheduled_job_type.run_scheduled_jo..., kwargs={'job_type': 'frappe.email.doctype.email_account.email_account.notify_unrep..., method='frappe.core.doctype.scheduled_job_type.scheduled_job_type.run_scheduled_jo..., site='resturant.localhost', user='Administrator') (resturant.localhost||scheduled_job||t899cq0gk7)
2025-09-28 10:48:09,829 Successfully completed frappe.utils.background_jobs.execute_job(event=None, is_async=True, job_name='frappe.core.doctype.scheduled_job_type.scheduled_job_type.run_scheduled_jo..., kwargs={'job_type': 'frappe.email.doctype.email_account.email_account.notify_unrep..., method='frappe.core.doctype.scheduled_job_type.scheduled_job_type.run_scheduled_jo..., site='resturant.localhost', user='Administrator') job in 0:00:00.780368s on worker 509d537860474bb2a312a7fc0ee82f39
2025-09-28 10:48:09,829 Users-user-Documents-resturantOS-frappe-bench:default: Job OK (resturant.localhost||scheduled_job||t899cq0gk7)
2025-09-28 10:48:09,830 Result is kept for 600 seconds
2025-09-28 10:48:09,843 Users-user-Documents-resturantOS-frappe-bench:default: frappe.utils.background_jobs.execute_job(event=None, is_async=True, job_name='frappe.core.doctype.scheduled_job_type.scheduled_job_type.run_scheduled_jo..., kwargs={'job_type': 'frappe.search.sqlite_search.build_index_if_not_exists', 'sche..., method='frappe.core.doctype.scheduled_job_type.scheduled_job_type.run_scheduled_jo..., site='resturant.localhost', user='Administrator') (resturant.localhost||scheduled_job||t89man012t)
2025-09-28 10:48:10,739 Successfully completed frappe.utils.background_jobs.execute_job(event=None, is_async=True, job_name='frappe.core.doctype.scheduled_job_type.scheduled_job_type.run_scheduled_jo..., kwargs={'job_type': 'frappe.search.sqlite_search.build_index_if_not_exists', 'sche..., method='frappe.core.doctype.scheduled_job_type.scheduled_job_type.run_scheduled_jo..., site='resturant.localhost', user='Administrator') job in 0:00:00.875438s on worker 509d537860474bb2a312a7fc0ee82f39
2025-09-28 10:48:10,739 Users-user-Documents-resturantOS-frappe-bench:default: Job OK (resturant.localhost||scheduled_job||t89man012t)
2025-09-28 10:48:10,739 Result is kept for 600 seconds
2025-09-28 10:48:10,751 Users-user-Documents-resturantOS-frappe-bench:default: frappe.utils.background_jobs.execute_job(event=None, is_async=True, job_name='frappe.core.doctype.scheduled_job_type.scheduled_job_type.run_scheduled_jo..., kwargs={'job_type': 'frappe.pulse.client.send_queued_events', 'scheduled_job_type'..., method='frappe.core.doctype.scheduled_job_type.scheduled_job_type.run_scheduled_jo..., site='education.localhost', user='Administrator') (education.localhost||scheduled_job||rfab1lgkhq)
2025-09-28 10:48:11,521 Successfully completed frappe.utils.background_jobs.execute_job(event=None, is_async=True, job_name='frappe.core.doctype.scheduled_job_type.scheduled_job_type.run_scheduled_jo..., kwargs={'job_type': 'frappe.pulse.client.send_queued_events', 'scheduled_job_type'..., method='frappe.core.doctype.scheduled_job_type.scheduled_job_type.run_scheduled_jo..., site='education.localhost', user='Administrator') job in 0:00:00.754155s on worker 509d537860474bb2a312a7fc0ee82f39
2025-09-28 10:48:11,521 Users-user-Documents-resturantOS-frappe-bench:default: Job OK (education.localhost||scheduled_job||rfab1lgkhq)
2025-09-28 10:48:11,522 Result is kept for 600 seconds
2025-09-28 10:48:11,534 Users-user-Documents-resturantOS-frappe-bench:default: frappe.utils.background_jobs.execute_job(event=None, is_async=True, job_name='frappe.core.doctype.scheduled_job_type.scheduled_job_type.run_scheduled_jo..., kwargs={'job_type': 'frappe.email.queue.flush', 'scheduled_job_type': 'rfau6l5hgd'..., method='frappe.core.doctype.scheduled_job_type.scheduled_job_type.run_scheduled_jo..., site='education.localhost', user='Administrator') (education.localhost||scheduled_job||rfau6l5hgd)
2025-09-28 10:48:12,296 Successfully completed frappe.utils.background_jobs.execute_job(event=None, is_async=True, job_name='frappe.core.doctype.scheduled_job_type.scheduled_job_type.run_scheduled_jo..., kwargs={'job_type': 'frappe.email.queue.flush', 'scheduled_job_type': 'rfau6l5hgd'..., method='frappe.core.doctype.scheduled_job_type.scheduled_job_type.run_scheduled_jo..., site='education.localhost', user='Administrator') job in 0:00:00.747331s on worker 509d537860474bb2a312a7fc0ee82f39
2025-09-28 10:48:12,296 Users-user-Documents-resturantOS-frappe-bench:default: Job OK (education.localhost||scheduled_job||rfau6l5hgd)
2025-09-28 10:48:12,297 Result is kept for 600 seconds
2025-09-28 10:48:12,307 Users-user-Documents-resturantOS-frappe-bench:default: frappe.utils.background_jobs.execute_job(event=None, is_async=True, job_name='frappe.core.doctype.scheduled_job_type.scheduled_job_type.run_scheduled_jo..., kwargs={'job_type': 'frappe.email.doctype.notification.notification.trigger_offset..., method='frappe.core.doctype.scheduled_job_type.scheduled_job_type.run_scheduled_jo..., site='education.localhost', user='Administrator') (education.localhost||scheduled_job||rfae444qht)
2025-09-28 10:48:13,065 Successfully completed frappe.utils.background_jobs.execute_job(event=None, is_async=True, job_name='frappe.core.doctype.scheduled_job_type.scheduled_job_type.run_scheduled_jo..., kwargs={'job_type': 'frappe.email.doctype.notification.notification.trigger_offset..., method='frappe.core.doctype.scheduled_job_type.scheduled_job_type.run_scheduled_jo..., site='education.localhost', user='Administrator') job in 0:00:00.742632s on worker 509d537860474bb2a312a7fc0ee82f39
2025-09-28 10:48:13,065 Users-user-Documents-resturantOS-frappe-bench:default: Job OK (education.localhost||scheduled_job||rfae444qht)
2025-09-28 10:48:13,066 Result is kept for 600 seconds
2025-09-28 10:48:13,077 Users-user-Documents-resturantOS-frappe-bench:default: frappe.utils.background_jobs.execute_job(event=None, is_async=True, job_name='frappe.core.doctype.scheduled_job_type.scheduled_job_type.run_scheduled_jo..., kwargs={'job_type': 'frappe.email.queue.retry_sending_emails', 'scheduled_job_type..., method='frappe.core.doctype.scheduled_job_type.scheduled_job_type.run_scheduled_jo..., site='education.localhost', user='Administrator') (education.localhost||scheduled_job||rfa4ssl812)
2025-09-28 10:48:13,897 Successfully completed frappe.utils.background_jobs.execute_job(event=None, is_async=True, job_name='frappe.core.doctype.scheduled_job_type.scheduled_job_type.run_scheduled_jo..., kwargs={'job_type': 'frappe.email.queue.retry_sending_emails', 'scheduled_job_type..., method='frappe.core.doctype.scheduled_job_type.scheduled_job_type.run_scheduled_jo..., site='education.localhost', user='Administrator') job in 0:00:00.806593s on worker 509d537860474bb2a312a7fc0ee82f39
2025-09-28 10:48:13,898 Users-user-Documents-resturantOS-frappe-bench:default: Job OK (education.localhost||scheduled_job||rfa4ssl812)
2025-09-28 10:48:13,898 Result is kept for 600 seconds
2025-09-28 10:48:13,910 Users-user-Documents-resturantOS-frappe-bench:default: frappe.utils.background_jobs.execute_job(event=None, is_async=True, job_name='frappe.core.doctype.scheduled_job_type.scheduled_job_type.run_scheduled_jo..., kwargs={'job_type': 'frappe.monitor.flush', 'scheduled_job_type': 'rfabac2214'}, method='frappe.core.doctype.scheduled_job_type.scheduled_job_type.run_scheduled_jo..., site='education.localhost', user='Administrator') (education.localhost||scheduled_job||rfabac2214)
2025-09-28 10:48:14,717 Successfully completed frappe.utils.background_jobs.execute_job(event=None, is_async=True, job_name='frappe.core.doctype.scheduled_job_type.scheduled_job_type.run_scheduled_jo..., kwargs={'job_type': 'frappe.monitor.flush', 'scheduled_job_type': 'rfabac2214'}, method='frappe.core.doctype.scheduled_job_type.scheduled_job_type.run_scheduled_jo..., site='education.localhost', user='Administrator') job in 0:00:00.792146s on worker 509d537860474bb2a312a7fc0ee82f39
2025-09-28 10:48:14,718 Users-user-Documents-resturantOS-frappe-bench:default: Job OK (education.localhost||scheduled_job||rfabac2214)
2025-09-28 10:48:14,718 Result is kept for 600 seconds
2025-09-28 10:48:14,729 Users-user-Documents-resturantOS-frappe-bench:default: frappe.utils.background_jobs.execute_job(event=None, is_async=True, job_name='frappe.core.doctype.scheduled_job_type.scheduled_job_type.run_scheduled_jo..., kwargs={'job_type': 'frappe.email.doctype.email_account.email_account.notify_unrep..., method='frappe.core.doctype.scheduled_job_type.scheduled_job_type.run_scheduled_jo..., site='education.localhost', user='Administrator') (education.localhost||scheduled_job||rfapacoffu)
2025-09-28 10:48:15,483 Successfully completed frappe.utils.background_jobs.execute_job(event=None, is_async=True, job_name='frappe.core.doctype.scheduled_job_type.scheduled_job_type.run_scheduled_jo..., kwargs={'job_type': 'frappe.email.doctype.email_account.email_account.notify_unrep..., method='frappe.core.doctype.scheduled_job_type.scheduled_job_type.run_scheduled_jo..., site='education.localhost', user='Administrator') job in 0:00:00.739646s on worker 509d537860474bb2a312a7fc0ee82f39
2025-09-28 10:48:15,484 Users-user-Documents-resturantOS-frappe-bench:default: Job OK (education.localhost||scheduled_job||rfapacoffu)
2025-09-28 10:48:15,484 Result is kept for 600 seconds
2025-09-28 10:48:15,495 Users-user-Documents-resturantOS-frappe-bench:default: frappe.utils.background_jobs.execute_job(event=None, is_async=True, job_name='frappe.core.doctype.scheduled_job_type.scheduled_job_type.run_scheduled_jo..., kwargs={'job_type': 'frappe.deferred_insert.save_to_db', 'scheduled_job_type': 'rf..., method='frappe.core.doctype.scheduled_job_type.scheduled_job_type.run_scheduled_jo..., site='education.localhost', user='Administrator') (education.localhost||scheduled_job||rfa34ecmg6)
2025-09-28 10:48:16,376 Successfully completed frappe.utils.background_jobs.execute_job(event=None, is_async=True, job_name='frappe.core.doctype.scheduled_job_type.scheduled_job_type.run_scheduled_jo..., kwargs={'job_type': 'frappe.deferred_insert.save_to_db', 'scheduled_job_type': 'rf..., method='frappe.core.doctype.scheduled_job_type.scheduled_job_type.run_scheduled_jo..., site='education.localhost', user='Administrator') job in 0:00:00.866692s on worker 509d537860474bb2a312a7fc0ee82f39
2025-09-28 10:48:16,377 Users-user-Documents-resturantOS-frappe-bench:default: Job OK (education.localhost||scheduled_job||rfa34ecmg6)
2025-09-28 10:48:16,377 Result is kept for 600 seconds
2025-09-28 10:48:16,389 Users-user-Documents-resturantOS-frappe-bench:default: frappe.utils.background_jobs.execute_job(event=None, is_async=True, job_name='frappe.core.doctype.scheduled_job_type.scheduled_job_type.run_scheduled_jo..., kwargs={'job_type': 'frappe.search.sqlite_search.build_index_if_not_exists', 'sche..., method='frappe.core.doctype.scheduled_job_type.scheduled_job_type.run_scheduled_jo..., site='education.localhost', user='Administrator') (education.localhost||scheduled_job||rfa1tu0mqt)
2025-09-28 10:48:17,154 Successfully completed frappe.utils.background_jobs.execute_job(event=None, is_async=True, job_name='frappe.core.doctype.scheduled_job_type.scheduled_job_type.run_scheduled_jo..., kwargs={'job_type': 'frappe.search.sqlite_search.build_index_if_not_exists', 'sche..., method='frappe.core.doctype.scheduled_job_type.scheduled_job_type.run_scheduled_jo..., site='education.localhost', user='Administrator') job in 0:00:00.750307s on worker 509d537860474bb2a312a7fc0ee82f39
2025-09-28 10:48:17,154 Users-user-Documents-resturantOS-frappe-bench:default: Job OK (education.localhost||scheduled_job||rfa1tu0mqt)
2025-09-28 10:48:17,154 Result is kept for 600 seconds
2025-09-28 10:48:17,166 Users-user-Documents-resturantOS-frappe-bench:default: frappe.utils.background_jobs.execute_job(event=None, is_async=True, job_name='frappe.core.doctype.scheduled_job_type.scheduled_job_type.run_scheduled_jo..., kwargs={'job_type': 'frappe.automation.doctype.reminder.reminder.send_reminders', ..., method='frappe.core.doctype.scheduled_job_type.scheduled_job_type.run_scheduled_jo..., site='education.localhost', user='Administrator') (education.localhost||scheduled_job||rfa9eb2i4i)
2025-09-28 10:48:17,945 Successfully completed frappe.utils.background_jobs.execute_job(event=None, is_async=True, job_name='frappe.core.doctype.scheduled_job_type.scheduled_job_type.run_scheduled_jo..., kwargs={'job_type': 'frappe.automation.doctype.reminder.reminder.send_reminders', ..., method='frappe.core.doctype.scheduled_job_type.scheduled_job_type.run_scheduled_jo..., site='education.localhost', user='Administrator') job in 0:00:00.765815s on worker 509d537860474bb2a312a7fc0ee82f39
2025-09-28 10:48:17,946 Users-user-Documents-resturantOS-frappe-bench:default: Job OK (education.localhost||scheduled_job||rfa9eb2i4i)
2025-09-28 10:48:17,946 Result is kept for 600 seconds
2025-09-28 10:48:17,957 Users-user-Documents-resturantOS-frappe-bench:default: frappe.utils.background_jobs.execute_job(event=None, is_async=True, job_name='frappe.core.doctype.scheduled_job_type.scheduled_job_type.run_scheduled_jo..., kwargs={'job_type': 'frappe.integrations.doctype.google_calendar.google_calendar.s..., method='frappe.core.doctype.scheduled_job_type.scheduled_job_type.run_scheduled_jo..., site='education.localhost', user='Administrator') (education.localhost||scheduled_job||rfadu7l5ur)
2025-09-28 10:48:18,801 Successfully completed frappe.utils.background_jobs.execute_job(event=None, is_async=True, job_name='frappe.core.doctype.scheduled_job_type.scheduled_job_type.run_scheduled_jo..., kwargs={'job_type': 'frappe.integrations.doctype.google_calendar.google_calendar.s..., method='frappe.core.doctype.scheduled_job_type.scheduled_job_type.run_scheduled_jo..., site='education.localhost', user='Administrator') job in 0:00:00.829232s on worker 509d537860474bb2a312a7fc0ee82f39
2025-09-28 10:48:18,801 Users-user-Documents-resturantOS-frappe-bench:default: Job OK (education.localhost||scheduled_job||rfadu7l5ur)
2025-09-28 10:48:18,802 Result is kept for 600 seconds
2025-09-28 10:48:18,816 Users-user-Documents-resturantOS-frappe-bench:default: frappe.utils.background_jobs.execute_job(event=None, is_async=True, job_name='frappe.core.doctype.scheduled_job_type.scheduled_job_type.run_scheduled_jo..., kwargs={'job_type': 'erpnext.manufacturing.doctype.bom_update_log.bom_update_log.r..., method='frappe.core.doctype.scheduled_job_type.scheduled_job_type.run_scheduled_jo..., site='education.localhost', user='Administrator') (education.localhost||scheduled_job||skvnic3m8o)
2025-09-28 10:48:19,629 Successfully completed frappe.utils.background_jobs.execute_job(event=None, is_async=True, job_name='frappe.core.doctype.scheduled_job_type.scheduled_job_type.run_scheduled_jo..., kwargs={'job_type': 'erpnext.manufacturing.doctype.bom_update_log.bom_update_log.r..., method='frappe.core.doctype.scheduled_job_type.scheduled_job_type.run_scheduled_jo..., site='education.localhost', user='Administrator') job in 0:00:00.796895s on worker 509d537860474bb2a312a7fc0ee82f39
2025-09-28 10:48:19,631 Users-user-Documents-resturantOS-frappe-bench:default: Job OK (education.localhost||scheduled_job||skvnic3m8o)
2025-09-28 10:48:19,631 Result is kept for 600 seconds
2025-09-28 10:48:19,642 Users-user-Documents-resturantOS-frappe-bench:default: frappe.utils.background_jobs.execute_job(event=None, is_async=True, job_name='frappe.core.doctype.scheduled_job_type.scheduled_job_type.run_scheduled_jo..., kwargs={'job_type': 'frappe.utils.global_search.sync_global_search', 'scheduled_jo..., method='frappe.core.doctype.scheduled_job_type.scheduled_job_type.run_scheduled_jo..., site='education.localhost', user='Administrator') (education.localhost||scheduled_job||rfatdqei4v)
2025-09-28 10:48:20,711 Successfully completed frappe.utils.background_jobs.execute_job(event=None, is_async=True, job_name='frappe.core.doctype.scheduled_job_type.scheduled_job_type.run_scheduled_jo..., kwargs={'job_type': 'frappe.utils.global_search.sync_global_search', 'scheduled_jo..., method='frappe.core.doctype.scheduled_job_type.scheduled_job_type.run_scheduled_jo..., site='education.localhost', user='Administrator') job in 0:00:01.053066s on worker 509d537860474bb2a312a7fc0ee82f39
2025-09-28 10:48:20,712 Users-user-Documents-resturantOS-frappe-bench:default: Job OK (education.localhost||scheduled_job||rfatdqei4v)
2025-09-28 10:48:20,712 Result is kept for 600 seconds
2025-09-28 10:48:20,723 Users-user-Documents-resturantOS-frappe-bench:default: frappe.utils.background_jobs.execute_job(event=None, is_async=True, job_name='frappe.core.doctype.scheduled_job_type.scheduled_job_type.run_scheduled_jo..., kwargs={'job_type': 'frappe.model.utils.link_count.update_link_count', 'scheduled_..., method='frappe.core.doctype.scheduled_job_type.scheduled_job_type.run_scheduled_jo..., site='education.localhost', user='Administrator') (education.localhost||scheduled_job||rfa3qh966d)
2025-09-28 10:48:21,743 Successfully completed frappe.utils.background_jobs.execute_job(event=None, is_async=True, job_name='frappe.core.doctype.scheduled_job_type.scheduled_job_type.run_scheduled_jo..., kwargs={'job_type': 'frappe.model.utils.link_count.update_link_count', 'scheduled_..., method='frappe.core.doctype.scheduled_job_type.scheduled_job_type.run_scheduled_jo..., site='education.localhost', user='Administrator') job in 0:00:01.005925s on worker 509d537860474bb2a312a7fc0ee82f39
2025-09-28 10:48:21,744 Users-user-Documents-resturantOS-frappe-bench:default: Job OK (education.localhost||scheduled_job||rfa3qh966d)
2025-09-28 10:48:21,745 Result is kept for 600 seconds
2025-09-28 10:48:21,756 Users-user-Documents-resturantOS-frappe-bench:default: frappe.utils.background_jobs.execute_job(event=None, is_async=True, job_name='frappe.core.doctype.scheduled_job_type.scheduled_job_type.run_scheduled_jo..., kwargs={'job_type': 'frappe.automation.doctype.reminder.reminder.send_reminders', ..., method='frappe.core.doctype.scheduled_job_type.scheduled_job_type.run_scheduled_jo..., site='erpnext.localhost', user='Administrator') (erpnext.localhost||scheduled_job||i3qqrd70l1)
2025-09-28 10:48:22,562 Successfully completed frappe.utils.background_jobs.execute_job(event=None, is_async=True, job_name='frappe.core.doctype.scheduled_job_type.scheduled_job_type.run_scheduled_jo..., kwargs={'job_type': 'frappe.automation.doctype.reminder.reminder.send_reminders', ..., method='frappe.core.doctype.scheduled_job_type.scheduled_job_type.run_scheduled_jo..., site='erpnext.localhost', user='Administrator') job in 0:00:00.791870s on worker 509d537860474bb2a312a7fc0ee82f39
2025-09-28 10:48:22,563 Users-user-Documents-resturantOS-frappe-bench:default: Job OK (erpnext.localhost||scheduled_job||i3qqrd70l1)
2025-09-28 10:48:22,563 Result is kept for 600 seconds
2025-09-28 10:48:22,576 Users-user-Documents-resturantOS-frappe-bench:default: frappe.utils.background_jobs.execute_job(event=None, is_async=True, job_name='frappe.core.doctype.scheduled_job_type.scheduled_job_type.run_scheduled_jo..., kwargs={'job_type': 'frappe.pulse.client.send_queued_events', 'scheduled_job_type'..., method='frappe.core.doctype.scheduled_job_type.scheduled_job_type.run_scheduled_jo..., site='erpnext.localhost', user='Administrator') (erpnext.localhost||scheduled_job||i3q6kfbc7n)
2025-09-28 10:48:23,367 Successfully completed frappe.utils.background_jobs.execute_job(event=None, is_async=True, job_name='frappe.core.doctype.scheduled_job_type.scheduled_job_type.run_scheduled_jo..., kwargs={'job_type': 'frappe.pulse.client.send_queued_events', 'scheduled_job_type'..., method='frappe.core.doctype.scheduled_job_type.scheduled_job_type.run_scheduled_jo..., site='erpnext.localhost', user='Administrator') job in 0:00:00.775286s on worker 509d537860474bb2a312a7fc0ee82f39
2025-09-28 10:48:23,368 Users-user-Documents-resturantOS-frappe-bench:default: Job OK (erpnext.localhost||scheduled_job||i3q6kfbc7n)
2025-09-28 10:48:23,368 Result is kept for 600 seconds
2025-09-28 10:48:23,379 Users-user-Documents-resturantOS-frappe-bench:default: frappe.utils.background_jobs.execute_job(event=None, is_async=True, job_name='frappe.core.doctype.scheduled_job_type.scheduled_job_type.run_scheduled_jo..., kwargs={'job_type': 'frappe.monitor.flush', 'scheduled_job_type': 'i3qnb8q0pg'}, method='frappe.core.doctype.scheduled_job_type.scheduled_job_type.run_scheduled_jo..., site='erpnext.localhost', user='Administrator') (erpnext.localhost||scheduled_job||i3qnb8q0pg)
2025-09-28 10:48:24,114 Successfully completed frappe.utils.background_jobs.execute_job(event=None, is_async=True, job_name='frappe.core.doctype.scheduled_job_type.scheduled_job_type.run_scheduled_jo..., kwargs={'job_type': 'frappe.monitor.flush', 'scheduled_job_type': 'i3qnb8q0pg'}, method='frappe.core.doctype.scheduled_job_type.scheduled_job_type.run_scheduled_jo..., site='erpnext.localhost', user='Administrator') job in 0:00:00.718116s on worker 509d537860474bb2a312a7fc0ee82f39
2025-09-28 10:48:24,115 Users-user-Documents-resturantOS-frappe-bench:default: Job OK (erpnext.localhost||scheduled_job||i3qnb8q0pg)
2025-09-28 10:48:24,115 Result is kept for 600 seconds
2025-09-28 10:48:24,126 Users-user-Documents-resturantOS-frappe-bench:default: frappe.utils.background_jobs.execute_job(event=None, is_async=True, job_name='frappe.core.doctype.scheduled_job_type.scheduled_job_type.run_scheduled_jo..., kwargs={'job_type': 'frappe.utils.global_search.sync_global_search', 'scheduled_jo..., method='frappe.core.doctype.scheduled_job_type.scheduled_job_type.run_scheduled_jo..., site='erpnext.localhost', user='Administrator') (erpnext.localhost||scheduled_job||i3q1j6aa33)
2025-09-28 10:48:24,873 Successfully completed frappe.utils.background_jobs.execute_job(event=None, is_async=True, job_name='frappe.core.doctype.scheduled_job_type.scheduled_job_type.run_scheduled_jo..., kwargs={'job_type': 'frappe.utils.global_search.sync_global_search', 'scheduled_jo..., method='frappe.core.doctype.scheduled_job_type.scheduled_job_type.run_scheduled_jo..., site='erpnext.localhost', user='Administrator') job in 0:00:00.732291s on worker 509d537860474bb2a312a7fc0ee82f39
2025-09-28 10:48:24,874 Users-user-Documents-resturantOS-frappe-bench:default: Job OK (erpnext.localhost||scheduled_job||i3q1j6aa33)
2025-09-28 10:48:24,874 Result is kept for 600 seconds
2025-09-28 10:48:24,886 Users-user-Documents-resturantOS-frappe-bench:default: frappe.utils.background_jobs.execute_job(event=None, is_async=True, job_name='frappe.core.doctype.scheduled_job_type.scheduled_job_type.run_scheduled_jo..., kwargs={'job_type': 'frappe.model.utils.link_count.update_link_count', 'scheduled_..., method='frappe.core.doctype.scheduled_job_type.scheduled_job_type.run_scheduled_jo..., site='erpnext.localhost', user='Administrator') (erpnext.localhost||scheduled_job||i3ql4qgjlp)
2025-09-28 10:48:25,619 Successfully completed frappe.utils.background_jobs.execute_job(event=None, is_async=True, job_name='frappe.core.doctype.scheduled_job_type.scheduled_job_type.run_scheduled_jo..., kwargs={'job_type': 'frappe.model.utils.link_count.update_link_count', 'scheduled_..., method='frappe.core.doctype.scheduled_job_type.scheduled_job_type.run_scheduled_jo..., site='erpnext.localhost', user='Administrator') job in 0:00:00.719885s on worker 509d537860474bb2a312a7fc0ee82f39
2025-09-28 10:48:25,620 Users-user-Documents-resturantOS-frappe-bench:default: Job OK (erpnext.localhost||scheduled_job||i3ql4qgjlp)
2025-09-28 10:48:25,620 Result is kept for 600 seconds
2025-09-28 10:48:25,633 Users-user-Documents-resturantOS-frappe-bench:default: frappe.utils.background_jobs.execute_job(event=None, is_async=True, job_name='frappe.core.doctype.scheduled_job_type.scheduled_job_type.run_scheduled_jo..., kwargs={'job_type': 'frappe.email.doctype.notification.notification.trigger_offset..., method='frappe.core.doctype.scheduled_job_type.scheduled_job_type.run_scheduled_jo..., site='erpnext.localhost', user='Administrator') (erpnext.localhost||scheduled_job||i3qenim3s4)
2025-09-28 10:48:26,346 Successfully completed frappe.utils.background_jobs.execute_job(event=None, is_async=True, job_name='frappe.core.doctype.scheduled_job_type.scheduled_job_type.run_scheduled_jo..., kwargs={'job_type': 'frappe.email.doctype.notification.notification.trigger_offset..., method='frappe.core.doctype.scheduled_job_type.scheduled_job_type.run_scheduled_jo..., site='erpnext.localhost', user='Administrator') job in 0:00:00.699503s on worker 509d537860474bb2a312a7fc0ee82f39
2025-09-28 10:48:26,347 Users-user-Documents-resturantOS-frappe-bench:default: Job OK (erpnext.localhost||scheduled_job||i3qenim3s4)
2025-09-28 10:48:26,347 Result is kept for 600 seconds
2025-09-28 10:48:26,359 Users-user-Documents-resturantOS-frappe-bench:default: frappe.utils.background_jobs.execute_job(event=None, is_async=True, job_name='frappe.core.doctype.scheduled_job_type.scheduled_job_type.run_scheduled_jo..., kwargs={'job_type': 'erpnext.manufacturing.doctype.bom_update_log.bom_update_log.r..., method='frappe.core.doctype.scheduled_job_type.scheduled_job_type.run_scheduled_jo..., site='erpnext.localhost', user='Administrator') (erpnext.localhost||scheduled_job||k0qn2f783c)
2025-09-28 10:48:27,166 Successfully completed frappe.utils.background_jobs.execute_job(event=None, is_async=True, job_name='frappe.core.doctype.scheduled_job_type.scheduled_job_type.run_scheduled_jo..., kwargs={'job_type': 'erpnext.manufacturing.doctype.bom_update_log.bom_update_log.r..., method='frappe.core.doctype.scheduled_job_type.scheduled_job_type.run_scheduled_jo..., site='erpnext.localhost', user='Administrator') job in 0:00:00.792433s on worker 509d537860474bb2a312a7fc0ee82f39
2025-09-28 10:48:27,167 Users-user-Documents-resturantOS-frappe-bench:default: Job OK (erpnext.localhost||scheduled_job||k0qn2f783c)
2025-09-28 10:48:27,167 Result is kept for 600 seconds
2025-09-28 10:48:27,177 Users-user-Documents-resturantOS-frappe-bench:default: frappe.utils.background_jobs.execute_job(event=None, is_async=True, job_name='frappe.core.doctype.scheduled_job_type.scheduled_job_type.run_scheduled_jo..., kwargs={'job_type': 'frappe.email.doctype.email_account.email_account.notify_unrep..., method='frappe.core.doctype.scheduled_job_type.scheduled_job_type.run_scheduled_jo..., site='erpnext.localhost', user='Administrator') (erpnext.localhost||scheduled_job||i3qkkem4ol)
2025-09-28 10:48:28,157 Successfully completed frappe.utils.background_jobs.execute_job(event=None, is_async=True, job_name='frappe.core.doctype.scheduled_job_type.scheduled_job_type.run_scheduled_jo..., kwargs={'job_type': 'frappe.email.doctype.email_account.email_account.notify_unrep..., method='frappe.core.doctype.scheduled_job_type.scheduled_job_type.run_scheduled_jo..., site='erpnext.localhost', user='Administrator') job in 0:00:00.963982s on worker 509d537860474bb2a312a7fc0ee82f39
2025-09-28 10:48:28,158 Users-user-Documents-resturantOS-frappe-bench:default: Job OK (erpnext.localhost||scheduled_job||i3qkkem4ol)
2025-09-28 10:48:28,158 Result is kept for 600 seconds
2025-09-28 10:48:28,177 Users-user-Documents-resturantOS-frappe-bench:default: frappe.utils.background_jobs.execute_job(event=None, is_async=True, job_name='frappe.core.doctype.scheduled_job_type.scheduled_job_type.run_scheduled_jo..., kwargs={'job_type': 'frappe.search.sqlite_search.build_index_if_not_exists', 'sche..., method='frappe.core.doctype.scheduled_job_type.scheduled_job_type.run_scheduled_jo..., site='erpnext.localhost', user='Administrator') (erpnext.localhost||scheduled_job||i3qaoemf8f)
2025-09-28 10:48:29,061 Successfully completed frappe.utils.background_jobs.execute_job(event=None, is_async=True, job_name='frappe.core.doctype.scheduled_job_type.scheduled_job_type.run_scheduled_jo..., kwargs={'job_type': 'frappe.search.sqlite_search.build_index_if_not_exists', 'sche..., method='frappe.core.doctype.scheduled_job_type.scheduled_job_type.run_scheduled_jo..., site='erpnext.localhost', user='Administrator') job in 0:00:00.868171s on worker 509d537860474bb2a312a7fc0ee82f39
2025-09-28 10:48:29,061 Users-user-Documents-resturantOS-frappe-bench:default: Job OK (erpnext.localhost||scheduled_job||i3qaoemf8f)
2025-09-28 10:48:29,062 Result is kept for 600 seconds
2025-09-28 10:48:29,077 Users-user-Documents-resturantOS-frappe-bench:default: frappe.utils.background_jobs.execute_job(event=None, is_async=True, job_name='frappe.core.doctype.scheduled_job_type.scheduled_job_type.run_scheduled_jo..., kwargs={'job_type': 'frappe.email.queue.flush', 'scheduled_job_type': 'i3qhjuun64'..., method='frappe.core.doctype.scheduled_job_type.scheduled_job_type.run_scheduled_jo..., site='erpnext.localhost', user='Administrator') (erpnext.localhost||scheduled_job||i3qhjuun64)
2025-09-28 10:48:29,963 Successfully completed frappe.utils.background_jobs.execute_job(event=None, is_async=True, job_name='frappe.core.doctype.scheduled_job_type.scheduled_job_type.run_scheduled_jo..., kwargs={'job_type': 'frappe.email.queue.flush', 'scheduled_job_type': 'i3qhjuun64'..., method='frappe.core.doctype.scheduled_job_type.scheduled_job_type.run_scheduled_jo..., site='erpnext.localhost', user='Administrator') job in 0:00:00.869862s on worker 509d537860474bb2a312a7fc0ee82f39
2025-09-28 10:48:29,963 Users-user-Documents-resturantOS-frappe-bench:default: Job OK (erpnext.localhost||scheduled_job||i3qhjuun64)
2025-09-28 10:48:29,963 Result is kept for 600 seconds
2025-09-28 10:48:29,975 Users-user-Documents-resturantOS-frappe-bench:default: frappe.utils.background_jobs.execute_job(event=None, is_async=True, job_name='frappe.core.doctype.scheduled_job_type.scheduled_job_type.run_scheduled_jo..., kwargs={'job_type': 'frappe.email.queue.retry_sending_emails', 'scheduled_job_type..., method='frappe.core.doctype.scheduled_job_type.scheduled_job_type.run_scheduled_jo..., site='erpnext.localhost', user='Administrator') (erpnext.localhost||scheduled_job||i3q1telple)
2025-09-28 10:48:30,746 Successfully completed frappe.utils.background_jobs.execute_job(event=None, is_async=True, job_name='frappe.core.doctype.scheduled_job_type.scheduled_job_type.run_scheduled_jo..., kwargs={'job_type': 'frappe.email.queue.retry_sending_emails', 'scheduled_job_type..., method='frappe.core.doctype.scheduled_job_type.scheduled_job_type.run_scheduled_jo..., site='erpnext.localhost', user='Administrator') job in 0:00:00.757955s on worker 509d537860474bb2a312a7fc0ee82f39
2025-09-28 10:48:30,747 Users-user-Documents-resturantOS-frappe-bench:default: Job OK (erpnext.localhost||scheduled_job||i3q1telple)
2025-09-28 10:48:30,747 Result is kept for 600 seconds
2025-09-28 10:48:30,758 Users-user-Documents-resturantOS-frappe-bench:default: frappe.utils.background_jobs.execute_job(event=None, is_async=True, job_name='frappe.core.doctype.scheduled_job_type.scheduled_job_type.run_scheduled_jo..., kwargs={'job_type': 'frappe.integrations.doctype.google_calendar.google_calendar.s..., method='frappe.core.doctype.scheduled_job_type.scheduled_job_type.run_scheduled_jo..., site='erpnext.localhost', user='Administrator') (erpnext.localhost||scheduled_job||i3q59sufvp)
2025-09-28 10:48:31,562 Successfully completed frappe.utils.background_jobs.execute_job(event=None, is_async=True, job_name='frappe.core.doctype.scheduled_job_type.scheduled_job_type.run_scheduled_jo..., kwargs={'job_type': 'frappe.integrations.doctype.google_calendar.google_calendar.s..., method='frappe.core.doctype.scheduled_job_type.scheduled_job_type.run_scheduled_jo..., site='erpnext.localhost', user='Administrator') job in 0:00:00.790490s on worker 509d537860474bb2a312a7fc0ee82f39
2025-09-28 10:48:31,562 Users-user-Documents-resturantOS-frappe-bench:default: Job OK (erpnext.localhost||scheduled_job||i3q59sufvp)
2025-09-28 10:48:31,562 Result is kept for 600 seconds
2025-09-28 10:48:31,576 Users-user-Documents-resturantOS-frappe-bench:default: frappe.utils.background_jobs.execute_job(event=None, is_async=True, job_name='frappe.core.doctype.scheduled_job_type.scheduled_job_type.run_scheduled_jo..., kwargs={'job_type': 'frappe.deferred_insert.save_to_db', 'scheduled_job_type': 'i3..., method='frappe.core.doctype.scheduled_job_type.scheduled_job_type.run_scheduled_jo..., site='erpnext.localhost', user='Administrator') (erpnext.localhost||scheduled_job||i3q9qk9urk)
2025-09-28 10:48:32,294 Successfully completed frappe.utils.background_jobs.execute_job(event=None, is_async=True, job_name='frappe.core.doctype.scheduled_job_type.scheduled_job_type.run_scheduled_jo..., kwargs={'job_type': 'frappe.deferred_insert.save_to_db', 'scheduled_job_type': 'i3..., method='frappe.core.doctype.scheduled_job_type.scheduled_job_type.run_scheduled_jo..., site='erpnext.localhost', user='Administrator') job in 0:00:00.704595s on worker 509d537860474bb2a312a7fc0ee82f39
2025-09-28 10:48:32,295 Users-user-Documents-resturantOS-frappe-bench:default: Job OK (erpnext.localhost||scheduled_job||i3q9qk9urk)
2025-09-28 10:48:32,295 Result is kept for 600 seconds
2025-09-28 10:48:32,306 Users-user-Documents-resturantOS-frappe-bench:default: frappe.utils.background_jobs.execute_job(event=None, is_async=True, job_name='frappe.core.doctype.scheduled_job_type.scheduled_job_type.run_scheduled_jo..., kwargs={'job_type': 'frappe.search.sqlite_search.build_index_if_not_exists', 'sche..., method='frappe.core.doctype.scheduled_job_type.scheduled_job_type.run_scheduled_jo..., site='hrms.localhost', user='Administrator') (hrms.localhost||scheduled_job||moaneeb4jv)
2025-09-28 10:48:33,096 Successfully completed frappe.utils.background_jobs.execute_job(event=None, is_async=True, job_name='frappe.core.doctype.scheduled_job_type.scheduled_job_type.run_scheduled_jo..., kwargs={'job_type': 'frappe.search.sqlite_search.build_index_if_not_exists', 'sche..., method='frappe.core.doctype.scheduled_job_type.scheduled_job_type.run_scheduled_jo..., site='hrms.localhost', user='Administrator') job in 0:00:00.775931s on worker 509d537860474bb2a312a7fc0ee82f39
2025-09-28 10:48:33,097 Users-user-Documents-resturantOS-frappe-bench:default: Job OK (hrms.localhost||scheduled_job||moaneeb4jv)
2025-09-28 10:48:33,097 Result is kept for 600 seconds
2025-09-28 10:48:33,108 Users-user-Documents-resturantOS-frappe-bench:default: frappe.utils.background_jobs.execute_job(event=None, is_async=True, job_name='frappe.core.doctype.scheduled_job_type.scheduled_job_type.run_scheduled_jo..., kwargs={'job_type': 'frappe.model.utils.link_count.update_link_count', 'scheduled_..., method='frappe.core.doctype.scheduled_job_type.scheduled_job_type.run_scheduled_jo..., site='hrms.localhost', user='Administrator') (hrms.localhost||scheduled_job||moa69d1n58)
2025-09-28 10:48:33,851 Successfully completed frappe.utils.background_jobs.execute_job(event=None, is_async=True, job_name='frappe.core.doctype.scheduled_job_type.scheduled_job_type.run_scheduled_jo..., kwargs={'job_type': 'frappe.model.utils.link_count.update_link_count', 'scheduled_..., method='frappe.core.doctype.scheduled_job_type.scheduled_job_type.run_scheduled_jo..., site='hrms.localhost', user='Administrator') job in 0:00:00.728572s on worker 509d537860474bb2a312a7fc0ee82f39
2025-09-28 10:48:33,852 Users-user-Documents-resturantOS-frappe-bench:default: Job OK (hrms.localhost||scheduled_job||moa69d1n58)
2025-09-28 10:48:33,852 Result is kept for 600 seconds
2025-09-28 10:48:33,863 Users-user-Documents-resturantOS-frappe-bench:default: frappe.utils.background_jobs.execute_job(event=None, is_async=True, job_name='frappe.core.doctype.scheduled_job_type.scheduled_job_type.run_scheduled_jo..., kwargs={'job_type': 'erpnext.manufacturing.doctype.bom_update_log.bom_update_log.r..., method='frappe.core.doctype.scheduled_job_type.scheduled_job_type.run_scheduled_jo..., site='hrms.localhost', user='Administrator') (hrms.localhost||scheduled_job||onj2e2o5l7)
2025-09-28 10:48:34,658 Successfully completed frappe.utils.background_jobs.execute_job(event=None, is_async=True, job_name='frappe.core.doctype.scheduled_job_type.scheduled_job_type.run_scheduled_jo..., kwargs={'job_type': 'erpnext.manufacturing.doctype.bom_update_log.bom_update_log.r..., method='frappe.core.doctype.scheduled_job_type.scheduled_job_type.run_scheduled_jo..., site='hrms.localhost', user='Administrator') job in 0:00:00.780393s on worker 509d537860474bb2a312a7fc0ee82f39
2025-09-28 10:48:34,659 Users-user-Documents-resturantOS-frappe-bench:default: Job OK (hrms.localhost||scheduled_job||onj2e2o5l7)
2025-09-28 10:48:34,659 Result is kept for 600 seconds
2025-09-28 10:48:34,671 Users-user-Documents-resturantOS-frappe-bench:default: frappe.utils.background_jobs.execute_job(event=None, is_async=True, job_name='frappe.core.doctype.scheduled_job_type.scheduled_job_type.run_scheduled_jo..., kwargs={'job_type': 'frappe.deferred_insert.save_to_db', 'scheduled_job_type': 'mo..., method='frappe.core.doctype.scheduled_job_type.scheduled_job_type.run_scheduled_jo..., site='hrms.localhost', user='Administrator') (hrms.localhost||scheduled_job||moaqk36bm8)
2025-09-28 10:48:35,469 Successfully completed frappe.utils.background_jobs.execute_job(event=None, is_async=True, job_name='frappe.core.doctype.scheduled_job_type.scheduled_job_type.run_scheduled_jo..., kwargs={'job_type': 'frappe.deferred_insert.save_to_db', 'scheduled_job_type': 'mo..., method='frappe.core.doctype.scheduled_job_type.scheduled_job_type.run_scheduled_jo..., site='hrms.localhost', user='Administrator') job in 0:00:00.784568s on worker 509d537860474bb2a312a7fc0ee82f39
2025-09-28 10:48:35,470 Users-user-Documents-resturantOS-frappe-bench:default: Job OK (hrms.localhost||scheduled_job||moaqk36bm8)
2025-09-28 10:48:35,470 Result is kept for 600 seconds
2025-09-28 10:48:35,482 Users-user-Documents-resturantOS-frappe-bench:default: frappe.utils.background_jobs.execute_job(event=None, is_async=True, job_name='frappe.core.doctype.scheduled_job_type.scheduled_job_type.run_scheduled_jo..., kwargs={'job_type': 'frappe.integrations.doctype.google_calendar.google_calendar.s..., method='frappe.core.doctype.scheduled_job_type.scheduled_job_type.run_scheduled_jo..., site='hrms.localhost', user='Administrator') (hrms.localhost||scheduled_job||moaj5vmroq)
2025-09-28 10:48:36,544 Successfully completed frappe.utils.background_jobs.execute_job(event=None, is_async=True, job_name='frappe.core.doctype.scheduled_job_type.scheduled_job_type.run_scheduled_jo..., kwargs={'job_type': 'frappe.integrations.doctype.google_calendar.google_calendar.s..., method='frappe.core.doctype.scheduled_job_type.scheduled_job_type.run_scheduled_jo..., site='hrms.localhost', user='Administrator') job in 0:00:01.047110s on worker 509d537860474bb2a312a7fc0ee82f39
2025-09-28 10:48:36,544 Users-user-Documents-resturantOS-frappe-bench:default: Job OK (hrms.localhost||scheduled_job||moaj5vmroq)
2025-09-28 10:48:36,545 Result is kept for 600 seconds
2025-09-28 10:48:36,558 Users-user-Documents-resturantOS-frappe-bench:default: frappe.utils.background_jobs.execute_job(event=None, is_async=True, job_name='frappe.core.doctype.scheduled_job_type.scheduled_job_type.run_scheduled_jo..., kwargs={'job_type': 'frappe.utils.global_search.sync_global_search', 'scheduled_jo..., method='frappe.core.doctype.scheduled_job_type.scheduled_job_type.run_scheduled_jo..., site='hrms.localhost', user='Administrator') (hrms.localhost||scheduled_job||moasulb44c)
2025-09-28 10:48:37,354 Successfully completed frappe.utils.background_jobs.execute_job(event=None, is_async=True, job_name='frappe.core.doctype.scheduled_job_type.scheduled_job_type.run_scheduled_jo..., kwargs={'job_type': 'frappe.utils.global_search.sync_global_search', 'scheduled_jo..., method='frappe.core.doctype.scheduled_job_type.scheduled_job_type.run_scheduled_jo..., site='hrms.localhost', user='Administrator') job in 0:00:00.782297s on worker 509d537860474bb2a312a7fc0ee82f39
2025-09-28 10:48:37,355 Users-user-Documents-resturantOS-frappe-bench:default: Job OK (hrms.localhost||scheduled_job||moasulb44c)
2025-09-28 10:48:37,355 Result is kept for 600 seconds
2025-09-28 10:48:37,366 Users-user-Documents-resturantOS-frappe-bench:default: frappe.utils.background_jobs.execute_job(event=None, is_async=True, job_name='frappe.core.doctype.scheduled_job_type.scheduled_job_type.run_scheduled_jo..., kwargs={'job_type': 'frappe.monitor.flush', 'scheduled_job_type': 'moa4nr1fii'}, method='frappe.core.doctype.scheduled_job_type.scheduled_job_type.run_scheduled_jo..., site='hrms.localhost', user='Administrator') (hrms.localhost||scheduled_job||moa4nr1fii)
2025-09-28 10:48:38,161 Successfully completed frappe.utils.background_jobs.execute_job(event=None, is_async=True, job_name='frappe.core.doctype.scheduled_job_type.scheduled_job_type.run_scheduled_jo..., kwargs={'job_type': 'frappe.monitor.flush', 'scheduled_job_type': 'moa4nr1fii'}, method='frappe.core.doctype.scheduled_job_type.scheduled_job_type.run_scheduled_jo..., site='hrms.localhost', user='Administrator') job in 0:00:00.780858s on worker 509d537860474bb2a312a7fc0ee82f39
2025-09-28 10:48:38,162 Users-user-Documents-resturantOS-frappe-bench:default: Job OK (hrms.localhost||scheduled_job||moa4nr1fii)
2025-09-28 10:48:38,162 Result is kept for 600 seconds
2025-09-28 10:48:38,176 Users-user-Documents-resturantOS-frappe-bench:default: frappe.utils.background_jobs.execute_job(event=None, is_async=True, job_name='frappe.core.doctype.scheduled_job_type.scheduled_job_type.run_scheduled_jo..., kwargs={'job_type': 'frappe.automation.doctype.reminder.reminder.send_reminders', ..., method='frappe.core.doctype.scheduled_job_type.scheduled_job_type.run_scheduled_jo..., site='hrms.localhost', user='Administrator') (hrms.localhost||scheduled_job||moajgtod6h)
2025-09-28 10:48:38,942 Successfully completed frappe.utils.background_jobs.execute_job(event=None, is_async=True, job_name='frappe.core.doctype.scheduled_job_type.scheduled_job_type.run_scheduled_jo..., kwargs={'job_type': 'frappe.automation.doctype.reminder.reminder.send_reminders', ..., method='frappe.core.doctype.scheduled_job_type.scheduled_job_type.run_scheduled_jo..., site='hrms.localhost', user='Administrator') job in 0:00:00.750444s on worker 509d537860474bb2a312a7fc0ee82f39
2025-09-28 10:48:38,942 Users-user-Documents-resturantOS-frappe-bench:default: Job OK (hrms.localhost||scheduled_job||moajgtod6h)
2025-09-28 10:48:38,943 Result is kept for 600 seconds
2025-09-28 10:48:38,956 Users-user-Documents-resturantOS-frappe-bench:default: frappe.utils.background_jobs.execute_job(event=None, is_async=True, job_name='frappe.core.doctype.scheduled_job_type.scheduled_job_type.run_scheduled_jo..., kwargs={'job_type': 'frappe.email.queue.flush', 'scheduled_job_type': 'moarrskqpm'..., method='frappe.core.doctype.scheduled_job_type.scheduled_job_type.run_scheduled_jo..., site='hrms.localhost', user='Administrator') (hrms.localhost||scheduled_job||moarrskqpm)
2025-09-28 10:48:39,867 Successfully completed frappe.utils.background_jobs.execute_job(event=None, is_async=True, job_name='frappe.core.doctype.scheduled_job_type.scheduled_job_type.run_scheduled_jo..., kwargs={'job_type': 'frappe.email.queue.flush', 'scheduled_job_type': 'moarrskqpm'..., method='frappe.core.doctype.scheduled_job_type.scheduled_job_type.run_scheduled_jo..., site='hrms.localhost', user='Administrator') job in 0:00:00.895268s on worker 509d537860474bb2a312a7fc0ee82f39
2025-09-28 10:48:39,868 Users-user-Documents-resturantOS-frappe-bench:default: Job OK (hrms.localhost||scheduled_job||moarrskqpm)
2025-09-28 10:48:39,868 Result is kept for 600 seconds
2025-09-28 10:48:39,880 Users-user-Documents-resturantOS-frappe-bench:default: frappe.utils.background_jobs.execute_job(event=None, is_async=True, job_name='frappe.core.doctype.scheduled_job_type.scheduled_job_type.run_scheduled_jo..., kwargs={'job_type': 'frappe.email.doctype.notification.notification.trigger_offset..., method='frappe.core.doctype.scheduled_job_type.scheduled_job_type.run_scheduled_jo..., site='hrms.localhost', user='Administrator') (hrms.localhost||scheduled_job||moa3u2rt95)
2025-09-28 10:48:40,701 Successfully completed frappe.utils.background_jobs.execute_job(event=None, is_async=True, job_name='frappe.core.doctype.scheduled_job_type.scheduled_job_type.run_scheduled_jo..., kwargs={'job_type': 'frappe.email.doctype.notification.notification.trigger_offset..., method='frappe.core.doctype.scheduled_job_type.scheduled_job_type.run_scheduled_jo..., site='hrms.localhost', user='Administrator') job in 0:00:00.805112s on worker 509d537860474bb2a312a7fc0ee82f39
2025-09-28 10:48:40,701 Users-user-Documents-resturantOS-frappe-bench:default: Job OK (hrms.localhost||scheduled_job||moa3u2rt95)
2025-09-28 10:48:40,702 Result is kept for 600 seconds
2025-09-28 10:48:40,713 Users-user-Documents-resturantOS-frappe-bench:default: frappe.utils.background_jobs.execute_job(event=None, is_async=True, job_name='frappe.core.doctype.scheduled_job_type.scheduled_job_type.run_scheduled_jo..., kwargs={'job_type': 'hrms.hr.doctype.interview.interview.send_interview_reminder',..., method='frappe.core.doctype.scheduled_job_type.scheduled_job_type.run_scheduled_jo..., site='hrms.localhost', user='Administrator') (hrms.localhost||scheduled_job||p395mfeqpe)
2025-09-28 10:48:41,618 Successfully completed frappe.utils.background_jobs.execute_job(event=None, is_async=True, job_name='frappe.core.doctype.scheduled_job_type.scheduled_job_type.run_scheduled_jo..., kwargs={'job_type': 'hrms.hr.doctype.interview.interview.send_interview_reminder',..., method='frappe.core.doctype.scheduled_job_type.scheduled_job_type.run_scheduled_jo..., site='hrms.localhost', user='Administrator') job in 0:00:00.888932s on worker 509d537860474bb2a312a7fc0ee82f39
2025-09-28 10:48:41,618 Users-user-Documents-resturantOS-frappe-bench:default: Job OK (hrms.localhost||scheduled_job||p395mfeqpe)
2025-09-28 10:48:41,619 Result is kept for 600 seconds
2025-09-28 10:48:41,631 Users-user-Documents-resturantOS-frappe-bench:default: frappe.utils.background_jobs.execute_job(event=None, is_async=True, job_name='frappe.core.doctype.scheduled_job_type.scheduled_job_type.run_scheduled_jo..., kwargs={'job_type': 'frappe.email.doctype.email_account.email_account.notify_unrep..., method='frappe.core.doctype.scheduled_job_type.scheduled_job_type.run_scheduled_jo..., site='hrms.localhost', user='Administrator') (hrms.localhost||scheduled_job||moaa3rhgb2)
2025-09-28 10:48:42,729 Successfully completed frappe.utils.background_jobs.execute_job(event=None, is_async=True, job_name='frappe.core.doctype.scheduled_job_type.scheduled_job_type.run_scheduled_jo..., kwargs={'job_type': 'frappe.email.doctype.email_account.email_account.notify_unrep..., method='frappe.core.doctype.scheduled_job_type.scheduled_job_type.run_scheduled_jo..., site='hrms.localhost', user='Administrator') job in 0:00:01.084774s on worker 509d537860474bb2a312a7fc0ee82f39
2025-09-28 10:48:42,730 Users-user-Documents-resturantOS-frappe-bench:default: Job OK (hrms.localhost||scheduled_job||moaa3rhgb2)
2025-09-28 10:48:42,730 Result is kept for 600 seconds
2025-09-28 10:48:42,741 Users-user-Documents-resturantOS-frappe-bench:default: frappe.utils.background_jobs.execute_job(event=None, is_async=True, job_name='frappe.core.doctype.scheduled_job_type.scheduled_job_type.run_scheduled_jo..., kwargs={'job_type': 'frappe.email.queue.retry_sending_emails', 'scheduled_job_type..., method='frappe.core.doctype.scheduled_job_type.scheduled_job_type.run_scheduled_jo..., site='hrms.localhost', user='Administrator') (hrms.localhost||scheduled_job||moa8b2rj9v)
2025-09-28 10:48:43,562 Successfully completed frappe.utils.background_jobs.execute_job(event=None, is_async=True, job_name='frappe.core.doctype.scheduled_job_type.scheduled_job_type.run_scheduled_jo..., kwargs={'job_type': 'frappe.email.queue.retry_sending_emails', 'scheduled_job_type..., method='frappe.core.doctype.scheduled_job_type.scheduled_job_type.run_scheduled_jo..., site='hrms.localhost', user='Administrator') job in 0:00:00.806411s on worker 509d537860474bb2a312a7fc0ee82f39
2025-09-28 10:48:43,563 Users-user-Documents-resturantOS-frappe-bench:default: Job OK (hrms.localhost||scheduled_job||moa8b2rj9v)
2025-09-28 10:48:43,563 Result is kept for 600 seconds
2025-09-28 10:48:43,573 Users-user-Documents-resturantOS-frappe-bench:default: frappe.utils.background_jobs.execute_job(event=None, is_async=True, job_name='frappe.core.doctype.scheduled_job_type.scheduled_job_type.run_scheduled_jo..., kwargs={'job_type': 'frappe.pulse.client.send_queued_events', 'scheduled_job_type'..., method='frappe.core.doctype.scheduled_job_type.scheduled_job_type.run_scheduled_jo..., site='hrms.localhost', user='Administrator') (hrms.localhost||scheduled_job||moast7616t)
2025-09-28 10:48:44,322 Successfully completed frappe.utils.background_jobs.execute_job(event=None, is_async=True, job_name='frappe.core.doctype.scheduled_job_type.scheduled_job_type.run_scheduled_jo..., kwargs={'job_type': 'frappe.pulse.client.send_queued_events', 'scheduled_job_type'..., method='frappe.core.doctype.scheduled_job_type.scheduled_job_type.run_scheduled_jo..., site='hrms.localhost', user='Administrator') job in 0:00:00.734928s on worker 509d537860474bb2a312a7fc0ee82f39
2025-09-28 10:48:44,323 Users-user-Documents-resturantOS-frappe-bench:default: Job OK (hrms.localhost||scheduled_job||moast7616t)
2025-09-28 10:48:44,323 Result is kept for 600 seconds
2025-09-28 10:52:00,539 Users-user-Documents-resturantOS-frappe-bench:default: frappe.utils.background_jobs.execute_job(event=None, is_async=True, job_name='frappe.core.doctype.scheduled_job_type.scheduled_job_type.run_scheduled_jo..., kwargs={'job_type': 'frappe.email.queue.flush', 'scheduled_job_type': 't89cjdiai5'..., method='frappe.core.doctype.scheduled_job_type.scheduled_job_type.run_scheduled_jo..., site='resturant.localhost', user='Administrator') (resturant.localhost||scheduled_job||t89cjdiai5)
2025-09-28 10:52:01,511 Successfully completed frappe.utils.background_jobs.execute_job(event=None, is_async=True, job_name='frappe.core.doctype.scheduled_job_type.scheduled_job_type.run_scheduled_jo..., kwargs={'job_type': 'frappe.email.queue.flush', 'scheduled_job_type': 't89cjdiai5'..., method='frappe.core.doctype.scheduled_job_type.scheduled_job_type.run_scheduled_jo..., site='resturant.localhost', user='Administrator') job in 0:00:00.950159s on worker 509d537860474bb2a312a7fc0ee82f39
2025-09-28 10:52:01,512 Users-user-Documents-resturantOS-frappe-bench:default: Job OK (resturant.localhost||scheduled_job||t89cjdiai5)
2025-09-28 10:52:01,512 Result is kept for 600 seconds
2025-09-28 10:52:01,528 Users-user-Documents-resturantOS-frappe-bench:default: frappe.utils.background_jobs.execute_job(event=None, is_async=True, job_name='frappe.core.doctype.scheduled_job_type.scheduled_job_type.run_scheduled_jo..., kwargs={'job_type': 'frappe.email.doctype.email_account.email_account.pull', 'sche..., method='frappe.core.doctype.scheduled_job_type.scheduled_job_type.run_scheduled_jo..., site='resturant.localhost', user='Administrator') (resturant.localhost||scheduled_job||t89ngbj81r)
2025-09-28 10:52:02,429 Successfully completed frappe.utils.background_jobs.execute_job(event=None, is_async=True, job_name='frappe.core.doctype.scheduled_job_type.scheduled_job_type.run_scheduled_jo..., kwargs={'job_type': 'frappe.email.doctype.email_account.email_account.pull', 'sche..., method='frappe.core.doctype.scheduled_job_type.scheduled_job_type.run_scheduled_jo..., site='resturant.localhost', user='Administrator') job in 0:00:00.883858s on worker 509d537860474bb2a312a7fc0ee82f39
2025-09-28 10:52:02,430 Users-user-Documents-resturantOS-frappe-bench:default: Job OK (resturant.localhost||scheduled_job||t89ngbj81r)
2025-09-28 10:52:02,430 Result is kept for 600 seconds
2025-09-28 10:52:02,443 Users-user-Documents-resturantOS-frappe-bench:default: frappe.utils.background_jobs.execute_job(event=None, is_async=True, job_name='frappe.core.doctype.scheduled_job_type.scheduled_job_type.run_scheduled_jo..., kwargs={'job_type': 'frappe.email.doctype.notification.notification.trigger_offset..., method='frappe.core.doctype.scheduled_job_type.scheduled_job_type.run_scheduled_jo..., site='resturant.localhost', user='Administrator') (resturant.localhost||scheduled_job||t892j3i7ae)
2025-09-28 10:52:03,372 Successfully completed frappe.utils.background_jobs.execute_job(event=None, is_async=True, job_name='frappe.core.doctype.scheduled_job_type.scheduled_job_type.run_scheduled_jo..., kwargs={'job_type': 'frappe.email.doctype.notification.notification.trigger_offset..., method='frappe.core.doctype.scheduled_job_type.scheduled_job_type.run_scheduled_jo..., site='resturant.localhost', user='Administrator') job in 0:00:00.906281s on worker 509d537860474bb2a312a7fc0ee82f39
2025-09-28 10:52:03,373 Users-user-Documents-resturantOS-frappe-bench:default: Job OK (resturant.localhost||scheduled_job||t892j3i7ae)
2025-09-28 10:52:03,373 Result is kept for 600 seconds
2025-09-28 10:52:03,385 Users-user-Documents-resturantOS-frappe-bench:default: frappe.utils.background_jobs.execute_job(event=None, is_async=True, job_name='frappe.core.doctype.scheduled_job_type.scheduled_job_type.run_scheduled_jo..., kwargs={'job_type': 'frappe.monitor.flush', 'scheduled_job_type': 't89s0d7svi'}, method='frappe.core.doctype.scheduled_job_type.scheduled_job_type.run_scheduled_jo..., site='resturant.localhost', user='Administrator') (resturant.localhost||scheduled_job||t89s0d7svi)
2025-09-28 10:52:04,396 Successfully completed frappe.utils.background_jobs.execute_job(event=None, is_async=True, job_name='frappe.core.doctype.scheduled_job_type.scheduled_job_type.run_scheduled_jo..., kwargs={'job_type': 'frappe.monitor.flush', 'scheduled_job_type': 't89s0d7svi'}, method='frappe.core.doctype.scheduled_job_type.scheduled_job_type.run_scheduled_jo..., site='resturant.localhost', user='Administrator') job in 0:00:00.996814s on worker 509d537860474bb2a312a7fc0ee82f39
2025-09-28 10:52:04,397 Users-user-Documents-resturantOS-frappe-bench:default: Job OK (resturant.localhost||scheduled_job||t89s0d7svi)
2025-09-28 10:52:04,397 Result is kept for 600 seconds
2025-09-28 10:52:04,411 Users-user-Documents-resturantOS-frappe-bench:default: frappe.utils.background_jobs.execute_job(event=None, is_async=True, job_name='frappe.core.doctype.scheduled_job_type.scheduled_job_type.run_scheduled_jo..., kwargs={'job_type': 'frappe.email.queue.retry_sending_emails', 'scheduled_job_type..., method='frappe.core.doctype.scheduled_job_type.scheduled_job_type.run_scheduled_jo..., site='resturant.localhost', user='Administrator') (resturant.localhost||scheduled_job||t898d96467)
2025-09-28 10:52:07,488 Successfully completed frappe.utils.background_jobs.execute_job(event=None, is_async=True, job_name='frappe.core.doctype.scheduled_job_type.scheduled_job_type.run_scheduled_jo..., kwargs={'job_type': 'frappe.email.queue.retry_sending_emails', 'scheduled_job_type..., method='frappe.core.doctype.scheduled_job_type.scheduled_job_type.run_scheduled_jo..., site='resturant.localhost', user='Administrator') job in 0:00:03.057580s on worker 509d537860474bb2a312a7fc0ee82f39
2025-09-28 10:52:07,489 Users-user-Documents-resturantOS-frappe-bench:default: Job OK (resturant.localhost||scheduled_job||t898d96467)
2025-09-28 10:52:07,490 Result is kept for 600 seconds
2025-09-28 10:52:07,508 Users-user-Documents-resturantOS-frappe-bench:default: frappe.utils.background_jobs.execute_job(event=None, is_async=True, job_name='frappe.core.doctype.scheduled_job_type.scheduled_job_type.run_scheduled_jo..., kwargs={'job_type': 'frappe.integrations.doctype.google_calendar.google_calendar.s..., method='frappe.core.doctype.scheduled_job_type.scheduled_job_type.run_scheduled_jo..., site='resturant.localhost', user='Administrator') (resturant.localhost||scheduled_job||t89didi78e)
2025-09-28 10:52:09,258 Successfully completed frappe.utils.background_jobs.execute_job(event=None, is_async=True, job_name='frappe.core.doctype.scheduled_job_type.scheduled_job_type.run_scheduled_jo..., kwargs={'job_type': 'frappe.integrations.doctype.google_calendar.google_calendar.s..., method='frappe.core.doctype.scheduled_job_type.scheduled_job_type.run_scheduled_jo..., site='resturant.localhost', user='Administrator') job in 0:00:01.729815s on worker 509d537860474bb2a312a7fc0ee82f39
2025-09-28 10:52:09,259 Users-user-Documents-resturantOS-frappe-bench:default: Job OK (resturant.localhost||scheduled_job||t89didi78e)
2025-09-28 10:52:09,260 Result is kept for 600 seconds
2025-09-28 10:52:09,279 Users-user-Documents-resturantOS-frappe-bench:default: frappe.utils.background_jobs.execute_job(event=None, is_async=True, job_name='frappe.core.doctype.scheduled_job_type.scheduled_job_type.run_scheduled_jo..., kwargs={'job_type': 'frappe.email.doctype.email_account.email_account.pull', 'sche..., method='frappe.core.doctype.scheduled_job_type.scheduled_job_type.run_scheduled_jo..., site='education.localhost', user='Administrator') (education.localhost||scheduled_job||rfaalv5h8m)
2025-09-28 10:52:10,680 Successfully completed frappe.utils.background_jobs.execute_job(event=None, is_async=True, job_name='frappe.core.doctype.scheduled_job_type.scheduled_job_type.run_scheduled_jo..., kwargs={'job_type': 'frappe.email.doctype.email_account.email_account.pull', 'sche..., method='frappe.core.doctype.scheduled_job_type.scheduled_job_type.run_scheduled_jo..., site='education.localhost', user='Administrator') job in 0:00:01.377884s on worker 509d537860474bb2a312a7fc0ee82f39
2025-09-28 10:52:10,681 Users-user-Documents-resturantOS-frappe-bench:default: Job OK (education.localhost||scheduled_job||rfaalv5h8m)
2025-09-28 10:52:10,681 Result is kept for 600 seconds
2025-09-28 10:52:10,693 Users-user-Documents-resturantOS-frappe-bench:default: frappe.utils.background_jobs.execute_job(event=None, is_async=True, job_name='frappe.core.doctype.scheduled_job_type.scheduled_job_type.run_scheduled_jo..., kwargs={'job_type': 'frappe.email.queue.flush', 'scheduled_job_type': 'rfau6l5hgd'..., method='frappe.core.doctype.scheduled_job_type.scheduled_job_type.run_scheduled_jo..., site='education.localhost', user='Administrator') (education.localhost||scheduled_job||rfau6l5hgd)
2025-09-28 10:52:11,585 Successfully completed frappe.utils.background_jobs.execute_job(event=None, is_async=True, job_name='frappe.core.doctype.scheduled_job_type.scheduled_job_type.run_scheduled_jo..., kwargs={'job_type': 'frappe.email.queue.flush', 'scheduled_job_type': 'rfau6l5hgd'..., method='frappe.core.doctype.scheduled_job_type.scheduled_job_type.run_scheduled_jo..., site='education.localhost', user='Administrator') job in 0:00:00.877887s on worker 509d537860474bb2a312a7fc0ee82f39
2025-09-28 10:52:11,586 Users-user-Documents-resturantOS-frappe-bench:default: Job OK (education.localhost||scheduled_job||rfau6l5hgd)
2025-09-28 10:52:11,586 Result is kept for 600 seconds
2025-09-28 10:52:11,597 Users-user-Documents-resturantOS-frappe-bench:default: frappe.utils.background_jobs.execute_job(event=None, is_async=True, job_name='frappe.core.doctype.scheduled_job_type.scheduled_job_type.run_scheduled_jo..., kwargs={'job_type': 'frappe.email.queue.retry_sending_emails', 'scheduled_job_type..., method='frappe.core.doctype.scheduled_job_type.scheduled_job_type.run_scheduled_jo..., site='education.localhost', user='Administrator') (education.localhost||scheduled_job||rfa4ssl812)
2025-09-28 10:52:12,439 Successfully completed frappe.utils.background_jobs.execute_job(event=None, is_async=True, job_name='frappe.core.doctype.scheduled_job_type.scheduled_job_type.run_scheduled_jo..., kwargs={'job_type': 'frappe.email.queue.retry_sending_emails', 'scheduled_job_type..., method='frappe.core.doctype.scheduled_job_type.scheduled_job_type.run_scheduled_jo..., site='education.localhost', user='Administrator') job in 0:00:00.828067s on worker 509d537860474bb2a312a7fc0ee82f39
2025-09-28 10:52:12,440 Users-user-Documents-resturantOS-frappe-bench:default: Job OK (education.localhost||scheduled_job||rfa4ssl812)
2025-09-28 10:52:12,440 Result is kept for 600 seconds
2025-09-28 10:52:12,451 Users-user-Documents-resturantOS-frappe-bench:default: frappe.utils.background_jobs.execute_job(event=None, is_async=True, job_name='frappe.core.doctype.scheduled_job_type.scheduled_job_type.run_scheduled_jo..., kwargs={'job_type': 'frappe.email.doctype.notification.notification.trigger_offset..., method='frappe.core.doctype.scheduled_job_type.scheduled_job_type.run_scheduled_jo..., site='education.localhost', user='Administrator') (education.localhost||scheduled_job||rfae444qht)
2025-09-28 10:52:13,258 Successfully completed frappe.utils.background_jobs.execute_job(event=None, is_async=True, job_name='frappe.core.doctype.scheduled_job_type.scheduled_job_type.run_scheduled_jo..., kwargs={'job_type': 'frappe.email.doctype.notification.notification.trigger_offset..., method='frappe.core.doctype.scheduled_job_type.scheduled_job_type.run_scheduled_jo..., site='education.localhost', user='Administrator') job in 0:00:00.790430s on worker 509d537860474bb2a312a7fc0ee82f39
2025-09-28 10:52:13,258 Users-user-Documents-resturantOS-frappe-bench:default: Job OK (education.localhost||scheduled_job||rfae444qht)
2025-09-28 10:52:13,259 Result is kept for 600 seconds
2025-09-28 10:52:13,275 Users-user-Documents-resturantOS-frappe-bench:default: frappe.utils.background_jobs.execute_job(event=None, is_async=True, job_name='frappe.core.doctype.scheduled_job_type.scheduled_job_type.run_scheduled_jo..., kwargs={'job_type': 'frappe.integrations.doctype.google_calendar.google_calendar.s..., method='frappe.core.doctype.scheduled_job_type.scheduled_job_type.run_scheduled_jo..., site='education.localhost', user='Administrator') (education.localhost||scheduled_job||rfadu7l5ur)
2025-09-28 10:52:14,177 Successfully completed frappe.utils.background_jobs.execute_job(event=None, is_async=True, job_name='frappe.core.doctype.scheduled_job_type.scheduled_job_type.run_scheduled_jo..., kwargs={'job_type': 'frappe.integrations.doctype.google_calendar.google_calendar.s..., method='frappe.core.doctype.scheduled_job_type.scheduled_job_type.run_scheduled_jo..., site='education.localhost', user='Administrator') job in 0:00:00.885609s on worker 509d537860474bb2a312a7fc0ee82f39
2025-09-28 10:52:14,178 Users-user-Documents-resturantOS-frappe-bench:default: Job OK (education.localhost||scheduled_job||rfadu7l5ur)
2025-09-28 10:52:14,179 Result is kept for 600 seconds
2025-09-28 10:52:14,195 Users-user-Documents-resturantOS-frappe-bench:default: frappe.utils.background_jobs.execute_job(event=None, is_async=True, job_name='frappe.core.doctype.scheduled_job_type.scheduled_job_type.run_scheduled_jo..., kwargs={'job_type': 'frappe.monitor.flush', 'scheduled_job_type': 'rfabac2214'}, method='frappe.core.doctype.scheduled_job_type.scheduled_job_type.run_scheduled_jo..., site='education.localhost', user='Administrator') (education.localhost||scheduled_job||rfabac2214)
2025-09-28 10:52:15,019 Successfully completed frappe.utils.background_jobs.execute_job(event=None, is_async=True, job_name='frappe.core.doctype.scheduled_job_type.scheduled_job_type.run_scheduled_jo..., kwargs={'job_type': 'frappe.monitor.flush', 'scheduled_job_type': 'rfabac2214'}, method='frappe.core.doctype.scheduled_job_type.scheduled_job_type.run_scheduled_jo..., site='education.localhost', user='Administrator') job in 0:00:00.804784s on worker 509d537860474bb2a312a7fc0ee82f39
2025-09-28 10:52:15,019 Users-user-Documents-resturantOS-frappe-bench:default: Job OK (education.localhost||scheduled_job||rfabac2214)
2025-09-28 10:52:15,020 Result is kept for 600 seconds
2025-09-28 10:52:15,030 Users-user-Documents-resturantOS-frappe-bench:default: frappe.utils.background_jobs.execute_job(event=None, is_async=True, job_name='frappe.core.doctype.scheduled_job_type.scheduled_job_type.run_scheduled_jo..., kwargs={'job_type': 'frappe.email.queue.retry_sending_emails', 'scheduled_job_type..., method='frappe.core.doctype.scheduled_job_type.scheduled_job_type.run_scheduled_jo..., site='erpnext.localhost', user='Administrator') (erpnext.localhost||scheduled_job||i3q1telple)
2025-09-28 10:52:15,902 Successfully completed frappe.utils.background_jobs.execute_job(event=None, is_async=True, job_name='frappe.core.doctype.scheduled_job_type.scheduled_job_type.run_scheduled_jo..., kwargs={'job_type': 'frappe.email.queue.retry_sending_emails', 'scheduled_job_type..., method='frappe.core.doctype.scheduled_job_type.scheduled_job_type.run_scheduled_jo..., site='erpnext.localhost', user='Administrator') job in 0:00:00.856762s on worker 509d537860474bb2a312a7fc0ee82f39
2025-09-28 10:52:15,903 Users-user-Documents-resturantOS-frappe-bench:default: Job OK (erpnext.localhost||scheduled_job||i3q1telple)
2025-09-28 10:52:15,903 Result is kept for 600 seconds
2025-09-28 10:52:15,914 Users-user-Documents-resturantOS-frappe-bench:default: frappe.utils.background_jobs.execute_job(event=None, is_async=True, job_name='frappe.core.doctype.scheduled_job_type.scheduled_job_type.run_scheduled_jo..., kwargs={'job_type': 'frappe.integrations.doctype.google_calendar.google_calendar.s..., method='frappe.core.doctype.scheduled_job_type.scheduled_job_type.run_scheduled_jo..., site='erpnext.localhost', user='Administrator') (erpnext.localhost||scheduled_job||i3q59sufvp)
2025-09-28 10:52:16,851 Successfully completed frappe.utils.background_jobs.execute_job(event=None, is_async=True, job_name='frappe.core.doctype.scheduled_job_type.scheduled_job_type.run_scheduled_jo..., kwargs={'job_type': 'frappe.integrations.doctype.google_calendar.google_calendar.s..., method='frappe.core.doctype.scheduled_job_type.scheduled_job_type.run_scheduled_jo..., site='erpnext.localhost', user='Administrator') job in 0:00:00.923783s on worker 509d537860474bb2a312a7fc0ee82f39
2025-09-28 10:52:16,852 Users-user-Documents-resturantOS-frappe-bench:default: Job OK (erpnext.localhost||scheduled_job||i3q59sufvp)
2025-09-28 10:52:16,852 Result is kept for 600 seconds
2025-09-28 10:52:16,864 Users-user-Documents-resturantOS-frappe-bench:default: frappe.utils.background_jobs.execute_job(event=None, is_async=True, job_name='frappe.core.doctype.scheduled_job_type.scheduled_job_type.run_scheduled_jo..., kwargs={'job_type': 'frappe.monitor.flush', 'scheduled_job_type': 'i3qnb8q0pg'}, method='frappe.core.doctype.scheduled_job_type.scheduled_job_type.run_scheduled_jo..., site='erpnext.localhost', user='Administrator') (erpnext.localhost||scheduled_job||i3qnb8q0pg)
2025-09-28 10:52:17,791 Successfully completed frappe.utils.background_jobs.execute_job(event=None, is_async=True, job_name='frappe.core.doctype.scheduled_job_type.scheduled_job_type.run_scheduled_jo..., kwargs={'job_type': 'frappe.monitor.flush', 'scheduled_job_type': 'i3qnb8q0pg'}, method='frappe.core.doctype.scheduled_job_type.scheduled_job_type.run_scheduled_jo..., site='erpnext.localhost', user='Administrator') job in 0:00:00.912077s on worker 509d537860474bb2a312a7fc0ee82f39
2025-09-28 10:52:17,792 Users-user-Documents-resturantOS-frappe-bench:default: Job OK (erpnext.localhost||scheduled_job||i3qnb8q0pg)
2025-09-28 10:52:17,792 Result is kept for 600 seconds
2025-09-28 10:52:17,803 Users-user-Documents-resturantOS-frappe-bench:default: frappe.utils.background_jobs.execute_job(event=None, is_async=True, job_name='frappe.core.doctype.scheduled_job_type.scheduled_job_type.run_scheduled_jo..., kwargs={'job_type': 'frappe.email.doctype.email_account.email_account.pull', 'sche..., method='frappe.core.doctype.scheduled_job_type.scheduled_job_type.run_scheduled_jo..., site='erpnext.localhost', user='Administrator') (erpnext.localhost||scheduled_job||i3qn3r9e35)
2025-09-28 10:52:18,953 Successfully completed frappe.utils.background_jobs.execute_job(event=None, is_async=True, job_name='frappe.core.doctype.scheduled_job_type.scheduled_job_type.run_scheduled_jo..., kwargs={'job_type': 'frappe.email.doctype.email_account.email_account.pull', 'sche..., method='frappe.core.doctype.scheduled_job_type.scheduled_job_type.run_scheduled_jo..., site='erpnext.localhost', user='Administrator') job in 0:00:01.135945s on worker 509d537860474bb2a312a7fc0ee82f39
2025-09-28 10:52:18,953 Users-user-Documents-resturantOS-frappe-bench:default: Job OK (erpnext.localhost||scheduled_job||i3qn3r9e35)
2025-09-28 10:52:18,954 Result is kept for 600 seconds
2025-09-28 10:52:18,965 Users-user-Documents-resturantOS-frappe-bench:default: frappe.utils.background_jobs.execute_job(event=None, is_async=True, job_name='frappe.core.doctype.scheduled_job_type.scheduled_job_type.run_scheduled_jo..., kwargs={'job_type': 'frappe.email.doctype.notification.notification.trigger_offset..., method='frappe.core.doctype.scheduled_job_type.scheduled_job_type.run_scheduled_jo..., site='erpnext.localhost', user='Administrator') (erpnext.localhost||scheduled_job||i3qenim3s4)
2025-09-28 10:52:19,851 Successfully completed frappe.utils.background_jobs.execute_job(event=None, is_async=True, job_name='frappe.core.doctype.scheduled_job_type.scheduled_job_type.run_scheduled_jo..., kwargs={'job_type': 'frappe.email.doctype.notification.notification.trigger_offset..., method='frappe.core.doctype.scheduled_job_type.scheduled_job_type.run_scheduled_jo..., site='erpnext.localhost', user='Administrator') job in 0:00:00.872429s on worker 509d537860474bb2a312a7fc0ee82f39
2025-09-28 10:52:19,851 Users-user-Documents-resturantOS-frappe-bench:default: Job OK (erpnext.localhost||scheduled_job||i3qenim3s4)
2025-09-28 10:52:19,852 Result is kept for 600 seconds
2025-09-28 10:52:19,862 Users-user-Documents-resturantOS-frappe-bench:default: frappe.utils.background_jobs.execute_job(event=None, is_async=True, job_name='frappe.core.doctype.scheduled_job_type.scheduled_job_type.run_scheduled_jo..., kwargs={'job_type': 'frappe.email.queue.flush', 'scheduled_job_type': 'i3qhjuun64'..., method='frappe.core.doctype.scheduled_job_type.scheduled_job_type.run_scheduled_jo..., site='erpnext.localhost', user='Administrator') (erpnext.localhost||scheduled_job||i3qhjuun64)
2025-09-28 10:52:20,762 Successfully completed frappe.utils.background_jobs.execute_job(event=None, is_async=True, job_name='frappe.core.doctype.scheduled_job_type.scheduled_job_type.run_scheduled_jo..., kwargs={'job_type': 'frappe.email.queue.flush', 'scheduled_job_type': 'i3qhjuun64'..., method='frappe.core.doctype.scheduled_job_type.scheduled_job_type.run_scheduled_jo..., site='erpnext.localhost', user='Administrator') job in 0:00:00.885074s on worker 509d537860474bb2a312a7fc0ee82f39
2025-09-28 10:52:20,762 Users-user-Documents-resturantOS-frappe-bench:default: Job OK (erpnext.localhost||scheduled_job||i3qhjuun64)
2025-09-28 10:52:20,763 Result is kept for 600 seconds
2025-09-28 10:52:20,773 Users-user-Documents-resturantOS-frappe-bench:default: frappe.utils.background_jobs.execute_job(event=None, is_async=True, job_name='frappe.core.doctype.scheduled_job_type.scheduled_job_type.run_scheduled_jo..., kwargs={'job_type': 'frappe.email.queue.flush', 'scheduled_job_type': 'moarrskqpm'..., method='frappe.core.doctype.scheduled_job_type.scheduled_job_type.run_scheduled_jo..., site='hrms.localhost', user='Administrator') (hrms.localhost||scheduled_job||moarrskqpm)
2025-09-28 10:52:21,732 Successfully completed frappe.utils.background_jobs.execute_job(event=None, is_async=True, job_name='frappe.core.doctype.scheduled_job_type.scheduled_job_type.run_scheduled_jo..., kwargs={'job_type': 'frappe.email.queue.flush', 'scheduled_job_type': 'moarrskqpm'..., method='frappe.core.doctype.scheduled_job_type.scheduled_job_type.run_scheduled_jo..., site='hrms.localhost', user='Administrator') job in 0:00:00.944643s on worker 509d537860474bb2a312a7fc0ee82f39
2025-09-28 10:52:21,733 Users-user-Documents-resturantOS-frappe-bench:default: Job OK (hrms.localhost||scheduled_job||moarrskqpm)
2025-09-28 10:52:21,734 Result is kept for 600 seconds
2025-09-28 10:52:21,744 Users-user-Documents-resturantOS-frappe-bench:default: frappe.utils.background_jobs.execute_job(event=None, is_async=True, job_name='frappe.core.doctype.scheduled_job_type.scheduled_job_type.run_scheduled_jo..., kwargs={'job_type': 'frappe.integrations.doctype.google_calendar.google_calendar.s..., method='frappe.core.doctype.scheduled_job_type.scheduled_job_type.run_scheduled_jo..., site='hrms.localhost', user='Administrator') (hrms.localhost||scheduled_job||moaj5vmroq)
2025-09-28 10:52:22,815 Successfully completed frappe.utils.background_jobs.execute_job(event=None, is_async=True, job_name='frappe.core.doctype.scheduled_job_type.scheduled_job_type.run_scheduled_jo..., kwargs={'job_type': 'frappe.integrations.doctype.google_calendar.google_calendar.s..., method='frappe.core.doctype.scheduled_job_type.scheduled_job_type.run_scheduled_jo..., site='hrms.localhost', user='Administrator') job in 0:00:01.057009s on worker 509d537860474bb2a312a7fc0ee82f39
2025-09-28 10:52:22,815 Users-user-Documents-resturantOS-frappe-bench:default: Job OK (hrms.localhost||scheduled_job||moaj5vmroq)
2025-09-28 10:52:22,816 Result is kept for 600 seconds
2025-09-28 10:52:22,829 Users-user-Documents-resturantOS-frappe-bench:default: frappe.utils.background_jobs.execute_job(event=None, is_async=True, job_name='frappe.core.doctype.scheduled_job_type.scheduled_job_type.run_scheduled_jo..., kwargs={'job_type': 'frappe.email.doctype.email_account.email_account.pull', 'sche..., method='frappe.core.doctype.scheduled_job_type.scheduled_job_type.run_scheduled_jo..., site='hrms.localhost', user='Administrator') (hrms.localhost||scheduled_job||moavp17f68)
2025-09-28 10:52:23,895 Successfully completed frappe.utils.background_jobs.execute_job(event=None, is_async=True, job_name='frappe.core.doctype.scheduled_job_type.scheduled_job_type.run_scheduled_jo..., kwargs={'job_type': 'frappe.email.doctype.email_account.email_account.pull', 'sche..., method='frappe.core.doctype.scheduled_job_type.scheduled_job_type.run_scheduled_jo..., site='hrms.localhost', user='Administrator') job in 0:00:01.051051s on worker 509d537860474bb2a312a7fc0ee82f39
2025-09-28 10:52:23,896 Users-user-Documents-resturantOS-frappe-bench:default: Job OK (hrms.localhost||scheduled_job||moavp17f68)
2025-09-28 10:52:23,896 Result is kept for 600 seconds
2025-09-28 10:52:23,910 Users-user-Documents-resturantOS-frappe-bench:default: frappe.utils.background_jobs.execute_job(event=None, is_async=True, job_name='frappe.core.doctype.scheduled_job_type.scheduled_job_type.run_scheduled_jo..., kwargs={'job_type': 'frappe.email.queue.retry_sending_emails', 'scheduled_job_type..., method='frappe.core.doctype.scheduled_job_type.scheduled_job_type.run_scheduled_jo..., site='hrms.localhost', user='Administrator') (hrms.localhost||scheduled_job||moa8b2rj9v)
2025-09-28 10:52:24,761 Successfully completed frappe.utils.background_jobs.execute_job(event=None, is_async=True, job_name='frappe.core.doctype.scheduled_job_type.scheduled_job_type.run_scheduled_jo..., kwargs={'job_type': 'frappe.email.queue.retry_sending_emails', 'scheduled_job_type..., method='frappe.core.doctype.scheduled_job_type.scheduled_job_type.run_scheduled_jo..., site='hrms.localhost', user='Administrator') job in 0:00:00.836441s on worker 509d537860474bb2a312a7fc0ee82f39
2025-09-28 10:52:24,762 Users-user-Documents-resturantOS-frappe-bench:default: Job OK (hrms.localhost||scheduled_job||moa8b2rj9v)
2025-09-28 10:52:24,762 Result is kept for 600 seconds
2025-09-28 10:52:24,773 Users-user-Documents-resturantOS-frappe-bench:default: frappe.utils.background_jobs.execute_job(event=None, is_async=True, job_name='frappe.core.doctype.scheduled_job_type.scheduled_job_type.run_scheduled_jo..., kwargs={'job_type': 'frappe.monitor.flush', 'scheduled_job_type': 'moa4nr1fii'}, method='frappe.core.doctype.scheduled_job_type.scheduled_job_type.run_scheduled_jo..., site='hrms.localhost', user='Administrator') (hrms.localhost||scheduled_job||moa4nr1fii)
2025-09-28 10:52:27,947 Successfully completed frappe.utils.background_jobs.execute_job(event=None, is_async=True, job_name='frappe.core.doctype.scheduled_job_type.scheduled_job_type.run_scheduled_jo..., kwargs={'job_type': 'frappe.monitor.flush', 'scheduled_job_type': 'moa4nr1fii'}, method='frappe.core.doctype.scheduled_job_type.scheduled_job_type.run_scheduled_jo..., site='hrms.localhost', user='Administrator') job in 0:00:03.157246s on worker 509d537860474bb2a312a7fc0ee82f39
2025-09-28 10:52:27,948 Users-user-Documents-resturantOS-frappe-bench:default: Job OK (hrms.localhost||scheduled_job||moa4nr1fii)
2025-09-28 10:52:27,948 Result is kept for 600 seconds
2025-09-28 10:52:27,960 Users-user-Documents-resturantOS-frappe-bench:default: frappe.utils.background_jobs.execute_job(event=None, is_async=True, job_name='frappe.core.doctype.scheduled_job_type.scheduled_job_type.run_scheduled_jo..., kwargs={'job_type': 'hrms.hr.doctype.interview.interview.send_interview_reminder',..., method='frappe.core.doctype.scheduled_job_type.scheduled_job_type.run_scheduled_jo..., site='hrms.localhost', user='Administrator') (hrms.localhost||scheduled_job||p395mfeqpe)
2025-09-28 10:52:28,863 Successfully completed frappe.utils.background_jobs.execute_job(event=None, is_async=True, job_name='frappe.core.doctype.scheduled_job_type.scheduled_job_type.run_scheduled_jo..., kwargs={'job_type': 'hrms.hr.doctype.interview.interview.send_interview_reminder',..., method='frappe.core.doctype.scheduled_job_type.scheduled_job_type.run_scheduled_jo..., site='hrms.localhost', user='Administrator') job in 0:00:00.887553s on worker 509d537860474bb2a312a7fc0ee82f39
2025-09-28 10:52:28,864 Users-user-Documents-resturantOS-frappe-bench:default: Job OK (hrms.localhost||scheduled_job||p395mfeqpe)
2025-09-28 10:52:28,864 Result is kept for 600 seconds
2025-09-28 10:52:28,875 Users-user-Documents-resturantOS-frappe-bench:default: frappe.utils.background_jobs.execute_job(event=None, is_async=True, job_name='frappe.core.doctype.scheduled_job_type.scheduled_job_type.run_scheduled_jo..., kwargs={'job_type': 'frappe.email.doctype.notification.notification.trigger_offset..., method='frappe.core.doctype.scheduled_job_type.scheduled_job_type.run_scheduled_jo..., site='hrms.localhost', user='Administrator') (hrms.localhost||scheduled_job||moa3u2rt95)
2025-09-28 10:52:29,723 Successfully completed frappe.utils.background_jobs.execute_job(event=None, is_async=True, job_name='frappe.core.doctype.scheduled_job_type.scheduled_job_type.run_scheduled_jo..., kwargs={'job_type': 'frappe.email.doctype.notification.notification.trigger_offset..., method='frappe.core.doctype.scheduled_job_type.scheduled_job_type.run_scheduled_jo..., site='hrms.localhost', user='Administrator') job in 0:00:00.834272s on worker 509d537860474bb2a312a7fc0ee82f39
2025-09-28 10:52:29,724 Users-user-Documents-resturantOS-frappe-bench:default: Job OK (hrms.localhost||scheduled_job||moa3u2rt95)
2025-09-28 10:52:29,724 Result is kept for 600 seconds
2025-09-28 10:56:00,808 Users-user-Documents-resturantOS-frappe-bench:default: frappe.utils.background_jobs.execute_job(event=None, is_async=True, job_name='frappe.core.doctype.scheduled_job_type.scheduled_job_type.run_scheduled_jo..., kwargs={'job_type': 'frappe.monitor.flush', 'scheduled_job_type': 'i3qnb8q0pg'}, method='frappe.core.doctype.scheduled_job_type.scheduled_job_type.run_scheduled_jo..., site='erpnext.localhost', user='Administrator') (erpnext.localhost||scheduled_job||i3qnb8q0pg)
2025-09-28 10:56:02,246 Successfully completed frappe.utils.background_jobs.execute_job(event=None, is_async=True, job_name='frappe.core.doctype.scheduled_job_type.scheduled_job_type.run_scheduled_jo..., kwargs={'job_type': 'frappe.monitor.flush', 'scheduled_job_type': 'i3qnb8q0pg'}, method='frappe.core.doctype.scheduled_job_type.scheduled_job_type.run_scheduled_jo..., site='erpnext.localhost', user='Administrator') job in 0:00:01.356904s on worker 509d537860474bb2a312a7fc0ee82f39
2025-09-28 10:56:02,246 Users-user-Documents-resturantOS-frappe-bench:default: Job OK (erpnext.localhost||scheduled_job||i3qnb8q0pg)
2025-09-28 10:56:02,247 Result is kept for 600 seconds
2025-09-28 10:56:02,257 Cleaning registries for queue: Users-user-Documents-resturantOS-frappe-bench:short
2025-09-28 10:56:02,259 Cleaning registries for queue: Users-user-Documents-resturantOS-frappe-bench:default
2025-09-28 10:56:02,261 Cleaning registries for queue: Users-user-Documents-resturantOS-frappe-bench:long
2025-09-28 10:56:02,264 Users-user-Documents-resturantOS-frappe-bench:default: frappe.utils.background_jobs.execute_job(event=None, is_async=True, job_name='frappe.core.doctype.scheduled_job_type.scheduled_job_type.run_scheduled_jo..., kwargs={'job_type': 'frappe.email.doctype.notification.notification.trigger_offset..., method='frappe.core.doctype.scheduled_job_type.scheduled_job_type.run_scheduled_jo..., site='erpnext.localhost', user='Administrator') (erpnext.localhost||scheduled_job||i3qenim3s4)
2025-09-28 10:56:03,431 Successfully completed frappe.utils.background_jobs.execute_job(event=None, is_async=True, job_name='frappe.core.doctype.scheduled_job_type.scheduled_job_type.run_scheduled_jo..., kwargs={'job_type': 'frappe.email.doctype.notification.notification.trigger_offset..., method='frappe.core.doctype.scheduled_job_type.scheduled_job_type.run_scheduled_jo..., site='erpnext.localhost', user='Administrator') job in 0:00:01.152612s on worker 509d537860474bb2a312a7fc0ee82f39
2025-09-28 10:56:03,432 Users-user-Documents-resturantOS-frappe-bench:default: Job OK (erpnext.localhost||scheduled_job||i3qenim3s4)
2025-09-28 10:56:03,432 Result is kept for 600 seconds
2025-09-28 10:56:03,444 Users-user-Documents-resturantOS-frappe-bench:default: frappe.utils.background_jobs.execute_job(event=None, is_async=True, job_name='frappe.core.doctype.scheduled_job_type.scheduled_job_type.run_scheduled_jo..., kwargs={'job_type': 'frappe.email.queue.flush', 'scheduled_job_type': 'i3qhjuun64'..., method='frappe.core.doctype.scheduled_job_type.scheduled_job_type.run_scheduled_jo..., site='erpnext.localhost', user='Administrator') (erpnext.localhost||scheduled_job||i3qhjuun64)
2025-09-28 10:56:04,567 Successfully completed frappe.utils.background_jobs.execute_job(event=None, is_async=True, job_name='frappe.core.doctype.scheduled_job_type.scheduled_job_type.run_scheduled_jo..., kwargs={'job_type': 'frappe.email.queue.flush', 'scheduled_job_type': 'i3qhjuun64'..., method='frappe.core.doctype.scheduled_job_type.scheduled_job_type.run_scheduled_jo..., site='erpnext.localhost', user='Administrator') job in 0:00:01.109450s on worker 509d537860474bb2a312a7fc0ee82f39
2025-09-28 10:56:04,568 Users-user-Documents-resturantOS-frappe-bench:default: Job OK (erpnext.localhost||scheduled_job||i3qhjuun64)
2025-09-28 10:56:04,569 Result is kept for 600 seconds
2025-09-28 10:56:04,582 Users-user-Documents-resturantOS-frappe-bench:default: frappe.utils.background_jobs.execute_job(event=None, is_async=True, job_name='frappe.core.doctype.scheduled_job_type.scheduled_job_type.run_scheduled_jo..., kwargs={'job_type': 'frappe.email.queue.retry_sending_emails', 'scheduled_job_type..., method='frappe.core.doctype.scheduled_job_type.scheduled_job_type.run_scheduled_jo..., site='erpnext.localhost', user='Administrator') (erpnext.localhost||scheduled_job||i3q1telple)
2025-09-28 10:56:06,535 Successfully completed frappe.utils.background_jobs.execute_job(event=None, is_async=True, job_name='frappe.core.doctype.scheduled_job_type.scheduled_job_type.run_scheduled_jo..., kwargs={'job_type': 'frappe.email.queue.retry_sending_emails', 'scheduled_job_type..., method='frappe.core.doctype.scheduled_job_type.scheduled_job_type.run_scheduled_jo..., site='erpnext.localhost', user='Administrator') job in 0:00:01.939165s on worker 509d537860474bb2a312a7fc0ee82f39
2025-09-28 10:56:06,536 Users-user-Documents-resturantOS-frappe-bench:default: Job OK (erpnext.localhost||scheduled_job||i3q1telple)
2025-09-28 10:56:06,537 Result is kept for 600 seconds
2025-09-28 10:56:06,560 Users-user-Documents-resturantOS-frappe-bench:default: frappe.utils.background_jobs.execute_job(event=None, is_async=True, job_name='frappe.core.doctype.scheduled_job_type.scheduled_job_type.run_scheduled_jo..., kwargs={'job_type': 'frappe.integrations.doctype.google_calendar.google_calendar.s..., method='frappe.core.doctype.scheduled_job_type.scheduled_job_type.run_scheduled_jo..., site='erpnext.localhost', user='Administrator') (erpnext.localhost||scheduled_job||i3q59sufvp)
2025-09-28 10:56:08,535 Successfully completed frappe.utils.background_jobs.execute_job(event=None, is_async=True, job_name='frappe.core.doctype.scheduled_job_type.scheduled_job_type.run_scheduled_jo..., kwargs={'job_type': 'frappe.integrations.doctype.google_calendar.google_calendar.s..., method='frappe.core.doctype.scheduled_job_type.scheduled_job_type.run_scheduled_jo..., site='erpnext.localhost', user='Administrator') job in 0:00:01.946543s on worker 509d537860474bb2a312a7fc0ee82f39
2025-09-28 10:56:08,536 Users-user-Documents-resturantOS-frappe-bench:default: Job OK (erpnext.localhost||scheduled_job||i3q59sufvp)
2025-09-28 10:56:08,538 Result is kept for 600 seconds
2025-09-28 10:56:08,552 Users-user-Documents-resturantOS-frappe-bench:default: frappe.utils.background_jobs.execute_job(event=None, is_async=True, job_name='frappe.core.doctype.scheduled_job_type.scheduled_job_type.run_scheduled_jo..., kwargs={'job_type': 'frappe.monitor.flush', 'scheduled_job_type': 't89s0d7svi'}, method='frappe.core.doctype.scheduled_job_type.scheduled_job_type.run_scheduled_jo..., site='resturant.localhost', user='Administrator') (resturant.localhost||scheduled_job||t89s0d7svi)
2025-09-28 10:56:10,403 Successfully completed frappe.utils.background_jobs.execute_job(event=None, is_async=True, job_name='frappe.core.doctype.scheduled_job_type.scheduled_job_type.run_scheduled_jo..., kwargs={'job_type': 'frappe.monitor.flush', 'scheduled_job_type': 't89s0d7svi'}, method='frappe.core.doctype.scheduled_job_type.scheduled_job_type.run_scheduled_jo..., site='resturant.localhost', user='Administrator') job in 0:00:01.832400s on worker 509d537860474bb2a312a7fc0ee82f39
2025-09-28 10:56:10,404 Users-user-Documents-resturantOS-frappe-bench:default: Job OK (resturant.localhost||scheduled_job||t89s0d7svi)
2025-09-28 10:56:10,404 Result is kept for 600 seconds
2025-09-28 10:56:10,418 Users-user-Documents-resturantOS-frappe-bench:default: frappe.utils.background_jobs.execute_job(event=None, is_async=True, job_name='frappe.core.doctype.scheduled_job_type.scheduled_job_type.run_scheduled_jo..., kwargs={'job_type': 'frappe.email.queue.flush', 'scheduled_job_type': 't89cjdiai5'..., method='frappe.core.doctype.scheduled_job_type.scheduled_job_type.run_scheduled_jo..., site='resturant.localhost', user='Administrator') (resturant.localhost||scheduled_job||t89cjdiai5)
2025-09-28 10:56:11,687 Successfully completed frappe.utils.background_jobs.execute_job(event=None, is_async=True, job_name='frappe.core.doctype.scheduled_job_type.scheduled_job_type.run_scheduled_jo..., kwargs={'job_type': 'frappe.email.queue.flush', 'scheduled_job_type': 't89cjdiai5'..., method='frappe.core.doctype.scheduled_job_type.scheduled_job_type.run_scheduled_jo..., site='resturant.localhost', user='Administrator') job in 0:00:01.251217s on worker 509d537860474bb2a312a7fc0ee82f39
2025-09-28 10:56:11,688 Users-user-Documents-resturantOS-frappe-bench:default: Job OK (resturant.localhost||scheduled_job||t89cjdiai5)
2025-09-28 10:56:11,688 Result is kept for 600 seconds
2025-09-28 10:56:11,700 Users-user-Documents-resturantOS-frappe-bench:default: frappe.utils.background_jobs.execute_job(event=None, is_async=True, job_name='frappe.core.doctype.scheduled_job_type.scheduled_job_type.run_scheduled_jo..., kwargs={'job_type': 'frappe.email.doctype.notification.notification.trigger_offset..., method='frappe.core.doctype.scheduled_job_type.scheduled_job_type.run_scheduled_jo..., site='resturant.localhost', user='Administrator') (resturant.localhost||scheduled_job||t892j3i7ae)
2025-09-28 10:56:13,612 Successfully completed frappe.utils.background_jobs.execute_job(event=None, is_async=True, job_name='frappe.core.doctype.scheduled_job_type.scheduled_job_type.run_scheduled_jo..., kwargs={'job_type': 'frappe.email.doctype.notification.notification.trigger_offset..., method='frappe.core.doctype.scheduled_job_type.scheduled_job_type.run_scheduled_jo..., site='resturant.localhost', user='Administrator') job in 0:00:01.896430s on worker 509d537860474bb2a312a7fc0ee82f39
2025-09-28 10:56:13,612 Users-user-Documents-resturantOS-frappe-bench:default: Job OK (resturant.localhost||scheduled_job||t892j3i7ae)
2025-09-28 10:56:13,613 Result is kept for 600 seconds
2025-09-28 10:56:13,625 Users-user-Documents-resturantOS-frappe-bench:default: frappe.utils.background_jobs.execute_job(event=None, is_async=True, job_name='frappe.core.doctype.scheduled_job_type.scheduled_job_type.run_scheduled_jo..., kwargs={'job_type': 'frappe.integrations.doctype.google_calendar.google_calendar.s..., method='frappe.core.doctype.scheduled_job_type.scheduled_job_type.run_scheduled_jo..., site='resturant.localhost', user='Administrator') (resturant.localhost||scheduled_job||t89didi78e)
2025-09-28 10:56:15,962 Successfully completed frappe.utils.background_jobs.execute_job(event=None, is_async=True, job_name='frappe.core.doctype.scheduled_job_type.scheduled_job_type.run_scheduled_jo..., kwargs={'job_type': 'frappe.integrations.doctype.google_calendar.google_calendar.s..., method='frappe.core.doctype.scheduled_job_type.scheduled_job_type.run_scheduled_jo..., site='resturant.localhost', user='Administrator') job in 0:00:02.307795s on worker 509d537860474bb2a312a7fc0ee82f39
2025-09-28 10:56:15,963 Users-user-Documents-resturantOS-frappe-bench:default: Job OK (resturant.localhost||scheduled_job||t89didi78e)
2025-09-28 10:56:15,964 Result is kept for 600 seconds
2025-09-28 10:56:15,982 Users-user-Documents-resturantOS-frappe-bench:default: frappe.utils.background_jobs.execute_job(event=None, is_async=True, job_name='frappe.core.doctype.scheduled_job_type.scheduled_job_type.run_scheduled_jo..., kwargs={'job_type': 'frappe.email.queue.retry_sending_emails', 'scheduled_job_type..., method='frappe.core.doctype.scheduled_job_type.scheduled_job_type.run_scheduled_jo..., site='resturant.localhost', user='Administrator') (resturant.localhost||scheduled_job||t898d96467)
2025-09-28 10:56:18,425 Successfully completed frappe.utils.background_jobs.execute_job(event=None, is_async=True, job_name='frappe.core.doctype.scheduled_job_type.scheduled_job_type.run_scheduled_jo..., kwargs={'job_type': 'frappe.email.queue.retry_sending_emails', 'scheduled_job_type..., method='frappe.core.doctype.scheduled_job_type.scheduled_job_type.run_scheduled_jo..., site='resturant.localhost', user='Administrator') job in 0:00:02.410761s on worker 509d537860474bb2a312a7fc0ee82f39
2025-09-28 10:56:18,426 Users-user-Documents-resturantOS-frappe-bench:default: Job OK (resturant.localhost||scheduled_job||t898d96467)
2025-09-28 10:56:18,427 Result is kept for 600 seconds
2025-09-28 10:56:18,440 Users-user-Documents-resturantOS-frappe-bench:default: frappe.utils.background_jobs.execute_job(event=None, is_async=True, job_name='frappe.core.doctype.scheduled_job_type.scheduled_job_type.run_scheduled_jo..., kwargs={'job_type': 'frappe.integrations.doctype.google_calendar.google_calendar.s..., method='frappe.core.doctype.scheduled_job_type.scheduled_job_type.run_scheduled_jo..., site='hrms.localhost', user='Administrator') (hrms.localhost||scheduled_job||moaj5vmroq)
2025-09-28 10:56:19,811 Successfully completed frappe.utils.background_jobs.execute_job(event=None, is_async=True, job_name='frappe.core.doctype.scheduled_job_type.scheduled_job_type.run_scheduled_jo..., kwargs={'job_type': 'frappe.integrations.doctype.google_calendar.google_calendar.s..., method='frappe.core.doctype.scheduled_job_type.scheduled_job_type.run_scheduled_jo..., site='hrms.localhost', user='Administrator') job in 0:00:01.353895s on worker 509d537860474bb2a312a7fc0ee82f39
2025-09-28 10:56:19,814 Users-user-Documents-resturantOS-frappe-bench:default: Job OK (hrms.localhost||scheduled_job||moaj5vmroq)
2025-09-28 10:56:19,816 Result is kept for 600 seconds
2025-09-28 10:56:19,830 Users-user-Documents-resturantOS-frappe-bench:default: frappe.utils.background_jobs.execute_job(event=None, is_async=True, job_name='frappe.core.doctype.scheduled_job_type.scheduled_job_type.run_scheduled_jo..., kwargs={'job_type': 'hrms.hr.doctype.interview.interview.send_interview_reminder',..., method='frappe.core.doctype.scheduled_job_type.scheduled_job_type.run_scheduled_jo..., site='hrms.localhost', user='Administrator') (hrms.localhost||scheduled_job||p395mfeqpe)
2025-09-28 10:56:21,548 Successfully completed frappe.utils.background_jobs.execute_job(event=None, is_async=True, job_name='frappe.core.doctype.scheduled_job_type.scheduled_job_type.run_scheduled_jo..., kwargs={'job_type': 'hrms.hr.doctype.interview.interview.send_interview_reminder',..., method='frappe.core.doctype.scheduled_job_type.scheduled_job_type.run_scheduled_jo..., site='hrms.localhost', user='Administrator') job in 0:00:01.698086s on worker 509d537860474bb2a312a7fc0ee82f39
2025-09-28 10:56:21,549 Users-user-Documents-resturantOS-frappe-bench:default: Job OK (hrms.localhost||scheduled_job||p395mfeqpe)
2025-09-28 10:56:21,550 Result is kept for 600 seconds
2025-09-28 10:56:21,565 Users-user-Documents-resturantOS-frappe-bench:default: frappe.utils.background_jobs.execute_job(event=None, is_async=True, job_name='frappe.core.doctype.scheduled_job_type.scheduled_job_type.run_scheduled_jo..., kwargs={'job_type': 'frappe.email.doctype.notification.notification.trigger_offset..., method='frappe.core.doctype.scheduled_job_type.scheduled_job_type.run_scheduled_jo..., site='hrms.localhost', user='Administrator') (hrms.localhost||scheduled_job||moa3u2rt95)
2025-09-28 10:56:23,196 Successfully completed frappe.utils.background_jobs.execute_job(event=None, is_async=True, job_name='frappe.core.doctype.scheduled_job_type.scheduled_job_type.run_scheduled_jo..., kwargs={'job_type': 'frappe.email.doctype.notification.notification.trigger_offset..., method='frappe.core.doctype.scheduled_job_type.scheduled_job_type.run_scheduled_jo..., site='hrms.localhost', user='Administrator') job in 0:00:01.607122s on worker 509d537860474bb2a312a7fc0ee82f39
2025-09-28 10:56:23,197 Users-user-Documents-resturantOS-frappe-bench:default: Job OK (hrms.localhost||scheduled_job||moa3u2rt95)
2025-09-28 10:56:23,198 Result is kept for 600 seconds
2025-09-28 10:56:23,219 Users-user-Documents-resturantOS-frappe-bench:default: frappe.utils.background_jobs.execute_job(event=None, is_async=True, job_name='frappe.core.doctype.scheduled_job_type.scheduled_job_type.run_scheduled_jo..., kwargs={'job_type': 'frappe.email.queue.retry_sending_emails', 'scheduled_job_type..., method='frappe.core.doctype.scheduled_job_type.scheduled_job_type.run_scheduled_jo..., site='hrms.localhost', user='Administrator') (hrms.localhost||scheduled_job||moa8b2rj9v)
2025-09-28 10:56:25,432 Successfully completed frappe.utils.background_jobs.execute_job(event=None, is_async=True, job_name='frappe.core.doctype.scheduled_job_type.scheduled_job_type.run_scheduled_jo..., kwargs={'job_type': 'frappe.email.queue.retry_sending_emails', 'scheduled_job_type..., method='frappe.core.doctype.scheduled_job_type.scheduled_job_type.run_scheduled_jo..., site='hrms.localhost', user='Administrator') job in 0:00:02.156166s on worker 509d537860474bb2a312a7fc0ee82f39
2025-09-28 10:56:25,433 Users-user-Documents-resturantOS-frappe-bench:default: Job OK (hrms.localhost||scheduled_job||moa8b2rj9v)
2025-09-28 10:56:25,434 Result is kept for 600 seconds
2025-09-28 10:56:25,450 Users-user-Documents-resturantOS-frappe-bench:default: frappe.utils.background_jobs.execute_job(event=None, is_async=True, job_name='frappe.core.doctype.scheduled_job_type.scheduled_job_type.run_scheduled_jo..., kwargs={'job_type': 'frappe.email.queue.flush', 'scheduled_job_type': 'moarrskqpm'..., method='frappe.core.doctype.scheduled_job_type.scheduled_job_type.run_scheduled_jo..., site='hrms.localhost', user='Administrator') (hrms.localhost||scheduled_job||moarrskqpm)
2025-09-28 10:56:27,466 Successfully completed frappe.utils.background_jobs.execute_job(event=None, is_async=True, job_name='frappe.core.doctype.scheduled_job_type.scheduled_job_type.run_scheduled_jo..., kwargs={'job_type': 'frappe.email.queue.flush', 'scheduled_job_type': 'moarrskqpm'..., method='frappe.core.doctype.scheduled_job_type.scheduled_job_type.run_scheduled_jo..., site='hrms.localhost', user='Administrator') job in 0:00:01.985975s on worker 509d537860474bb2a312a7fc0ee82f39
2025-09-28 10:56:27,467 Users-user-Documents-resturantOS-frappe-bench:default: Job OK (hrms.localhost||scheduled_job||moarrskqpm)
2025-09-28 10:56:27,470 Result is kept for 600 seconds
2025-09-28 10:56:27,486 Users-user-Documents-resturantOS-frappe-bench:default: frappe.utils.background_jobs.execute_job(event=None, is_async=True, job_name='frappe.core.doctype.scheduled_job_type.scheduled_job_type.run_scheduled_jo..., kwargs={'job_type': 'frappe.monitor.flush', 'scheduled_job_type': 'moa4nr1fii'}, method='frappe.core.doctype.scheduled_job_type.scheduled_job_type.run_scheduled_jo..., site='hrms.localhost', user='Administrator') (hrms.localhost||scheduled_job||moa4nr1fii)
2025-09-28 10:56:29,199 Successfully completed frappe.utils.background_jobs.execute_job(event=None, is_async=True, job_name='frappe.core.doctype.scheduled_job_type.scheduled_job_type.run_scheduled_jo..., kwargs={'job_type': 'frappe.monitor.flush', 'scheduled_job_type': 'moa4nr1fii'}, method='frappe.core.doctype.scheduled_job_type.scheduled_job_type.run_scheduled_jo..., site='hrms.localhost', user='Administrator') job in 0:00:01.691325s on worker 509d537860474bb2a312a7fc0ee82f39
2025-09-28 10:56:29,204 Users-user-Documents-resturantOS-frappe-bench:default: Job OK (hrms.localhost||scheduled_job||moa4nr1fii)
2025-09-28 10:56:29,205 Result is kept for 600 seconds
2025-09-28 10:56:29,221 Users-user-Documents-resturantOS-frappe-bench:default: frappe.utils.background_jobs.execute_job(event=None, is_async=True, job_name='frappe.core.doctype.scheduled_job_type.scheduled_job_type.run_scheduled_jo..., kwargs={'job_type': 'frappe.email.queue.flush', 'scheduled_job_type': 'rfau6l5hgd'..., method='frappe.core.doctype.scheduled_job_type.scheduled_job_type.run_scheduled_jo..., site='education.localhost', user='Administrator') (education.localhost||scheduled_job||rfau6l5hgd)
2025-09-28 10:56:31,656 Successfully completed frappe.utils.background_jobs.execute_job(event=None, is_async=True, job_name='frappe.core.doctype.scheduled_job_type.scheduled_job_type.run_scheduled_jo..., kwargs={'job_type': 'frappe.email.queue.flush', 'scheduled_job_type': 'rfau6l5hgd'..., method='frappe.core.doctype.scheduled_job_type.scheduled_job_type.run_scheduled_jo..., site='education.localhost', user='Administrator') job in 0:00:02.411988s on worker 509d537860474bb2a312a7fc0ee82f39
2025-09-28 10:56:31,657 Users-user-Documents-resturantOS-frappe-bench:default: Job OK (education.localhost||scheduled_job||rfau6l5hgd)
2025-09-28 10:56:31,658 Result is kept for 600 seconds
2025-09-28 10:56:31,674 Users-user-Documents-resturantOS-frappe-bench:default: frappe.utils.background_jobs.execute_job(event=None, is_async=True, job_name='frappe.core.doctype.scheduled_job_type.scheduled_job_type.run_scheduled_jo..., kwargs={'job_type': 'frappe.email.doctype.notification.notification.trigger_offset..., method='frappe.core.doctype.scheduled_job_type.scheduled_job_type.run_scheduled_jo..., site='education.localhost', user='Administrator') (education.localhost||scheduled_job||rfae444qht)
2025-09-28 10:56:33,218 Successfully completed frappe.utils.background_jobs.execute_job(event=None, is_async=True, job_name='frappe.core.doctype.scheduled_job_type.scheduled_job_type.run_scheduled_jo..., kwargs={'job_type': 'frappe.email.doctype.notification.notification.trigger_offset..., method='frappe.core.doctype.scheduled_job_type.scheduled_job_type.run_scheduled_jo..., site='education.localhost', user='Administrator') job in 0:00:01.517393s on worker 509d537860474bb2a312a7fc0ee82f39
2025-09-28 10:56:33,218 Users-user-Documents-resturantOS-frappe-bench:default: Job OK (education.localhost||scheduled_job||rfae444qht)
2025-09-28 10:56:33,219 Result is kept for 600 seconds
2025-09-28 10:56:33,230 Users-user-Documents-resturantOS-frappe-bench:default: frappe.utils.background_jobs.execute_job(event=None, is_async=True, job_name='frappe.core.doctype.scheduled_job_type.scheduled_job_type.run_scheduled_jo..., kwargs={'job_type': 'frappe.monitor.flush', 'scheduled_job_type': 'rfabac2214'}, method='frappe.core.doctype.scheduled_job_type.scheduled_job_type.run_scheduled_jo..., site='education.localhost', user='Administrator') (education.localhost||scheduled_job||rfabac2214)
2025-09-28 10:56:34,662 Successfully completed frappe.utils.background_jobs.execute_job(event=None, is_async=True, job_name='frappe.core.doctype.scheduled_job_type.scheduled_job_type.run_scheduled_jo..., kwargs={'job_type': 'frappe.monitor.flush', 'scheduled_job_type': 'rfabac2214'}, method='frappe.core.doctype.scheduled_job_type.scheduled_job_type.run_scheduled_jo..., site='education.localhost', user='Administrator') job in 0:00:01.413976s on worker 509d537860474bb2a312a7fc0ee82f39
2025-09-28 10:56:34,662 Users-user-Documents-resturantOS-frappe-bench:default: Job OK (education.localhost||scheduled_job||rfabac2214)
2025-09-28 10:56:34,663 Result is kept for 600 seconds
2025-09-28 10:56:34,675 Users-user-Documents-resturantOS-frappe-bench:default: frappe.utils.background_jobs.execute_job(event=None, is_async=True, job_name='frappe.core.doctype.scheduled_job_type.scheduled_job_type.run_scheduled_jo..., kwargs={'job_type': 'frappe.email.queue.retry_sending_emails', 'scheduled_job_type..., method='frappe.core.doctype.scheduled_job_type.scheduled_job_type.run_scheduled_jo..., site='education.localhost', user='Administrator') (education.localhost||scheduled_job||rfa4ssl812)
2025-09-28 10:56:36,000 Successfully completed frappe.utils.background_jobs.execute_job(event=None, is_async=True, job_name='frappe.core.doctype.scheduled_job_type.scheduled_job_type.run_scheduled_jo..., kwargs={'job_type': 'frappe.email.queue.retry_sending_emails', 'scheduled_job_type..., method='frappe.core.doctype.scheduled_job_type.scheduled_job_type.run_scheduled_jo..., site='education.localhost', user='Administrator') job in 0:00:01.290761s on worker 509d537860474bb2a312a7fc0ee82f39
2025-09-28 10:56:36,002 Users-user-Documents-resturantOS-frappe-bench:default: Job OK (education.localhost||scheduled_job||rfa4ssl812)
2025-09-28 10:56:36,003 Result is kept for 600 seconds
2025-09-28 10:56:36,018 Users-user-Documents-resturantOS-frappe-bench:default: frappe.utils.background_jobs.execute_job(event=None, is_async=True, job_name='frappe.core.doctype.scheduled_job_type.scheduled_job_type.run_scheduled_jo..., kwargs={'job_type': 'frappe.integrations.doctype.google_calendar.google_calendar.s..., method='frappe.core.doctype.scheduled_job_type.scheduled_job_type.run_scheduled_jo..., site='education.localhost', user='Administrator') (education.localhost||scheduled_job||rfadu7l5ur)
2025-09-28 10:56:37,338 Successfully completed frappe.utils.background_jobs.execute_job(event=None, is_async=True, job_name='frappe.core.doctype.scheduled_job_type.scheduled_job_type.run_scheduled_jo..., kwargs={'job_type': 'frappe.integrations.doctype.google_calendar.google_calendar.s..., method='frappe.core.doctype.scheduled_job_type.scheduled_job_type.run_scheduled_jo..., site='education.localhost', user='Administrator') job in 0:00:01.295682s on worker 509d537860474bb2a312a7fc0ee82f39
2025-09-28 10:56:37,339 Users-user-Documents-resturantOS-frappe-bench:default: Job OK (education.localhost||scheduled_job||rfadu7l5ur)
2025-09-28 10:56:37,339 Result is kept for 600 seconds
2025-09-28 11:00:00,688 Worker 509d537860474bb2a312a7fc0ee82f39 [PID 78576]: warm shut down requested
Traceback (most recent call last):
  File "/Users/user/Documents/resturantOS/frappe-bench/env/lib/python3.12/site-packages/redis/connection.py", line 644, in read_response
    response = self._parser.read_response(disable_decoding=disable_decoding)
               ^^^^^^^^^^^^^^^^^^^^^^^^^^^^^^^^^^^^^^^^^^^^^^^^^^^^^^^^^^^^^
  File "/Users/user/Documents/resturantOS/frappe-bench/env/lib/python3.12/site-packages/redis/_parsers/hiredis.py", line 158, in read_response
    self.read_from_socket()
  File "/Users/user/Documents/resturantOS/frappe-bench/env/lib/python3.12/site-packages/redis/_parsers/hiredis.py", line 108, in read_from_socket
    bufflen = self._sock.recv_into(self._buffer)
              ^^^^^^^^^^^^^^^^^^^^^^^^^^^^^^^^^^
ConnectionResetError: [Errno 54] Connection reset by peer

During handling of the above exception, another exception occurred:

Traceback (most recent call last):
  File "/Users/user/Documents/resturantOS/frappe-bench/apps/frappe/frappe/utils/bench_helper.py", line 48, in invoke
    return super().invoke(ctx)
           ^^^^^^^^^^^^^^^^^^^
  File "/Users/user/Documents/resturantOS/frappe-bench/env/lib/python3.12/site-packages/click/core.py", line 1830, in invoke
    return _process_result(sub_ctx.command.invoke(sub_ctx))
                           ^^^^^^^^^^^^^^^^^^^^^^^^^^^^^^^
  File "/Users/user/Documents/resturantOS/frappe-bench/env/lib/python3.12/site-packages/click/core.py", line 1226, in invoke
    return ctx.invoke(self.callback, **ctx.params)
           ^^^^^^^^^^^^^^^^^^^^^^^^^^^^^^^^^^^^^^^
  File "/Users/user/Documents/resturantOS/frappe-bench/env/lib/python3.12/site-packages/click/core.py", line 794, in invoke
    return callback(*args, **kwargs)
           ^^^^^^^^^^^^^^^^^^^^^^^^^
  File "/Users/user/Documents/resturantOS/frappe-bench/apps/frappe/frappe/commands/scheduler.py", line 206, in start_worker
    start_worker(
  File "/Users/user/Documents/resturantOS/frappe-bench/apps/frappe/frappe/utils/background_jobs.py", line 352, in start_worker
    worker.work(
  File "/Users/user/Documents/resturantOS/frappe-bench/env/lib/python3.12/site-packages/rq/worker.py", line 646, in work
    self.teardown()
  File "/Users/user/Documents/resturantOS/frappe-bench/env/lib/python3.12/site-packages/rq/worker.py", line 1147, in teardown
    self.register_death()
  File "/Users/user/Documents/resturantOS/frappe-bench/env/lib/python3.12/site-packages/rq/worker.py", line 894, in register_death
    p.execute()
  File "/Users/user/Documents/resturantOS/frappe-bench/env/lib/python3.12/site-packages/redis/client.py", line 1607, in execute
    conn = self.connection_pool.get_connection()
           ^^^^^^^^^^^^^^^^^^^^^^^^^^^^^^^^^^^^^
  File "/Users/user/Documents/resturantOS/frappe-bench/env/lib/python3.12/site-packages/redis/utils.py", line 191, in wrapper
    return func(*args, **kwargs)
           ^^^^^^^^^^^^^^^^^^^^^
  File "/Users/user/Documents/resturantOS/frappe-bench/env/lib/python3.12/site-packages/redis/connection.py", line 1530, in get_connection
    connection.connect()
  File "/Users/user/Documents/resturantOS/frappe-bench/env/lib/python3.12/site-packages/redis/connection.py", line 379, in connect
    self.connect_check_health(check_health=True)
  File "/Users/user/Documents/resturantOS/frappe-bench/env/lib/python3.12/site-packages/redis/connection.py", line 397, in connect_check_health
    self.on_connect_check_health(check_health=check_health)
  File "/Users/user/Documents/resturantOS/frappe-bench/env/lib/python3.12/site-packages/redis/connection.py", line 517, in on_connect_check_health
    self.read_response()
  File "/Users/user/Documents/resturantOS/frappe-bench/env/lib/python3.12/site-packages/redis/connection.py", line 652, in read_response
    raise ConnectionError(f"Error while reading from {host_error} : {e.args}")
redis.exceptions.ConnectionError: Error while reading from 127.0.0.1:11000 : (54, 'Connection reset by peer')

Error while reading from 127.0.0.1:11000 : (54, 'Connection reset by peer')
2025-09-28 11:01:40,601 Worker rq:worker:f3ef426b6c0c4dc19ddf780af9312982 started with PID 93053, version 2.4.0
2025-09-28 11:01:40,601 Subscribing to channel rq:pubsub:f3ef426b6c0c4dc19ddf780af9312982
2025-09-28 11:01:40,603 *** Listening on Users-user-Documents-resturantOS-frappe-bench:short, Users-user-Documents-resturantOS-frappe-bench:default, Users-user-Documents-resturantOS-frappe-bench:long...
2025-09-28 11:01:40,604 Cleaning registries for queue: Users-user-Documents-resturantOS-frappe-bench:short
2025-09-28 11:01:40,606 Cleaning registries for queue: Users-user-Documents-resturantOS-frappe-bench:default
2025-09-28 11:01:40,608 Cleaning registries for queue: Users-user-Documents-resturantOS-frappe-bench:long
2025-09-28 11:04:00,676 Users-user-Documents-resturantOS-frappe-bench:default: frappe.utils.background_jobs.execute_job(event=None, is_async=True, job_name='frappe.core.doctype.scheduled_job_type.scheduled_job_type.run_scheduled_jo..., kwargs={'job_type': 'frappe.model.utils.link_count.update_link_count', 'scheduled_..., method='frappe.core.doctype.scheduled_job_type.scheduled_job_type.run_scheduled_jo..., site='erpnext.localhost', user='Administrator') (erpnext.localhost||scheduled_job||i3ql4qgjlp)
2025-09-28 11:04:01,773 Successfully completed frappe.utils.background_jobs.execute_job(event=None, is_async=True, job_name='frappe.core.doctype.scheduled_job_type.scheduled_job_type.run_scheduled_jo..., kwargs={'job_type': 'frappe.model.utils.link_count.update_link_count', 'scheduled_..., method='frappe.core.doctype.scheduled_job_type.scheduled_job_type.run_scheduled_jo..., site='erpnext.localhost', user='Administrator') job in 0:00:01.054559s on worker f3ef426b6c0c4dc19ddf780af9312982
2025-09-28 11:04:01,773 Users-user-Documents-resturantOS-frappe-bench:default: Job OK (erpnext.localhost||scheduled_job||i3ql4qgjlp)
2025-09-28 11:04:01,773 Result is kept for 600 seconds
2025-09-28 11:04:01,790 Users-user-Documents-resturantOS-frappe-bench:default: frappe.utils.background_jobs.execute_job(event=None, is_async=True, job_name='frappe.core.doctype.scheduled_job_type.scheduled_job_type.run_scheduled_jo..., kwargs={'job_type': 'frappe.email.queue.flush', 'scheduled_job_type': 'i3qhjuun64'..., method='frappe.core.doctype.scheduled_job_type.scheduled_job_type.run_scheduled_jo..., site='erpnext.localhost', user='Administrator') (erpnext.localhost||scheduled_job||i3qhjuun64)
2025-09-28 11:04:02,690 Successfully completed frappe.utils.background_jobs.execute_job(event=None, is_async=True, job_name='frappe.core.doctype.scheduled_job_type.scheduled_job_type.run_scheduled_jo..., kwargs={'job_type': 'frappe.email.queue.flush', 'scheduled_job_type': 'i3qhjuun64'..., method='frappe.core.doctype.scheduled_job_type.scheduled_job_type.run_scheduled_jo..., site='erpnext.localhost', user='Administrator') job in 0:00:00.885208s on worker f3ef426b6c0c4dc19ddf780af9312982
2025-09-28 11:04:02,691 Users-user-Documents-resturantOS-frappe-bench:default: Job OK (erpnext.localhost||scheduled_job||i3qhjuun64)
2025-09-28 11:04:02,691 Result is kept for 600 seconds
2025-09-28 11:04:02,702 Users-user-Documents-resturantOS-frappe-bench:default: frappe.utils.background_jobs.execute_job(event=None, is_async=True, job_name='frappe.core.doctype.scheduled_job_type.scheduled_job_type.run_scheduled_jo..., kwargs={'job_type': 'frappe.monitor.flush', 'scheduled_job_type': 'i3qnb8q0pg'}, method='frappe.core.doctype.scheduled_job_type.scheduled_job_type.run_scheduled_jo..., site='erpnext.localhost', user='Administrator') (erpnext.localhost||scheduled_job||i3qnb8q0pg)
2025-09-28 11:04:03,506 Successfully completed frappe.utils.background_jobs.execute_job(event=None, is_async=True, job_name='frappe.core.doctype.scheduled_job_type.scheduled_job_type.run_scheduled_jo..., kwargs={'job_type': 'frappe.monitor.flush', 'scheduled_job_type': 'i3qnb8q0pg'}, method='frappe.core.doctype.scheduled_job_type.scheduled_job_type.run_scheduled_jo..., site='erpnext.localhost', user='Administrator') job in 0:00:00.791022s on worker f3ef426b6c0c4dc19ddf780af9312982
2025-09-28 11:04:03,507 Users-user-Documents-resturantOS-frappe-bench:default: Job OK (erpnext.localhost||scheduled_job||i3qnb8q0pg)
2025-09-28 11:04:03,507 Result is kept for 600 seconds
2025-09-28 11:04:03,520 Users-user-Documents-resturantOS-frappe-bench:default: frappe.utils.background_jobs.execute_job(event=None, is_async=True, job_name='frappe.core.doctype.scheduled_job_type.scheduled_job_type.run_scheduled_jo..., kwargs={'job_type': 'frappe.integrations.doctype.google_calendar.google_calendar.s..., method='frappe.core.doctype.scheduled_job_type.scheduled_job_type.run_scheduled_jo..., site='erpnext.localhost', user='Administrator') (erpnext.localhost||scheduled_job||i3q59sufvp)
2025-09-28 11:04:04,506 Successfully completed frappe.utils.background_jobs.execute_job(event=None, is_async=True, job_name='frappe.core.doctype.scheduled_job_type.scheduled_job_type.run_scheduled_jo..., kwargs={'job_type': 'frappe.integrations.doctype.google_calendar.google_calendar.s..., method='frappe.core.doctype.scheduled_job_type.scheduled_job_type.run_scheduled_jo..., site='erpnext.localhost', user='Administrator') job in 0:00:00.971326s on worker f3ef426b6c0c4dc19ddf780af9312982
2025-09-28 11:04:04,507 Users-user-Documents-resturantOS-frappe-bench:default: Job OK (erpnext.localhost||scheduled_job||i3q59sufvp)
2025-09-28 11:04:04,507 Result is kept for 600 seconds
2025-09-28 11:04:04,521 Users-user-Documents-resturantOS-frappe-bench:default: frappe.utils.background_jobs.execute_job(event=None, is_async=True, job_name='frappe.core.doctype.scheduled_job_type.scheduled_job_type.run_scheduled_jo..., kwargs={'job_type': 'frappe.email.doctype.email_account.email_account.pull', 'sche..., method='frappe.core.doctype.scheduled_job_type.scheduled_job_type.run_scheduled_jo..., site='erpnext.localhost', user='Administrator') (erpnext.localhost||scheduled_job||i3qn3r9e35)
2025-09-28 11:04:05,364 Successfully completed frappe.utils.background_jobs.execute_job(event=None, is_async=True, job_name='frappe.core.doctype.scheduled_job_type.scheduled_job_type.run_scheduled_jo..., kwargs={'job_type': 'frappe.email.doctype.email_account.email_account.pull', 'sche..., method='frappe.core.doctype.scheduled_job_type.scheduled_job_type.run_scheduled_jo..., site='erpnext.localhost', user='Administrator') job in 0:00:00.828104s on worker f3ef426b6c0c4dc19ddf780af9312982
2025-09-28 11:04:05,365 Users-user-Documents-resturantOS-frappe-bench:default: Job OK (erpnext.localhost||scheduled_job||i3qn3r9e35)
2025-09-28 11:04:05,366 Result is kept for 600 seconds
2025-09-28 11:04:05,379 Users-user-Documents-resturantOS-frappe-bench:default: frappe.utils.background_jobs.execute_job(event=None, is_async=True, job_name='frappe.core.doctype.scheduled_job_type.scheduled_job_type.run_scheduled_jo..., kwargs={'job_type': 'frappe.automation.doctype.reminder.reminder.send_reminders', ..., method='frappe.core.doctype.scheduled_job_type.scheduled_job_type.run_scheduled_jo..., site='erpnext.localhost', user='Administrator') (erpnext.localhost||scheduled_job||i3qqrd70l1)
2025-09-28 11:04:06,246 Successfully completed frappe.utils.background_jobs.execute_job(event=None, is_async=True, job_name='frappe.core.doctype.scheduled_job_type.scheduled_job_type.run_scheduled_jo..., kwargs={'job_type': 'frappe.automation.doctype.reminder.reminder.send_reminders', ..., method='frappe.core.doctype.scheduled_job_type.scheduled_job_type.run_scheduled_jo..., site='erpnext.localhost', user='Administrator') job in 0:00:00.852277s on worker f3ef426b6c0c4dc19ddf780af9312982
2025-09-28 11:04:06,247 Users-user-Documents-resturantOS-frappe-bench:default: Job OK (erpnext.localhost||scheduled_job||i3qqrd70l1)
2025-09-28 11:04:06,247 Result is kept for 600 seconds
2025-09-28 11:04:06,261 Users-user-Documents-resturantOS-frappe-bench:default: frappe.utils.background_jobs.execute_job(event=None, is_async=True, job_name='frappe.core.doctype.scheduled_job_type.scheduled_job_type.run_scheduled_jo..., kwargs={'job_type': 'frappe.email.doctype.notification.notification.trigger_offset..., method='frappe.core.doctype.scheduled_job_type.scheduled_job_type.run_scheduled_jo..., site='erpnext.localhost', user='Administrator') (erpnext.localhost||scheduled_job||i3qenim3s4)
2025-09-28 11:04:07,392 Successfully completed frappe.utils.background_jobs.execute_job(event=None, is_async=True, job_name='frappe.core.doctype.scheduled_job_type.scheduled_job_type.run_scheduled_jo..., kwargs={'job_type': 'frappe.email.doctype.notification.notification.trigger_offset..., method='frappe.core.doctype.scheduled_job_type.scheduled_job_type.run_scheduled_jo..., site='erpnext.localhost', user='Administrator') job in 0:00:01.112988s on worker f3ef426b6c0c4dc19ddf780af9312982
2025-09-28 11:04:07,396 Users-user-Documents-resturantOS-frappe-bench:default: Job OK (erpnext.localhost||scheduled_job||i3qenim3s4)
2025-09-28 11:04:07,396 Result is kept for 600 seconds
2025-09-28 11:04:07,415 Users-user-Documents-resturantOS-frappe-bench:default: frappe.utils.background_jobs.execute_job(event=None, is_async=True, job_name='frappe.core.doctype.scheduled_job_type.scheduled_job_type.run_scheduled_jo..., kwargs={'job_type': 'frappe.pulse.client.send_queued_events', 'scheduled_job_type'..., method='frappe.core.doctype.scheduled_job_type.scheduled_job_type.run_scheduled_jo..., site='erpnext.localhost', user='Administrator') (erpnext.localhost||scheduled_job||i3q6kfbc7n)
2025-09-28 11:04:08,249 Successfully completed frappe.utils.background_jobs.execute_job(event=None, is_async=True, job_name='frappe.core.doctype.scheduled_job_type.scheduled_job_type.run_scheduled_jo..., kwargs={'job_type': 'frappe.pulse.client.send_queued_events', 'scheduled_job_type'..., method='frappe.core.doctype.scheduled_job_type.scheduled_job_type.run_scheduled_jo..., site='erpnext.localhost', user='Administrator') job in 0:00:00.817587s on worker f3ef426b6c0c4dc19ddf780af9312982
2025-09-28 11:04:08,249 Users-user-Documents-resturantOS-frappe-bench:default: Job OK (erpnext.localhost||scheduled_job||i3q6kfbc7n)
2025-09-28 11:04:08,249 Result is kept for 600 seconds
2025-09-28 11:04:08,263 Users-user-Documents-resturantOS-frappe-bench:default: frappe.utils.background_jobs.execute_job(event=None, is_async=True, job_name='frappe.core.doctype.scheduled_job_type.scheduled_job_type.run_scheduled_jo..., kwargs={'job_type': 'frappe.utils.global_search.sync_global_search', 'scheduled_jo..., method='frappe.core.doctype.scheduled_job_type.scheduled_job_type.run_scheduled_jo..., site='erpnext.localhost', user='Administrator') (erpnext.localhost||scheduled_job||i3q1j6aa33)
2025-09-28 11:04:09,089 Successfully completed frappe.utils.background_jobs.execute_job(event=None, is_async=True, job_name='frappe.core.doctype.scheduled_job_type.scheduled_job_type.run_scheduled_jo..., kwargs={'job_type': 'frappe.utils.global_search.sync_global_search', 'scheduled_jo..., method='frappe.core.doctype.scheduled_job_type.scheduled_job_type.run_scheduled_jo..., site='erpnext.localhost', user='Administrator') job in 0:00:00.809909s on worker f3ef426b6c0c4dc19ddf780af9312982
2025-09-28 11:04:09,089 Users-user-Documents-resturantOS-frappe-bench:default: Job OK (erpnext.localhost||scheduled_job||i3q1j6aa33)
2025-09-28 11:04:09,090 Result is kept for 600 seconds
2025-09-28 11:04:09,101 Users-user-Documents-resturantOS-frappe-bench:default: frappe.utils.background_jobs.execute_job(event=None, is_async=True, job_name='frappe.core.doctype.scheduled_job_type.scheduled_job_type.run_scheduled_jo..., kwargs={'job_type': 'erpnext.projects.doctype.project.project.hourly_reminder', 's..., method='frappe.core.doctype.scheduled_job_type.scheduled_job_type.run_scheduled_jo..., site='erpnext.localhost', user='Administrator') (erpnext.localhost||scheduled_job||k0qk5j8ejs)
2025-09-28 11:04:10,523 Successfully completed frappe.utils.background_jobs.execute_job(event=None, is_async=True, job_name='frappe.core.doctype.scheduled_job_type.scheduled_job_type.run_scheduled_jo..., kwargs={'job_type': 'erpnext.projects.doctype.project.project.hourly_reminder', 's..., method='frappe.core.doctype.scheduled_job_type.scheduled_job_type.run_scheduled_jo..., site='erpnext.localhost', user='Administrator') job in 0:00:01.408904s on worker f3ef426b6c0c4dc19ddf780af9312982
2025-09-28 11:04:10,524 Users-user-Documents-resturantOS-frappe-bench:default: Job OK (erpnext.localhost||scheduled_job||k0qk5j8ejs)
2025-09-28 11:04:10,525 Result is kept for 600 seconds
2025-09-28 11:04:10,539 Users-user-Documents-resturantOS-frappe-bench:default: frappe.utils.background_jobs.execute_job(event=None, is_async=True, job_name='frappe.core.doctype.scheduled_job_type.scheduled_job_type.run_scheduled_jo..., kwargs={'job_type': 'frappe.search.sqlite_search.build_index_if_not_exists', 'sche..., method='frappe.core.doctype.scheduled_job_type.scheduled_job_type.run_scheduled_jo..., site='erpnext.localhost', user='Administrator') (erpnext.localhost||scheduled_job||i3qaoemf8f)
2025-09-28 11:04:11,353 Successfully completed frappe.utils.background_jobs.execute_job(event=None, is_async=True, job_name='frappe.core.doctype.scheduled_job_type.scheduled_job_type.run_scheduled_jo..., kwargs={'job_type': 'frappe.search.sqlite_search.build_index_if_not_exists', 'sche..., method='frappe.core.doctype.scheduled_job_type.scheduled_job_type.run_scheduled_jo..., site='erpnext.localhost', user='Administrator') job in 0:00:00.799687s on worker f3ef426b6c0c4dc19ddf780af9312982
2025-09-28 11:04:11,354 Users-user-Documents-resturantOS-frappe-bench:default: Job OK (erpnext.localhost||scheduled_job||i3qaoemf8f)
2025-09-28 11:04:11,354 Result is kept for 600 seconds
2025-09-28 11:04:11,366 Users-user-Documents-resturantOS-frappe-bench:default: frappe.utils.background_jobs.execute_job(event=None, is_async=True, job_name='frappe.core.doctype.scheduled_job_type.scheduled_job_type.run_scheduled_jo..., kwargs={'job_type': 'frappe.deferred_insert.save_to_db', 'scheduled_job_type': 'i3..., method='frappe.core.doctype.scheduled_job_type.scheduled_job_type.run_scheduled_jo..., site='erpnext.localhost', user='Administrator') (erpnext.localhost||scheduled_job||i3q9qk9urk)
2025-09-28 11:04:12,113 Successfully completed frappe.utils.background_jobs.execute_job(event=None, is_async=True, job_name='frappe.core.doctype.scheduled_job_type.scheduled_job_type.run_scheduled_jo..., kwargs={'job_type': 'frappe.deferred_insert.save_to_db', 'scheduled_job_type': 'i3..., method='frappe.core.doctype.scheduled_job_type.scheduled_job_type.run_scheduled_jo..., site='erpnext.localhost', user='Administrator') job in 0:00:00.732025s on worker f3ef426b6c0c4dc19ddf780af9312982
2025-09-28 11:04:12,113 Users-user-Documents-resturantOS-frappe-bench:default: Job OK (erpnext.localhost||scheduled_job||i3q9qk9urk)
2025-09-28 11:04:12,114 Result is kept for 600 seconds
2025-09-28 11:04:12,125 Users-user-Documents-resturantOS-frappe-bench:default: frappe.utils.background_jobs.execute_job(event=None, is_async=True, job_name='frappe.core.doctype.scheduled_job_type.scheduled_job_type.run_scheduled_jo..., kwargs={'job_type': 'frappe.email.queue.retry_sending_emails', 'scheduled_job_type..., method='frappe.core.doctype.scheduled_job_type.scheduled_job_type.run_scheduled_jo..., site='erpnext.localhost', user='Administrator') (erpnext.localhost||scheduled_job||i3q1telple)
2025-09-28 11:04:13,025 Successfully completed frappe.utils.background_jobs.execute_job(event=None, is_async=True, job_name='frappe.core.doctype.scheduled_job_type.scheduled_job_type.run_scheduled_jo..., kwargs={'job_type': 'frappe.email.queue.retry_sending_emails', 'scheduled_job_type..., method='frappe.core.doctype.scheduled_job_type.scheduled_job_type.run_scheduled_jo..., site='erpnext.localhost', user='Administrator') job in 0:00:00.886554s on worker f3ef426b6c0c4dc19ddf780af9312982
2025-09-28 11:04:13,026 Users-user-Documents-resturantOS-frappe-bench:default: Job OK (erpnext.localhost||scheduled_job||i3q1telple)
2025-09-28 11:04:13,026 Result is kept for 600 seconds
2025-09-28 11:04:13,038 Users-user-Documents-resturantOS-frappe-bench:default: frappe.utils.background_jobs.execute_job(event=None, is_async=True, job_name='frappe.core.doctype.scheduled_job_type.scheduled_job_type.run_scheduled_jo..., kwargs={'job_type': 'frappe.email.doctype.email_account.email_account.notify_unrep..., method='frappe.core.doctype.scheduled_job_type.scheduled_job_type.run_scheduled_jo..., site='erpnext.localhost', user='Administrator') (erpnext.localhost||scheduled_job||i3qkkem4ol)
2025-09-28 11:04:13,832 Successfully completed frappe.utils.background_jobs.execute_job(event=None, is_async=True, job_name='frappe.core.doctype.scheduled_job_type.scheduled_job_type.run_scheduled_jo..., kwargs={'job_type': 'frappe.email.doctype.email_account.email_account.notify_unrep..., method='frappe.core.doctype.scheduled_job_type.scheduled_job_type.run_scheduled_jo..., site='erpnext.localhost', user='Administrator') job in 0:00:00.780426s on worker f3ef426b6c0c4dc19ddf780af9312982
2025-09-28 11:04:13,832 Users-user-Documents-resturantOS-frappe-bench:default: Job OK (erpnext.localhost||scheduled_job||i3qkkem4ol)
2025-09-28 11:04:13,833 Result is kept for 600 seconds
2025-09-28 11:04:13,845 Users-user-Documents-resturantOS-frappe-bench:default: frappe.utils.background_jobs.execute_job(event=None, is_async=True, job_name='frappe.core.doctype.scheduled_job_type.scheduled_job_type.run_scheduled_jo..., kwargs={'job_type': 'erpnext.manufacturing.doctype.bom_update_log.bom_update_log.r..., method='frappe.core.doctype.scheduled_job_type.scheduled_job_type.run_scheduled_jo..., site='erpnext.localhost', user='Administrator') (erpnext.localhost||scheduled_job||k0qn2f783c)
2025-09-28 11:04:14,609 Successfully completed frappe.utils.background_jobs.execute_job(event=None, is_async=True, job_name='frappe.core.doctype.scheduled_job_type.scheduled_job_type.run_scheduled_jo..., kwargs={'job_type': 'erpnext.manufacturing.doctype.bom_update_log.bom_update_log.r..., method='frappe.core.doctype.scheduled_job_type.scheduled_job_type.run_scheduled_jo..., site='erpnext.localhost', user='Administrator') job in 0:00:00.750611s on worker f3ef426b6c0c4dc19ddf780af9312982
2025-09-28 11:04:14,610 Users-user-Documents-resturantOS-frappe-bench:default: Job OK (erpnext.localhost||scheduled_job||k0qn2f783c)
2025-09-28 11:04:14,611 Result is kept for 600 seconds
2025-09-28 11:04:14,621 Users-user-Documents-resturantOS-frappe-bench:default: frappe.utils.background_jobs.execute_job(event=None, is_async=True, job_name='frappe.core.doctype.scheduled_job_type.scheduled_job_type.run_scheduled_jo..., kwargs={'job_type': 'erpnext.manufacturing.doctype.bom_update_log.bom_update_log.r..., method='frappe.core.doctype.scheduled_job_type.scheduled_job_type.run_scheduled_jo..., site='hrms.localhost', user='Administrator') (hrms.localhost||scheduled_job||onj2e2o5l7)
2025-09-28 11:04:15,528 Successfully completed frappe.utils.background_jobs.execute_job(event=None, is_async=True, job_name='frappe.core.doctype.scheduled_job_type.scheduled_job_type.run_scheduled_jo..., kwargs={'job_type': 'erpnext.manufacturing.doctype.bom_update_log.bom_update_log.r..., method='frappe.core.doctype.scheduled_job_type.scheduled_job_type.run_scheduled_jo..., site='hrms.localhost', user='Administrator') job in 0:00:00.888923s on worker f3ef426b6c0c4dc19ddf780af9312982
2025-09-28 11:04:15,529 Users-user-Documents-resturantOS-frappe-bench:default: Job OK (hrms.localhost||scheduled_job||onj2e2o5l7)
2025-09-28 11:04:15,529 Result is kept for 600 seconds
2025-09-28 11:04:15,540 Users-user-Documents-resturantOS-frappe-bench:default: frappe.utils.background_jobs.execute_job(event=None, is_async=True, job_name='frappe.core.doctype.scheduled_job_type.scheduled_job_type.run_scheduled_jo..., kwargs={'job_type': 'frappe.email.queue.flush', 'scheduled_job_type': 'moarrskqpm'..., method='frappe.core.doctype.scheduled_job_type.scheduled_job_type.run_scheduled_jo..., site='hrms.localhost', user='Administrator') (hrms.localhost||scheduled_job||moarrskqpm)
2025-09-28 11:04:16,398 Successfully completed frappe.utils.background_jobs.execute_job(event=None, is_async=True, job_name='frappe.core.doctype.scheduled_job_type.scheduled_job_type.run_scheduled_jo..., kwargs={'job_type': 'frappe.email.queue.flush', 'scheduled_job_type': 'moarrskqpm'..., method='frappe.core.doctype.scheduled_job_type.scheduled_job_type.run_scheduled_jo..., site='hrms.localhost', user='Administrator') job in 0:00:00.843589s on worker f3ef426b6c0c4dc19ddf780af9312982
2025-09-28 11:04:16,399 Users-user-Documents-resturantOS-frappe-bench:default: Job OK (hrms.localhost||scheduled_job||moarrskqpm)
2025-09-28 11:04:16,399 Result is kept for 600 seconds
2025-09-28 11:04:16,411 Users-user-Documents-resturantOS-frappe-bench:default: frappe.utils.background_jobs.execute_job(event=None, is_async=True, job_name='frappe.core.doctype.scheduled_job_type.scheduled_job_type.run_scheduled_jo..., kwargs={'job_type': 'frappe.search.sqlite_search.build_index_if_not_exists', 'sche..., method='frappe.core.doctype.scheduled_job_type.scheduled_job_type.run_scheduled_jo..., site='hrms.localhost', user='Administrator') (hrms.localhost||scheduled_job||moaneeb4jv)
2025-09-28 11:04:17,239 Successfully completed frappe.utils.background_jobs.execute_job(event=None, is_async=True, job_name='frappe.core.doctype.scheduled_job_type.scheduled_job_type.run_scheduled_jo..., kwargs={'job_type': 'frappe.search.sqlite_search.build_index_if_not_exists', 'sche..., method='frappe.core.doctype.scheduled_job_type.scheduled_job_type.run_scheduled_jo..., site='hrms.localhost', user='Administrator') job in 0:00:00.812684s on worker f3ef426b6c0c4dc19ddf780af9312982
2025-09-28 11:04:17,240 Users-user-Documents-resturantOS-frappe-bench:default: Job OK (hrms.localhost||scheduled_job||moaneeb4jv)
2025-09-28 11:04:17,241 Result is kept for 600 seconds
2025-09-28 11:04:17,255 Users-user-Documents-resturantOS-frappe-bench:default: frappe.utils.background_jobs.execute_job(event=None, is_async=True, job_name='frappe.core.doctype.scheduled_job_type.scheduled_job_type.run_scheduled_jo..., kwargs={'job_type': 'frappe.automation.doctype.reminder.reminder.send_reminders', ..., method='frappe.core.doctype.scheduled_job_type.scheduled_job_type.run_scheduled_jo..., site='hrms.localhost', user='Administrator') (hrms.localhost||scheduled_job||moajgtod6h)
2025-09-28 11:04:18,261 Successfully completed frappe.utils.background_jobs.execute_job(event=None, is_async=True, job_name='frappe.core.doctype.scheduled_job_type.scheduled_job_type.run_scheduled_jo..., kwargs={'job_type': 'frappe.automation.doctype.reminder.reminder.send_reminders', ..., method='frappe.core.doctype.scheduled_job_type.scheduled_job_type.run_scheduled_jo..., site='hrms.localhost', user='Administrator') job in 0:00:00.983700s on worker f3ef426b6c0c4dc19ddf780af9312982
2025-09-28 11:04:18,262 Users-user-Documents-resturantOS-frappe-bench:default: Job OK (hrms.localhost||scheduled_job||moajgtod6h)
2025-09-28 11:04:18,262 Result is kept for 600 seconds
2025-09-28 11:04:18,277 Users-user-Documents-resturantOS-frappe-bench:default: frappe.utils.background_jobs.execute_job(event=None, is_async=True, job_name='frappe.core.doctype.scheduled_job_type.scheduled_job_type.run_scheduled_jo..., kwargs={'job_type': 'frappe.pulse.client.send_queued_events', 'scheduled_job_type'..., method='frappe.core.doctype.scheduled_job_type.scheduled_job_type.run_scheduled_jo..., site='hrms.localhost', user='Administrator') (hrms.localhost||scheduled_job||moast7616t)
2025-09-28 11:04:19,440 Successfully completed frappe.utils.background_jobs.execute_job(event=None, is_async=True, job_name='frappe.core.doctype.scheduled_job_type.scheduled_job_type.run_scheduled_jo..., kwargs={'job_type': 'frappe.pulse.client.send_queued_events', 'scheduled_job_type'..., method='frappe.core.doctype.scheduled_job_type.scheduled_job_type.run_scheduled_jo..., site='hrms.localhost', user='Administrator') job in 0:00:01.144025s on worker f3ef426b6c0c4dc19ddf780af9312982
2025-09-28 11:04:19,441 Users-user-Documents-resturantOS-frappe-bench:default: Job OK (hrms.localhost||scheduled_job||moast7616t)
2025-09-28 11:04:19,441 Result is kept for 600 seconds
2025-09-28 11:04:19,461 Users-user-Documents-resturantOS-frappe-bench:default: frappe.utils.background_jobs.execute_job(event=None, is_async=True, job_name='frappe.core.doctype.scheduled_job_type.scheduled_job_type.run_scheduled_jo..., kwargs={'job_type': 'frappe.monitor.flush', 'scheduled_job_type': 'moa4nr1fii'}, method='frappe.core.doctype.scheduled_job_type.scheduled_job_type.run_scheduled_jo..., site='hrms.localhost', user='Administrator') (hrms.localhost||scheduled_job||moa4nr1fii)
2025-09-28 11:04:20,579 Successfully completed frappe.utils.background_jobs.execute_job(event=None, is_async=True, job_name='frappe.core.doctype.scheduled_job_type.scheduled_job_type.run_scheduled_jo..., kwargs={'job_type': 'frappe.monitor.flush', 'scheduled_job_type': 'moa4nr1fii'}, method='frappe.core.doctype.scheduled_job_type.scheduled_job_type.run_scheduled_jo..., site='hrms.localhost', user='Administrator') job in 0:00:01.092124s on worker f3ef426b6c0c4dc19ddf780af9312982
2025-09-28 11:04:20,580 Users-user-Documents-resturantOS-frappe-bench:default: Job OK (hrms.localhost||scheduled_job||moa4nr1fii)
2025-09-28 11:04:20,581 Result is kept for 600 seconds
2025-09-28 11:04:20,593 Users-user-Documents-resturantOS-frappe-bench:default: frappe.utils.background_jobs.execute_job(event=None, is_async=True, job_name='frappe.core.doctype.scheduled_job_type.scheduled_job_type.run_scheduled_jo..., kwargs={'job_type': 'hrms.hr.doctype.daily_work_summary_group.daily_work_summary_g..., method='frappe.core.doctype.scheduled_job_type.scheduled_job_type.run_scheduled_jo..., site='hrms.localhost', user='Administrator') (hrms.localhost||scheduled_job||p39bjl85mv)
2025-09-28 11:04:21,786 Successfully completed frappe.utils.background_jobs.execute_job(event=None, is_async=True, job_name='frappe.core.doctype.scheduled_job_type.scheduled_job_type.run_scheduled_jo..., kwargs={'job_type': 'hrms.hr.doctype.daily_work_summary_group.daily_work_summary_g..., method='frappe.core.doctype.scheduled_job_type.scheduled_job_type.run_scheduled_jo..., site='hrms.localhost', user='Administrator') job in 0:00:01.173311s on worker f3ef426b6c0c4dc19ddf780af9312982
2025-09-28 11:04:21,786 Users-user-Documents-resturantOS-frappe-bench:default: Job OK (hrms.localhost||scheduled_job||p39bjl85mv)
2025-09-28 11:04:21,786 Result is kept for 600 seconds
2025-09-28 11:04:21,799 Users-user-Documents-resturantOS-frappe-bench:default: frappe.utils.background_jobs.execute_job(event=None, is_async=True, job_name='frappe.core.doctype.scheduled_job_type.scheduled_job_type.run_scheduled_jo..., kwargs={'job_type': 'frappe.model.utils.link_count.update_link_count', 'scheduled_..., method='frappe.core.doctype.scheduled_job_type.scheduled_job_type.run_scheduled_jo..., site='hrms.localhost', user='Administrator') (hrms.localhost||scheduled_job||moa69d1n58)
2025-09-28 11:04:22,615 Successfully completed frappe.utils.background_jobs.execute_job(event=None, is_async=True, job_name='frappe.core.doctype.scheduled_job_type.scheduled_job_type.run_scheduled_jo..., kwargs={'job_type': 'frappe.model.utils.link_count.update_link_count', 'scheduled_..., method='frappe.core.doctype.scheduled_job_type.scheduled_job_type.run_scheduled_jo..., site='hrms.localhost', user='Administrator') job in 0:00:00.799515s on worker f3ef426b6c0c4dc19ddf780af9312982
2025-09-28 11:04:22,616 Users-user-Documents-resturantOS-frappe-bench:default: Job OK (hrms.localhost||scheduled_job||moa69d1n58)
2025-09-28 11:04:22,616 Result is kept for 600 seconds
2025-09-28 11:04:22,627 Users-user-Documents-resturantOS-frappe-bench:default: frappe.utils.background_jobs.execute_job(event=None, is_async=True, job_name='frappe.core.doctype.scheduled_job_type.scheduled_job_type.run_scheduled_jo..., kwargs={'job_type': 'erpnext.projects.doctype.project.project.hourly_reminder', 's..., method='frappe.core.doctype.scheduled_job_type.scheduled_job_type.run_scheduled_jo..., site='hrms.localhost', user='Administrator') (hrms.localhost||scheduled_job||onjamhgo21)
2025-09-28 11:04:23,542 Successfully completed frappe.utils.background_jobs.execute_job(event=None, is_async=True, job_name='frappe.core.doctype.scheduled_job_type.scheduled_job_type.run_scheduled_jo..., kwargs={'job_type': 'erpnext.projects.doctype.project.project.hourly_reminder', 's..., method='frappe.core.doctype.scheduled_job_type.scheduled_job_type.run_scheduled_jo..., site='hrms.localhost', user='Administrator') job in 0:00:00.901292s on worker f3ef426b6c0c4dc19ddf780af9312982
2025-09-28 11:04:23,543 Users-user-Documents-resturantOS-frappe-bench:default: Job OK (hrms.localhost||scheduled_job||onjamhgo21)
2025-09-28 11:04:23,543 Result is kept for 600 seconds
2025-09-28 11:04:23,558 Users-user-Documents-resturantOS-frappe-bench:default: frappe.utils.background_jobs.execute_job(event=None, is_async=True, job_name='frappe.core.doctype.scheduled_job_type.scheduled_job_type.run_scheduled_jo..., kwargs={'job_type': 'frappe.email.queue.retry_sending_emails', 'scheduled_job_type..., method='frappe.core.doctype.scheduled_job_type.scheduled_job_type.run_scheduled_jo..., site='hrms.localhost', user='Administrator') (hrms.localhost||scheduled_job||moa8b2rj9v)
2025-09-28 11:04:24,353 Successfully completed frappe.utils.background_jobs.execute_job(event=None, is_async=True, job_name='frappe.core.doctype.scheduled_job_type.scheduled_job_type.run_scheduled_jo..., kwargs={'job_type': 'frappe.email.queue.retry_sending_emails', 'scheduled_job_type..., method='frappe.core.doctype.scheduled_job_type.scheduled_job_type.run_scheduled_jo..., site='hrms.localhost', user='Administrator') job in 0:00:00.780902s on worker f3ef426b6c0c4dc19ddf780af9312982
2025-09-28 11:04:24,354 Users-user-Documents-resturantOS-frappe-bench:default: Job OK (hrms.localhost||scheduled_job||moa8b2rj9v)
2025-09-28 11:04:24,355 Result is kept for 600 seconds
2025-09-28 11:04:24,366 Users-user-Documents-resturantOS-frappe-bench:default: frappe.utils.background_jobs.execute_job(event=None, is_async=True, job_name='frappe.core.doctype.scheduled_job_type.scheduled_job_type.run_scheduled_jo..., kwargs={'job_type': 'frappe.deferred_insert.save_to_db', 'scheduled_job_type': 'mo..., method='frappe.core.doctype.scheduled_job_type.scheduled_job_type.run_scheduled_jo..., site='hrms.localhost', user='Administrator') (hrms.localhost||scheduled_job||moaqk36bm8)
2025-09-28 11:04:25,179 Successfully completed frappe.utils.background_jobs.execute_job(event=None, is_async=True, job_name='frappe.core.doctype.scheduled_job_type.scheduled_job_type.run_scheduled_jo..., kwargs={'job_type': 'frappe.deferred_insert.save_to_db', 'scheduled_job_type': 'mo..., method='frappe.core.doctype.scheduled_job_type.scheduled_job_type.run_scheduled_jo..., site='hrms.localhost', user='Administrator') job in 0:00:00.796703s on worker f3ef426b6c0c4dc19ddf780af9312982
2025-09-28 11:04:25,180 Users-user-Documents-resturantOS-frappe-bench:default: Job OK (hrms.localhost||scheduled_job||moaqk36bm8)
2025-09-28 11:04:25,180 Result is kept for 600 seconds
2025-09-28 11:04:25,191 Users-user-Documents-resturantOS-frappe-bench:default: frappe.utils.background_jobs.execute_job(event=None, is_async=True, job_name='frappe.core.doctype.scheduled_job_type.scheduled_job_type.run_scheduled_jo..., kwargs={'job_type': 'frappe.email.doctype.email_account.email_account.notify_unrep..., method='frappe.core.doctype.scheduled_job_type.scheduled_job_type.run_scheduled_jo..., site='hrms.localhost', user='Administrator') (hrms.localhost||scheduled_job||moaa3rhgb2)
2025-09-28 11:04:26,059 Successfully completed frappe.utils.background_jobs.execute_job(event=None, is_async=True, job_name='frappe.core.doctype.scheduled_job_type.scheduled_job_type.run_scheduled_jo..., kwargs={'job_type': 'frappe.email.doctype.email_account.email_account.notify_unrep..., method='frappe.core.doctype.scheduled_job_type.scheduled_job_type.run_scheduled_jo..., site='hrms.localhost', user='Administrator') job in 0:00:00.854281s on worker f3ef426b6c0c4dc19ddf780af9312982
2025-09-28 11:04:26,059 Users-user-Documents-resturantOS-frappe-bench:default: Job OK (hrms.localhost||scheduled_job||moaa3rhgb2)
2025-09-28 11:04:26,059 Result is kept for 600 seconds
2025-09-28 11:04:26,071 Users-user-Documents-resturantOS-frappe-bench:default: frappe.utils.background_jobs.execute_job(event=None, is_async=True, job_name='frappe.core.doctype.scheduled_job_type.scheduled_job_type.run_scheduled_jo..., kwargs={'job_type': 'frappe.integrations.doctype.google_calendar.google_calendar.s..., method='frappe.core.doctype.scheduled_job_type.scheduled_job_type.run_scheduled_jo..., site='hrms.localhost', user='Administrator') (hrms.localhost||scheduled_job||moaj5vmroq)
2025-09-28 11:04:26,955 Successfully completed frappe.utils.background_jobs.execute_job(event=None, is_async=True, job_name='frappe.core.doctype.scheduled_job_type.scheduled_job_type.run_scheduled_jo..., kwargs={'job_type': 'frappe.integrations.doctype.google_calendar.google_calendar.s..., method='frappe.core.doctype.scheduled_job_type.scheduled_job_type.run_scheduled_jo..., site='hrms.localhost', user='Administrator') job in 0:00:00.870717s on worker f3ef426b6c0c4dc19ddf780af9312982
2025-09-28 11:04:26,955 Users-user-Documents-resturantOS-frappe-bench:default: Job OK (hrms.localhost||scheduled_job||moaj5vmroq)
2025-09-28 11:04:26,955 Result is kept for 600 seconds
2025-09-28 11:04:26,968 Users-user-Documents-resturantOS-frappe-bench:default: frappe.utils.background_jobs.execute_job(event=None, is_async=True, job_name='frappe.core.doctype.scheduled_job_type.scheduled_job_type.run_scheduled_jo..., kwargs={'job_type': 'hrms.hr.doctype.interview.interview.send_interview_reminder',..., method='frappe.core.doctype.scheduled_job_type.scheduled_job_type.run_scheduled_jo..., site='hrms.localhost', user='Administrator') (hrms.localhost||scheduled_job||p395mfeqpe)
2025-09-28 11:04:27,817 Successfully completed frappe.utils.background_jobs.execute_job(event=None, is_async=True, job_name='frappe.core.doctype.scheduled_job_type.scheduled_job_type.run_scheduled_jo..., kwargs={'job_type': 'hrms.hr.doctype.interview.interview.send_interview_reminder',..., method='frappe.core.doctype.scheduled_job_type.scheduled_job_type.run_scheduled_jo..., site='hrms.localhost', user='Administrator') job in 0:00:00.835666s on worker f3ef426b6c0c4dc19ddf780af9312982
2025-09-28 11:04:27,817 Users-user-Documents-resturantOS-frappe-bench:default: Job OK (hrms.localhost||scheduled_job||p395mfeqpe)
2025-09-28 11:04:27,817 Result is kept for 600 seconds
2025-09-28 11:04:27,827 Users-user-Documents-resturantOS-frappe-bench:default: frappe.utils.background_jobs.execute_job(event=None, is_async=True, job_name='frappe.core.doctype.scheduled_job_type.scheduled_job_type.run_scheduled_jo..., kwargs={'job_type': 'frappe.email.doctype.notification.notification.trigger_offset..., method='frappe.core.doctype.scheduled_job_type.scheduled_job_type.run_scheduled_jo..., site='hrms.localhost', user='Administrator') (hrms.localhost||scheduled_job||moa3u2rt95)
2025-09-28 11:04:28,628 Successfully completed frappe.utils.background_jobs.execute_job(event=None, is_async=True, job_name='frappe.core.doctype.scheduled_job_type.scheduled_job_type.run_scheduled_jo..., kwargs={'job_type': 'frappe.email.doctype.notification.notification.trigger_offset..., method='frappe.core.doctype.scheduled_job_type.scheduled_job_type.run_scheduled_jo..., site='hrms.localhost', user='Administrator') job in 0:00:00.787504s on worker f3ef426b6c0c4dc19ddf780af9312982
2025-09-28 11:04:28,629 Users-user-Documents-resturantOS-frappe-bench:default: Job OK (hrms.localhost||scheduled_job||moa3u2rt95)
2025-09-28 11:04:28,629 Result is kept for 600 seconds
2025-09-28 11:04:28,640 Users-user-Documents-resturantOS-frappe-bench:default: frappe.utils.background_jobs.execute_job(event=None, is_async=True, job_name='frappe.core.doctype.scheduled_job_type.scheduled_job_type.run_scheduled_jo..., kwargs={'job_type': 'frappe.email.doctype.email_account.email_account.pull', 'sche..., method='frappe.core.doctype.scheduled_job_type.scheduled_job_type.run_scheduled_jo..., site='hrms.localhost', user='Administrator') (hrms.localhost||scheduled_job||moavp17f68)
2025-09-28 11:04:29,488 Successfully completed frappe.utils.background_jobs.execute_job(event=None, is_async=True, job_name='frappe.core.doctype.scheduled_job_type.scheduled_job_type.run_scheduled_jo..., kwargs={'job_type': 'frappe.email.doctype.email_account.email_account.pull', 'sche..., method='frappe.core.doctype.scheduled_job_type.scheduled_job_type.run_scheduled_jo..., site='hrms.localhost', user='Administrator') job in 0:00:00.833211s on worker f3ef426b6c0c4dc19ddf780af9312982
2025-09-28 11:04:29,489 Users-user-Documents-resturantOS-frappe-bench:default: Job OK (hrms.localhost||scheduled_job||moavp17f68)
2025-09-28 11:04:29,489 Result is kept for 600 seconds
2025-09-28 11:04:29,509 Users-user-Documents-resturantOS-frappe-bench:default: frappe.utils.background_jobs.execute_job(event=None, is_async=True, job_name='frappe.core.doctype.scheduled_job_type.scheduled_job_type.run_scheduled_jo..., kwargs={'job_type': 'frappe.utils.global_search.sync_global_search', 'scheduled_jo..., method='frappe.core.doctype.scheduled_job_type.scheduled_job_type.run_scheduled_jo..., site='hrms.localhost', user='Administrator') (hrms.localhost||scheduled_job||moasulb44c)
2025-09-28 11:04:30,640 Successfully completed frappe.utils.background_jobs.execute_job(event=None, is_async=True, job_name='frappe.core.doctype.scheduled_job_type.scheduled_job_type.run_scheduled_jo..., kwargs={'job_type': 'frappe.utils.global_search.sync_global_search', 'scheduled_jo..., method='frappe.core.doctype.scheduled_job_type.scheduled_job_type.run_scheduled_jo..., site='hrms.localhost', user='Administrator') job in 0:00:01.116124s on worker f3ef426b6c0c4dc19ddf780af9312982
2025-09-28 11:04:30,640 Users-user-Documents-resturantOS-frappe-bench:default: Job OK (hrms.localhost||scheduled_job||moasulb44c)
2025-09-28 11:04:30,640 Result is kept for 600 seconds
2025-09-28 11:04:30,656 Users-user-Documents-resturantOS-frappe-bench:default: frappe.utils.background_jobs.execute_job(event=None, is_async=True, job_name='frappe.core.doctype.scheduled_job_type.scheduled_job_type.run_scheduled_jo..., kwargs={'job_type': 'frappe.utils.global_search.sync_global_search', 'scheduled_jo..., method='frappe.core.doctype.scheduled_job_type.scheduled_job_type.run_scheduled_jo..., site='resturant.localhost', user='Administrator') (resturant.localhost||scheduled_job||t892q6fb7n)
2025-09-28 11:04:31,519 Successfully completed frappe.utils.background_jobs.execute_job(event=None, is_async=True, job_name='frappe.core.doctype.scheduled_job_type.scheduled_job_type.run_scheduled_jo..., kwargs={'job_type': 'frappe.utils.global_search.sync_global_search', 'scheduled_jo..., method='frappe.core.doctype.scheduled_job_type.scheduled_job_type.run_scheduled_jo..., site='resturant.localhost', user='Administrator') job in 0:00:00.848884s on worker f3ef426b6c0c4dc19ddf780af9312982
2025-09-28 11:04:31,519 Users-user-Documents-resturantOS-frappe-bench:default: Job OK (resturant.localhost||scheduled_job||t892q6fb7n)
2025-09-28 11:04:31,520 Result is kept for 600 seconds
2025-09-28 11:04:31,532 Users-user-Documents-resturantOS-frappe-bench:default: frappe.utils.background_jobs.execute_job(event=None, is_async=True, job_name='frappe.core.doctype.scheduled_job_type.scheduled_job_type.run_scheduled_jo..., kwargs={'job_type': 'frappe.monitor.flush', 'scheduled_job_type': 't89s0d7svi'}, method='frappe.core.doctype.scheduled_job_type.scheduled_job_type.run_scheduled_jo..., site='resturant.localhost', user='Administrator') (resturant.localhost||scheduled_job||t89s0d7svi)
2025-09-28 11:04:32,504 Successfully completed frappe.utils.background_jobs.execute_job(event=None, is_async=True, job_name='frappe.core.doctype.scheduled_job_type.scheduled_job_type.run_scheduled_jo..., kwargs={'job_type': 'frappe.monitor.flush', 'scheduled_job_type': 't89s0d7svi'}, method='frappe.core.doctype.scheduled_job_type.scheduled_job_type.run_scheduled_jo..., site='resturant.localhost', user='Administrator') job in 0:00:00.957764s on worker f3ef426b6c0c4dc19ddf780af9312982
2025-09-28 11:04:32,504 Users-user-Documents-resturantOS-frappe-bench:default: Job OK (resturant.localhost||scheduled_job||t89s0d7svi)
2025-09-28 11:04:32,504 Result is kept for 600 seconds
2025-09-28 11:04:32,518 Users-user-Documents-resturantOS-frappe-bench:default: frappe.utils.background_jobs.execute_job(event=None, is_async=True, job_name='frappe.core.doctype.scheduled_job_type.scheduled_job_type.run_scheduled_jo..., kwargs={'job_type': 'frappe.email.queue.retry_sending_emails', 'scheduled_job_type..., method='frappe.core.doctype.scheduled_job_type.scheduled_job_type.run_scheduled_jo..., site='resturant.localhost', user='Administrator') (resturant.localhost||scheduled_job||t898d96467)
2025-09-28 11:04:33,327 Successfully completed frappe.utils.background_jobs.execute_job(event=None, is_async=True, job_name='frappe.core.doctype.scheduled_job_type.scheduled_job_type.run_scheduled_jo..., kwargs={'job_type': 'frappe.email.queue.retry_sending_emails', 'scheduled_job_type..., method='frappe.core.doctype.scheduled_job_type.scheduled_job_type.run_scheduled_jo..., site='resturant.localhost', user='Administrator') job in 0:00:00.795159s on worker f3ef426b6c0c4dc19ddf780af9312982
2025-09-28 11:04:33,327 Users-user-Documents-resturantOS-frappe-bench:default: Job OK (resturant.localhost||scheduled_job||t898d96467)
2025-09-28 11:04:33,328 Result is kept for 600 seconds
2025-09-28 11:04:33,339 Users-user-Documents-resturantOS-frappe-bench:default: frappe.utils.background_jobs.execute_job(event=None, is_async=True, job_name='frappe.core.doctype.scheduled_job_type.scheduled_job_type.run_scheduled_jo..., kwargs={'job_type': 'frappe.email.doctype.email_account.email_account.notify_unrep..., method='frappe.core.doctype.scheduled_job_type.scheduled_job_type.run_scheduled_jo..., site='resturant.localhost', user='Administrator') (resturant.localhost||scheduled_job||t899cq0gk7)
2025-09-28 11:04:34,081 Successfully completed frappe.utils.background_jobs.execute_job(event=None, is_async=True, job_name='frappe.core.doctype.scheduled_job_type.scheduled_job_type.run_scheduled_jo..., kwargs={'job_type': 'frappe.email.doctype.email_account.email_account.notify_unrep..., method='frappe.core.doctype.scheduled_job_type.scheduled_job_type.run_scheduled_jo..., site='resturant.localhost', user='Administrator') job in 0:00:00.728242s on worker f3ef426b6c0c4dc19ddf780af9312982
2025-09-28 11:04:34,081 Users-user-Documents-resturantOS-frappe-bench:default: Job OK (resturant.localhost||scheduled_job||t899cq0gk7)
2025-09-28 11:04:34,081 Result is kept for 600 seconds
2025-09-28 11:04:34,093 Users-user-Documents-resturantOS-frappe-bench:default: frappe.utils.background_jobs.execute_job(event=None, is_async=True, job_name='frappe.core.doctype.scheduled_job_type.scheduled_job_type.run_scheduled_jo..., kwargs={'job_type': 'frappe.email.doctype.notification.notification.trigger_offset..., method='frappe.core.doctype.scheduled_job_type.scheduled_job_type.run_scheduled_jo..., site='resturant.localhost', user='Administrator') (resturant.localhost||scheduled_job||t892j3i7ae)
2025-09-28 11:04:35,142 Successfully completed frappe.utils.background_jobs.execute_job(event=None, is_async=True, job_name='frappe.core.doctype.scheduled_job_type.scheduled_job_type.run_scheduled_jo..., kwargs={'job_type': 'frappe.email.doctype.notification.notification.trigger_offset..., method='frappe.core.doctype.scheduled_job_type.scheduled_job_type.run_scheduled_jo..., site='resturant.localhost', user='Administrator') job in 0:00:01.035261s on worker f3ef426b6c0c4dc19ddf780af9312982
2025-09-28 11:04:35,143 Users-user-Documents-resturantOS-frappe-bench:default: Job OK (resturant.localhost||scheduled_job||t892j3i7ae)
2025-09-28 11:04:35,144 Result is kept for 600 seconds
2025-09-28 11:04:35,158 Users-user-Documents-resturantOS-frappe-bench:default: frappe.utils.background_jobs.execute_job(event=None, is_async=True, job_name='frappe.core.doctype.scheduled_job_type.scheduled_job_type.run_scheduled_jo..., kwargs={'job_type': 'frappe.pulse.client.send_queued_events', 'scheduled_job_type'..., method='frappe.core.doctype.scheduled_job_type.scheduled_job_type.run_scheduled_jo..., site='resturant.localhost', user='Administrator') (resturant.localhost||scheduled_job||t89m5nii7s)
2025-09-28 11:04:36,516 Successfully completed frappe.utils.background_jobs.execute_job(event=None, is_async=True, job_name='frappe.core.doctype.scheduled_job_type.scheduled_job_type.run_scheduled_jo..., kwargs={'job_type': 'frappe.pulse.client.send_queued_events', 'scheduled_job_type'..., method='frappe.core.doctype.scheduled_job_type.scheduled_job_type.run_scheduled_jo..., site='resturant.localhost', user='Administrator') job in 0:00:01.340452s on worker f3ef426b6c0c4dc19ddf780af9312982
2025-09-28 11:04:36,516 Users-user-Documents-resturantOS-frappe-bench:default: Job OK (resturant.localhost||scheduled_job||t89m5nii7s)
2025-09-28 11:04:36,517 Result is kept for 600 seconds
2025-09-28 11:04:36,530 Users-user-Documents-resturantOS-frappe-bench:default: frappe.utils.background_jobs.execute_job(event=None, is_async=True, job_name='frappe.core.doctype.scheduled_job_type.scheduled_job_type.run_scheduled_jo..., kwargs={'job_type': 'frappe.model.utils.link_count.update_link_count', 'scheduled_..., method='frappe.core.doctype.scheduled_job_type.scheduled_job_type.run_scheduled_jo..., site='resturant.localhost', user='Administrator') (resturant.localhost||scheduled_job||t89vc95mc3)
2025-09-28 11:04:37,341 Successfully completed frappe.utils.background_jobs.execute_job(event=None, is_async=True, job_name='frappe.core.doctype.scheduled_job_type.scheduled_job_type.run_scheduled_jo..., kwargs={'job_type': 'frappe.model.utils.link_count.update_link_count', 'scheduled_..., method='frappe.core.doctype.scheduled_job_type.scheduled_job_type.run_scheduled_jo..., site='resturant.localhost', user='Administrator') job in 0:00:00.798926s on worker f3ef426b6c0c4dc19ddf780af9312982
2025-09-28 11:04:37,342 Users-user-Documents-resturantOS-frappe-bench:default: Job OK (resturant.localhost||scheduled_job||t89vc95mc3)
2025-09-28 11:04:37,342 Result is kept for 600 seconds
2025-09-28 11:04:37,353 Users-user-Documents-resturantOS-frappe-bench:default: frappe.utils.background_jobs.execute_job(event=None, is_async=True, job_name='frappe.core.doctype.scheduled_job_type.scheduled_job_type.run_scheduled_jo..., kwargs={'job_type': 'frappe.integrations.doctype.google_calendar.google_calendar.s..., method='frappe.core.doctype.scheduled_job_type.scheduled_job_type.run_scheduled_jo..., site='resturant.localhost', user='Administrator') (resturant.localhost||scheduled_job||t89didi78e)
2025-09-28 11:04:38,294 Successfully completed frappe.utils.background_jobs.execute_job(event=None, is_async=True, job_name='frappe.core.doctype.scheduled_job_type.scheduled_job_type.run_scheduled_jo..., kwargs={'job_type': 'frappe.integrations.doctype.google_calendar.google_calendar.s..., method='frappe.core.doctype.scheduled_job_type.scheduled_job_type.run_scheduled_jo..., site='resturant.localhost', user='Administrator') job in 0:00:00.927268s on worker f3ef426b6c0c4dc19ddf780af9312982
2025-09-28 11:04:38,295 Users-user-Documents-resturantOS-frappe-bench:default: Job OK (resturant.localhost||scheduled_job||t89didi78e)
2025-09-28 11:04:38,295 Result is kept for 600 seconds
2025-09-28 11:04:38,308 Users-user-Documents-resturantOS-frappe-bench:default: frappe.utils.background_jobs.execute_job(event=None, is_async=True, job_name='frappe.core.doctype.scheduled_job_type.scheduled_job_type.run_scheduled_jo..., kwargs={'job_type': 'frappe.automation.doctype.reminder.reminder.send_reminders', ..., method='frappe.core.doctype.scheduled_job_type.scheduled_job_type.run_scheduled_jo..., site='resturant.localhost', user='Administrator') (resturant.localhost||scheduled_job||t89nlhnofd)
2025-09-28 11:04:39,054 Successfully completed frappe.utils.background_jobs.execute_job(event=None, is_async=True, job_name='frappe.core.doctype.scheduled_job_type.scheduled_job_type.run_scheduled_jo..., kwargs={'job_type': 'frappe.automation.doctype.reminder.reminder.send_reminders', ..., method='frappe.core.doctype.scheduled_job_type.scheduled_job_type.run_scheduled_jo..., site='resturant.localhost', user='Administrator') job in 0:00:00.732148s on worker f3ef426b6c0c4dc19ddf780af9312982
2025-09-28 11:04:39,055 Users-user-Documents-resturantOS-frappe-bench:default: Job OK (resturant.localhost||scheduled_job||t89nlhnofd)
2025-09-28 11:04:39,055 Result is kept for 600 seconds
2025-09-28 11:04:39,069 Users-user-Documents-resturantOS-frappe-bench:default: frappe.utils.background_jobs.execute_job(event=None, is_async=True, job_name='frappe.core.doctype.scheduled_job_type.scheduled_job_type.run_scheduled_jo..., kwargs={'job_type': 'frappe.search.sqlite_search.build_index_if_not_exists', 'sche..., method='frappe.core.doctype.scheduled_job_type.scheduled_job_type.run_scheduled_jo..., site='resturant.localhost', user='Administrator') (resturant.localhost||scheduled_job||t89man012t)
2025-09-28 11:04:39,888 Successfully completed frappe.utils.background_jobs.execute_job(event=None, is_async=True, job_name='frappe.core.doctype.scheduled_job_type.scheduled_job_type.run_scheduled_jo..., kwargs={'job_type': 'frappe.search.sqlite_search.build_index_if_not_exists', 'sche..., method='frappe.core.doctype.scheduled_job_type.scheduled_job_type.run_scheduled_jo..., site='resturant.localhost', user='Administrator') job in 0:00:00.804979s on worker f3ef426b6c0c4dc19ddf780af9312982
2025-09-28 11:04:39,888 Users-user-Documents-resturantOS-frappe-bench:default: Job OK (resturant.localhost||scheduled_job||t89man012t)
2025-09-28 11:04:39,888 Result is kept for 600 seconds
2025-09-28 11:04:39,899 Users-user-Documents-resturantOS-frappe-bench:default: frappe.utils.background_jobs.execute_job(event=None, is_async=True, job_name='frappe.core.doctype.scheduled_job_type.scheduled_job_type.run_scheduled_jo..., kwargs={'job_type': 'frappe.deferred_insert.save_to_db', 'scheduled_job_type': 't8..., method='frappe.core.doctype.scheduled_job_type.scheduled_job_type.run_scheduled_jo..., site='resturant.localhost', user='Administrator') (resturant.localhost||scheduled_job||t89c87mqp1)
2025-09-28 11:04:40,789 Successfully completed frappe.utils.background_jobs.execute_job(event=None, is_async=True, job_name='frappe.core.doctype.scheduled_job_type.scheduled_job_type.run_scheduled_jo..., kwargs={'job_type': 'frappe.deferred_insert.save_to_db', 'scheduled_job_type': 't8..., method='frappe.core.doctype.scheduled_job_type.scheduled_job_type.run_scheduled_jo..., site='resturant.localhost', user='Administrator') job in 0:00:00.875496s on worker f3ef426b6c0c4dc19ddf780af9312982
2025-09-28 11:04:40,790 Users-user-Documents-resturantOS-frappe-bench:default: Job OK (resturant.localhost||scheduled_job||t89c87mqp1)
2025-09-28 11:04:40,790 Result is kept for 600 seconds
2025-09-28 11:04:40,802 Users-user-Documents-resturantOS-frappe-bench:default: frappe.utils.background_jobs.execute_job(event=None, is_async=True, job_name='frappe.core.doctype.scheduled_job_type.scheduled_job_type.run_scheduled_jo..., kwargs={'job_type': 'frappe.email.doctype.email_account.email_account.pull', 'sche..., method='frappe.core.doctype.scheduled_job_type.scheduled_job_type.run_scheduled_jo..., site='resturant.localhost', user='Administrator') (resturant.localhost||scheduled_job||t89ngbj81r)
2025-09-28 11:04:41,796 Successfully completed frappe.utils.background_jobs.execute_job(event=None, is_async=True, job_name='frappe.core.doctype.scheduled_job_type.scheduled_job_type.run_scheduled_jo..., kwargs={'job_type': 'frappe.email.doctype.email_account.email_account.pull', 'sche..., method='frappe.core.doctype.scheduled_job_type.scheduled_job_type.run_scheduled_jo..., site='resturant.localhost', user='Administrator') job in 0:00:00.979798s on worker f3ef426b6c0c4dc19ddf780af9312982
2025-09-28 11:04:41,797 Users-user-Documents-resturantOS-frappe-bench:default: Job OK (resturant.localhost||scheduled_job||t89ngbj81r)
2025-09-28 11:04:41,797 Result is kept for 600 seconds
2025-09-28 11:04:41,809 Users-user-Documents-resturantOS-frappe-bench:default: frappe.utils.background_jobs.execute_job(event=None, is_async=True, job_name='frappe.core.doctype.scheduled_job_type.scheduled_job_type.run_scheduled_jo..., kwargs={'job_type': 'frappe.email.queue.flush', 'scheduled_job_type': 't89cjdiai5'..., method='frappe.core.doctype.scheduled_job_type.scheduled_job_type.run_scheduled_jo..., site='resturant.localhost', user='Administrator') (resturant.localhost||scheduled_job||t89cjdiai5)
2025-09-28 11:04:42,673 Successfully completed frappe.utils.background_jobs.execute_job(event=None, is_async=True, job_name='frappe.core.doctype.scheduled_job_type.scheduled_job_type.run_scheduled_jo..., kwargs={'job_type': 'frappe.email.queue.flush', 'scheduled_job_type': 't89cjdiai5'..., method='frappe.core.doctype.scheduled_job_type.scheduled_job_type.run_scheduled_jo..., site='resturant.localhost', user='Administrator') job in 0:00:00.850731s on worker f3ef426b6c0c4dc19ddf780af9312982
2025-09-28 11:04:42,673 Users-user-Documents-resturantOS-frappe-bench:default: Job OK (resturant.localhost||scheduled_job||t89cjdiai5)
2025-09-28 11:04:42,673 Result is kept for 600 seconds
2025-09-28 11:04:42,686 Users-user-Documents-resturantOS-frappe-bench:default: frappe.utils.background_jobs.execute_job(event=None, is_async=True, job_name='frappe.core.doctype.scheduled_job_type.scheduled_job_type.run_scheduled_jo..., kwargs={'job_type': 'frappe.model.utils.link_count.update_link_count', 'scheduled_..., method='frappe.core.doctype.scheduled_job_type.scheduled_job_type.run_scheduled_jo..., site='education.localhost', user='Administrator') (education.localhost||scheduled_job||rfa3qh966d)
2025-09-28 11:04:43,817 Successfully completed frappe.utils.background_jobs.execute_job(event=None, is_async=True, job_name='frappe.core.doctype.scheduled_job_type.scheduled_job_type.run_scheduled_jo..., kwargs={'job_type': 'frappe.model.utils.link_count.update_link_count', 'scheduled_..., method='frappe.core.doctype.scheduled_job_type.scheduled_job_type.run_scheduled_jo..., site='education.localhost', user='Administrator') job in 0:00:01.049585s on worker f3ef426b6c0c4dc19ddf780af9312982
2025-09-28 11:04:43,818 Users-user-Documents-resturantOS-frappe-bench:default: Job OK (education.localhost||scheduled_job||rfa3qh966d)
2025-09-28 11:04:43,819 Result is kept for 600 seconds
2025-09-28 11:04:43,833 Users-user-Documents-resturantOS-frappe-bench:default: frappe.utils.background_jobs.execute_job(event=None, is_async=True, job_name='frappe.core.doctype.scheduled_job_type.scheduled_job_type.run_scheduled_jo..., kwargs={'job_type': 'frappe.email.doctype.email_account.email_account.notify_unrep..., method='frappe.core.doctype.scheduled_job_type.scheduled_job_type.run_scheduled_jo..., site='education.localhost', user='Administrator') (education.localhost||scheduled_job||rfapacoffu)
2025-09-28 11:04:45,038 Successfully completed frappe.utils.background_jobs.execute_job(event=None, is_async=True, job_name='frappe.core.doctype.scheduled_job_type.scheduled_job_type.run_scheduled_jo..., kwargs={'job_type': 'frappe.email.doctype.email_account.email_account.notify_unrep..., method='frappe.core.doctype.scheduled_job_type.scheduled_job_type.run_scheduled_jo..., site='education.localhost', user='Administrator') job in 0:00:01.189342s on worker f3ef426b6c0c4dc19ddf780af9312982
2025-09-28 11:04:45,038 Users-user-Documents-resturantOS-frappe-bench:default: Job OK (education.localhost||scheduled_job||rfapacoffu)
2025-09-28 11:04:45,039 Result is kept for 600 seconds
2025-09-28 11:04:45,053 Users-user-Documents-resturantOS-frappe-bench:default: frappe.utils.background_jobs.execute_job(event=None, is_async=True, job_name='frappe.core.doctype.scheduled_job_type.scheduled_job_type.run_scheduled_jo..., kwargs={'job_type': 'frappe.email.doctype.notification.notification.trigger_offset..., method='frappe.core.doctype.scheduled_job_type.scheduled_job_type.run_scheduled_jo..., site='education.localhost', user='Administrator') (education.localhost||scheduled_job||rfae444qht)
2025-09-28 11:04:46,066 Successfully completed frappe.utils.background_jobs.execute_job(event=None, is_async=True, job_name='frappe.core.doctype.scheduled_job_type.scheduled_job_type.run_scheduled_jo..., kwargs={'job_type': 'frappe.email.doctype.notification.notification.trigger_offset..., method='frappe.core.doctype.scheduled_job_type.scheduled_job_type.run_scheduled_jo..., site='education.localhost', user='Administrator') job in 0:00:00.995095s on worker f3ef426b6c0c4dc19ddf780af9312982
2025-09-28 11:04:46,066 Users-user-Documents-resturantOS-frappe-bench:default: Job OK (education.localhost||scheduled_job||rfae444qht)
2025-09-28 11:04:46,067 Result is kept for 600 seconds
2025-09-28 11:04:46,078 Users-user-Documents-resturantOS-frappe-bench:default: frappe.utils.background_jobs.execute_job(event=None, is_async=True, job_name='frappe.core.doctype.scheduled_job_type.scheduled_job_type.run_scheduled_jo..., kwargs={'job_type': 'frappe.utils.global_search.sync_global_search', 'scheduled_jo..., method='frappe.core.doctype.scheduled_job_type.scheduled_job_type.run_scheduled_jo..., site='education.localhost', user='Administrator') (education.localhost||scheduled_job||rfatdqei4v)
2025-09-28 11:04:47,108 Successfully completed frappe.utils.background_jobs.execute_job(event=None, is_async=True, job_name='frappe.core.doctype.scheduled_job_type.scheduled_job_type.run_scheduled_jo..., kwargs={'job_type': 'frappe.utils.global_search.sync_global_search', 'scheduled_jo..., method='frappe.core.doctype.scheduled_job_type.scheduled_job_type.run_scheduled_jo..., site='education.localhost', user='Administrator') job in 0:00:01.014366s on worker f3ef426b6c0c4dc19ddf780af9312982
2025-09-28 11:04:47,109 Users-user-Documents-resturantOS-frappe-bench:default: Job OK (education.localhost||scheduled_job||rfatdqei4v)
2025-09-28 11:04:47,109 Result is kept for 600 seconds
2025-09-28 11:04:47,122 Users-user-Documents-resturantOS-frappe-bench:default: frappe.utils.background_jobs.execute_job(event=None, is_async=True, job_name='frappe.core.doctype.scheduled_job_type.scheduled_job_type.run_scheduled_jo..., kwargs={'job_type': 'frappe.monitor.flush', 'scheduled_job_type': 'rfabac2214'}, method='frappe.core.doctype.scheduled_job_type.scheduled_job_type.run_scheduled_jo..., site='education.localhost', user='Administrator') (education.localhost||scheduled_job||rfabac2214)
2025-09-28 11:04:47,862 Successfully completed frappe.utils.background_jobs.execute_job(event=None, is_async=True, job_name='frappe.core.doctype.scheduled_job_type.scheduled_job_type.run_scheduled_jo..., kwargs={'job_type': 'frappe.monitor.flush', 'scheduled_job_type': 'rfabac2214'}, method='frappe.core.doctype.scheduled_job_type.scheduled_job_type.run_scheduled_jo..., site='education.localhost', user='Administrator') job in 0:00:00.726460s on worker f3ef426b6c0c4dc19ddf780af9312982
2025-09-28 11:04:47,863 Users-user-Documents-resturantOS-frappe-bench:default: Job OK (education.localhost||scheduled_job||rfabac2214)
2025-09-28 11:04:47,863 Result is kept for 600 seconds
2025-09-28 11:04:47,876 Users-user-Documents-resturantOS-frappe-bench:default: frappe.utils.background_jobs.execute_job(event=None, is_async=True, job_name='frappe.core.doctype.scheduled_job_type.scheduled_job_type.run_scheduled_jo..., kwargs={'job_type': 'frappe.email.queue.flush', 'scheduled_job_type': 'rfau6l5hgd'..., method='frappe.core.doctype.scheduled_job_type.scheduled_job_type.run_scheduled_jo..., site='education.localhost', user='Administrator') (education.localhost||scheduled_job||rfau6l5hgd)
2025-09-28 11:04:48,679 Successfully completed frappe.utils.background_jobs.execute_job(event=None, is_async=True, job_name='frappe.core.doctype.scheduled_job_type.scheduled_job_type.run_scheduled_jo..., kwargs={'job_type': 'frappe.email.queue.flush', 'scheduled_job_type': 'rfau6l5hgd'..., method='frappe.core.doctype.scheduled_job_type.scheduled_job_type.run_scheduled_jo..., site='education.localhost', user='Administrator') job in 0:00:00.788847s on worker f3ef426b6c0c4dc19ddf780af9312982
2025-09-28 11:04:48,679 Users-user-Documents-resturantOS-frappe-bench:default: Job OK (education.localhost||scheduled_job||rfau6l5hgd)
2025-09-28 11:04:48,680 Result is kept for 600 seconds
2025-09-28 11:04:48,690 Users-user-Documents-resturantOS-frappe-bench:default: frappe.utils.background_jobs.execute_job(event=None, is_async=True, job_name='frappe.core.doctype.scheduled_job_type.scheduled_job_type.run_scheduled_jo..., kwargs={'job_type': 'frappe.automation.doctype.reminder.reminder.send_reminders', ..., method='frappe.core.doctype.scheduled_job_type.scheduled_job_type.run_scheduled_jo..., site='education.localhost', user='Administrator') (education.localhost||scheduled_job||rfa9eb2i4i)
2025-09-28 11:04:49,526 Successfully completed frappe.utils.background_jobs.execute_job(event=None, is_async=True, job_name='frappe.core.doctype.scheduled_job_type.scheduled_job_type.run_scheduled_jo..., kwargs={'job_type': 'frappe.automation.doctype.reminder.reminder.send_reminders', ..., method='frappe.core.doctype.scheduled_job_type.scheduled_job_type.run_scheduled_jo..., site='education.localhost', user='Administrator') job in 0:00:00.821495s on worker f3ef426b6c0c4dc19ddf780af9312982
2025-09-28 11:04:49,526 Users-user-Documents-resturantOS-frappe-bench:default: Job OK (education.localhost||scheduled_job||rfa9eb2i4i)
2025-09-28 11:04:49,527 Result is kept for 600 seconds
2025-09-28 11:04:49,538 Users-user-Documents-resturantOS-frappe-bench:default: frappe.utils.background_jobs.execute_job(event=None, is_async=True, job_name='frappe.core.doctype.scheduled_job_type.scheduled_job_type.run_scheduled_jo..., kwargs={'job_type': 'frappe.pulse.client.send_queued_events', 'scheduled_job_type'..., method='frappe.core.doctype.scheduled_job_type.scheduled_job_type.run_scheduled_jo..., site='education.localhost', user='Administrator') (education.localhost||scheduled_job||rfab1lgkhq)
2025-09-28 11:04:50,546 Successfully completed frappe.utils.background_jobs.execute_job(event=None, is_async=True, job_name='frappe.core.doctype.scheduled_job_type.scheduled_job_type.run_scheduled_jo..., kwargs={'job_type': 'frappe.pulse.client.send_queued_events', 'scheduled_job_type'..., method='frappe.core.doctype.scheduled_job_type.scheduled_job_type.run_scheduled_jo..., site='education.localhost', user='Administrator') job in 0:00:00.994420s on worker f3ef426b6c0c4dc19ddf780af9312982
2025-09-28 11:04:50,547 Users-user-Documents-resturantOS-frappe-bench:default: Job OK (education.localhost||scheduled_job||rfab1lgkhq)
2025-09-28 11:04:50,547 Result is kept for 600 seconds
2025-09-28 11:04:50,559 Users-user-Documents-resturantOS-frappe-bench:default: frappe.utils.background_jobs.execute_job(event=None, is_async=True, job_name='frappe.core.doctype.scheduled_job_type.scheduled_job_type.run_scheduled_jo..., kwargs={'job_type': 'frappe.search.sqlite_search.build_index_if_not_exists', 'sche..., method='frappe.core.doctype.scheduled_job_type.scheduled_job_type.run_scheduled_jo..., site='education.localhost', user='Administrator') (education.localhost||scheduled_job||rfa1tu0mqt)
2025-09-28 11:04:51,463 Successfully completed frappe.utils.background_jobs.execute_job(event=None, is_async=True, job_name='frappe.core.doctype.scheduled_job_type.scheduled_job_type.run_scheduled_jo..., kwargs={'job_type': 'frappe.search.sqlite_search.build_index_if_not_exists', 'sche..., method='frappe.core.doctype.scheduled_job_type.scheduled_job_type.run_scheduled_jo..., site='education.localhost', user='Administrator') job in 0:00:00.889516s on worker f3ef426b6c0c4dc19ddf780af9312982
2025-09-28 11:04:51,463 Users-user-Documents-resturantOS-frappe-bench:default: Job OK (education.localhost||scheduled_job||rfa1tu0mqt)
2025-09-28 11:04:51,464 Result is kept for 600 seconds
2025-09-28 11:04:51,476 Users-user-Documents-resturantOS-frappe-bench:default: frappe.utils.background_jobs.execute_job(event=None, is_async=True, job_name='frappe.core.doctype.scheduled_job_type.scheduled_job_type.run_scheduled_jo..., kwargs={'job_type': 'erpnext.manufacturing.doctype.bom_update_log.bom_update_log.r..., method='frappe.core.doctype.scheduled_job_type.scheduled_job_type.run_scheduled_jo..., site='education.localhost', user='Administrator') (education.localhost||scheduled_job||skvnic3m8o)
2025-09-28 11:04:52,414 Successfully completed frappe.utils.background_jobs.execute_job(event=None, is_async=True, job_name='frappe.core.doctype.scheduled_job_type.scheduled_job_type.run_scheduled_jo..., kwargs={'job_type': 'erpnext.manufacturing.doctype.bom_update_log.bom_update_log.r..., method='frappe.core.doctype.scheduled_job_type.scheduled_job_type.run_scheduled_jo..., site='education.localhost', user='Administrator') job in 0:00:00.923274s on worker f3ef426b6c0c4dc19ddf780af9312982
2025-09-28 11:04:52,414 Users-user-Documents-resturantOS-frappe-bench:default: Job OK (education.localhost||scheduled_job||skvnic3m8o)
2025-09-28 11:04:52,414 Result is kept for 600 seconds
2025-09-28 11:04:52,427 Users-user-Documents-resturantOS-frappe-bench:default: frappe.utils.background_jobs.execute_job(event=None, is_async=True, job_name='frappe.core.doctype.scheduled_job_type.scheduled_job_type.run_scheduled_jo..., kwargs={'job_type': 'erpnext.projects.doctype.project.project.hourly_reminder', 's..., method='frappe.core.doctype.scheduled_job_type.scheduled_job_type.run_scheduled_jo..., site='education.localhost', user='Administrator') (education.localhost||scheduled_job||skve2n6h3e)
2025-09-28 11:04:53,447 Successfully completed frappe.utils.background_jobs.execute_job(event=None, is_async=True, job_name='frappe.core.doctype.scheduled_job_type.scheduled_job_type.run_scheduled_jo..., kwargs={'job_type': 'erpnext.projects.doctype.project.project.hourly_reminder', 's..., method='frappe.core.doctype.scheduled_job_type.scheduled_job_type.run_scheduled_jo..., site='education.localhost', user='Administrator') job in 0:00:01.005410s on worker f3ef426b6c0c4dc19ddf780af9312982
2025-09-28 11:04:53,447 Users-user-Documents-resturantOS-frappe-bench:default: Job OK (education.localhost||scheduled_job||skve2n6h3e)
2025-09-28 11:04:53,448 Result is kept for 600 seconds
2025-09-28 11:04:53,458 Users-user-Documents-resturantOS-frappe-bench:default: frappe.utils.background_jobs.execute_job(event=None, is_async=True, job_name='frappe.core.doctype.scheduled_job_type.scheduled_job_type.run_scheduled_jo..., kwargs={'job_type': 'frappe.email.queue.retry_sending_emails', 'scheduled_job_type..., method='frappe.core.doctype.scheduled_job_type.scheduled_job_type.run_scheduled_jo..., site='education.localhost', user='Administrator') (education.localhost||scheduled_job||rfa4ssl812)
2025-09-28 11:04:54,486 Successfully completed frappe.utils.background_jobs.execute_job(event=None, is_async=True, job_name='frappe.core.doctype.scheduled_job_type.scheduled_job_type.run_scheduled_jo..., kwargs={'job_type': 'frappe.email.queue.retry_sending_emails', 'scheduled_job_type..., method='frappe.core.doctype.scheduled_job_type.scheduled_job_type.run_scheduled_jo..., site='education.localhost', user='Administrator') job in 0:00:01.013435s on worker f3ef426b6c0c4dc19ddf780af9312982
2025-09-28 11:04:54,487 Users-user-Documents-resturantOS-frappe-bench:default: Job OK (education.localhost||scheduled_job||rfa4ssl812)
2025-09-28 11:04:54,487 Result is kept for 600 seconds
2025-09-28 11:04:54,501 Users-user-Documents-resturantOS-frappe-bench:default: frappe.utils.background_jobs.execute_job(event=None, is_async=True, job_name='frappe.core.doctype.scheduled_job_type.scheduled_job_type.run_scheduled_jo..., kwargs={'job_type': 'frappe.email.doctype.email_account.email_account.pull', 'sche..., method='frappe.core.doctype.scheduled_job_type.scheduled_job_type.run_scheduled_jo..., site='education.localhost', user='Administrator') (education.localhost||scheduled_job||rfaalv5h8m)
2025-09-28 11:04:55,427 Successfully completed frappe.utils.background_jobs.execute_job(event=None, is_async=True, job_name='frappe.core.doctype.scheduled_job_type.scheduled_job_type.run_scheduled_jo..., kwargs={'job_type': 'frappe.email.doctype.email_account.email_account.pull', 'sche..., method='frappe.core.doctype.scheduled_job_type.scheduled_job_type.run_scheduled_jo..., site='education.localhost', user='Administrator') job in 0:00:00.906211s on worker f3ef426b6c0c4dc19ddf780af9312982
2025-09-28 11:04:55,427 Users-user-Documents-resturantOS-frappe-bench:default: Job OK (education.localhost||scheduled_job||rfaalv5h8m)
2025-09-28 11:04:55,428 Result is kept for 600 seconds
2025-09-28 11:04:55,442 Users-user-Documents-resturantOS-frappe-bench:default: frappe.utils.background_jobs.execute_job(event=None, is_async=True, job_name='frappe.core.doctype.scheduled_job_type.scheduled_job_type.run_scheduled_jo..., kwargs={'job_type': 'frappe.integrations.doctype.google_calendar.google_calendar.s..., method='frappe.core.doctype.scheduled_job_type.scheduled_job_type.run_scheduled_jo..., site='education.localhost', user='Administrator') (education.localhost||scheduled_job||rfadu7l5ur)
2025-09-28 11:04:56,525 Successfully completed frappe.utils.background_jobs.execute_job(event=None, is_async=True, job_name='frappe.core.doctype.scheduled_job_type.scheduled_job_type.run_scheduled_jo..., kwargs={'job_type': 'frappe.integrations.doctype.google_calendar.google_calendar.s..., method='frappe.core.doctype.scheduled_job_type.scheduled_job_type.run_scheduled_jo..., site='education.localhost', user='Administrator') job in 0:00:01.067745s on worker f3ef426b6c0c4dc19ddf780af9312982
2025-09-28 11:04:56,526 Users-user-Documents-resturantOS-frappe-bench:default: Job OK (education.localhost||scheduled_job||rfadu7l5ur)
2025-09-28 11:04:56,527 Result is kept for 600 seconds
2025-09-28 11:04:56,543 Users-user-Documents-resturantOS-frappe-bench:default: frappe.utils.background_jobs.execute_job(event=None, is_async=True, job_name='frappe.core.doctype.scheduled_job_type.scheduled_job_type.run_scheduled_jo..., kwargs={'job_type': 'frappe.deferred_insert.save_to_db', 'scheduled_job_type': 'rf..., method='frappe.core.doctype.scheduled_job_type.scheduled_job_type.run_scheduled_jo..., site='education.localhost', user='Administrator') (education.localhost||scheduled_job||rfa34ecmg6)
2025-09-28 11:04:57,605 Successfully completed frappe.utils.background_jobs.execute_job(event=None, is_async=True, job_name='frappe.core.doctype.scheduled_job_type.scheduled_job_type.run_scheduled_jo..., kwargs={'job_type': 'frappe.deferred_insert.save_to_db', 'scheduled_job_type': 'rf..., method='frappe.core.doctype.scheduled_job_type.scheduled_job_type.run_scheduled_jo..., site='education.localhost', user='Administrator') job in 0:00:01.046898s on worker f3ef426b6c0c4dc19ddf780af9312982
2025-09-28 11:04:57,606 Users-user-Documents-resturantOS-frappe-bench:default: Job OK (education.localhost||scheduled_job||rfa34ecmg6)
2025-09-28 11:04:57,606 Result is kept for 600 seconds
2025-09-28 11:04:57,619 Users-user-Documents-resturantOS-frappe-bench:long: frappe.utils.background_jobs.execute_job(event=None, is_async=True, job_name='frappe.core.doctype.scheduled_job_type.scheduled_job_type.run_scheduled_jo..., kwargs={'job_type': 'erpnext.stock.doctype.repost_item_valuation.repost_item_valua..., method='frappe.core.doctype.scheduled_job_type.scheduled_job_type.run_scheduled_jo..., site='erpnext.localhost', user='Administrator') (erpnext.localhost||scheduled_job||k0ri4iqih2)
2025-09-28 11:04:58,522 Successfully completed frappe.utils.background_jobs.execute_job(event=None, is_async=True, job_name='frappe.core.doctype.scheduled_job_type.scheduled_job_type.run_scheduled_jo..., kwargs={'job_type': 'erpnext.stock.doctype.repost_item_valuation.repost_item_valua..., method='frappe.core.doctype.scheduled_job_type.scheduled_job_type.run_scheduled_jo..., site='erpnext.localhost', user='Administrator') job in 0:00:00.885746s on worker f3ef426b6c0c4dc19ddf780af9312982
2025-09-28 11:04:58,523 Users-user-Documents-resturantOS-frappe-bench:long: Job OK (erpnext.localhost||scheduled_job||k0ri4iqih2)
2025-09-28 11:04:58,524 Result is kept for 600 seconds
2025-09-28 11:04:58,538 Users-user-Documents-resturantOS-frappe-bench:long: frappe.utils.background_jobs.execute_job(event=None, is_async=True, job_name='frappe.core.doctype.scheduled_job_type.scheduled_job_type.run_scheduled_jo..., kwargs={'job_type': 'frappe.desk.utils.delete_old_exported_report_files', 'schedul..., method='frappe.core.doctype.scheduled_job_type.scheduled_job_type.run_scheduled_jo..., site='erpnext.localhost', user='Administrator') (erpnext.localhost||scheduled_job||i3raeovqm4)
2025-09-28 11:04:59,424 Successfully completed frappe.utils.background_jobs.execute_job(event=None, is_async=True, job_name='frappe.core.doctype.scheduled_job_type.scheduled_job_type.run_scheduled_jo..., kwargs={'job_type': 'frappe.desk.utils.delete_old_exported_report_files', 'schedul..., method='frappe.core.doctype.scheduled_job_type.scheduled_job_type.run_scheduled_jo..., site='erpnext.localhost', user='Administrator') job in 0:00:00.873030s on worker f3ef426b6c0c4dc19ddf780af9312982
2025-09-28 11:04:59,424 Users-user-Documents-resturantOS-frappe-bench:long: Job OK (erpnext.localhost||scheduled_job||i3raeovqm4)
2025-09-28 11:04:59,425 Result is kept for 600 seconds
2025-09-28 11:04:59,439 Users-user-Documents-resturantOS-frappe-bench:long: frappe.utils.background_jobs.execute_job(event=None, is_async=True, job_name='frappe.core.doctype.scheduled_job_type.scheduled_job_type.run_scheduled_jo..., kwargs={'job_type': 'frappe.website.doctype.web_page.web_page.check_publish_status..., method='frappe.core.doctype.scheduled_job_type.scheduled_job_type.run_scheduled_jo..., site='erpnext.localhost', user='Administrator') (erpnext.localhost||scheduled_job||i3qs3c8ffo)
2025-09-28 11:05:00,343 Successfully completed frappe.utils.background_jobs.execute_job(event=None, is_async=True, job_name='frappe.core.doctype.scheduled_job_type.scheduled_job_type.run_scheduled_jo..., kwargs={'job_type': 'frappe.website.doctype.web_page.web_page.check_publish_status..., method='frappe.core.doctype.scheduled_job_type.scheduled_job_type.run_scheduled_jo..., site='erpnext.localhost', user='Administrator') job in 0:00:00.890061s on worker f3ef426b6c0c4dc19ddf780af9312982
2025-09-28 11:05:00,344 Users-user-Documents-resturantOS-frappe-bench:long: Job OK (erpnext.localhost||scheduled_job||i3qs3c8ffo)
2025-09-28 11:05:00,345 Result is kept for 600 seconds
2025-09-28 11:05:00,356 Users-user-Documents-resturantOS-frappe-bench:long: frappe.utils.background_jobs.execute_job(event=None, is_async=True, job_name='frappe.core.doctype.scheduled_job_type.scheduled_job_type.run_scheduled_jo..., kwargs={'job_type': 'frappe.model.utils.user_settings.sync_user_settings', 'schedu..., method='frappe.core.doctype.scheduled_job_type.scheduled_job_type.run_scheduled_jo..., site='erpnext.localhost', user='Administrator') (erpnext.localhost||scheduled_job||i3qs2q5l0c)
2025-09-28 11:05:01,162 Successfully completed frappe.utils.background_jobs.execute_job(event=None, is_async=True, job_name='frappe.core.doctype.scheduled_job_type.scheduled_job_type.run_scheduled_jo..., kwargs={'job_type': 'frappe.model.utils.user_settings.sync_user_settings', 'schedu..., method='frappe.core.doctype.scheduled_job_type.scheduled_job_type.run_scheduled_jo..., site='erpnext.localhost', user='Administrator') job in 0:00:00.793027s on worker f3ef426b6c0c4dc19ddf780af9312982
2025-09-28 11:05:01,162 Users-user-Documents-resturantOS-frappe-bench:long: Job OK (erpnext.localhost||scheduled_job||i3qs2q5l0c)
2025-09-28 11:05:01,163 Result is kept for 600 seconds
2025-09-28 11:05:01,174 Users-user-Documents-resturantOS-frappe-bench:long: frappe.utils.background_jobs.execute_job(event=None, is_async=True, job_name='frappe.core.doctype.scheduled_job_type.scheduled_job_type.run_scheduled_jo..., kwargs={'job_type': 'frappe.website.doctype.personal_data_deletion_request.persona..., method='frappe.core.doctype.scheduled_job_type.scheduled_job_type.run_scheduled_jo..., site='erpnext.localhost', user='Administrator') (erpnext.localhost||scheduled_job||i3qgdg59gs)
2025-09-28 11:05:01,998 Successfully completed frappe.utils.background_jobs.execute_job(event=None, is_async=True, job_name='frappe.core.doctype.scheduled_job_type.scheduled_job_type.run_scheduled_jo..., kwargs={'job_type': 'frappe.website.doctype.personal_data_deletion_request.persona..., method='frappe.core.doctype.scheduled_job_type.scheduled_job_type.run_scheduled_jo..., site='erpnext.localhost', user='Administrator') job in 0:00:00.810688s on worker f3ef426b6c0c4dc19ddf780af9312982
2025-09-28 11:05:01,998 Users-user-Documents-resturantOS-frappe-bench:long: Job OK (erpnext.localhost||scheduled_job||i3qgdg59gs)
2025-09-28 11:05:01,999 Result is kept for 600 seconds
2025-09-28 11:05:02,009 Users-user-Documents-resturantOS-frappe-bench:long: frappe.utils.background_jobs.execute_job(event=None, is_async=True, job_name='frappe.core.doctype.scheduled_job_type.scheduled_job_type.run_scheduled_jo..., kwargs={'job_type': 'frappe.oauth.delete_oauth2_data', 'scheduled_job_type': 'i3qd..., method='frappe.core.doctype.scheduled_job_type.scheduled_job_type.run_scheduled_jo..., site='erpnext.localhost', user='Administrator') (erpnext.localhost||scheduled_job||i3qdh7n1eu)
2025-09-28 11:05:02,946 Successfully completed frappe.utils.background_jobs.execute_job(event=None, is_async=True, job_name='frappe.core.doctype.scheduled_job_type.scheduled_job_type.run_scheduled_jo..., kwargs={'job_type': 'frappe.oauth.delete_oauth2_data', 'scheduled_job_type': 'i3qd..., method='frappe.core.doctype.scheduled_job_type.scheduled_job_type.run_scheduled_jo..., site='erpnext.localhost', user='Administrator') job in 0:00:00.921795s on worker f3ef426b6c0c4dc19ddf780af9312982
2025-09-28 11:05:02,946 Users-user-Documents-resturantOS-frappe-bench:long: Job OK (erpnext.localhost||scheduled_job||i3qdh7n1eu)
2025-09-28 11:05:02,947 Result is kept for 600 seconds
2025-09-28 11:05:02,959 Users-user-Documents-resturantOS-frappe-bench:long: frappe.utils.background_jobs.execute_job(event=None, is_async=True, job_name='frappe.core.doctype.scheduled_job_type.scheduled_job_type.run_scheduled_jo..., kwargs={'job_type': 'erpnext.utilities.doctype.video.video.update_youtube_data', '..., method='frappe.core.doctype.scheduled_job_type.scheduled_job_type.run_scheduled_jo..., site='erpnext.localhost', user='Administrator') (erpnext.localhost||scheduled_job||k0r5ejk7uu)
2025-09-28 11:05:04,088 Successfully completed frappe.utils.background_jobs.execute_job(event=None, is_async=True, job_name='frappe.core.doctype.scheduled_job_type.scheduled_job_type.run_scheduled_jo..., kwargs={'job_type': 'erpnext.utilities.doctype.video.video.update_youtube_data', '..., method='frappe.core.doctype.scheduled_job_type.scheduled_job_type.run_scheduled_jo..., site='erpnext.localhost', user='Administrator') job in 0:00:01.114700s on worker f3ef426b6c0c4dc19ddf780af9312982
2025-09-28 11:05:04,089 Users-user-Documents-resturantOS-frappe-bench:long: Job OK (erpnext.localhost||scheduled_job||k0r5ejk7uu)
2025-09-28 11:05:04,089 Result is kept for 600 seconds
2025-09-28 11:05:04,102 Users-user-Documents-resturantOS-frappe-bench:long: frappe.utils.background_jobs.execute_job(event=None, is_async=True, job_name='frappe.core.doctype.scheduled_job_type.scheduled_job_type.run_scheduled_jo..., kwargs={'job_type': 'erpnext.erpnext_integrations.doctype.plaid_settings.plaid_set..., method='frappe.core.doctype.scheduled_job_type.scheduled_job_type.run_scheduled_jo..., site='erpnext.localhost', user='Administrator') (erpnext.localhost||scheduled_job||k0rt51fs3s)
2025-09-28 11:05:04,991 Successfully completed frappe.utils.background_jobs.execute_job(event=None, is_async=True, job_name='frappe.core.doctype.scheduled_job_type.scheduled_job_type.run_scheduled_jo..., kwargs={'job_type': 'erpnext.erpnext_integrations.doctype.plaid_settings.plaid_set..., method='frappe.core.doctype.scheduled_job_type.scheduled_job_type.run_scheduled_jo..., site='erpnext.localhost', user='Administrator') job in 0:00:00.874141s on worker f3ef426b6c0c4dc19ddf780af9312982
2025-09-28 11:05:04,992 Users-user-Documents-resturantOS-frappe-bench:long: Job OK (erpnext.localhost||scheduled_job||k0rt51fs3s)
2025-09-28 11:05:04,992 Result is kept for 600 seconds
2025-09-28 11:05:05,004 Users-user-Documents-resturantOS-frappe-bench:long: frappe.utils.background_jobs.execute_job(event=None, is_async=True, job_name='frappe.core.doctype.scheduled_job_type.scheduled_job_type.run_scheduled_jo..., kwargs={'job_type': 'erpnext.projects.doctype.project.project.collect_project_stat..., method='frappe.core.doctype.scheduled_job_type.scheduled_job_type.run_scheduled_jo..., site='erpnext.localhost', user='Administrator') (erpnext.localhost||scheduled_job||k0rifkfthh)
2025-09-28 11:05:06,710 Successfully completed frappe.utils.background_jobs.execute_job(event=None, is_async=True, job_name='frappe.core.doctype.scheduled_job_type.scheduled_job_type.run_scheduled_jo..., kwargs={'job_type': 'erpnext.projects.doctype.project.project.collect_project_stat..., method='frappe.core.doctype.scheduled_job_type.scheduled_job_type.run_scheduled_jo..., site='erpnext.localhost', user='Administrator') job in 0:00:01.689222s on worker f3ef426b6c0c4dc19ddf780af9312982
2025-09-28 11:05:06,710 Users-user-Documents-resturantOS-frappe-bench:long: Job OK (erpnext.localhost||scheduled_job||k0rifkfthh)
2025-09-28 11:05:06,711 Result is kept for 600 seconds
2025-09-28 11:05:06,723 Users-user-Documents-resturantOS-frappe-bench:long: frappe.utils.background_jobs.execute_job(event=None, is_async=True, job_name='frappe.core.doctype.scheduled_job_type.scheduled_job_type.run_scheduled_jo..., kwargs={'job_type': 'frappe.core.doctype.prepared_report.prepared_report.expire_st..., method='frappe.core.doctype.scheduled_job_type.scheduled_job_type.run_scheduled_jo..., site='erpnext.localhost', user='Administrator') (erpnext.localhost||scheduled_job||i3q6j1kelm)
2025-09-28 11:05:07,687 Successfully completed frappe.utils.background_jobs.execute_job(event=None, is_async=True, job_name='frappe.core.doctype.scheduled_job_type.scheduled_job_type.run_scheduled_jo..., kwargs={'job_type': 'frappe.core.doctype.prepared_report.prepared_report.expire_st..., method='frappe.core.doctype.scheduled_job_type.scheduled_job_type.run_scheduled_jo..., site='erpnext.localhost', user='Administrator') job in 0:00:00.948849s on worker f3ef426b6c0c4dc19ddf780af9312982
2025-09-28 11:05:07,688 Users-user-Documents-resturantOS-frappe-bench:long: Job OK (erpnext.localhost||scheduled_job||i3q6j1kelm)
2025-09-28 11:05:07,688 Result is kept for 600 seconds
2025-09-28 11:05:07,699 Users-user-Documents-resturantOS-frappe-bench:long: frappe.utils.background_jobs.execute_job(event=None, is_async=True, job_name='frappe.core.doctype.scheduled_job_type.scheduled_job_type.run_scheduled_jo..., kwargs={'job_type': 'erpnext.utilities.bulk_transaction.retry', 'scheduled_job_typ..., method='frappe.core.doctype.scheduled_job_type.scheduled_job_type.run_scheduled_jo..., site='erpnext.localhost', user='Administrator') (erpnext.localhost||scheduled_job||k0rgoug58k)
2025-09-28 11:05:08,762 Successfully completed frappe.utils.background_jobs.execute_job(event=None, is_async=True, job_name='frappe.core.doctype.scheduled_job_type.scheduled_job_type.run_scheduled_jo..., kwargs={'job_type': 'erpnext.utilities.bulk_transaction.retry', 'scheduled_job_typ..., method='frappe.core.doctype.scheduled_job_type.scheduled_job_type.run_scheduled_jo..., site='erpnext.localhost', user='Administrator') job in 0:00:01.048554s on worker f3ef426b6c0c4dc19ddf780af9312982
2025-09-28 11:05:08,762 Users-user-Documents-resturantOS-frappe-bench:long: Job OK (erpnext.localhost||scheduled_job||k0rgoug58k)
2025-09-28 11:05:08,763 Result is kept for 600 seconds
2025-09-28 11:05:08,774 Users-user-Documents-resturantOS-frappe-bench:long: frappe.utils.background_jobs.execute_job(event=None, is_async=True, job_name='frappe.core.doctype.scheduled_job_type.scheduled_job_type.run_scheduled_jo..., kwargs={'job_type': 'frappe.desk.page.backups.backups.delete_downloadable_backups'..., method='frappe.core.doctype.scheduled_job_type.scheduled_job_type.run_scheduled_jo..., site='erpnext.localhost', user='Administrator') (erpnext.localhost||scheduled_job||i3quohg47r)
2025-09-28 11:05:09,707 Successfully completed frappe.utils.background_jobs.execute_job(event=None, is_async=True, job_name='frappe.core.doctype.scheduled_job_type.scheduled_job_type.run_scheduled_jo..., kwargs={'job_type': 'frappe.desk.page.backups.backups.delete_downloadable_backups'..., method='frappe.core.doctype.scheduled_job_type.scheduled_job_type.run_scheduled_jo..., site='erpnext.localhost', user='Administrator') job in 0:00:00.919875s on worker f3ef426b6c0c4dc19ddf780af9312982
2025-09-28 11:05:09,707 Users-user-Documents-resturantOS-frappe-bench:long: Job OK (erpnext.localhost||scheduled_job||i3quohg47r)
2025-09-28 11:05:09,708 Result is kept for 600 seconds
2025-09-28 11:05:09,720 Users-user-Documents-resturantOS-frappe-bench:long: frappe.utils.background_jobs.execute_job(event=None, is_async=True, job_name='frappe.core.doctype.scheduled_job_type.scheduled_job_type.run_scheduled_jo..., kwargs={'job_type': 'erpnext.projects.doctype.project.project.project_status_updat..., method='frappe.core.doctype.scheduled_job_type.scheduled_job_type.run_scheduled_jo..., site='erpnext.localhost', user='Administrator') (erpnext.localhost||scheduled_job||k0r97ug9n3)
2025-09-28 11:05:10,763 Successfully completed frappe.utils.background_jobs.execute_job(event=None, is_async=True, job_name='frappe.core.doctype.scheduled_job_type.scheduled_job_type.run_scheduled_jo..., kwargs={'job_type': 'erpnext.projects.doctype.project.project.project_status_updat..., method='frappe.core.doctype.scheduled_job_type.scheduled_job_type.run_scheduled_jo..., site='erpnext.localhost', user='Administrator') job in 0:00:01.022623s on worker f3ef426b6c0c4dc19ddf780af9312982
2025-09-28 11:05:10,764 Users-user-Documents-resturantOS-frappe-bench:long: Job OK (erpnext.localhost||scheduled_job||k0r97ug9n3)
2025-09-28 11:05:10,765 Result is kept for 600 seconds
2025-09-28 11:05:10,789 Users-user-Documents-resturantOS-frappe-bench:long: frappe.utils.background_jobs.execute_job(event=None, is_async=True, job_name='frappe.core.doctype.scheduled_job_type.scheduled_job_type.run_scheduled_jo..., kwargs={'job_type': 'frappe.twofactor.delete_all_barcodes_for_users', 'scheduled_j..., method='frappe.core.doctype.scheduled_job_type.scheduled_job_type.run_scheduled_jo..., site='erpnext.localhost', user='Administrator') (erpnext.localhost||scheduled_job||i3qq39ent9)
2025-09-28 11:05:12,873 Successfully completed frappe.utils.background_jobs.execute_job(event=None, is_async=True, job_name='frappe.core.doctype.scheduled_job_type.scheduled_job_type.run_scheduled_jo..., kwargs={'job_type': 'frappe.twofactor.delete_all_barcodes_for_users', 'scheduled_j..., method='frappe.core.doctype.scheduled_job_type.scheduled_job_type.run_scheduled_jo..., site='erpnext.localhost', user='Administrator') job in 0:00:02.063695s on worker f3ef426b6c0c4dc19ddf780af9312982
2025-09-28 11:05:12,875 Users-user-Documents-resturantOS-frappe-bench:long: Job OK (erpnext.localhost||scheduled_job||i3qq39ent9)
2025-09-28 11:05:12,875 Result is kept for 600 seconds
2025-09-28 11:05:12,891 Users-user-Documents-resturantOS-frappe-bench:long: frappe.utils.background_jobs.execute_job(event=None, is_async=True, job_name='frappe.core.doctype.scheduled_job_type.scheduled_job_type.run_scheduled_jo..., kwargs={'job_type': 'frappe.desk.form.document_follow.send_hourly_updates', 'sched..., method='frappe.core.doctype.scheduled_job_type.scheduled_job_type.run_scheduled_jo..., site='erpnext.localhost', user='Administrator') (erpnext.localhost||scheduled_job||i3qcmjkc4h)
2025-09-28 11:05:14,107 Successfully completed frappe.utils.background_jobs.execute_job(event=None, is_async=True, job_name='frappe.core.doctype.scheduled_job_type.scheduled_job_type.run_scheduled_jo..., kwargs={'job_type': 'frappe.desk.form.document_follow.send_hourly_updates', 'sched..., method='frappe.core.doctype.scheduled_job_type.scheduled_job_type.run_scheduled_jo..., site='erpnext.localhost', user='Administrator') job in 0:00:01.189978s on worker f3ef426b6c0c4dc19ddf780af9312982
2025-09-28 11:05:14,107 Users-user-Documents-resturantOS-frappe-bench:long: Job OK (erpnext.localhost||scheduled_job||i3qcmjkc4h)
2025-09-28 11:05:14,107 Result is kept for 600 seconds
2025-09-28 11:05:14,120 Users-user-Documents-resturantOS-frappe-bench:long: frappe.utils.background_jobs.execute_job(event=None, is_async=True, job_name='frappe.core.doctype.scheduled_job_type.scheduled_job_type.run_scheduled_jo..., kwargs={'job_type': 'frappe.twofactor.delete_all_barcodes_for_users', 'scheduled_j..., method='frappe.core.doctype.scheduled_job_type.scheduled_job_type.run_scheduled_jo..., site='hrms.localhost', user='Administrator') (hrms.localhost||scheduled_job||moa7hdg5je)
2025-09-28 11:05:15,805 Successfully completed frappe.utils.background_jobs.execute_job(event=None, is_async=True, job_name='frappe.core.doctype.scheduled_job_type.scheduled_job_type.run_scheduled_jo..., kwargs={'job_type': 'frappe.twofactor.delete_all_barcodes_for_users', 'scheduled_j..., method='frappe.core.doctype.scheduled_job_type.scheduled_job_type.run_scheduled_jo..., site='hrms.localhost', user='Administrator') job in 0:00:01.669285s on worker f3ef426b6c0c4dc19ddf780af9312982
2025-09-28 11:05:15,805 Users-user-Documents-resturantOS-frappe-bench:long: Job OK (hrms.localhost||scheduled_job||moa7hdg5je)
2025-09-28 11:05:15,806 Result is kept for 600 seconds
2025-09-28 11:05:15,819 Users-user-Documents-resturantOS-frappe-bench:long: frappe.utils.background_jobs.execute_job(event=None, is_async=True, job_name='frappe.core.doctype.scheduled_job_type.scheduled_job_type.run_scheduled_jo..., kwargs={'job_type': 'hrms.hr.doctype.shift_type.shift_type.update_last_sync_of_che..., method='frappe.core.doctype.scheduled_job_type.scheduled_job_type.run_scheduled_jo..., site='hrms.localhost', user='Administrator') (hrms.localhost||scheduled_job||p392scvmtb)
2025-09-28 11:05:17,261 Successfully completed frappe.utils.background_jobs.execute_job(event=None, is_async=True, job_name='frappe.core.doctype.scheduled_job_type.scheduled_job_type.run_scheduled_jo..., kwargs={'job_type': 'hrms.hr.doctype.shift_type.shift_type.update_last_sync_of_che..., method='frappe.core.doctype.scheduled_job_type.scheduled_job_type.run_scheduled_jo..., site='hrms.localhost', user='Administrator') job in 0:00:01.427717s on worker f3ef426b6c0c4dc19ddf780af9312982
2025-09-28 11:05:17,262 Users-user-Documents-resturantOS-frappe-bench:long: Job OK (hrms.localhost||scheduled_job||p392scvmtb)
2025-09-28 11:05:17,262 Result is kept for 600 seconds
2025-09-28 11:05:17,275 Users-user-Documents-resturantOS-frappe-bench:long: frappe.utils.background_jobs.execute_job(event=None, is_async=True, job_name='frappe.core.doctype.scheduled_job_type.scheduled_job_type.run_scheduled_jo..., kwargs={'job_type': 'erpnext.erpnext_integrations.doctype.plaid_settings.plaid_set..., method='frappe.core.doctype.scheduled_job_type.scheduled_job_type.run_scheduled_jo..., site='hrms.localhost', user='Administrator') (hrms.localhost||scheduled_job||onjj96dsoc)
2025-09-28 11:05:18,307 Successfully completed frappe.utils.background_jobs.execute_job(event=None, is_async=True, job_name='frappe.core.doctype.scheduled_job_type.scheduled_job_type.run_scheduled_jo..., kwargs={'job_type': 'erpnext.erpnext_integrations.doctype.plaid_settings.plaid_set..., method='frappe.core.doctype.scheduled_job_type.scheduled_job_type.run_scheduled_jo..., site='hrms.localhost', user='Administrator') job in 0:00:01.018467s on worker f3ef426b6c0c4dc19ddf780af9312982
2025-09-28 11:05:18,307 Users-user-Documents-resturantOS-frappe-bench:long: Job OK (hrms.localhost||scheduled_job||onjj96dsoc)
2025-09-28 11:05:18,308 Result is kept for 600 seconds
2025-09-28 11:05:18,321 Users-user-Documents-resturantOS-frappe-bench:long: frappe.utils.background_jobs.execute_job(event=None, is_async=True, job_name='frappe.core.doctype.scheduled_job_type.scheduled_job_type.run_scheduled_jo..., kwargs={'job_type': 'frappe.core.doctype.prepared_report.prepared_report.expire_st..., method='frappe.core.doctype.scheduled_job_type.scheduled_job_type.run_scheduled_jo..., site='hrms.localhost', user='Administrator') (hrms.localhost||scheduled_job||moab3i31k4)
2025-09-28 11:05:19,749 Successfully completed frappe.utils.background_jobs.execute_job(event=None, is_async=True, job_name='frappe.core.doctype.scheduled_job_type.scheduled_job_type.run_scheduled_jo..., kwargs={'job_type': 'frappe.core.doctype.prepared_report.prepared_report.expire_st..., method='frappe.core.doctype.scheduled_job_type.scheduled_job_type.run_scheduled_jo..., site='hrms.localhost', user='Administrator') job in 0:00:01.413409s on worker f3ef426b6c0c4dc19ddf780af9312982
2025-09-28 11:05:19,750 Users-user-Documents-resturantOS-frappe-bench:long: Job OK (hrms.localhost||scheduled_job||moab3i31k4)
2025-09-28 11:05:19,750 Result is kept for 600 seconds
2025-09-28 11:05:19,767 Users-user-Documents-resturantOS-frappe-bench:long: frappe.utils.background_jobs.execute_job(event=None, is_async=True, job_name='frappe.core.doctype.scheduled_job_type.scheduled_job_type.run_scheduled_jo..., kwargs={'job_type': 'frappe.oauth.delete_oauth2_data', 'scheduled_job_type': 'moai..., method='frappe.core.doctype.scheduled_job_type.scheduled_job_type.run_scheduled_jo..., site='hrms.localhost', user='Administrator') (hrms.localhost||scheduled_job||moaitfkd7v)
2025-09-28 11:05:20,734 Successfully completed frappe.utils.background_jobs.execute_job(event=None, is_async=True, job_name='frappe.core.doctype.scheduled_job_type.scheduled_job_type.run_scheduled_jo..., kwargs={'job_type': 'frappe.oauth.delete_oauth2_data', 'scheduled_job_type': 'moai..., method='frappe.core.doctype.scheduled_job_type.scheduled_job_type.run_scheduled_jo..., site='hrms.localhost', user='Administrator') job in 0:00:00.951834s on worker f3ef426b6c0c4dc19ddf780af9312982
2025-09-28 11:05:20,734 Users-user-Documents-resturantOS-frappe-bench:long: Job OK (hrms.localhost||scheduled_job||moaitfkd7v)
2025-09-28 11:05:20,735 Result is kept for 600 seconds
2025-09-28 11:05:20,748 Users-user-Documents-resturantOS-frappe-bench:long: frappe.utils.background_jobs.execute_job(event=None, is_async=True, job_name='frappe.core.doctype.scheduled_job_type.scheduled_job_type.run_scheduled_jo..., kwargs={'job_type': 'hrms.hr.doctype.shift_type.shift_type.process_auto_attendance..., method='frappe.core.doctype.scheduled_job_type.scheduled_job_type.run_scheduled_jo..., site='hrms.localhost', user='Administrator') (hrms.localhost||scheduled_job||p3abq25tmm)
2025-09-28 11:05:21,730 Successfully completed frappe.utils.background_jobs.execute_job(event=None, is_async=True, job_name='frappe.core.doctype.scheduled_job_type.scheduled_job_type.run_scheduled_jo..., kwargs={'job_type': 'hrms.hr.doctype.shift_type.shift_type.process_auto_attendance..., method='frappe.core.doctype.scheduled_job_type.scheduled_job_type.run_scheduled_jo..., site='hrms.localhost', user='Administrator') job in 0:00:00.966413s on worker f3ef426b6c0c4dc19ddf780af9312982
2025-09-28 11:05:21,731 Users-user-Documents-resturantOS-frappe-bench:long: Job OK (hrms.localhost||scheduled_job||p3abq25tmm)
2025-09-28 11:05:21,731 Result is kept for 600 seconds
2025-09-28 11:05:21,743 Users-user-Documents-resturantOS-frappe-bench:long: frappe.utils.background_jobs.execute_job(event=None, is_async=True, job_name='frappe.core.doctype.scheduled_job_type.scheduled_job_type.run_scheduled_jo..., kwargs={'job_type': 'erpnext.utilities.doctype.video.video.update_youtube_data', '..., method='frappe.core.doctype.scheduled_job_type.scheduled_job_type.run_scheduled_jo..., site='hrms.localhost', user='Administrator') (hrms.localhost||scheduled_job||onj9gcn849)
2025-09-28 11:05:23,595 Successfully completed frappe.utils.background_jobs.execute_job(event=None, is_async=True, job_name='frappe.core.doctype.scheduled_job_type.scheduled_job_type.run_scheduled_jo..., kwargs={'job_type': 'erpnext.utilities.doctype.video.video.update_youtube_data', '..., method='frappe.core.doctype.scheduled_job_type.scheduled_job_type.run_scheduled_jo..., site='hrms.localhost', user='Administrator') job in 0:00:01.837052s on worker f3ef426b6c0c4dc19ddf780af9312982
2025-09-28 11:05:23,596 Users-user-Documents-resturantOS-frappe-bench:long: Job OK (hrms.localhost||scheduled_job||onj9gcn849)
2025-09-28 11:05:23,596 Result is kept for 600 seconds
2025-09-28 11:05:23,611 Users-user-Documents-resturantOS-frappe-bench:long: frappe.utils.background_jobs.execute_job(event=None, is_async=True, job_name='frappe.core.doctype.scheduled_job_type.scheduled_job_type.run_scheduled_jo..., kwargs={'job_type': 'frappe.desk.utils.delete_old_exported_report_files', 'schedul..., method='frappe.core.doctype.scheduled_job_type.scheduled_job_type.run_scheduled_jo..., site='hrms.localhost', user='Administrator') (hrms.localhost||scheduled_job||moa43go24e)
2025-09-28 11:05:24,481 Successfully completed frappe.utils.background_jobs.execute_job(event=None, is_async=True, job_name='frappe.core.doctype.scheduled_job_type.scheduled_job_type.run_scheduled_jo..., kwargs={'job_type': 'frappe.desk.utils.delete_old_exported_report_files', 'schedul..., method='frappe.core.doctype.scheduled_job_type.scheduled_job_type.run_scheduled_jo..., site='hrms.localhost', user='Administrator') job in 0:00:00.855979s on worker f3ef426b6c0c4dc19ddf780af9312982
2025-09-28 11:05:24,482 Users-user-Documents-resturantOS-frappe-bench:long: Job OK (hrms.localhost||scheduled_job||moa43go24e)
2025-09-28 11:05:24,482 Result is kept for 600 seconds
2025-09-28 11:05:24,495 Users-user-Documents-resturantOS-frappe-bench:long: frappe.utils.background_jobs.execute_job(event=None, is_async=True, job_name='frappe.core.doctype.scheduled_job_type.scheduled_job_type.run_scheduled_jo..., kwargs={'job_type': 'frappe.desk.page.backups.backups.delete_downloadable_backups'..., method='frappe.core.doctype.scheduled_job_type.scheduled_job_type.run_scheduled_jo..., site='hrms.localhost', user='Administrator') (hrms.localhost||scheduled_job||moa573jht0)
2025-09-28 11:05:25,447 Successfully completed frappe.utils.background_jobs.execute_job(event=None, is_async=True, job_name='frappe.core.doctype.scheduled_job_type.scheduled_job_type.run_scheduled_jo..., kwargs={'job_type': 'frappe.desk.page.backups.backups.delete_downloadable_backups'..., method='frappe.core.doctype.scheduled_job_type.scheduled_job_type.run_scheduled_jo..., site='hrms.localhost', user='Administrator') job in 0:00:00.934242s on worker f3ef426b6c0c4dc19ddf780af9312982
2025-09-28 11:05:25,447 Users-user-Documents-resturantOS-frappe-bench:long: Job OK (hrms.localhost||scheduled_job||moa573jht0)
2025-09-28 11:05:25,448 Result is kept for 600 seconds
2025-09-28 11:05:25,470 Users-user-Documents-resturantOS-frappe-bench:long: frappe.utils.background_jobs.execute_job(event=None, is_async=True, job_name='frappe.core.doctype.scheduled_job_type.scheduled_job_type.run_scheduled_jo..., kwargs={'job_type': 'erpnext.projects.doctype.project.project.project_status_updat..., method='frappe.core.doctype.scheduled_job_type.scheduled_job_type.run_scheduled_jo..., site='hrms.localhost', user='Administrator') (hrms.localhost||scheduled_job||onjo6766jm)
2025-09-28 11:05:27,231 Successfully completed frappe.utils.background_jobs.execute_job(event=None, is_async=True, job_name='frappe.core.doctype.scheduled_job_type.scheduled_job_type.run_scheduled_jo..., kwargs={'job_type': 'erpnext.projects.doctype.project.project.project_status_updat..., method='frappe.core.doctype.scheduled_job_type.scheduled_job_type.run_scheduled_jo..., site='hrms.localhost', user='Administrator') job in 0:00:01.735956s on worker f3ef426b6c0c4dc19ddf780af9312982
2025-09-28 11:05:27,231 Users-user-Documents-resturantOS-frappe-bench:long: Job OK (hrms.localhost||scheduled_job||onjo6766jm)
2025-09-28 11:05:27,231 Result is kept for 600 seconds
2025-09-28 11:05:27,245 Users-user-Documents-resturantOS-frappe-bench:long: frappe.utils.background_jobs.execute_job(event=None, is_async=True, job_name='frappe.core.doctype.scheduled_job_type.scheduled_job_type.run_scheduled_jo..., kwargs={'job_type': 'erpnext.stock.doctype.repost_item_valuation.repost_item_valua..., method='frappe.core.doctype.scheduled_job_type.scheduled_job_type.run_scheduled_jo..., site='hrms.localhost', user='Administrator') (hrms.localhost||scheduled_job||onj9eh5vua)
2025-09-28 11:05:29,204 Successfully completed frappe.utils.background_jobs.execute_job(event=None, is_async=True, job_name='frappe.core.doctype.scheduled_job_type.scheduled_job_type.run_scheduled_jo..., kwargs={'job_type': 'erpnext.stock.doctype.repost_item_valuation.repost_item_valua..., method='frappe.core.doctype.scheduled_job_type.scheduled_job_type.run_scheduled_jo..., site='hrms.localhost', user='Administrator') job in 0:00:01.944592s on worker f3ef426b6c0c4dc19ddf780af9312982
2025-09-28 11:05:29,205 Users-user-Documents-resturantOS-frappe-bench:long: Job OK (hrms.localhost||scheduled_job||onj9eh5vua)
2025-09-28 11:05:29,205 Result is kept for 600 seconds
2025-09-28 11:05:29,218 Users-user-Documents-resturantOS-frappe-bench:long: frappe.utils.background_jobs.execute_job(event=None, is_async=True, job_name='frappe.core.doctype.scheduled_job_type.scheduled_job_type.run_scheduled_jo..., kwargs={'job_type': 'erpnext.projects.doctype.project.project.collect_project_stat..., method='frappe.core.doctype.scheduled_job_type.scheduled_job_type.run_scheduled_jo..., site='hrms.localhost', user='Administrator') (hrms.localhost||scheduled_job||onj1m7de8i)
2025-09-28 11:05:31,142 Successfully completed frappe.utils.background_jobs.execute_job(event=None, is_async=True, job_name='frappe.core.doctype.scheduled_job_type.scheduled_job_type.run_scheduled_jo..., kwargs={'job_type': 'erpnext.projects.doctype.project.project.collect_project_stat..., method='frappe.core.doctype.scheduled_job_type.scheduled_job_type.run_scheduled_jo..., site='hrms.localhost', user='Administrator') job in 0:00:01.904164s on worker f3ef426b6c0c4dc19ddf780af9312982
2025-09-28 11:05:31,143 Users-user-Documents-resturantOS-frappe-bench:long: Job OK (hrms.localhost||scheduled_job||onj1m7de8i)
2025-09-28 11:05:31,143 Result is kept for 600 seconds
2025-09-28 11:05:31,159 Users-user-Documents-resturantOS-frappe-bench:long: frappe.utils.background_jobs.execute_job(event=None, is_async=True, job_name='frappe.core.doctype.scheduled_job_type.scheduled_job_type.run_scheduled_jo..., kwargs={'job_type': 'frappe.website.doctype.personal_data_deletion_request.persona..., method='frappe.core.doctype.scheduled_job_type.scheduled_job_type.run_scheduled_jo..., site='hrms.localhost', user='Administrator') (hrms.localhost||scheduled_job||moaq3f9bjp)
2025-09-28 11:05:33,003 Successfully completed frappe.utils.background_jobs.execute_job(event=None, is_async=True, job_name='frappe.core.doctype.scheduled_job_type.scheduled_job_type.run_scheduled_jo..., kwargs={'job_type': 'frappe.website.doctype.personal_data_deletion_request.persona..., method='frappe.core.doctype.scheduled_job_type.scheduled_job_type.run_scheduled_jo..., site='hrms.localhost', user='Administrator') job in 0:00:01.825734s on worker f3ef426b6c0c4dc19ddf780af9312982
2025-09-28 11:05:33,005 Users-user-Documents-resturantOS-frappe-bench:long: Job OK (hrms.localhost||scheduled_job||moaq3f9bjp)
2025-09-28 11:05:33,005 Result is kept for 600 seconds
2025-09-28 11:05:33,026 Users-user-Documents-resturantOS-frappe-bench:long: frappe.utils.background_jobs.execute_job(event=None, is_async=True, job_name='frappe.core.doctype.scheduled_job_type.scheduled_job_type.run_scheduled_jo..., kwargs={'job_type': 'erpnext.utilities.bulk_transaction.retry', 'scheduled_job_typ..., method='frappe.core.doctype.scheduled_job_type.scheduled_job_type.run_scheduled_jo..., site='hrms.localhost', user='Administrator') (hrms.localhost||scheduled_job||onj33u5sou)
2025-09-28 11:05:35,724 Successfully completed frappe.utils.background_jobs.execute_job(event=None, is_async=True, job_name='frappe.core.doctype.scheduled_job_type.scheduled_job_type.run_scheduled_jo..., kwargs={'job_type': 'erpnext.utilities.bulk_transaction.retry', 'scheduled_job_typ..., method='frappe.core.doctype.scheduled_job_type.scheduled_job_type.run_scheduled_jo..., site='hrms.localhost', user='Administrator') job in 0:00:02.676028s on worker f3ef426b6c0c4dc19ddf780af9312982
2025-09-28 11:05:35,726 Users-user-Documents-resturantOS-frappe-bench:long: Job OK (hrms.localhost||scheduled_job||onj33u5sou)
2025-09-28 11:05:35,726 Result is kept for 600 seconds
2025-09-28 11:05:35,745 Users-user-Documents-resturantOS-frappe-bench:long: frappe.utils.background_jobs.execute_job(event=None, is_async=True, job_name='frappe.core.doctype.scheduled_job_type.scheduled_job_type.run_scheduled_jo..., kwargs={'job_type': 'frappe.model.utils.user_settings.sync_user_settings', 'schedu..., method='frappe.core.doctype.scheduled_job_type.scheduled_job_type.run_scheduled_jo..., site='hrms.localhost', user='Administrator') (hrms.localhost||scheduled_job||moajv8jr8g)
2025-09-28 11:05:37,332 Successfully completed frappe.utils.background_jobs.execute_job(event=None, is_async=True, job_name='frappe.core.doctype.scheduled_job_type.scheduled_job_type.run_scheduled_jo..., kwargs={'job_type': 'frappe.model.utils.user_settings.sync_user_settings', 'schedu..., method='frappe.core.doctype.scheduled_job_type.scheduled_job_type.run_scheduled_jo..., site='hrms.localhost', user='Administrator') job in 0:00:01.559530s on worker f3ef426b6c0c4dc19ddf780af9312982
2025-09-28 11:05:37,332 Users-user-Documents-resturantOS-frappe-bench:long: Job OK (hrms.localhost||scheduled_job||moajv8jr8g)
2025-09-28 11:05:37,333 Result is kept for 600 seconds
2025-09-28 11:05:37,345 Users-user-Documents-resturantOS-frappe-bench:long: frappe.utils.background_jobs.execute_job(event=None, is_async=True, job_name='frappe.core.doctype.scheduled_job_type.scheduled_job_type.run_scheduled_jo..., kwargs={'job_type': 'frappe.website.doctype.web_page.web_page.check_publish_status..., method='frappe.core.doctype.scheduled_job_type.scheduled_job_type.run_scheduled_jo..., site='hrms.localhost', user='Administrator') (hrms.localhost||scheduled_job||moajn9vj7q)
2025-09-28 11:05:38,976 Successfully completed frappe.utils.background_jobs.execute_job(event=None, is_async=True, job_name='frappe.core.doctype.scheduled_job_type.scheduled_job_type.run_scheduled_jo..., kwargs={'job_type': 'frappe.website.doctype.web_page.web_page.check_publish_status..., method='frappe.core.doctype.scheduled_job_type.scheduled_job_type.run_scheduled_jo..., site='hrms.localhost', user='Administrator') job in 0:00:01.615584s on worker f3ef426b6c0c4dc19ddf780af9312982
2025-09-28 11:05:38,977 Users-user-Documents-resturantOS-frappe-bench:long: Job OK (hrms.localhost||scheduled_job||moajn9vj7q)
2025-09-28 11:05:38,977 Result is kept for 600 seconds
2025-09-28 11:05:38,993 Users-user-Documents-resturantOS-frappe-bench:long: frappe.utils.background_jobs.execute_job(event=None, is_async=True, job_name='frappe.core.doctype.scheduled_job_type.scheduled_job_type.run_scheduled_jo..., kwargs={'job_type': 'hrms.hr.doctype.shift_schedule_assignment.shift_schedule_assi..., method='frappe.core.doctype.scheduled_job_type.scheduled_job_type.run_scheduled_jo..., site='hrms.localhost', user='Administrator') (hrms.localhost||scheduled_job||p3alnn7g0o)
2025-09-28 11:05:40,339 Successfully completed frappe.utils.background_jobs.execute_job(event=None, is_async=True, job_name='frappe.core.doctype.scheduled_job_type.scheduled_job_type.run_scheduled_jo..., kwargs={'job_type': 'hrms.hr.doctype.shift_schedule_assignment.shift_schedule_assi..., method='frappe.core.doctype.scheduled_job_type.scheduled_job_type.run_scheduled_jo..., site='hrms.localhost', user='Administrator') job in 0:00:01.325182s on worker f3ef426b6c0c4dc19ddf780af9312982
2025-09-28 11:05:40,339 Users-user-Documents-resturantOS-frappe-bench:long: Job OK (hrms.localhost||scheduled_job||p3alnn7g0o)
2025-09-28 11:05:40,340 Result is kept for 600 seconds
2025-09-28 11:05:40,352 Users-user-Documents-resturantOS-frappe-bench:long: frappe.utils.background_jobs.execute_job(event=None, is_async=True, job_name='frappe.core.doctype.scheduled_job_type.scheduled_job_type.run_scheduled_jo..., kwargs={'job_type': 'frappe.desk.form.document_follow.send_hourly_updates', 'sched..., method='frappe.core.doctype.scheduled_job_type.scheduled_job_type.run_scheduled_jo..., site='hrms.localhost', user='Administrator') (hrms.localhost||scheduled_job||moa6eam9a5)
2025-09-28 11:05:41,167 Successfully completed frappe.utils.background_jobs.execute_job(event=None, is_async=True, job_name='frappe.core.doctype.scheduled_job_type.scheduled_job_type.run_scheduled_jo..., kwargs={'job_type': 'frappe.desk.form.document_follow.send_hourly_updates', 'sched..., method='frappe.core.doctype.scheduled_job_type.scheduled_job_type.run_scheduled_jo..., site='hrms.localhost', user='Administrator') job in 0:00:00.799575s on worker f3ef426b6c0c4dc19ddf780af9312982
2025-09-28 11:05:41,167 Users-user-Documents-resturantOS-frappe-bench:long: Job OK (hrms.localhost||scheduled_job||moa6eam9a5)
2025-09-28 11:05:41,167 Result is kept for 600 seconds
2025-09-28 11:05:41,179 Users-user-Documents-resturantOS-frappe-bench:long: frappe.utils.background_jobs.execute_job(event=None, is_async=True, job_name='frappe.core.doctype.scheduled_job_type.scheduled_job_type.run_scheduled_jo..., kwargs={'job_type': 'frappe.desk.form.document_follow.send_hourly_updates', 'sched..., method='frappe.core.doctype.scheduled_job_type.scheduled_job_type.run_scheduled_jo..., site='resturant.localhost', user='Administrator') (resturant.localhost||scheduled_job||t89g5j3m4m)
2025-09-28 11:05:42,555 Successfully completed frappe.utils.background_jobs.execute_job(event=None, is_async=True, job_name='frappe.core.doctype.scheduled_job_type.scheduled_job_type.run_scheduled_jo..., kwargs={'job_type': 'frappe.desk.form.document_follow.send_hourly_updates', 'sched..., method='frappe.core.doctype.scheduled_job_type.scheduled_job_type.run_scheduled_jo..., site='resturant.localhost', user='Administrator') job in 0:00:01.361483s on worker f3ef426b6c0c4dc19ddf780af9312982
2025-09-28 11:05:42,555 Users-user-Documents-resturantOS-frappe-bench:long: Job OK (resturant.localhost||scheduled_job||t89g5j3m4m)
2025-09-28 11:05:42,556 Result is kept for 600 seconds
2025-09-28 11:05:42,567 Users-user-Documents-resturantOS-frappe-bench:long: frappe.utils.background_jobs.execute_job(event=None, is_async=True, job_name='frappe.core.doctype.scheduled_job_type.scheduled_job_type.run_scheduled_jo..., kwargs={'job_type': 'frappe.oauth.delete_oauth2_data', 'scheduled_job_type': 't89a..., method='frappe.core.doctype.scheduled_job_type.scheduled_job_type.run_scheduled_jo..., site='resturant.localhost', user='Administrator') (resturant.localhost||scheduled_job||t89aab0o19)
2025-09-28 11:05:43,560 Successfully completed frappe.utils.background_jobs.execute_job(event=None, is_async=True, job_name='frappe.core.doctype.scheduled_job_type.scheduled_job_type.run_scheduled_jo..., kwargs={'job_type': 'frappe.oauth.delete_oauth2_data', 'scheduled_job_type': 't89a..., method='frappe.core.doctype.scheduled_job_type.scheduled_job_type.run_scheduled_jo..., site='resturant.localhost', user='Administrator') job in 0:00:00.976415s on worker f3ef426b6c0c4dc19ddf780af9312982
2025-09-28 11:05:43,561 Users-user-Documents-resturantOS-frappe-bench:long: Job OK (resturant.localhost||scheduled_job||t89aab0o19)
2025-09-28 11:05:43,561 Result is kept for 600 seconds
2025-09-28 11:05:43,573 Users-user-Documents-resturantOS-frappe-bench:long: frappe.utils.background_jobs.execute_job(event=None, is_async=True, job_name='frappe.core.doctype.scheduled_job_type.scheduled_job_type.run_scheduled_jo..., kwargs={'job_type': 'frappe.website.doctype.web_page.web_page.check_publish_status..., method='frappe.core.doctype.scheduled_job_type.scheduled_job_type.run_scheduled_jo..., site='resturant.localhost', user='Administrator') (resturant.localhost||scheduled_job||t89dm45etr)
2025-09-28 11:05:44,434 Successfully completed frappe.utils.background_jobs.execute_job(event=None, is_async=True, job_name='frappe.core.doctype.scheduled_job_type.scheduled_job_type.run_scheduled_jo..., kwargs={'job_type': 'frappe.website.doctype.web_page.web_page.check_publish_status..., method='frappe.core.doctype.scheduled_job_type.scheduled_job_type.run_scheduled_jo..., site='resturant.localhost', user='Administrator') job in 0:00:00.847023s on worker f3ef426b6c0c4dc19ddf780af9312982
2025-09-28 11:05:44,435 Users-user-Documents-resturantOS-frappe-bench:long: Job OK (resturant.localhost||scheduled_job||t89dm45etr)
2025-09-28 11:05:44,435 Result is kept for 600 seconds
2025-09-28 11:05:44,448 Users-user-Documents-resturantOS-frappe-bench:long: frappe.utils.background_jobs.execute_job(event=None, is_async=True, job_name='frappe.core.doctype.scheduled_job_type.scheduled_job_type.run_scheduled_jo..., kwargs={'job_type': 'frappe.desk.utils.delete_old_exported_report_files', 'schedul..., method='frappe.core.doctype.scheduled_job_type.scheduled_job_type.run_scheduled_jo..., site='resturant.localhost', user='Administrator') (resturant.localhost||scheduled_job||t89lj4el2j)
2025-09-28 11:05:45,502 Successfully completed frappe.utils.background_jobs.execute_job(event=None, is_async=True, job_name='frappe.core.doctype.scheduled_job_type.scheduled_job_type.run_scheduled_jo..., kwargs={'job_type': 'frappe.desk.utils.delete_old_exported_report_files', 'schedul..., method='frappe.core.doctype.scheduled_job_type.scheduled_job_type.run_scheduled_jo..., site='resturant.localhost', user='Administrator') job in 0:00:00.905600s on worker f3ef426b6c0c4dc19ddf780af9312982
2025-09-28 11:05:45,502 Users-user-Documents-resturantOS-frappe-bench:long: Job OK (resturant.localhost||scheduled_job||t89lj4el2j)
2025-09-28 11:05:45,503 Result is kept for 600 seconds
2025-09-28 11:05:45,514 Users-user-Documents-resturantOS-frappe-bench:long: frappe.utils.background_jobs.execute_job(event=None, is_async=True, job_name='frappe.core.doctype.scheduled_job_type.scheduled_job_type.run_scheduled_jo..., kwargs={'job_type': 'frappe.website.doctype.personal_data_deletion_request.persona..., method='frappe.core.doctype.scheduled_job_type.scheduled_job_type.run_scheduled_jo..., site='resturant.localhost', user='Administrator') (resturant.localhost||scheduled_job||t890f64rhn)
2025-09-28 11:05:46,369 Successfully completed frappe.utils.background_jobs.execute_job(event=None, is_async=True, job_name='frappe.core.doctype.scheduled_job_type.scheduled_job_type.run_scheduled_jo..., kwargs={'job_type': 'frappe.website.doctype.personal_data_deletion_request.persona..., method='frappe.core.doctype.scheduled_job_type.scheduled_job_type.run_scheduled_jo..., site='resturant.localhost', user='Administrator') job in 0:00:00.841373s on worker f3ef426b6c0c4dc19ddf780af9312982
2025-09-28 11:05:46,369 Users-user-Documents-resturantOS-frappe-bench:long: Job OK (resturant.localhost||scheduled_job||t890f64rhn)
2025-09-28 11:05:46,370 Result is kept for 600 seconds
2025-09-28 11:05:46,382 Users-user-Documents-resturantOS-frappe-bench:long: frappe.utils.background_jobs.execute_job(event=None, is_async=True, job_name='frappe.core.doctype.scheduled_job_type.scheduled_job_type.run_scheduled_jo..., kwargs={'job_type': 'frappe.model.utils.user_settings.sync_user_settings', 'schedu..., method='frappe.core.doctype.scheduled_job_type.scheduled_job_type.run_scheduled_jo..., site='resturant.localhost', user='Administrator') (resturant.localhost||scheduled_job||t89a1ocpq1)
2025-09-28 11:05:47,281 Successfully completed frappe.utils.background_jobs.execute_job(event=None, is_async=True, job_name='frappe.core.doctype.scheduled_job_type.scheduled_job_type.run_scheduled_jo..., kwargs={'job_type': 'frappe.model.utils.user_settings.sync_user_settings', 'schedu..., method='frappe.core.doctype.scheduled_job_type.scheduled_job_type.run_scheduled_jo..., site='resturant.localhost', user='Administrator') job in 0:00:00.885240s on worker f3ef426b6c0c4dc19ddf780af9312982
2025-09-28 11:05:47,283 Users-user-Documents-resturantOS-frappe-bench:long: Job OK (resturant.localhost||scheduled_job||t89a1ocpq1)
2025-09-28 11:05:47,283 Result is kept for 600 seconds
2025-09-28 11:05:47,294 Users-user-Documents-resturantOS-frappe-bench:long: frappe.utils.background_jobs.execute_job(event=None, is_async=True, job_name='frappe.core.doctype.scheduled_job_type.scheduled_job_type.run_scheduled_jo..., kwargs={'job_type': 'frappe.core.doctype.prepared_report.prepared_report.expire_st..., method='frappe.core.doctype.scheduled_job_type.scheduled_job_type.run_scheduled_jo..., site='resturant.localhost', user='Administrator') (resturant.localhost||scheduled_job||t89ui2mk8a)
2025-09-28 11:05:48,241 Successfully completed frappe.utils.background_jobs.execute_job(event=None, is_async=True, job_name='frappe.core.doctype.scheduled_job_type.scheduled_job_type.run_scheduled_jo..., kwargs={'job_type': 'frappe.core.doctype.prepared_report.prepared_report.expire_st..., method='frappe.core.doctype.scheduled_job_type.scheduled_job_type.run_scheduled_jo..., site='resturant.localhost', user='Administrator') job in 0:00:00.932280s on worker f3ef426b6c0c4dc19ddf780af9312982
2025-09-28 11:05:48,241 Users-user-Documents-resturantOS-frappe-bench:long: Job OK (resturant.localhost||scheduled_job||t89ui2mk8a)
2025-09-28 11:05:48,242 Result is kept for 600 seconds
2025-09-28 11:05:48,253 Users-user-Documents-resturantOS-frappe-bench:long: frappe.utils.background_jobs.execute_job(event=None, is_async=True, job_name='frappe.core.doctype.scheduled_job_type.scheduled_job_type.run_scheduled_jo..., kwargs={'job_type': 'frappe.desk.page.backups.backups.delete_downloadable_backups'..., method='frappe.core.doctype.scheduled_job_type.scheduled_job_type.run_scheduled_jo..., site='resturant.localhost', user='Administrator') (resturant.localhost||scheduled_job||t89i488n7o)
2025-09-28 11:05:49,153 Successfully completed frappe.utils.background_jobs.execute_job(event=None, is_async=True, job_name='frappe.core.doctype.scheduled_job_type.scheduled_job_type.run_scheduled_jo..., kwargs={'job_type': 'frappe.desk.page.backups.backups.delete_downloadable_backups'..., method='frappe.core.doctype.scheduled_job_type.scheduled_job_type.run_scheduled_jo..., site='resturant.localhost', user='Administrator') job in 0:00:00.886481s on worker f3ef426b6c0c4dc19ddf780af9312982
2025-09-28 11:05:49,153 Users-user-Documents-resturantOS-frappe-bench:long: Job OK (resturant.localhost||scheduled_job||t89i488n7o)
2025-09-28 11:05:49,154 Result is kept for 600 seconds
2025-09-28 11:05:49,168 Users-user-Documents-resturantOS-frappe-bench:long: frappe.utils.background_jobs.execute_job(event=None, is_async=True, job_name='frappe.core.doctype.scheduled_job_type.scheduled_job_type.run_scheduled_jo..., kwargs={'job_type': 'frappe.twofactor.delete_all_barcodes_for_users', 'scheduled_j..., method='frappe.core.doctype.scheduled_job_type.scheduled_job_type.run_scheduled_jo..., site='resturant.localhost', user='Administrator') (resturant.localhost||scheduled_job||t89q8enhiv)
2025-09-28 11:05:50,087 Successfully completed frappe.utils.background_jobs.execute_job(event=None, is_async=True, job_name='frappe.core.doctype.scheduled_job_type.scheduled_job_type.run_scheduled_jo..., kwargs={'job_type': 'frappe.twofactor.delete_all_barcodes_for_users', 'scheduled_j..., method='frappe.core.doctype.scheduled_job_type.scheduled_job_type.run_scheduled_jo..., site='resturant.localhost', user='Administrator') job in 0:00:00.906338s on worker f3ef426b6c0c4dc19ddf780af9312982
2025-09-28 11:05:50,088 Users-user-Documents-resturantOS-frappe-bench:long: Job OK (resturant.localhost||scheduled_job||t89q8enhiv)
2025-09-28 11:05:50,088 Result is kept for 600 seconds
2025-09-28 11:05:50,099 Users-user-Documents-resturantOS-frappe-bench:long: frappe.utils.background_jobs.execute_job(event=None, is_async=True, job_name='frappe.core.doctype.scheduled_job_type.scheduled_job_type.run_scheduled_jo..., kwargs={'job_type': 'erpnext.projects.doctype.project.project.project_status_updat..., method='frappe.core.doctype.scheduled_job_type.scheduled_job_type.run_scheduled_jo..., site='education.localhost', user='Administrator') (education.localhost||scheduled_job||skvqjiiapj)
2025-09-28 11:05:51,011 Successfully completed frappe.utils.background_jobs.execute_job(event=None, is_async=True, job_name='frappe.core.doctype.scheduled_job_type.scheduled_job_type.run_scheduled_jo..., kwargs={'job_type': 'erpnext.projects.doctype.project.project.project_status_updat..., method='frappe.core.doctype.scheduled_job_type.scheduled_job_type.run_scheduled_jo..., site='education.localhost', user='Administrator') job in 0:00:00.898068s on worker f3ef426b6c0c4dc19ddf780af9312982
2025-09-28 11:05:51,011 Users-user-Documents-resturantOS-frappe-bench:long: Job OK (education.localhost||scheduled_job||skvqjiiapj)
2025-09-28 11:05:51,012 Result is kept for 600 seconds
2025-09-28 11:05:51,026 Users-user-Documents-resturantOS-frappe-bench:long: frappe.utils.background_jobs.execute_job(event=None, is_async=True, job_name='frappe.core.doctype.scheduled_job_type.scheduled_job_type.run_scheduled_jo..., kwargs={'job_type': 'frappe.website.doctype.web_page.web_page.check_publish_status..., method='frappe.core.doctype.scheduled_job_type.scheduled_job_type.run_scheduled_jo..., site='education.localhost', user='Administrator') (education.localhost||scheduled_job||rfa5vq5la2)
2025-09-28 11:05:51,833 Successfully completed frappe.utils.background_jobs.execute_job(event=None, is_async=True, job_name='frappe.core.doctype.scheduled_job_type.scheduled_job_type.run_scheduled_jo..., kwargs={'job_type': 'frappe.website.doctype.web_page.web_page.check_publish_status..., method='frappe.core.doctype.scheduled_job_type.scheduled_job_type.run_scheduled_jo..., site='education.localhost', user='Administrator') job in 0:00:00.794335s on worker f3ef426b6c0c4dc19ddf780af9312982
2025-09-28 11:05:51,834 Users-user-Documents-resturantOS-frappe-bench:long: Job OK (education.localhost||scheduled_job||rfa5vq5la2)
2025-09-28 11:05:51,834 Result is kept for 600 seconds
2025-09-28 11:05:51,845 Users-user-Documents-resturantOS-frappe-bench:long: frappe.utils.background_jobs.execute_job(event=None, is_async=True, job_name='frappe.core.doctype.scheduled_job_type.scheduled_job_type.run_scheduled_jo..., kwargs={'job_type': 'frappe.model.utils.user_settings.sync_user_settings', 'schedu..., method='frappe.core.doctype.scheduled_job_type.scheduled_job_type.run_scheduled_jo..., site='education.localhost', user='Administrator') (education.localhost||scheduled_job||rfarr8i0p9)
2025-09-28 11:05:52,661 Successfully completed frappe.utils.background_jobs.execute_job(event=None, is_async=True, job_name='frappe.core.doctype.scheduled_job_type.scheduled_job_type.run_scheduled_jo..., kwargs={'job_type': 'frappe.model.utils.user_settings.sync_user_settings', 'schedu..., method='frappe.core.doctype.scheduled_job_type.scheduled_job_type.run_scheduled_jo..., site='education.localhost', user='Administrator') job in 0:00:00.801827s on worker f3ef426b6c0c4dc19ddf780af9312982
2025-09-28 11:05:52,662 Users-user-Documents-resturantOS-frappe-bench:long: Job OK (education.localhost||scheduled_job||rfarr8i0p9)
2025-09-28 11:05:52,662 Result is kept for 600 seconds
2025-09-28 11:05:52,673 Users-user-Documents-resturantOS-frappe-bench:long: frappe.utils.background_jobs.execute_job(event=None, is_async=True, job_name='frappe.core.doctype.scheduled_job_type.scheduled_job_type.run_scheduled_jo..., kwargs={'job_type': 'erpnext.utilities.bulk_transaction.retry', 'scheduled_job_typ..., method='frappe.core.doctype.scheduled_job_type.scheduled_job_type.run_scheduled_jo..., site='education.localhost', user='Administrator') (education.localhost||scheduled_job||skvineoq4i)
2025-09-28 11:05:53,816 Successfully completed frappe.utils.background_jobs.execute_job(event=None, is_async=True, job_name='frappe.core.doctype.scheduled_job_type.scheduled_job_type.run_scheduled_jo..., kwargs={'job_type': 'erpnext.utilities.bulk_transaction.retry', 'scheduled_job_typ..., method='frappe.core.doctype.scheduled_job_type.scheduled_job_type.run_scheduled_jo..., site='education.localhost', user='Administrator') job in 0:00:01.127998s on worker f3ef426b6c0c4dc19ddf780af9312982
2025-09-28 11:05:53,817 Users-user-Documents-resturantOS-frappe-bench:long: Job OK (education.localhost||scheduled_job||skvineoq4i)
2025-09-28 11:05:53,817 Result is kept for 600 seconds
2025-09-28 11:05:53,829 Users-user-Documents-resturantOS-frappe-bench:long: frappe.utils.background_jobs.execute_job(event=None, is_async=True, job_name='frappe.core.doctype.scheduled_job_type.scheduled_job_type.run_scheduled_jo..., kwargs={'job_type': 'frappe.core.doctype.prepared_report.prepared_report.expire_st..., method='frappe.core.doctype.scheduled_job_type.scheduled_job_type.run_scheduled_jo..., site='education.localhost', user='Administrator') (education.localhost||scheduled_job||rfar6eooii)
2025-09-28 11:05:54,753 Successfully completed frappe.utils.background_jobs.execute_job(event=None, is_async=True, job_name='frappe.core.doctype.scheduled_job_type.scheduled_job_type.run_scheduled_jo..., kwargs={'job_type': 'frappe.core.doctype.prepared_report.prepared_report.expire_st..., method='frappe.core.doctype.scheduled_job_type.scheduled_job_type.run_scheduled_jo..., site='education.localhost', user='Administrator') job in 0:00:00.909997s on worker f3ef426b6c0c4dc19ddf780af9312982
2025-09-28 11:05:54,754 Users-user-Documents-resturantOS-frappe-bench:long: Job OK (education.localhost||scheduled_job||rfar6eooii)
2025-09-28 11:05:54,754 Result is kept for 600 seconds
2025-09-28 11:05:54,766 Users-user-Documents-resturantOS-frappe-bench:long: frappe.utils.background_jobs.execute_job(event=None, is_async=True, job_name='frappe.core.doctype.scheduled_job_type.scheduled_job_type.run_scheduled_jo..., kwargs={'job_type': 'frappe.oauth.delete_oauth2_data', 'scheduled_job_type': 'rfaq..., method='frappe.core.doctype.scheduled_job_type.scheduled_job_type.run_scheduled_jo..., site='education.localhost', user='Administrator') (education.localhost||scheduled_job||rfaqfjh09d)
2025-09-28 11:05:55,721 Successfully completed frappe.utils.background_jobs.execute_job(event=None, is_async=True, job_name='frappe.core.doctype.scheduled_job_type.scheduled_job_type.run_scheduled_jo..., kwargs={'job_type': 'frappe.oauth.delete_oauth2_data', 'scheduled_job_type': 'rfaq..., method='frappe.core.doctype.scheduled_job_type.scheduled_job_type.run_scheduled_jo..., site='education.localhost', user='Administrator') job in 0:00:00.941422s on worker f3ef426b6c0c4dc19ddf780af9312982
2025-09-28 11:05:55,722 Users-user-Documents-resturantOS-frappe-bench:long: Job OK (education.localhost||scheduled_job||rfaqfjh09d)
2025-09-28 11:05:55,722 Result is kept for 600 seconds
2025-09-28 11:05:55,734 Users-user-Documents-resturantOS-frappe-bench:long: frappe.utils.background_jobs.execute_job(event=None, is_async=True, job_name='frappe.core.doctype.scheduled_job_type.scheduled_job_type.run_scheduled_jo..., kwargs={'job_type': 'erpnext.stock.doctype.repost_item_valuation.repost_item_valua..., method='frappe.core.doctype.scheduled_job_type.scheduled_job_type.run_scheduled_jo..., site='education.localhost', user='Administrator') (education.localhost||scheduled_job||skvsm3hfln)
2025-09-28 11:05:56,855 Successfully completed frappe.utils.background_jobs.execute_job(event=None, is_async=True, job_name='frappe.core.doctype.scheduled_job_type.scheduled_job_type.run_scheduled_jo..., kwargs={'job_type': 'erpnext.stock.doctype.repost_item_valuation.repost_item_valua..., method='frappe.core.doctype.scheduled_job_type.scheduled_job_type.run_scheduled_jo..., site='education.localhost', user='Administrator') job in 0:00:01.107667s on worker f3ef426b6c0c4dc19ddf780af9312982
2025-09-28 11:05:56,855 Users-user-Documents-resturantOS-frappe-bench:long: Job OK (education.localhost||scheduled_job||skvsm3hfln)
2025-09-28 11:05:56,856 Result is kept for 600 seconds
2025-09-28 11:05:56,869 Users-user-Documents-resturantOS-frappe-bench:long: frappe.utils.background_jobs.execute_job(event=None, is_async=True, job_name='frappe.core.doctype.scheduled_job_type.scheduled_job_type.run_scheduled_jo..., kwargs={'job_type': 'frappe.desk.page.backups.backups.delete_downloadable_backups'..., method='frappe.core.doctype.scheduled_job_type.scheduled_job_type.run_scheduled_jo..., site='education.localhost', user='Administrator') (education.localhost||scheduled_job||rfan98sc9a)
2025-09-28 11:05:57,809 Successfully completed frappe.utils.background_jobs.execute_job(event=None, is_async=True, job_name='frappe.core.doctype.scheduled_job_type.scheduled_job_type.run_scheduled_jo..., kwargs={'job_type': 'frappe.desk.page.backups.backups.delete_downloadable_backups'..., method='frappe.core.doctype.scheduled_job_type.scheduled_job_type.run_scheduled_jo..., site='education.localhost', user='Administrator') job in 0:00:00.927114s on worker f3ef426b6c0c4dc19ddf780af9312982
2025-09-28 11:05:57,810 Users-user-Documents-resturantOS-frappe-bench:long: Job OK (education.localhost||scheduled_job||rfan98sc9a)
2025-09-28 11:05:57,811 Result is kept for 600 seconds
2025-09-28 11:05:57,824 Users-user-Documents-resturantOS-frappe-bench:long: frappe.utils.background_jobs.execute_job(event=None, is_async=True, job_name='frappe.core.doctype.scheduled_job_type.scheduled_job_type.run_scheduled_jo..., kwargs={'job_type': 'erpnext.projects.doctype.project.project.collect_project_stat..., method='frappe.core.doctype.scheduled_job_type.scheduled_job_type.run_scheduled_jo..., site='education.localhost', user='Administrator') (education.localhost||scheduled_job||skvjba56ed)
2025-09-28 11:05:58,873 Successfully completed frappe.utils.background_jobs.execute_job(event=None, is_async=True, job_name='frappe.core.doctype.scheduled_job_type.scheduled_job_type.run_scheduled_jo..., kwargs={'job_type': 'erpnext.projects.doctype.project.project.collect_project_stat..., method='frappe.core.doctype.scheduled_job_type.scheduled_job_type.run_scheduled_jo..., site='education.localhost', user='Administrator') job in 0:00:01.035996s on worker f3ef426b6c0c4dc19ddf780af9312982
2025-09-28 11:05:58,873 Users-user-Documents-resturantOS-frappe-bench:long: Job OK (education.localhost||scheduled_job||skvjba56ed)
2025-09-28 11:05:58,874 Result is kept for 600 seconds
2025-09-28 11:05:58,889 Users-user-Documents-resturantOS-frappe-bench:long: frappe.utils.background_jobs.execute_job(event=None, is_async=True, job_name='frappe.core.doctype.scheduled_job_type.scheduled_job_type.run_scheduled_jo..., kwargs={'job_type': 'frappe.desk.form.document_follow.send_hourly_updates', 'sched..., method='frappe.core.doctype.scheduled_job_type.scheduled_job_type.run_scheduled_jo..., site='education.localhost', user='Administrator') (education.localhost||scheduled_job||rfaah8qgb7)
2025-09-28 11:06:00,143 Successfully completed frappe.utils.background_jobs.execute_job(event=None, is_async=True, job_name='frappe.core.doctype.scheduled_job_type.scheduled_job_type.run_scheduled_jo..., kwargs={'job_type': 'frappe.desk.form.document_follow.send_hourly_updates', 'sched..., method='frappe.core.doctype.scheduled_job_type.scheduled_job_type.run_scheduled_jo..., site='education.localhost', user='Administrator') job in 0:00:01.238645s on worker f3ef426b6c0c4dc19ddf780af9312982
2025-09-28 11:06:00,143 Users-user-Documents-resturantOS-frappe-bench:long: Job OK (education.localhost||scheduled_job||rfaah8qgb7)
2025-09-28 11:06:00,144 Result is kept for 600 seconds
2025-09-28 11:06:00,155 Users-user-Documents-resturantOS-frappe-bench:long: frappe.utils.background_jobs.execute_job(event=None, is_async=True, job_name='frappe.core.doctype.scheduled_job_type.scheduled_job_type.run_scheduled_jo..., kwargs={'job_type': 'frappe.desk.utils.delete_old_exported_report_files', 'schedul..., method='frappe.core.doctype.scheduled_job_type.scheduled_job_type.run_scheduled_jo..., site='education.localhost', user='Administrator') (education.localhost||scheduled_job||rfafdded26)
2025-09-28 11:06:01,172 Successfully completed frappe.utils.background_jobs.execute_job(event=None, is_async=True, job_name='frappe.core.doctype.scheduled_job_type.scheduled_job_type.run_scheduled_jo..., kwargs={'job_type': 'frappe.desk.utils.delete_old_exported_report_files', 'schedul..., method='frappe.core.doctype.scheduled_job_type.scheduled_job_type.run_scheduled_jo..., site='education.localhost', user='Administrator') job in 0:00:01.003001s on worker f3ef426b6c0c4dc19ddf780af9312982
2025-09-28 11:06:01,173 Users-user-Documents-resturantOS-frappe-bench:long: Job OK (education.localhost||scheduled_job||rfafdded26)
2025-09-28 11:06:01,173 Result is kept for 600 seconds
2025-09-28 11:06:01,185 Users-user-Documents-resturantOS-frappe-bench:long: frappe.utils.background_jobs.execute_job(event=None, is_async=True, job_name='frappe.core.doctype.scheduled_job_type.scheduled_job_type.run_scheduled_jo..., kwargs={'job_type': 'frappe.twofactor.delete_all_barcodes_for_users', 'scheduled_j..., method='frappe.core.doctype.scheduled_job_type.scheduled_job_type.run_scheduled_jo..., site='education.localhost', user='Administrator') (education.localhost||scheduled_job||rfa0dmqef5)
2025-09-28 11:06:02,257 Successfully completed frappe.utils.background_jobs.execute_job(event=None, is_async=True, job_name='frappe.core.doctype.scheduled_job_type.scheduled_job_type.run_scheduled_jo..., kwargs={'job_type': 'frappe.twofactor.delete_all_barcodes_for_users', 'scheduled_j..., method='frappe.core.doctype.scheduled_job_type.scheduled_job_type.run_scheduled_jo..., site='education.localhost', user='Administrator') job in 0:00:01.058021s on worker f3ef426b6c0c4dc19ddf780af9312982
2025-09-28 11:06:02,257 Users-user-Documents-resturantOS-frappe-bench:long: Job OK (education.localhost||scheduled_job||rfa0dmqef5)
2025-09-28 11:06:02,258 Result is kept for 600 seconds
2025-09-28 11:06:02,268 Users-user-Documents-resturantOS-frappe-bench:long: frappe.utils.background_jobs.execute_job(event=None, is_async=True, job_name='frappe.core.doctype.scheduled_job_type.scheduled_job_type.run_scheduled_jo..., kwargs={'job_type': 'frappe.website.doctype.personal_data_deletion_request.persona..., method='frappe.core.doctype.scheduled_job_type.scheduled_job_type.run_scheduled_jo..., site='education.localhost', user='Administrator') (education.localhost||scheduled_job||rfa85cvkt3)
2025-09-28 11:06:03,229 Successfully completed frappe.utils.background_jobs.execute_job(event=None, is_async=True, job_name='frappe.core.doctype.scheduled_job_type.scheduled_job_type.run_scheduled_jo..., kwargs={'job_type': 'frappe.website.doctype.personal_data_deletion_request.persona..., method='frappe.core.doctype.scheduled_job_type.scheduled_job_type.run_scheduled_jo..., site='education.localhost', user='Administrator') job in 0:00:00.947434s on worker f3ef426b6c0c4dc19ddf780af9312982
2025-09-28 11:06:03,229 Users-user-Documents-resturantOS-frappe-bench:long: Job OK (education.localhost||scheduled_job||rfa85cvkt3)
2025-09-28 11:06:03,230 Result is kept for 600 seconds
2025-09-28 11:06:03,242 Users-user-Documents-resturantOS-frappe-bench:long: frappe.utils.background_jobs.execute_job(event=None, is_async=True, job_name='frappe.core.doctype.scheduled_job_type.scheduled_job_type.run_scheduled_jo..., kwargs={'job_type': 'erpnext.erpnext_integrations.doctype.plaid_settings.plaid_set..., method='frappe.core.doctype.scheduled_job_type.scheduled_job_type.run_scheduled_jo..., site='education.localhost', user='Administrator') (education.localhost||scheduled_job||skvu7g6d63)
2025-09-28 11:06:04,113 Successfully completed frappe.utils.background_jobs.execute_job(event=None, is_async=True, job_name='frappe.core.doctype.scheduled_job_type.scheduled_job_type.run_scheduled_jo..., kwargs={'job_type': 'erpnext.erpnext_integrations.doctype.plaid_settings.plaid_set..., method='frappe.core.doctype.scheduled_job_type.scheduled_job_type.run_scheduled_jo..., site='education.localhost', user='Administrator') job in 0:00:00.858067s on worker f3ef426b6c0c4dc19ddf780af9312982
2025-09-28 11:06:04,114 Users-user-Documents-resturantOS-frappe-bench:long: Job OK (education.localhost||scheduled_job||skvu7g6d63)
2025-09-28 11:06:04,114 Result is kept for 600 seconds
2025-09-28 11:06:04,125 Users-user-Documents-resturantOS-frappe-bench:long: frappe.utils.background_jobs.execute_job(event=None, is_async=True, job_name='frappe.core.doctype.scheduled_job_type.scheduled_job_type.run_scheduled_jo..., kwargs={'job_type': 'erpnext.utilities.doctype.video.video.update_youtube_data', '..., method='frappe.core.doctype.scheduled_job_type.scheduled_job_type.run_scheduled_jo..., site='education.localhost', user='Administrator') (education.localhost||scheduled_job||skvgrl3nca)
2025-09-28 11:06:05,488 Successfully completed frappe.utils.background_jobs.execute_job(event=None, is_async=True, job_name='frappe.core.doctype.scheduled_job_type.scheduled_job_type.run_scheduled_jo..., kwargs={'job_type': 'erpnext.utilities.doctype.video.video.update_youtube_data', '..., method='frappe.core.doctype.scheduled_job_type.scheduled_job_type.run_scheduled_jo..., site='education.localhost', user='Administrator') job in 0:00:01.346867s on worker f3ef426b6c0c4dc19ddf780af9312982
2025-09-28 11:06:05,489 Users-user-Documents-resturantOS-frappe-bench:long: Job OK (education.localhost||scheduled_job||skvgrl3nca)
2025-09-28 11:06:05,489 Result is kept for 600 seconds
2025-09-28 11:07:27,577 Worker f3ef426b6c0c4dc19ddf780af9312982 [PID 93053]: warm shut down requested
2025-09-28 11:07:27,593 Unsubscribing from channel rq:pubsub:f3ef426b6c0c4dc19ddf780af9312982
