/Users/user/Documents/resturantOS/frappe-bench/env/lib/python3.12/site-packages/rq/worker.py:1302: DeprecationWarning: This process (pid=13545) is multi-threaded, use of fork() may lead to deadlocks in the child.
  child_pid = os.fork()
/Users/user/Documents/resturantOS/frappe-bench/env/lib/python3.12/site-packages/passlib/utils/__init__.py:854: DeprecationWarning: 'crypt' is deprecated and slated for removal in Python 3.13
  from crypt import crypt as _crypt
/Users/user/Documents/resturantOS/frappe-bench/env/lib/python3.12/site-packages/rq/worker.py:1302: DeprecationWarning: This process (pid=13545) is multi-threaded, use of fork() may lead to deadlocks in the child.
  child_pid = os.fork()
/Users/user/Documents/resturantOS/frappe-bench/env/lib/python3.12/site-packages/passlib/utils/__init__.py:854: DeprecationWarning: 'crypt' is deprecated and slated for removal in Python 3.13
  from crypt import crypt as _crypt
2025-09-28 00:33:36,639 Could not connect to Redis instance: Error 61 connecting to 127.0.0.1:11000. Connection refused. Retrying in 2 seconds...
/Users/user/Documents/resturantOS/frappe-bench/env/lib/python3.12/site-packages/rq/worker.py:1302: DeprecationWarning: This process (pid=21814) is multi-threaded, use of fork() may lead to deadlocks in the child.
  child_pid = os.fork()
/Users/user/Documents/resturantOS/frappe-bench/env/lib/python3.12/site-packages/passlib/utils/__init__.py:854: DeprecationWarning: 'crypt' is deprecated and slated for removal in Python 3.13
  from crypt import crypt as _crypt
/Users/user/Documents/resturantOS/frappe-bench/env/lib/python3.12/site-packages/rq/worker.py:1302: DeprecationWarning: This process (pid=21814) is multi-threaded, use of fork() may lead to deadlocks in the child.
  child_pid = os.fork()
/Users/user/Documents/resturantOS/frappe-bench/env/lib/python3.12/site-packages/passlib/utils/__init__.py:854: DeprecationWarning: 'crypt' is deprecated and slated for removal in Python 3.13
  from crypt import crypt as _crypt
/Users/user/Documents/resturantOS/frappe-bench/env/lib/python3.12/site-packages/rq/worker.py:1302: DeprecationWarning: This process (pid=21814) is multi-threaded, use of fork() may lead to deadlocks in the child.
  child_pid = os.fork()
/Users/user/Documents/resturantOS/frappe-bench/env/lib/python3.12/site-packages/passlib/utils/__init__.py:854: DeprecationWarning: 'crypt' is deprecated and slated for removal in Python 3.13
  from crypt import crypt as _crypt
/Users/user/Documents/resturantOS/frappe-bench/env/lib/python3.12/site-packages/rq/worker.py:1302: DeprecationWarning: This process (pid=21814) is multi-threaded, use of fork() may lead to deadlocks in the child.
  child_pid = os.fork()
/Users/user/Documents/resturantOS/frappe-bench/env/lib/python3.12/site-packages/passlib/utils/__init__.py:854: DeprecationWarning: 'crypt' is deprecated and slated for removal in Python 3.13
  from crypt import crypt as _crypt
/Users/user/Documents/resturantOS/frappe-bench/env/lib/python3.12/site-packages/rq/worker.py:1302: DeprecationWarning: This process (pid=21814) is multi-threaded, use of fork() may lead to deadlocks in the child.
  child_pid = os.fork()
/Users/user/Documents/resturantOS/frappe-bench/env/lib/python3.12/site-packages/passlib/utils/__init__.py:854: DeprecationWarning: 'crypt' is deprecated and slated for removal in Python 3.13
  from crypt import crypt as _crypt
/Users/user/Documents/resturantOS/frappe-bench/env/lib/python3.12/site-packages/rq/worker.py:1302: DeprecationWarning: This process (pid=21814) is multi-threaded, use of fork() may lead to deadlocks in the child.
  child_pid = os.fork()
/Users/user/Documents/resturantOS/frappe-bench/env/lib/python3.12/site-packages/passlib/utils/__init__.py:854: DeprecationWarning: 'crypt' is deprecated and slated for removal in Python 3.13
  from crypt import crypt as _crypt
/Users/user/Documents/resturantOS/frappe-bench/env/lib/python3.12/site-packages/rq/worker.py:1302: DeprecationWarning: This process (pid=21814) is multi-threaded, use of fork() may lead to deadlocks in the child.
  child_pid = os.fork()
/Users/user/Documents/resturantOS/frappe-bench/env/lib/python3.12/site-packages/passlib/utils/__init__.py:854: DeprecationWarning: 'crypt' is deprecated and slated for removal in Python 3.13
  from crypt import crypt as _crypt
/Users/user/Documents/resturantOS/frappe-bench/env/lib/python3.12/site-packages/rq/worker.py:1302: DeprecationWarning: This process (pid=21814) is multi-threaded, use of fork() may lead to deadlocks in the child.
  child_pid = os.fork()
/Users/user/Documents/resturantOS/frappe-bench/env/lib/python3.12/site-packages/passlib/utils/__init__.py:854: DeprecationWarning: 'crypt' is deprecated and slated for removal in Python 3.13
  from crypt import crypt as _crypt
/Users/user/Documents/resturantOS/frappe-bench/env/lib/python3.12/site-packages/rq/worker.py:1302: DeprecationWarning: This process (pid=21814) is multi-threaded, use of fork() may lead to deadlocks in the child.
  child_pid = os.fork()
/Users/user/Documents/resturantOS/frappe-bench/env/lib/python3.12/site-packages/passlib/utils/__init__.py:854: DeprecationWarning: 'crypt' is deprecated and slated for removal in Python 3.13
  from crypt import crypt as _crypt
/Users/user/Documents/resturantOS/frappe-bench/env/lib/python3.12/site-packages/rq/worker.py:1302: DeprecationWarning: This process (pid=21814) is multi-threaded, use of fork() may lead to deadlocks in the child.
  child_pid = os.fork()
/Users/user/Documents/resturantOS/frappe-bench/env/lib/python3.12/site-packages/passlib/utils/__init__.py:854: DeprecationWarning: 'crypt' is deprecated and slated for removal in Python 3.13
  from crypt import crypt as _crypt
/Users/user/Documents/resturantOS/frappe-bench/env/lib/python3.12/site-packages/rq/worker.py:1302: DeprecationWarning: This process (pid=21814) is multi-threaded, use of fork() may lead to deadlocks in the child.
  child_pid = os.fork()
/Users/user/Documents/resturantOS/frappe-bench/env/lib/python3.12/site-packages/passlib/utils/__init__.py:854: DeprecationWarning: 'crypt' is deprecated and slated for removal in Python 3.13
  from crypt import crypt as _crypt
/Users/user/Documents/resturantOS/frappe-bench/env/lib/python3.12/site-packages/rq/worker.py:1302: DeprecationWarning: This process (pid=21814) is multi-threaded, use of fork() may lead to deadlocks in the child.
  child_pid = os.fork()
/Users/user/Documents/resturantOS/frappe-bench/env/lib/python3.12/site-packages/passlib/utils/__init__.py:854: DeprecationWarning: 'crypt' is deprecated and slated for removal in Python 3.13
  from crypt import crypt as _crypt
/Users/user/Documents/resturantOS/frappe-bench/env/lib/python3.12/site-packages/rq/worker.py:1302: DeprecationWarning: This process (pid=21814) is multi-threaded, use of fork() may lead to deadlocks in the child.
  child_pid = os.fork()
/Users/user/Documents/resturantOS/frappe-bench/env/lib/python3.12/site-packages/passlib/utils/__init__.py:854: DeprecationWarning: 'crypt' is deprecated and slated for removal in Python 3.13
  from crypt import crypt as _crypt
/Users/user/Documents/resturantOS/frappe-bench/env/lib/python3.12/site-packages/rq/worker.py:1302: DeprecationWarning: This process (pid=21814) is multi-threaded, use of fork() may lead to deadlocks in the child.
  child_pid = os.fork()
/Users/user/Documents/resturantOS/frappe-bench/env/lib/python3.12/site-packages/passlib/utils/__init__.py:854: DeprecationWarning: 'crypt' is deprecated and slated for removal in Python 3.13
  from crypt import crypt as _crypt
/Users/user/Documents/resturantOS/frappe-bench/env/lib/python3.12/site-packages/rq/worker.py:1302: DeprecationWarning: This process (pid=21814) is multi-threaded, use of fork() may lead to deadlocks in the child.
  child_pid = os.fork()
/Users/user/Documents/resturantOS/frappe-bench/env/lib/python3.12/site-packages/passlib/utils/__init__.py:854: DeprecationWarning: 'crypt' is deprecated and slated for removal in Python 3.13
  from crypt import crypt as _crypt
/Users/user/Documents/resturantOS/frappe-bench/env/lib/python3.12/site-packages/rq/worker.py:1302: DeprecationWarning: This process (pid=21814) is multi-threaded, use of fork() may lead to deadlocks in the child.
  child_pid = os.fork()
/Users/user/Documents/resturantOS/frappe-bench/env/lib/python3.12/site-packages/passlib/utils/__init__.py:854: DeprecationWarning: 'crypt' is deprecated and slated for removal in Python 3.13
  from crypt import crypt as _crypt
/Users/user/Documents/resturantOS/frappe-bench/env/lib/python3.12/site-packages/rq/worker.py:1302: DeprecationWarning: This process (pid=21814) is multi-threaded, use of fork() may lead to deadlocks in the child.
  child_pid = os.fork()
/Users/user/Documents/resturantOS/frappe-bench/env/lib/python3.12/site-packages/passlib/utils/__init__.py:854: DeprecationWarning: 'crypt' is deprecated and slated for removal in Python 3.13
  from crypt import crypt as _crypt
/Users/user/Documents/resturantOS/frappe-bench/env/lib/python3.12/site-packages/rq/worker.py:1302: DeprecationWarning: This process (pid=21814) is multi-threaded, use of fork() may lead to deadlocks in the child.
  child_pid = os.fork()
/Users/user/Documents/resturantOS/frappe-bench/env/lib/python3.12/site-packages/passlib/utils/__init__.py:854: DeprecationWarning: 'crypt' is deprecated and slated for removal in Python 3.13
  from crypt import crypt as _crypt
/Users/user/Documents/resturantOS/frappe-bench/env/lib/python3.12/site-packages/rq/worker.py:1302: DeprecationWarning: This process (pid=21814) is multi-threaded, use of fork() may lead to deadlocks in the child.
  child_pid = os.fork()
/Users/user/Documents/resturantOS/frappe-bench/env/lib/python3.12/site-packages/passlib/utils/__init__.py:854: DeprecationWarning: 'crypt' is deprecated and slated for removal in Python 3.13
  from crypt import crypt as _crypt
/Users/user/Documents/resturantOS/frappe-bench/env/lib/python3.12/site-packages/rq/worker.py:1302: DeprecationWarning: This process (pid=21814) is multi-threaded, use of fork() may lead to deadlocks in the child.
  child_pid = os.fork()
/Users/user/Documents/resturantOS/frappe-bench/env/lib/python3.12/site-packages/passlib/utils/__init__.py:854: DeprecationWarning: 'crypt' is deprecated and slated for removal in Python 3.13
  from crypt import crypt as _crypt
/Users/user/Documents/resturantOS/frappe-bench/env/lib/python3.12/site-packages/rq/worker.py:1302: DeprecationWarning: This process (pid=21814) is multi-threaded, use of fork() may lead to deadlocks in the child.
  child_pid = os.fork()
/Users/user/Documents/resturantOS/frappe-bench/env/lib/python3.12/site-packages/passlib/utils/__init__.py:854: DeprecationWarning: 'crypt' is deprecated and slated for removal in Python 3.13
  from crypt import crypt as _crypt
/Users/user/Documents/resturantOS/frappe-bench/env/lib/python3.12/site-packages/rq/worker.py:1302: DeprecationWarning: This process (pid=21814) is multi-threaded, use of fork() may lead to deadlocks in the child.
  child_pid = os.fork()
/Users/user/Documents/resturantOS/frappe-bench/env/lib/python3.12/site-packages/passlib/utils/__init__.py:854: DeprecationWarning: 'crypt' is deprecated and slated for removal in Python 3.13
  from crypt import crypt as _crypt
/Users/user/Documents/resturantOS/frappe-bench/env/lib/python3.12/site-packages/rq/worker.py:1302: DeprecationWarning: This process (pid=21814) is multi-threaded, use of fork() may lead to deadlocks in the child.
  child_pid = os.fork()
/Users/user/Documents/resturantOS/frappe-bench/env/lib/python3.12/site-packages/passlib/utils/__init__.py:854: DeprecationWarning: 'crypt' is deprecated and slated for removal in Python 3.13
  from crypt import crypt as _crypt
/Users/user/Documents/resturantOS/frappe-bench/env/lib/python3.12/site-packages/rq/worker.py:1302: DeprecationWarning: This process (pid=21814) is multi-threaded, use of fork() may lead to deadlocks in the child.
  child_pid = os.fork()
/Users/user/Documents/resturantOS/frappe-bench/env/lib/python3.12/site-packages/passlib/utils/__init__.py:854: DeprecationWarning: 'crypt' is deprecated and slated for removal in Python 3.13
  from crypt import crypt as _crypt
/Users/user/Documents/resturantOS/frappe-bench/env/lib/python3.12/site-packages/rq/worker.py:1302: DeprecationWarning: This process (pid=21814) is multi-threaded, use of fork() may lead to deadlocks in the child.
  child_pid = os.fork()
/Users/user/Documents/resturantOS/frappe-bench/env/lib/python3.12/site-packages/passlib/utils/__init__.py:854: DeprecationWarning: 'crypt' is deprecated and slated for removal in Python 3.13
  from crypt import crypt as _crypt
/Users/user/Documents/resturantOS/frappe-bench/env/lib/python3.12/site-packages/rq/worker.py:1302: DeprecationWarning: This process (pid=21814) is multi-threaded, use of fork() may lead to deadlocks in the child.
  child_pid = os.fork()
/Users/user/Documents/resturantOS/frappe-bench/env/lib/python3.12/site-packages/passlib/utils/__init__.py:854: DeprecationWarning: 'crypt' is deprecated and slated for removal in Python 3.13
  from crypt import crypt as _crypt
/Users/user/Documents/resturantOS/frappe-bench/env/lib/python3.12/site-packages/rq/worker.py:1302: DeprecationWarning: This process (pid=21814) is multi-threaded, use of fork() may lead to deadlocks in the child.
  child_pid = os.fork()
/Users/user/Documents/resturantOS/frappe-bench/env/lib/python3.12/site-packages/passlib/utils/__init__.py:854: DeprecationWarning: 'crypt' is deprecated and slated for removal in Python 3.13
  from crypt import crypt as _crypt
/Users/user/Documents/resturantOS/frappe-bench/env/lib/python3.12/site-packages/rq/worker.py:1302: DeprecationWarning: This process (pid=21814) is multi-threaded, use of fork() may lead to deadlocks in the child.
  child_pid = os.fork()
/Users/user/Documents/resturantOS/frappe-bench/env/lib/python3.12/site-packages/passlib/utils/__init__.py:854: DeprecationWarning: 'crypt' is deprecated and slated for removal in Python 3.13
  from crypt import crypt as _crypt
/Users/user/Documents/resturantOS/frappe-bench/env/lib/python3.12/site-packages/rq/worker.py:1302: DeprecationWarning: This process (pid=21814) is multi-threaded, use of fork() may lead to deadlocks in the child.
  child_pid = os.fork()
/Users/user/Documents/resturantOS/frappe-bench/env/lib/python3.12/site-packages/passlib/utils/__init__.py:854: DeprecationWarning: 'crypt' is deprecated and slated for removal in Python 3.13
  from crypt import crypt as _crypt
/Users/user/Documents/resturantOS/frappe-bench/env/lib/python3.12/site-packages/rq/worker.py:1302: DeprecationWarning: This process (pid=21814) is multi-threaded, use of fork() may lead to deadlocks in the child.
  child_pid = os.fork()
/Users/user/Documents/resturantOS/frappe-bench/env/lib/python3.12/site-packages/passlib/utils/__init__.py:854: DeprecationWarning: 'crypt' is deprecated and slated for removal in Python 3.13
  from crypt import crypt as _crypt
/Users/user/Documents/resturantOS/frappe-bench/env/lib/python3.12/site-packages/rq/worker.py:1302: DeprecationWarning: This process (pid=21814) is multi-threaded, use of fork() may lead to deadlocks in the child.
  child_pid = os.fork()
/Users/user/Documents/resturantOS/frappe-bench/env/lib/python3.12/site-packages/passlib/utils/__init__.py:854: DeprecationWarning: 'crypt' is deprecated and slated for removal in Python 3.13
  from crypt import crypt as _crypt
/Users/user/Documents/resturantOS/frappe-bench/env/lib/python3.12/site-packages/rq/worker.py:1302: DeprecationWarning: This process (pid=21814) is multi-threaded, use of fork() may lead to deadlocks in the child.
  child_pid = os.fork()
/Users/user/Documents/resturantOS/frappe-bench/env/lib/python3.12/site-packages/passlib/utils/__init__.py:854: DeprecationWarning: 'crypt' is deprecated and slated for removal in Python 3.13
  from crypt import crypt as _crypt
/Users/user/Documents/resturantOS/frappe-bench/env/lib/python3.12/site-packages/rq/worker.py:1302: DeprecationWarning: This process (pid=21814) is multi-threaded, use of fork() may lead to deadlocks in the child.
  child_pid = os.fork()
/Users/user/Documents/resturantOS/frappe-bench/env/lib/python3.12/site-packages/passlib/utils/__init__.py:854: DeprecationWarning: 'crypt' is deprecated and slated for removal in Python 3.13
  from crypt import crypt as _crypt
/Users/user/Documents/resturantOS/frappe-bench/env/lib/python3.12/site-packages/rq/worker.py:1302: DeprecationWarning: This process (pid=21814) is multi-threaded, use of fork() may lead to deadlocks in the child.
  child_pid = os.fork()
/Users/user/Documents/resturantOS/frappe-bench/env/lib/python3.12/site-packages/passlib/utils/__init__.py:854: DeprecationWarning: 'crypt' is deprecated and slated for removal in Python 3.13
  from crypt import crypt as _crypt
/Users/user/Documents/resturantOS/frappe-bench/env/lib/python3.12/site-packages/rq/worker.py:1302: DeprecationWarning: This process (pid=21814) is multi-threaded, use of fork() may lead to deadlocks in the child.
  child_pid = os.fork()
/Users/user/Documents/resturantOS/frappe-bench/env/lib/python3.12/site-packages/passlib/utils/__init__.py:854: DeprecationWarning: 'crypt' is deprecated and slated for removal in Python 3.13
  from crypt import crypt as _crypt
/Users/user/Documents/resturantOS/frappe-bench/env/lib/python3.12/site-packages/rq/worker.py:1302: DeprecationWarning: This process (pid=21814) is multi-threaded, use of fork() may lead to deadlocks in the child.
  child_pid = os.fork()
/Users/user/Documents/resturantOS/frappe-bench/env/lib/python3.12/site-packages/passlib/utils/__init__.py:854: DeprecationWarning: 'crypt' is deprecated and slated for removal in Python 3.13
  from crypt import crypt as _crypt
/Users/user/Documents/resturantOS/frappe-bench/env/lib/python3.12/site-packages/rq/worker.py:1302: DeprecationWarning: This process (pid=21814) is multi-threaded, use of fork() may lead to deadlocks in the child.
  child_pid = os.fork()
/Users/user/Documents/resturantOS/frappe-bench/env/lib/python3.12/site-packages/passlib/utils/__init__.py:854: DeprecationWarning: 'crypt' is deprecated and slated for removal in Python 3.13
  from crypt import crypt as _crypt
/Users/user/Documents/resturantOS/frappe-bench/env/lib/python3.12/site-packages/rq/worker.py:1302: DeprecationWarning: This process (pid=21814) is multi-threaded, use of fork() may lead to deadlocks in the child.
  child_pid = os.fork()
/Users/user/Documents/resturantOS/frappe-bench/env/lib/python3.12/site-packages/passlib/utils/__init__.py:854: DeprecationWarning: 'crypt' is deprecated and slated for removal in Python 3.13
  from crypt import crypt as _crypt
/Users/user/Documents/resturantOS/frappe-bench/env/lib/python3.12/site-packages/rq/worker.py:1302: DeprecationWarning: This process (pid=21814) is multi-threaded, use of fork() may lead to deadlocks in the child.
  child_pid = os.fork()
/Users/user/Documents/resturantOS/frappe-bench/env/lib/python3.12/site-packages/passlib/utils/__init__.py:854: DeprecationWarning: 'crypt' is deprecated and slated for removal in Python 3.13
  from crypt import crypt as _crypt
/Users/user/Documents/resturantOS/frappe-bench/env/lib/python3.12/site-packages/rq/worker.py:1302: DeprecationWarning: This process (pid=21814) is multi-threaded, use of fork() may lead to deadlocks in the child.
  child_pid = os.fork()
/Users/user/Documents/resturantOS/frappe-bench/env/lib/python3.12/site-packages/passlib/utils/__init__.py:854: DeprecationWarning: 'crypt' is deprecated and slated for removal in Python 3.13
  from crypt import crypt as _crypt
/Users/user/Documents/resturantOS/frappe-bench/env/lib/python3.12/site-packages/rq/worker.py:1302: DeprecationWarning: This process (pid=21814) is multi-threaded, use of fork() may lead to deadlocks in the child.
  child_pid = os.fork()
/Users/user/Documents/resturantOS/frappe-bench/env/lib/python3.12/site-packages/passlib/utils/__init__.py:854: DeprecationWarning: 'crypt' is deprecated and slated for removal in Python 3.13
  from crypt import crypt as _crypt
/Users/user/Documents/resturantOS/frappe-bench/env/lib/python3.12/site-packages/rq/worker.py:1302: DeprecationWarning: This process (pid=21814) is multi-threaded, use of fork() may lead to deadlocks in the child.
  child_pid = os.fork()
/Users/user/Documents/resturantOS/frappe-bench/env/lib/python3.12/site-packages/passlib/utils/__init__.py:854: DeprecationWarning: 'crypt' is deprecated and slated for removal in Python 3.13
  from crypt import crypt as _crypt
/Users/user/Documents/resturantOS/frappe-bench/env/lib/python3.12/site-packages/rq/worker.py:1302: DeprecationWarning: This process (pid=21814) is multi-threaded, use of fork() may lead to deadlocks in the child.
  child_pid = os.fork()
/Users/user/Documents/resturantOS/frappe-bench/env/lib/python3.12/site-packages/passlib/utils/__init__.py:854: DeprecationWarning: 'crypt' is deprecated and slated for removal in Python 3.13
  from crypt import crypt as _crypt
/Users/user/Documents/resturantOS/frappe-bench/env/lib/python3.12/site-packages/rq/worker.py:1302: DeprecationWarning: This process (pid=21814) is multi-threaded, use of fork() may lead to deadlocks in the child.
  child_pid = os.fork()
/Users/user/Documents/resturantOS/frappe-bench/env/lib/python3.12/site-packages/passlib/utils/__init__.py:854: DeprecationWarning: 'crypt' is deprecated and slated for removal in Python 3.13
  from crypt import crypt as _crypt
/Users/user/Documents/resturantOS/frappe-bench/env/lib/python3.12/site-packages/rq/worker.py:1302: DeprecationWarning: This process (pid=21814) is multi-threaded, use of fork() may lead to deadlocks in the child.
  child_pid = os.fork()
/Users/user/Documents/resturantOS/frappe-bench/env/lib/python3.12/site-packages/passlib/utils/__init__.py:854: DeprecationWarning: 'crypt' is deprecated and slated for removal in Python 3.13
  from crypt import crypt as _crypt
/Users/user/Documents/resturantOS/frappe-bench/env/lib/python3.12/site-packages/rq/worker.py:1302: DeprecationWarning: This process (pid=21814) is multi-threaded, use of fork() may lead to deadlocks in the child.
  child_pid = os.fork()
/Users/user/Documents/resturantOS/frappe-bench/env/lib/python3.12/site-packages/passlib/utils/__init__.py:854: DeprecationWarning: 'crypt' is deprecated and slated for removal in Python 3.13
  from crypt import crypt as _crypt
/Users/user/Documents/resturantOS/frappe-bench/env/lib/python3.12/site-packages/rq/worker.py:1302: DeprecationWarning: This process (pid=21814) is multi-threaded, use of fork() may lead to deadlocks in the child.
  child_pid = os.fork()
/Users/user/Documents/resturantOS/frappe-bench/env/lib/python3.12/site-packages/passlib/utils/__init__.py:854: DeprecationWarning: 'crypt' is deprecated and slated for removal in Python 3.13
  from crypt import crypt as _crypt
/Users/user/Documents/resturantOS/frappe-bench/env/lib/python3.12/site-packages/rq/worker.py:1302: DeprecationWarning: This process (pid=21814) is multi-threaded, use of fork() may lead to deadlocks in the child.
  child_pid = os.fork()
/Users/user/Documents/resturantOS/frappe-bench/env/lib/python3.12/site-packages/passlib/utils/__init__.py:854: DeprecationWarning: 'crypt' is deprecated and slated for removal in Python 3.13
  from crypt import crypt as _crypt
/Users/user/Documents/resturantOS/frappe-bench/env/lib/python3.12/site-packages/rq/worker.py:1302: DeprecationWarning: This process (pid=21814) is multi-threaded, use of fork() may lead to deadlocks in the child.
  child_pid = os.fork()
/Users/user/Documents/resturantOS/frappe-bench/env/lib/python3.12/site-packages/passlib/utils/__init__.py:854: DeprecationWarning: 'crypt' is deprecated and slated for removal in Python 3.13
  from crypt import crypt as _crypt
/Users/user/Documents/resturantOS/frappe-bench/env/lib/python3.12/site-packages/rq/worker.py:1302: DeprecationWarning: This process (pid=21814) is multi-threaded, use of fork() may lead to deadlocks in the child.
  child_pid = os.fork()
/Users/user/Documents/resturantOS/frappe-bench/env/lib/python3.12/site-packages/passlib/utils/__init__.py:854: DeprecationWarning: 'crypt' is deprecated and slated for removal in Python 3.13
  from crypt import crypt as _crypt
/Users/user/Documents/resturantOS/frappe-bench/env/lib/python3.12/site-packages/rq/worker.py:1302: DeprecationWarning: This process (pid=21814) is multi-threaded, use of fork() may lead to deadlocks in the child.
  child_pid = os.fork()
/Users/user/Documents/resturantOS/frappe-bench/env/lib/python3.12/site-packages/passlib/utils/__init__.py:854: DeprecationWarning: 'crypt' is deprecated and slated for removal in Python 3.13
  from crypt import crypt as _crypt
/Users/user/Documents/resturantOS/frappe-bench/env/lib/python3.12/site-packages/rq/worker.py:1302: DeprecationWarning: This process (pid=21814) is multi-threaded, use of fork() may lead to deadlocks in the child.
  child_pid = os.fork()
/Users/user/Documents/resturantOS/frappe-bench/env/lib/python3.12/site-packages/passlib/utils/__init__.py:854: DeprecationWarning: 'crypt' is deprecated and slated for removal in Python 3.13
  from crypt import crypt as _crypt
/Users/user/Documents/resturantOS/frappe-bench/env/lib/python3.12/site-packages/rq/worker.py:1302: DeprecationWarning: This process (pid=21814) is multi-threaded, use of fork() may lead to deadlocks in the child.
  child_pid = os.fork()
/Users/user/Documents/resturantOS/frappe-bench/env/lib/python3.12/site-packages/passlib/utils/__init__.py:854: DeprecationWarning: 'crypt' is deprecated and slated for removal in Python 3.13
  from crypt import crypt as _crypt
/Users/user/Documents/resturantOS/frappe-bench/env/lib/python3.12/site-packages/rq/worker.py:1302: DeprecationWarning: This process (pid=21814) is multi-threaded, use of fork() may lead to deadlocks in the child.
  child_pid = os.fork()
/Users/user/Documents/resturantOS/frappe-bench/env/lib/python3.12/site-packages/passlib/utils/__init__.py:854: DeprecationWarning: 'crypt' is deprecated and slated for removal in Python 3.13
  from crypt import crypt as _crypt
/Users/user/Documents/resturantOS/frappe-bench/env/lib/python3.12/site-packages/rq/worker.py:1302: DeprecationWarning: This process (pid=21814) is multi-threaded, use of fork() may lead to deadlocks in the child.
  child_pid = os.fork()
/Users/user/Documents/resturantOS/frappe-bench/env/lib/python3.12/site-packages/passlib/utils/__init__.py:854: DeprecationWarning: 'crypt' is deprecated and slated for removal in Python 3.13
  from crypt import crypt as _crypt
/Users/user/Documents/resturantOS/frappe-bench/env/lib/python3.12/site-packages/rq/worker.py:1302: DeprecationWarning: This process (pid=21814) is multi-threaded, use of fork() may lead to deadlocks in the child.
  child_pid = os.fork()
/Users/user/Documents/resturantOS/frappe-bench/env/lib/python3.12/site-packages/passlib/utils/__init__.py:854: DeprecationWarning: 'crypt' is deprecated and slated for removal in Python 3.13
  from crypt import crypt as _crypt
/Users/user/Documents/resturantOS/frappe-bench/env/lib/python3.12/site-packages/rq/worker.py:1302: DeprecationWarning: This process (pid=21814) is multi-threaded, use of fork() may lead to deadlocks in the child.
  child_pid = os.fork()
/Users/user/Documents/resturantOS/frappe-bench/env/lib/python3.12/site-packages/passlib/utils/__init__.py:854: DeprecationWarning: 'crypt' is deprecated and slated for removal in Python 3.13
  from crypt import crypt as _crypt
/Users/user/Documents/resturantOS/frappe-bench/env/lib/python3.12/site-packages/rq/worker.py:1302: DeprecationWarning: This process (pid=21814) is multi-threaded, use of fork() may lead to deadlocks in the child.
  child_pid = os.fork()
/Users/user/Documents/resturantOS/frappe-bench/env/lib/python3.12/site-packages/passlib/utils/__init__.py:854: DeprecationWarning: 'crypt' is deprecated and slated for removal in Python 3.13
  from crypt import crypt as _crypt
/Users/user/Documents/resturantOS/frappe-bench/env/lib/python3.12/site-packages/rq/worker.py:1302: DeprecationWarning: This process (pid=21814) is multi-threaded, use of fork() may lead to deadlocks in the child.
  child_pid = os.fork()
/Users/user/Documents/resturantOS/frappe-bench/env/lib/python3.12/site-packages/passlib/utils/__init__.py:854: DeprecationWarning: 'crypt' is deprecated and slated for removal in Python 3.13
  from crypt import crypt as _crypt
/Users/user/Documents/resturantOS/frappe-bench/env/lib/python3.12/site-packages/rq/worker.py:1302: DeprecationWarning: This process (pid=21814) is multi-threaded, use of fork() may lead to deadlocks in the child.
  child_pid = os.fork()
/Users/user/Documents/resturantOS/frappe-bench/env/lib/python3.12/site-packages/passlib/utils/__init__.py:854: DeprecationWarning: 'crypt' is deprecated and slated for removal in Python 3.13
  from crypt import crypt as _crypt
/Users/user/Documents/resturantOS/frappe-bench/env/lib/python3.12/site-packages/rq/worker.py:1302: DeprecationWarning: This process (pid=21814) is multi-threaded, use of fork() may lead to deadlocks in the child.
  child_pid = os.fork()
/Users/user/Documents/resturantOS/frappe-bench/env/lib/python3.12/site-packages/passlib/utils/__init__.py:854: DeprecationWarning: 'crypt' is deprecated and slated for removal in Python 3.13
  from crypt import crypt as _crypt
/Users/user/Documents/resturantOS/frappe-bench/env/lib/python3.12/site-packages/rq/worker.py:1302: DeprecationWarning: This process (pid=21814) is multi-threaded, use of fork() may lead to deadlocks in the child.
  child_pid = os.fork()
/Users/user/Documents/resturantOS/frappe-bench/env/lib/python3.12/site-packages/passlib/utils/__init__.py:854: DeprecationWarning: 'crypt' is deprecated and slated for removal in Python 3.13
  from crypt import crypt as _crypt
/Users/user/Documents/resturantOS/frappe-bench/env/lib/python3.12/site-packages/rq/worker.py:1302: DeprecationWarning: This process (pid=21814) is multi-threaded, use of fork() may lead to deadlocks in the child.
  child_pid = os.fork()
/Users/user/Documents/resturantOS/frappe-bench/env/lib/python3.12/site-packages/passlib/utils/__init__.py:854: DeprecationWarning: 'crypt' is deprecated and slated for removal in Python 3.13
  from crypt import crypt as _crypt
/Users/user/Documents/resturantOS/frappe-bench/env/lib/python3.12/site-packages/rq/worker.py:1302: DeprecationWarning: This process (pid=21814) is multi-threaded, use of fork() may lead to deadlocks in the child.
  child_pid = os.fork()
/Users/user/Documents/resturantOS/frappe-bench/env/lib/python3.12/site-packages/passlib/utils/__init__.py:854: DeprecationWarning: 'crypt' is deprecated and slated for removal in Python 3.13
  from crypt import crypt as _crypt
/Users/user/Documents/resturantOS/frappe-bench/env/lib/python3.12/site-packages/rq/worker.py:1302: DeprecationWarning: This process (pid=21814) is multi-threaded, use of fork() may lead to deadlocks in the child.
  child_pid = os.fork()
/Users/user/Documents/resturantOS/frappe-bench/env/lib/python3.12/site-packages/passlib/utils/__init__.py:854: DeprecationWarning: 'crypt' is deprecated and slated for removal in Python 3.13
  from crypt import crypt as _crypt
/Users/user/Documents/resturantOS/frappe-bench/env/lib/python3.12/site-packages/rq/worker.py:1302: DeprecationWarning: This process (pid=21814) is multi-threaded, use of fork() may lead to deadlocks in the child.
  child_pid = os.fork()
/Users/user/Documents/resturantOS/frappe-bench/env/lib/python3.12/site-packages/passlib/utils/__init__.py:854: DeprecationWarning: 'crypt' is deprecated and slated for removal in Python 3.13
  from crypt import crypt as _crypt
/Users/user/Documents/resturantOS/frappe-bench/env/lib/python3.12/site-packages/rq/worker.py:1302: DeprecationWarning: This process (pid=21814) is multi-threaded, use of fork() may lead to deadlocks in the child.
  child_pid = os.fork()
/Users/user/Documents/resturantOS/frappe-bench/env/lib/python3.12/site-packages/passlib/utils/__init__.py:854: DeprecationWarning: 'crypt' is deprecated and slated for removal in Python 3.13
  from crypt import crypt as _crypt
/Users/user/Documents/resturantOS/frappe-bench/env/lib/python3.12/site-packages/rq/worker.py:1302: DeprecationWarning: This process (pid=21814) is multi-threaded, use of fork() may lead to deadlocks in the child.
  child_pid = os.fork()
/Users/user/Documents/resturantOS/frappe-bench/env/lib/python3.12/site-packages/passlib/utils/__init__.py:854: DeprecationWarning: 'crypt' is deprecated and slated for removal in Python 3.13
  from crypt import crypt as _crypt
/Users/user/Documents/resturantOS/frappe-bench/env/lib/python3.12/site-packages/rq/worker.py:1302: DeprecationWarning: This process (pid=21814) is multi-threaded, use of fork() may lead to deadlocks in the child.
  child_pid = os.fork()
/Users/user/Documents/resturantOS/frappe-bench/env/lib/python3.12/site-packages/passlib/utils/__init__.py:854: DeprecationWarning: 'crypt' is deprecated and slated for removal in Python 3.13
  from crypt import crypt as _crypt
/Users/user/Documents/resturantOS/frappe-bench/env/lib/python3.12/site-packages/rq/worker.py:1302: DeprecationWarning: This process (pid=21814) is multi-threaded, use of fork() may lead to deadlocks in the child.
  child_pid = os.fork()
/Users/user/Documents/resturantOS/frappe-bench/env/lib/python3.12/site-packages/passlib/utils/__init__.py:854: DeprecationWarning: 'crypt' is deprecated and slated for removal in Python 3.13
  from crypt import crypt as _crypt
/Users/user/Documents/resturantOS/frappe-bench/env/lib/python3.12/site-packages/rq/worker.py:1302: DeprecationWarning: This process (pid=21814) is multi-threaded, use of fork() may lead to deadlocks in the child.
  child_pid = os.fork()
/Users/user/Documents/resturantOS/frappe-bench/env/lib/python3.12/site-packages/passlib/utils/__init__.py:854: DeprecationWarning: 'crypt' is deprecated and slated for removal in Python 3.13
  from crypt import crypt as _crypt
/Users/user/Documents/resturantOS/frappe-bench/env/lib/python3.12/site-packages/rq/worker.py:1302: DeprecationWarning: This process (pid=21814) is multi-threaded, use of fork() may lead to deadlocks in the child.
  child_pid = os.fork()
/Users/user/Documents/resturantOS/frappe-bench/env/lib/python3.12/site-packages/passlib/utils/__init__.py:854: DeprecationWarning: 'crypt' is deprecated and slated for removal in Python 3.13
  from crypt import crypt as _crypt
/Users/user/Documents/resturantOS/frappe-bench/env/lib/python3.12/site-packages/rq/worker.py:1302: DeprecationWarning: This process (pid=21814) is multi-threaded, use of fork() may lead to deadlocks in the child.
  child_pid = os.fork()
/Users/user/Documents/resturantOS/frappe-bench/env/lib/python3.12/site-packages/passlib/utils/__init__.py:854: DeprecationWarning: 'crypt' is deprecated and slated for removal in Python 3.13
  from crypt import crypt as _crypt
/Users/user/Documents/resturantOS/frappe-bench/env/lib/python3.12/site-packages/rq/worker.py:1302: DeprecationWarning: This process (pid=21814) is multi-threaded, use of fork() may lead to deadlocks in the child.
  child_pid = os.fork()
/Users/user/Documents/resturantOS/frappe-bench/env/lib/python3.12/site-packages/passlib/utils/__init__.py:854: DeprecationWarning: 'crypt' is deprecated and slated for removal in Python 3.13
  from crypt import crypt as _crypt
/Users/user/Documents/resturantOS/frappe-bench/env/lib/python3.12/site-packages/rq/worker.py:1302: DeprecationWarning: This process (pid=21814) is multi-threaded, use of fork() may lead to deadlocks in the child.
  child_pid = os.fork()
/Users/user/Documents/resturantOS/frappe-bench/env/lib/python3.12/site-packages/passlib/utils/__init__.py:854: DeprecationWarning: 'crypt' is deprecated and slated for removal in Python 3.13
  from crypt import crypt as _crypt
/Users/user/Documents/resturantOS/frappe-bench/env/lib/python3.12/site-packages/rq/worker.py:1302: DeprecationWarning: This process (pid=21814) is multi-threaded, use of fork() may lead to deadlocks in the child.
  child_pid = os.fork()
/Users/user/Documents/resturantOS/frappe-bench/env/lib/python3.12/site-packages/passlib/utils/__init__.py:854: DeprecationWarning: 'crypt' is deprecated and slated for removal in Python 3.13
  from crypt import crypt as _crypt
/Users/user/Documents/resturantOS/frappe-bench/env/lib/python3.12/site-packages/rq/worker.py:1302: DeprecationWarning: This process (pid=21814) is multi-threaded, use of fork() may lead to deadlocks in the child.
  child_pid = os.fork()
/Users/user/Documents/resturantOS/frappe-bench/env/lib/python3.12/site-packages/passlib/utils/__init__.py:854: DeprecationWarning: 'crypt' is deprecated and slated for removal in Python 3.13
  from crypt import crypt as _crypt
/Users/user/Documents/resturantOS/frappe-bench/env/lib/python3.12/site-packages/rq/worker.py:1302: DeprecationWarning: This process (pid=21814) is multi-threaded, use of fork() may lead to deadlocks in the child.
  child_pid = os.fork()
/Users/user/Documents/resturantOS/frappe-bench/env/lib/python3.12/site-packages/passlib/utils/__init__.py:854: DeprecationWarning: 'crypt' is deprecated and slated for removal in Python 3.13
  from crypt import crypt as _crypt
/Users/user/Documents/resturantOS/frappe-bench/env/lib/python3.12/site-packages/rq/worker.py:1302: DeprecationWarning: This process (pid=21814) is multi-threaded, use of fork() may lead to deadlocks in the child.
  child_pid = os.fork()
/Users/user/Documents/resturantOS/frappe-bench/env/lib/python3.12/site-packages/passlib/utils/__init__.py:854: DeprecationWarning: 'crypt' is deprecated and slated for removal in Python 3.13
  from crypt import crypt as _crypt
/Users/user/Documents/resturantOS/frappe-bench/env/lib/python3.12/site-packages/rq/worker.py:1302: DeprecationWarning: This process (pid=21814) is multi-threaded, use of fork() may lead to deadlocks in the child.
  child_pid = os.fork()
/Users/user/Documents/resturantOS/frappe-bench/env/lib/python3.12/site-packages/passlib/utils/__init__.py:854: DeprecationWarning: 'crypt' is deprecated and slated for removal in Python 3.13
  from crypt import crypt as _crypt
/Users/user/Documents/resturantOS/frappe-bench/env/lib/python3.12/site-packages/rq/worker.py:1302: DeprecationWarning: This process (pid=21814) is multi-threaded, use of fork() may lead to deadlocks in the child.
  child_pid = os.fork()
/Users/user/Documents/resturantOS/frappe-bench/env/lib/python3.12/site-packages/passlib/utils/__init__.py:854: DeprecationWarning: 'crypt' is deprecated and slated for removal in Python 3.13
  from crypt import crypt as _crypt
/Users/user/Documents/resturantOS/frappe-bench/env/lib/python3.12/site-packages/rq/worker.py:1302: DeprecationWarning: This process (pid=21814) is multi-threaded, use of fork() may lead to deadlocks in the child.
  child_pid = os.fork()
/Users/user/Documents/resturantOS/frappe-bench/env/lib/python3.12/site-packages/passlib/utils/__init__.py:854: DeprecationWarning: 'crypt' is deprecated and slated for removal in Python 3.13
  from crypt import crypt as _crypt
/Users/user/Documents/resturantOS/frappe-bench/env/lib/python3.12/site-packages/rq/worker.py:1302: DeprecationWarning: This process (pid=21814) is multi-threaded, use of fork() may lead to deadlocks in the child.
  child_pid = os.fork()
/Users/user/Documents/resturantOS/frappe-bench/env/lib/python3.12/site-packages/passlib/utils/__init__.py:854: DeprecationWarning: 'crypt' is deprecated and slated for removal in Python 3.13
  from crypt import crypt as _crypt
/Users/user/Documents/resturantOS/frappe-bench/env/lib/python3.12/site-packages/rq/worker.py:1302: DeprecationWarning: This process (pid=21814) is multi-threaded, use of fork() may lead to deadlocks in the child.
  child_pid = os.fork()
/Users/user/Documents/resturantOS/frappe-bench/env/lib/python3.12/site-packages/passlib/utils/__init__.py:854: DeprecationWarning: 'crypt' is deprecated and slated for removal in Python 3.13
  from crypt import crypt as _crypt
/Users/user/Documents/resturantOS/frappe-bench/env/lib/python3.12/site-packages/rq/worker.py:1302: DeprecationWarning: This process (pid=21814) is multi-threaded, use of fork() may lead to deadlocks in the child.
  child_pid = os.fork()
/Users/user/Documents/resturantOS/frappe-bench/env/lib/python3.12/site-packages/passlib/utils/__init__.py:854: DeprecationWarning: 'crypt' is deprecated and slated for removal in Python 3.13
  from crypt import crypt as _crypt
/Users/user/Documents/resturantOS/frappe-bench/env/lib/python3.12/site-packages/rq/worker.py:1302: DeprecationWarning: This process (pid=21814) is multi-threaded, use of fork() may lead to deadlocks in the child.
  child_pid = os.fork()
/Users/user/Documents/resturantOS/frappe-bench/env/lib/python3.12/site-packages/passlib/utils/__init__.py:854: DeprecationWarning: 'crypt' is deprecated and slated for removal in Python 3.13
  from crypt import crypt as _crypt
/Users/user/Documents/resturantOS/frappe-bench/env/lib/python3.12/site-packages/rq/worker.py:1302: DeprecationWarning: This process (pid=21814) is multi-threaded, use of fork() may lead to deadlocks in the child.
  child_pid = os.fork()
/Users/user/Documents/resturantOS/frappe-bench/env/lib/python3.12/site-packages/passlib/utils/__init__.py:854: DeprecationWarning: 'crypt' is deprecated and slated for removal in Python 3.13
  from crypt import crypt as _crypt
/Users/user/Documents/resturantOS/frappe-bench/env/lib/python3.12/site-packages/rq/worker.py:1302: DeprecationWarning: This process (pid=21814) is multi-threaded, use of fork() may lead to deadlocks in the child.
  child_pid = os.fork()
/Users/user/Documents/resturantOS/frappe-bench/env/lib/python3.12/site-packages/passlib/utils/__init__.py:854: DeprecationWarning: 'crypt' is deprecated and slated for removal in Python 3.13
  from crypt import crypt as _crypt
/Users/user/Documents/resturantOS/frappe-bench/env/lib/python3.12/site-packages/rq/worker.py:1302: DeprecationWarning: This process (pid=21814) is multi-threaded, use of fork() may lead to deadlocks in the child.
  child_pid = os.fork()
/Users/user/Documents/resturantOS/frappe-bench/env/lib/python3.12/site-packages/passlib/utils/__init__.py:854: DeprecationWarning: 'crypt' is deprecated and slated for removal in Python 3.13
  from crypt import crypt as _crypt
/Users/user/Documents/resturantOS/frappe-bench/env/lib/python3.12/site-packages/rq/worker.py:1302: DeprecationWarning: This process (pid=21814) is multi-threaded, use of fork() may lead to deadlocks in the child.
  child_pid = os.fork()
/Users/user/Documents/resturantOS/frappe-bench/env/lib/python3.12/site-packages/passlib/utils/__init__.py:854: DeprecationWarning: 'crypt' is deprecated and slated for removal in Python 3.13
  from crypt import crypt as _crypt
/Users/user/Documents/resturantOS/frappe-bench/env/lib/python3.12/site-packages/rq/worker.py:1302: DeprecationWarning: This process (pid=21814) is multi-threaded, use of fork() may lead to deadlocks in the child.
  child_pid = os.fork()
/Users/user/Documents/resturantOS/frappe-bench/env/lib/python3.12/site-packages/passlib/utils/__init__.py:854: DeprecationWarning: 'crypt' is deprecated and slated for removal in Python 3.13
  from crypt import crypt as _crypt
/Users/user/Documents/resturantOS/frappe-bench/env/lib/python3.12/site-packages/rq/worker.py:1302: DeprecationWarning: This process (pid=21814) is multi-threaded, use of fork() may lead to deadlocks in the child.
  child_pid = os.fork()
/Users/user/Documents/resturantOS/frappe-bench/env/lib/python3.12/site-packages/passlib/utils/__init__.py:854: DeprecationWarning: 'crypt' is deprecated and slated for removal in Python 3.13
  from crypt import crypt as _crypt
/Users/user/Documents/resturantOS/frappe-bench/env/lib/python3.12/site-packages/rq/worker.py:1302: DeprecationWarning: This process (pid=21814) is multi-threaded, use of fork() may lead to deadlocks in the child.
  child_pid = os.fork()
/Users/user/Documents/resturantOS/frappe-bench/env/lib/python3.12/site-packages/passlib/utils/__init__.py:854: DeprecationWarning: 'crypt' is deprecated and slated for removal in Python 3.13
  from crypt import crypt as _crypt
/Users/user/Documents/resturantOS/frappe-bench/env/lib/python3.12/site-packages/rq/worker.py:1302: DeprecationWarning: This process (pid=21814) is multi-threaded, use of fork() may lead to deadlocks in the child.
  child_pid = os.fork()
/Users/user/Documents/resturantOS/frappe-bench/env/lib/python3.12/site-packages/passlib/utils/__init__.py:854: DeprecationWarning: 'crypt' is deprecated and slated for removal in Python 3.13
  from crypt import crypt as _crypt
/Users/user/Documents/resturantOS/frappe-bench/env/lib/python3.12/site-packages/rq/worker.py:1302: DeprecationWarning: This process (pid=21814) is multi-threaded, use of fork() may lead to deadlocks in the child.
  child_pid = os.fork()
/Users/user/Documents/resturantOS/frappe-bench/env/lib/python3.12/site-packages/passlib/utils/__init__.py:854: DeprecationWarning: 'crypt' is deprecated and slated for removal in Python 3.13
  from crypt import crypt as _crypt
/Users/user/Documents/resturantOS/frappe-bench/env/lib/python3.12/site-packages/rq/worker.py:1302: DeprecationWarning: This process (pid=21814) is multi-threaded, use of fork() may lead to deadlocks in the child.
  child_pid = os.fork()
/Users/user/Documents/resturantOS/frappe-bench/env/lib/python3.12/site-packages/passlib/utils/__init__.py:854: DeprecationWarning: 'crypt' is deprecated and slated for removal in Python 3.13
  from crypt import crypt as _crypt
/Users/user/Documents/resturantOS/frappe-bench/env/lib/python3.12/site-packages/rq/worker.py:1302: DeprecationWarning: This process (pid=21814) is multi-threaded, use of fork() may lead to deadlocks in the child.
  child_pid = os.fork()
/Users/user/Documents/resturantOS/frappe-bench/env/lib/python3.12/site-packages/passlib/utils/__init__.py:854: DeprecationWarning: 'crypt' is deprecated and slated for removal in Python 3.13
  from crypt import crypt as _crypt
/Users/user/Documents/resturantOS/frappe-bench/env/lib/python3.12/site-packages/rq/worker.py:1302: DeprecationWarning: This process (pid=21814) is multi-threaded, use of fork() may lead to deadlocks in the child.
  child_pid = os.fork()
/Users/user/Documents/resturantOS/frappe-bench/env/lib/python3.12/site-packages/passlib/utils/__init__.py:854: DeprecationWarning: 'crypt' is deprecated and slated for removal in Python 3.13
  from crypt import crypt as _crypt
/Users/user/Documents/resturantOS/frappe-bench/env/lib/python3.12/site-packages/rq/worker.py:1302: DeprecationWarning: This process (pid=21814) is multi-threaded, use of fork() may lead to deadlocks in the child.
  child_pid = os.fork()
/Users/user/Documents/resturantOS/frappe-bench/env/lib/python3.12/site-packages/passlib/utils/__init__.py:854: DeprecationWarning: 'crypt' is deprecated and slated for removal in Python 3.13
  from crypt import crypt as _crypt
/Users/user/Documents/resturantOS/frappe-bench/env/lib/python3.12/site-packages/rq/worker.py:1302: DeprecationWarning: This process (pid=21814) is multi-threaded, use of fork() may lead to deadlocks in the child.
  child_pid = os.fork()
/Users/user/Documents/resturantOS/frappe-bench/env/lib/python3.12/site-packages/passlib/utils/__init__.py:854: DeprecationWarning: 'crypt' is deprecated and slated for removal in Python 3.13
  from crypt import crypt as _crypt
/Users/user/Documents/resturantOS/frappe-bench/env/lib/python3.12/site-packages/rq/worker.py:1302: DeprecationWarning: This process (pid=21814) is multi-threaded, use of fork() may lead to deadlocks in the child.
  child_pid = os.fork()
/Users/user/Documents/resturantOS/frappe-bench/env/lib/python3.12/site-packages/passlib/utils/__init__.py:854: DeprecationWarning: 'crypt' is deprecated and slated for removal in Python 3.13
  from crypt import crypt as _crypt
/Users/user/Documents/resturantOS/frappe-bench/env/lib/python3.12/site-packages/rq/worker.py:1302: DeprecationWarning: This process (pid=21814) is multi-threaded, use of fork() may lead to deadlocks in the child.
  child_pid = os.fork()
/Users/user/Documents/resturantOS/frappe-bench/env/lib/python3.12/site-packages/passlib/utils/__init__.py:854: DeprecationWarning: 'crypt' is deprecated and slated for removal in Python 3.13
  from crypt import crypt as _crypt
/Users/user/Documents/resturantOS/frappe-bench/env/lib/python3.12/site-packages/rq/worker.py:1302: DeprecationWarning: This process (pid=21814) is multi-threaded, use of fork() may lead to deadlocks in the child.
  child_pid = os.fork()
/Users/user/Documents/resturantOS/frappe-bench/env/lib/python3.12/site-packages/passlib/utils/__init__.py:854: DeprecationWarning: 'crypt' is deprecated and slated for removal in Python 3.13
  from crypt import crypt as _crypt
/Users/user/Documents/resturantOS/frappe-bench/env/lib/python3.12/site-packages/rq/worker.py:1302: DeprecationWarning: This process (pid=21814) is multi-threaded, use of fork() may lead to deadlocks in the child.
  child_pid = os.fork()
/Users/user/Documents/resturantOS/frappe-bench/env/lib/python3.12/site-packages/passlib/utils/__init__.py:854: DeprecationWarning: 'crypt' is deprecated and slated for removal in Python 3.13
  from crypt import crypt as _crypt
/Users/user/Documents/resturantOS/frappe-bench/env/lib/python3.12/site-packages/rq/worker.py:1302: DeprecationWarning: This process (pid=21814) is multi-threaded, use of fork() may lead to deadlocks in the child.
  child_pid = os.fork()
/Users/user/Documents/resturantOS/frappe-bench/env/lib/python3.12/site-packages/passlib/utils/__init__.py:854: DeprecationWarning: 'crypt' is deprecated and slated for removal in Python 3.13
  from crypt import crypt as _crypt
/Users/user/Documents/resturantOS/frappe-bench/env/lib/python3.12/site-packages/rq/worker.py:1302: DeprecationWarning: This process (pid=21814) is multi-threaded, use of fork() may lead to deadlocks in the child.
  child_pid = os.fork()
/Users/user/Documents/resturantOS/frappe-bench/env/lib/python3.12/site-packages/passlib/utils/__init__.py:854: DeprecationWarning: 'crypt' is deprecated and slated for removal in Python 3.13
  from crypt import crypt as _crypt
/Users/user/Documents/resturantOS/frappe-bench/env/lib/python3.12/site-packages/rq/worker.py:1302: DeprecationWarning: This process (pid=21814) is multi-threaded, use of fork() may lead to deadlocks in the child.
  child_pid = os.fork()
/Users/user/Documents/resturantOS/frappe-bench/env/lib/python3.12/site-packages/passlib/utils/__init__.py:854: DeprecationWarning: 'crypt' is deprecated and slated for removal in Python 3.13
  from crypt import crypt as _crypt
/Users/user/Documents/resturantOS/frappe-bench/env/lib/python3.12/site-packages/rq/worker.py:1302: DeprecationWarning: This process (pid=21814) is multi-threaded, use of fork() may lead to deadlocks in the child.
  child_pid = os.fork()
/Users/user/Documents/resturantOS/frappe-bench/env/lib/python3.12/site-packages/passlib/utils/__init__.py:854: DeprecationWarning: 'crypt' is deprecated and slated for removal in Python 3.13
  from crypt import crypt as _crypt
/Users/user/Documents/resturantOS/frappe-bench/env/lib/python3.12/site-packages/rq/worker.py:1302: DeprecationWarning: This process (pid=21814) is multi-threaded, use of fork() may lead to deadlocks in the child.
  child_pid = os.fork()
/Users/user/Documents/resturantOS/frappe-bench/env/lib/python3.12/site-packages/passlib/utils/__init__.py:854: DeprecationWarning: 'crypt' is deprecated and slated for removal in Python 3.13
  from crypt import crypt as _crypt
/Users/user/Documents/resturantOS/frappe-bench/env/lib/python3.12/site-packages/rq/worker.py:1302: DeprecationWarning: This process (pid=21814) is multi-threaded, use of fork() may lead to deadlocks in the child.
  child_pid = os.fork()
/Users/user/Documents/resturantOS/frappe-bench/env/lib/python3.12/site-packages/passlib/utils/__init__.py:854: DeprecationWarning: 'crypt' is deprecated and slated for removal in Python 3.13
  from crypt import crypt as _crypt
/Users/user/Documents/resturantOS/frappe-bench/env/lib/python3.12/site-packages/rq/worker.py:1302: DeprecationWarning: This process (pid=21814) is multi-threaded, use of fork() may lead to deadlocks in the child.
  child_pid = os.fork()
/Users/user/Documents/resturantOS/frappe-bench/env/lib/python3.12/site-packages/passlib/utils/__init__.py:854: DeprecationWarning: 'crypt' is deprecated and slated for removal in Python 3.13
  from crypt import crypt as _crypt
/Users/user/Documents/resturantOS/frappe-bench/env/lib/python3.12/site-packages/rq/worker.py:1302: DeprecationWarning: This process (pid=21814) is multi-threaded, use of fork() may lead to deadlocks in the child.
  child_pid = os.fork()
/Users/user/Documents/resturantOS/frappe-bench/env/lib/python3.12/site-packages/passlib/utils/__init__.py:854: DeprecationWarning: 'crypt' is deprecated and slated for removal in Python 3.13
  from crypt import crypt as _crypt
/Users/user/Documents/resturantOS/frappe-bench/env/lib/python3.12/site-packages/rq/worker.py:1302: DeprecationWarning: This process (pid=21814) is multi-threaded, use of fork() may lead to deadlocks in the child.
  child_pid = os.fork()
/Users/user/Documents/resturantOS/frappe-bench/env/lib/python3.12/site-packages/passlib/utils/__init__.py:854: DeprecationWarning: 'crypt' is deprecated and slated for removal in Python 3.13
  from crypt import crypt as _crypt
/Users/user/Documents/resturantOS/frappe-bench/env/lib/python3.12/site-packages/rq/worker.py:1302: DeprecationWarning: This process (pid=21814) is multi-threaded, use of fork() may lead to deadlocks in the child.
  child_pid = os.fork()
/Users/user/Documents/resturantOS/frappe-bench/env/lib/python3.12/site-packages/passlib/utils/__init__.py:854: DeprecationWarning: 'crypt' is deprecated and slated for removal in Python 3.13
  from crypt import crypt as _crypt
/Users/user/Documents/resturantOS/frappe-bench/env/lib/python3.12/site-packages/rq/worker.py:1302: DeprecationWarning: This process (pid=21814) is multi-threaded, use of fork() may lead to deadlocks in the child.
  child_pid = os.fork()
/Users/user/Documents/resturantOS/frappe-bench/env/lib/python3.12/site-packages/passlib/utils/__init__.py:854: DeprecationWarning: 'crypt' is deprecated and slated for removal in Python 3.13
  from crypt import crypt as _crypt
/Users/user/Documents/resturantOS/frappe-bench/env/lib/python3.12/site-packages/rq/worker.py:1302: DeprecationWarning: This process (pid=21814) is multi-threaded, use of fork() may lead to deadlocks in the child.
  child_pid = os.fork()
/Users/user/Documents/resturantOS/frappe-bench/env/lib/python3.12/site-packages/passlib/utils/__init__.py:854: DeprecationWarning: 'crypt' is deprecated and slated for removal in Python 3.13
  from crypt import crypt as _crypt
/Users/user/Documents/resturantOS/frappe-bench/env/lib/python3.12/site-packages/rq/worker.py:1302: DeprecationWarning: This process (pid=21814) is multi-threaded, use of fork() may lead to deadlocks in the child.
  child_pid = os.fork()
/Users/user/Documents/resturantOS/frappe-bench/env/lib/python3.12/site-packages/passlib/utils/__init__.py:854: DeprecationWarning: 'crypt' is deprecated and slated for removal in Python 3.13
  from crypt import crypt as _crypt
/Users/user/Documents/resturantOS/frappe-bench/env/lib/python3.12/site-packages/rq/worker.py:1302: DeprecationWarning: This process (pid=21814) is multi-threaded, use of fork() may lead to deadlocks in the child.
  child_pid = os.fork()
/Users/user/Documents/resturantOS/frappe-bench/env/lib/python3.12/site-packages/passlib/utils/__init__.py:854: DeprecationWarning: 'crypt' is deprecated and slated for removal in Python 3.13
  from crypt import crypt as _crypt
/Users/user/Documents/resturantOS/frappe-bench/env/lib/python3.12/site-packages/rq/worker.py:1302: DeprecationWarning: This process (pid=21814) is multi-threaded, use of fork() may lead to deadlocks in the child.
  child_pid = os.fork()
2025-09-28 00:58:16,948 [Job hrms.local||2e9f9d9f-a9cf-409d-aea0-164a1cd7db1f]: exception raised while executing (frappe.utils.background_jobs.execute_job)
Traceback (most recent call last):
  File "/Users/user/Documents/resturantOS/frappe-bench/env/lib/python3.12/site-packages/rq/worker.py", line 1643, in perform_job
    return_value = job.perform()
                   ^^^^^^^^^^^^^
  File "/Users/user/Documents/resturantOS/frappe-bench/env/lib/python3.12/site-packages/rq/job.py", line 1359, in perform
    self._result = self._execute()
                   ^^^^^^^^^^^^^^^
  File "/Users/user/Documents/resturantOS/frappe-bench/env/lib/python3.12/site-packages/rq/job.py", line 1393, in _execute
    result = self.func(*self.args, **self.kwargs)
             ^^^^^^^^^^^^^^^^^^^^^^^^^^^^^^^^^^^^
  File "/Users/user/Documents/resturantOS/frappe-bench/apps/frappe/frappe/utils/background_jobs.py", line 243, in execute_job
    frappe.init(site, force=True)
  File "/Users/user/Documents/resturantOS/frappe-bench/apps/frappe/frappe/__init__.py", line 208, in init
    setup_module_map(include_all_apps=not (frappe.request or frappe.job or frappe.flags.in_migrate))
  File "/Users/user/Documents/resturantOS/frappe-bench/apps/frappe/frappe/__init__.py", line 1040, in setup_module_map
    for module in get_module_list(app):
                  ^^^^^^^^^^^^^^^^^^^^
  File "/Users/user/Documents/resturantOS/frappe-bench/apps/frappe/frappe/__init__.py", line 881, in get_module_list
    return get_file_items(get_app_path(app_name, "modules.txt"))
                          ^^^^^^^^^^^^^^^^^^^^^^^^^^^^^^^^^^^^^
  File "/Users/user/Documents/resturantOS/frappe-bench/apps/frappe/frappe/__init__.py", line 846, in get_app_path
    return get_pymodule_path(app_name, *joins)
           ^^^^^^^^^^^^^^^^^^^^^^^^^^^^^^^^^^^
  File "/Users/user/Documents/resturantOS/frappe-bench/apps/frappe/frappe/__init__.py", line 876, in get_pymodule_path
    return abspath(join(dirname(get_module(scrub(modulename)).__file__ or ""), *joins))
                                ^^^^^^^^^^^^^^^^^^^^^^^^^^^^^
  File "/Users/user/Documents/resturantOS/frappe-bench/apps/frappe/frappe/__init__.py", line 817, in get_module
    return importlib.import_module(modulename)
           ^^^^^^^^^^^^^^^^^^^^^^^^^^^^^^^^^^^
  File "/usr/local/Cellar/python@3.12/3.12.11_1/Frameworks/Python.framework/Versions/3.12/lib/python3.12/importlib/__init__.py", line 90, in import_module
    return _bootstrap._gcd_import(name[level:], package, level)
           ^^^^^^^^^^^^^^^^^^^^^^^^^^^^^^^^^^^^^^^^^^^^^^^^^^^^
  File "<frozen importlib._bootstrap>", line 1387, in _gcd_import
  File "<frozen importlib._bootstrap>", line 1360, in _find_and_load
  File "<frozen importlib._bootstrap>", line 1324, in _find_and_load_unlocked
ModuleNotFoundError: No module named 'hrms'

/Users/user/Documents/resturantOS/frappe-bench/env/lib/python3.12/site-packages/rq/worker.py:1302: DeprecationWarning: This process (pid=21814) is multi-threaded, use of fork() may lead to deadlocks in the child.
  child_pid = os.fork()
2025-09-28 00:58:16,997 [Job hrms.local||fa3fedc0-2547-4022-8696-e76eb45a0665]: exception raised while executing (frappe.utils.background_jobs.execute_job)
Traceback (most recent call last):
  File "/Users/user/Documents/resturantOS/frappe-bench/env/lib/python3.12/site-packages/rq/worker.py", line 1643, in perform_job
    return_value = job.perform()
                   ^^^^^^^^^^^^^
  File "/Users/user/Documents/resturantOS/frappe-bench/env/lib/python3.12/site-packages/rq/job.py", line 1359, in perform
    self._result = self._execute()
                   ^^^^^^^^^^^^^^^
  File "/Users/user/Documents/resturantOS/frappe-bench/env/lib/python3.12/site-packages/rq/job.py", line 1393, in _execute
    result = self.func(*self.args, **self.kwargs)
             ^^^^^^^^^^^^^^^^^^^^^^^^^^^^^^^^^^^^
  File "/Users/user/Documents/resturantOS/frappe-bench/apps/frappe/frappe/utils/background_jobs.py", line 243, in execute_job
    frappe.init(site, force=True)
  File "/Users/user/Documents/resturantOS/frappe-bench/apps/frappe/frappe/__init__.py", line 208, in init
    setup_module_map(include_all_apps=not (frappe.request or frappe.job or frappe.flags.in_migrate))
  File "/Users/user/Documents/resturantOS/frappe-bench/apps/frappe/frappe/__init__.py", line 1040, in setup_module_map
    for module in get_module_list(app):
                  ^^^^^^^^^^^^^^^^^^^^
  File "/Users/user/Documents/resturantOS/frappe-bench/apps/frappe/frappe/__init__.py", line 881, in get_module_list
    return get_file_items(get_app_path(app_name, "modules.txt"))
                          ^^^^^^^^^^^^^^^^^^^^^^^^^^^^^^^^^^^^^
  File "/Users/user/Documents/resturantOS/frappe-bench/apps/frappe/frappe/__init__.py", line 846, in get_app_path
    return get_pymodule_path(app_name, *joins)
           ^^^^^^^^^^^^^^^^^^^^^^^^^^^^^^^^^^^
  File "/Users/user/Documents/resturantOS/frappe-bench/apps/frappe/frappe/__init__.py", line 876, in get_pymodule_path
    return abspath(join(dirname(get_module(scrub(modulename)).__file__ or ""), *joins))
                                ^^^^^^^^^^^^^^^^^^^^^^^^^^^^^
  File "/Users/user/Documents/resturantOS/frappe-bench/apps/frappe/frappe/__init__.py", line 817, in get_module
    return importlib.import_module(modulename)
           ^^^^^^^^^^^^^^^^^^^^^^^^^^^^^^^^^^^
  File "/usr/local/Cellar/python@3.12/3.12.11_1/Frameworks/Python.framework/Versions/3.12/lib/python3.12/importlib/__init__.py", line 90, in import_module
    return _bootstrap._gcd_import(name[level:], package, level)
           ^^^^^^^^^^^^^^^^^^^^^^^^^^^^^^^^^^^^^^^^^^^^^^^^^^^^
  File "<frozen importlib._bootstrap>", line 1387, in _gcd_import
  File "<frozen importlib._bootstrap>", line 1360, in _find_and_load
  File "<frozen importlib._bootstrap>", line 1324, in _find_and_load_unlocked
ModuleNotFoundError: No module named 'hrms'

/Users/user/Documents/resturantOS/frappe-bench/env/lib/python3.12/site-packages/rq/worker.py:1302: DeprecationWarning: This process (pid=21814) is multi-threaded, use of fork() may lead to deadlocks in the child.
  child_pid = os.fork()
2025-09-28 00:58:17,036 [Job hrms.local||091b3540-f91d-4604-83b5-bbac3a80fbea]: exception raised while executing (frappe.utils.background_jobs.execute_job)
Traceback (most recent call last):
  File "/Users/user/Documents/resturantOS/frappe-bench/env/lib/python3.12/site-packages/rq/worker.py", line 1643, in perform_job
    return_value = job.perform()
                   ^^^^^^^^^^^^^
  File "/Users/user/Documents/resturantOS/frappe-bench/env/lib/python3.12/site-packages/rq/job.py", line 1359, in perform
    self._result = self._execute()
                   ^^^^^^^^^^^^^^^
  File "/Users/user/Documents/resturantOS/frappe-bench/env/lib/python3.12/site-packages/rq/job.py", line 1393, in _execute
    result = self.func(*self.args, **self.kwargs)
             ^^^^^^^^^^^^^^^^^^^^^^^^^^^^^^^^^^^^
  File "/Users/user/Documents/resturantOS/frappe-bench/apps/frappe/frappe/utils/background_jobs.py", line 243, in execute_job
    frappe.init(site, force=True)
  File "/Users/user/Documents/resturantOS/frappe-bench/apps/frappe/frappe/__init__.py", line 208, in init
    setup_module_map(include_all_apps=not (frappe.request or frappe.job or frappe.flags.in_migrate))
  File "/Users/user/Documents/resturantOS/frappe-bench/apps/frappe/frappe/__init__.py", line 1040, in setup_module_map
    for module in get_module_list(app):
                  ^^^^^^^^^^^^^^^^^^^^
  File "/Users/user/Documents/resturantOS/frappe-bench/apps/frappe/frappe/__init__.py", line 881, in get_module_list
    return get_file_items(get_app_path(app_name, "modules.txt"))
                          ^^^^^^^^^^^^^^^^^^^^^^^^^^^^^^^^^^^^^
  File "/Users/user/Documents/resturantOS/frappe-bench/apps/frappe/frappe/__init__.py", line 846, in get_app_path
    return get_pymodule_path(app_name, *joins)
           ^^^^^^^^^^^^^^^^^^^^^^^^^^^^^^^^^^^
  File "/Users/user/Documents/resturantOS/frappe-bench/apps/frappe/frappe/__init__.py", line 876, in get_pymodule_path
    return abspath(join(dirname(get_module(scrub(modulename)).__file__ or ""), *joins))
                                ^^^^^^^^^^^^^^^^^^^^^^^^^^^^^
  File "/Users/user/Documents/resturantOS/frappe-bench/apps/frappe/frappe/__init__.py", line 817, in get_module
    return importlib.import_module(modulename)
           ^^^^^^^^^^^^^^^^^^^^^^^^^^^^^^^^^^^
  File "/usr/local/Cellar/python@3.12/3.12.11_1/Frameworks/Python.framework/Versions/3.12/lib/python3.12/importlib/__init__.py", line 90, in import_module
    return _bootstrap._gcd_import(name[level:], package, level)
           ^^^^^^^^^^^^^^^^^^^^^^^^^^^^^^^^^^^^^^^^^^^^^^^^^^^^
  File "<frozen importlib._bootstrap>", line 1387, in _gcd_import
  File "<frozen importlib._bootstrap>", line 1360, in _find_and_load
  File "<frozen importlib._bootstrap>", line 1324, in _find_and_load_unlocked
ModuleNotFoundError: No module named 'hrms'

/Users/user/Documents/resturantOS/frappe-bench/env/lib/python3.12/site-packages/rq/worker.py:1302: DeprecationWarning: This process (pid=21814) is multi-threaded, use of fork() may lead to deadlocks in the child.
  child_pid = os.fork()
2025-09-28 00:58:17,073 [Job hrms.local||9d7b1d91-58d5-44bc-9e3e-ead638712ed8]: exception raised while executing (frappe.utils.background_jobs.execute_job)
Traceback (most recent call last):
  File "/Users/user/Documents/resturantOS/frappe-bench/env/lib/python3.12/site-packages/rq/worker.py", line 1643, in perform_job
    return_value = job.perform()
                   ^^^^^^^^^^^^^
  File "/Users/user/Documents/resturantOS/frappe-bench/env/lib/python3.12/site-packages/rq/job.py", line 1359, in perform
    self._result = self._execute()
                   ^^^^^^^^^^^^^^^
  File "/Users/user/Documents/resturantOS/frappe-bench/env/lib/python3.12/site-packages/rq/job.py", line 1393, in _execute
    result = self.func(*self.args, **self.kwargs)
             ^^^^^^^^^^^^^^^^^^^^^^^^^^^^^^^^^^^^
  File "/Users/user/Documents/resturantOS/frappe-bench/apps/frappe/frappe/utils/background_jobs.py", line 243, in execute_job
    frappe.init(site, force=True)
  File "/Users/user/Documents/resturantOS/frappe-bench/apps/frappe/frappe/__init__.py", line 208, in init
    setup_module_map(include_all_apps=not (frappe.request or frappe.job or frappe.flags.in_migrate))
  File "/Users/user/Documents/resturantOS/frappe-bench/apps/frappe/frappe/__init__.py", line 1040, in setup_module_map
    for module in get_module_list(app):
                  ^^^^^^^^^^^^^^^^^^^^
  File "/Users/user/Documents/resturantOS/frappe-bench/apps/frappe/frappe/__init__.py", line 881, in get_module_list
    return get_file_items(get_app_path(app_name, "modules.txt"))
                          ^^^^^^^^^^^^^^^^^^^^^^^^^^^^^^^^^^^^^
  File "/Users/user/Documents/resturantOS/frappe-bench/apps/frappe/frappe/__init__.py", line 846, in get_app_path
    return get_pymodule_path(app_name, *joins)
           ^^^^^^^^^^^^^^^^^^^^^^^^^^^^^^^^^^^
  File "/Users/user/Documents/resturantOS/frappe-bench/apps/frappe/frappe/__init__.py", line 876, in get_pymodule_path
    return abspath(join(dirname(get_module(scrub(modulename)).__file__ or ""), *joins))
                                ^^^^^^^^^^^^^^^^^^^^^^^^^^^^^
  File "/Users/user/Documents/resturantOS/frappe-bench/apps/frappe/frappe/__init__.py", line 817, in get_module
    return importlib.import_module(modulename)
           ^^^^^^^^^^^^^^^^^^^^^^^^^^^^^^^^^^^
  File "/usr/local/Cellar/python@3.12/3.12.11_1/Frameworks/Python.framework/Versions/3.12/lib/python3.12/importlib/__init__.py", line 90, in import_module
    return _bootstrap._gcd_import(name[level:], package, level)
           ^^^^^^^^^^^^^^^^^^^^^^^^^^^^^^^^^^^^^^^^^^^^^^^^^^^^
  File "<frozen importlib._bootstrap>", line 1387, in _gcd_import
  File "<frozen importlib._bootstrap>", line 1360, in _find_and_load
  File "<frozen importlib._bootstrap>", line 1324, in _find_and_load_unlocked
ModuleNotFoundError: No module named 'hrms'

/Users/user/Documents/resturantOS/frappe-bench/env/lib/python3.12/site-packages/rq/worker.py:1302: DeprecationWarning: This process (pid=21814) is multi-threaded, use of fork() may lead to deadlocks in the child.
  child_pid = os.fork()
2025-09-28 00:58:17,107 [Job hrms.local||b98de5ea-a188-4eb8-a938-9f7862b6b9af]: exception raised while executing (frappe.utils.background_jobs.execute_job)
Traceback (most recent call last):
  File "/Users/user/Documents/resturantOS/frappe-bench/env/lib/python3.12/site-packages/rq/worker.py", line 1643, in perform_job
    return_value = job.perform()
                   ^^^^^^^^^^^^^
  File "/Users/user/Documents/resturantOS/frappe-bench/env/lib/python3.12/site-packages/rq/job.py", line 1359, in perform
    self._result = self._execute()
                   ^^^^^^^^^^^^^^^
  File "/Users/user/Documents/resturantOS/frappe-bench/env/lib/python3.12/site-packages/rq/job.py", line 1393, in _execute
    result = self.func(*self.args, **self.kwargs)
             ^^^^^^^^^^^^^^^^^^^^^^^^^^^^^^^^^^^^
  File "/Users/user/Documents/resturantOS/frappe-bench/apps/frappe/frappe/utils/background_jobs.py", line 243, in execute_job
    frappe.init(site, force=True)
  File "/Users/user/Documents/resturantOS/frappe-bench/apps/frappe/frappe/__init__.py", line 208, in init
    setup_module_map(include_all_apps=not (frappe.request or frappe.job or frappe.flags.in_migrate))
  File "/Users/user/Documents/resturantOS/frappe-bench/apps/frappe/frappe/__init__.py", line 1040, in setup_module_map
    for module in get_module_list(app):
                  ^^^^^^^^^^^^^^^^^^^^
  File "/Users/user/Documents/resturantOS/frappe-bench/apps/frappe/frappe/__init__.py", line 881, in get_module_list
    return get_file_items(get_app_path(app_name, "modules.txt"))
                          ^^^^^^^^^^^^^^^^^^^^^^^^^^^^^^^^^^^^^
  File "/Users/user/Documents/resturantOS/frappe-bench/apps/frappe/frappe/__init__.py", line 846, in get_app_path
    return get_pymodule_path(app_name, *joins)
           ^^^^^^^^^^^^^^^^^^^^^^^^^^^^^^^^^^^
  File "/Users/user/Documents/resturantOS/frappe-bench/apps/frappe/frappe/__init__.py", line 876, in get_pymodule_path
    return abspath(join(dirname(get_module(scrub(modulename)).__file__ or ""), *joins))
                                ^^^^^^^^^^^^^^^^^^^^^^^^^^^^^
  File "/Users/user/Documents/resturantOS/frappe-bench/apps/frappe/frappe/__init__.py", line 817, in get_module
    return importlib.import_module(modulename)
           ^^^^^^^^^^^^^^^^^^^^^^^^^^^^^^^^^^^
  File "/usr/local/Cellar/python@3.12/3.12.11_1/Frameworks/Python.framework/Versions/3.12/lib/python3.12/importlib/__init__.py", line 90, in import_module
    return _bootstrap._gcd_import(name[level:], package, level)
           ^^^^^^^^^^^^^^^^^^^^^^^^^^^^^^^^^^^^^^^^^^^^^^^^^^^^
  File "<frozen importlib._bootstrap>", line 1387, in _gcd_import
  File "<frozen importlib._bootstrap>", line 1360, in _find_and_load
  File "<frozen importlib._bootstrap>", line 1324, in _find_and_load_unlocked
ModuleNotFoundError: No module named 'hrms'

/Users/user/Documents/resturantOS/frappe-bench/env/lib/python3.12/site-packages/rq/worker.py:1302: DeprecationWarning: This process (pid=21814) is multi-threaded, use of fork() may lead to deadlocks in the child.
  child_pid = os.fork()
2025-09-28 00:58:17,146 [Job hrms.local||fa750256-4236-460a-9d61-1e12259c6bde]: exception raised while executing (frappe.utils.background_jobs.execute_job)
Traceback (most recent call last):
  File "/Users/user/Documents/resturantOS/frappe-bench/env/lib/python3.12/site-packages/rq/worker.py", line 1643, in perform_job
    return_value = job.perform()
                   ^^^^^^^^^^^^^
  File "/Users/user/Documents/resturantOS/frappe-bench/env/lib/python3.12/site-packages/rq/job.py", line 1359, in perform
    self._result = self._execute()
                   ^^^^^^^^^^^^^^^
  File "/Users/user/Documents/resturantOS/frappe-bench/env/lib/python3.12/site-packages/rq/job.py", line 1393, in _execute
    result = self.func(*self.args, **self.kwargs)
             ^^^^^^^^^^^^^^^^^^^^^^^^^^^^^^^^^^^^
  File "/Users/user/Documents/resturantOS/frappe-bench/apps/frappe/frappe/utils/background_jobs.py", line 243, in execute_job
    frappe.init(site, force=True)
  File "/Users/user/Documents/resturantOS/frappe-bench/apps/frappe/frappe/__init__.py", line 208, in init
    setup_module_map(include_all_apps=not (frappe.request or frappe.job or frappe.flags.in_migrate))
  File "/Users/user/Documents/resturantOS/frappe-bench/apps/frappe/frappe/__init__.py", line 1040, in setup_module_map
    for module in get_module_list(app):
                  ^^^^^^^^^^^^^^^^^^^^
  File "/Users/user/Documents/resturantOS/frappe-bench/apps/frappe/frappe/__init__.py", line 881, in get_module_list
    return get_file_items(get_app_path(app_name, "modules.txt"))
                          ^^^^^^^^^^^^^^^^^^^^^^^^^^^^^^^^^^^^^
  File "/Users/user/Documents/resturantOS/frappe-bench/apps/frappe/frappe/__init__.py", line 846, in get_app_path
    return get_pymodule_path(app_name, *joins)
           ^^^^^^^^^^^^^^^^^^^^^^^^^^^^^^^^^^^
  File "/Users/user/Documents/resturantOS/frappe-bench/apps/frappe/frappe/__init__.py", line 876, in get_pymodule_path
    return abspath(join(dirname(get_module(scrub(modulename)).__file__ or ""), *joins))
                                ^^^^^^^^^^^^^^^^^^^^^^^^^^^^^
  File "/Users/user/Documents/resturantOS/frappe-bench/apps/frappe/frappe/__init__.py", line 817, in get_module
    return importlib.import_module(modulename)
           ^^^^^^^^^^^^^^^^^^^^^^^^^^^^^^^^^^^
  File "/usr/local/Cellar/python@3.12/3.12.11_1/Frameworks/Python.framework/Versions/3.12/lib/python3.12/importlib/__init__.py", line 90, in import_module
    return _bootstrap._gcd_import(name[level:], package, level)
           ^^^^^^^^^^^^^^^^^^^^^^^^^^^^^^^^^^^^^^^^^^^^^^^^^^^^
  File "<frozen importlib._bootstrap>", line 1387, in _gcd_import
  File "<frozen importlib._bootstrap>", line 1360, in _find_and_load
  File "<frozen importlib._bootstrap>", line 1324, in _find_and_load_unlocked
ModuleNotFoundError: No module named 'hrms'

/Users/user/Documents/resturantOS/frappe-bench/env/lib/python3.12/site-packages/rq/worker.py:1302: DeprecationWarning: This process (pid=21814) is multi-threaded, use of fork() may lead to deadlocks in the child.
  child_pid = os.fork()
2025-09-28 00:58:17,187 [Job hrms.local||bf7434f7-936b-4e04-8a68-0da6a443260a]: exception raised while executing (frappe.utils.background_jobs.execute_job)
Traceback (most recent call last):
  File "/Users/user/Documents/resturantOS/frappe-bench/env/lib/python3.12/site-packages/rq/worker.py", line 1643, in perform_job
    return_value = job.perform()
                   ^^^^^^^^^^^^^
  File "/Users/user/Documents/resturantOS/frappe-bench/env/lib/python3.12/site-packages/rq/job.py", line 1359, in perform
    self._result = self._execute()
                   ^^^^^^^^^^^^^^^
  File "/Users/user/Documents/resturantOS/frappe-bench/env/lib/python3.12/site-packages/rq/job.py", line 1393, in _execute
    result = self.func(*self.args, **self.kwargs)
             ^^^^^^^^^^^^^^^^^^^^^^^^^^^^^^^^^^^^
  File "/Users/user/Documents/resturantOS/frappe-bench/apps/frappe/frappe/utils/background_jobs.py", line 243, in execute_job
    frappe.init(site, force=True)
  File "/Users/user/Documents/resturantOS/frappe-bench/apps/frappe/frappe/__init__.py", line 208, in init
    setup_module_map(include_all_apps=not (frappe.request or frappe.job or frappe.flags.in_migrate))
  File "/Users/user/Documents/resturantOS/frappe-bench/apps/frappe/frappe/__init__.py", line 1040, in setup_module_map
    for module in get_module_list(app):
                  ^^^^^^^^^^^^^^^^^^^^
  File "/Users/user/Documents/resturantOS/frappe-bench/apps/frappe/frappe/__init__.py", line 881, in get_module_list
    return get_file_items(get_app_path(app_name, "modules.txt"))
                          ^^^^^^^^^^^^^^^^^^^^^^^^^^^^^^^^^^^^^
  File "/Users/user/Documents/resturantOS/frappe-bench/apps/frappe/frappe/__init__.py", line 846, in get_app_path
    return get_pymodule_path(app_name, *joins)
           ^^^^^^^^^^^^^^^^^^^^^^^^^^^^^^^^^^^
  File "/Users/user/Documents/resturantOS/frappe-bench/apps/frappe/frappe/__init__.py", line 876, in get_pymodule_path
    return abspath(join(dirname(get_module(scrub(modulename)).__file__ or ""), *joins))
                                ^^^^^^^^^^^^^^^^^^^^^^^^^^^^^
  File "/Users/user/Documents/resturantOS/frappe-bench/apps/frappe/frappe/__init__.py", line 817, in get_module
    return importlib.import_module(modulename)
           ^^^^^^^^^^^^^^^^^^^^^^^^^^^^^^^^^^^
  File "/usr/local/Cellar/python@3.12/3.12.11_1/Frameworks/Python.framework/Versions/3.12/lib/python3.12/importlib/__init__.py", line 90, in import_module
    return _bootstrap._gcd_import(name[level:], package, level)
           ^^^^^^^^^^^^^^^^^^^^^^^^^^^^^^^^^^^^^^^^^^^^^^^^^^^^
  File "<frozen importlib._bootstrap>", line 1387, in _gcd_import
  File "<frozen importlib._bootstrap>", line 1360, in _find_and_load
  File "<frozen importlib._bootstrap>", line 1324, in _find_and_load_unlocked
ModuleNotFoundError: No module named 'hrms'

/Users/user/Documents/resturantOS/frappe-bench/env/lib/python3.12/site-packages/rq/worker.py:1302: DeprecationWarning: This process (pid=21814) is multi-threaded, use of fork() may lead to deadlocks in the child.
  child_pid = os.fork()
2025-09-28 00:58:17,226 [Job hrms.local||f7929b74-dfee-472b-bc4d-6c79495ee14a]: exception raised while executing (frappe.utils.background_jobs.execute_job)
Traceback (most recent call last):
  File "/Users/user/Documents/resturantOS/frappe-bench/env/lib/python3.12/site-packages/rq/worker.py", line 1643, in perform_job
    return_value = job.perform()
                   ^^^^^^^^^^^^^
  File "/Users/user/Documents/resturantOS/frappe-bench/env/lib/python3.12/site-packages/rq/job.py", line 1359, in perform
    self._result = self._execute()
                   ^^^^^^^^^^^^^^^
  File "/Users/user/Documents/resturantOS/frappe-bench/env/lib/python3.12/site-packages/rq/job.py", line 1393, in _execute
    result = self.func(*self.args, **self.kwargs)
             ^^^^^^^^^^^^^^^^^^^^^^^^^^^^^^^^^^^^
  File "/Users/user/Documents/resturantOS/frappe-bench/apps/frappe/frappe/utils/background_jobs.py", line 243, in execute_job
    frappe.init(site, force=True)
  File "/Users/user/Documents/resturantOS/frappe-bench/apps/frappe/frappe/__init__.py", line 208, in init
    setup_module_map(include_all_apps=not (frappe.request or frappe.job or frappe.flags.in_migrate))
  File "/Users/user/Documents/resturantOS/frappe-bench/apps/frappe/frappe/__init__.py", line 1040, in setup_module_map
    for module in get_module_list(app):
                  ^^^^^^^^^^^^^^^^^^^^
  File "/Users/user/Documents/resturantOS/frappe-bench/apps/frappe/frappe/__init__.py", line 881, in get_module_list
    return get_file_items(get_app_path(app_name, "modules.txt"))
                          ^^^^^^^^^^^^^^^^^^^^^^^^^^^^^^^^^^^^^
  File "/Users/user/Documents/resturantOS/frappe-bench/apps/frappe/frappe/__init__.py", line 846, in get_app_path
    return get_pymodule_path(app_name, *joins)
           ^^^^^^^^^^^^^^^^^^^^^^^^^^^^^^^^^^^
  File "/Users/user/Documents/resturantOS/frappe-bench/apps/frappe/frappe/__init__.py", line 876, in get_pymodule_path
    return abspath(join(dirname(get_module(scrub(modulename)).__file__ or ""), *joins))
                                ^^^^^^^^^^^^^^^^^^^^^^^^^^^^^
  File "/Users/user/Documents/resturantOS/frappe-bench/apps/frappe/frappe/__init__.py", line 817, in get_module
    return importlib.import_module(modulename)
           ^^^^^^^^^^^^^^^^^^^^^^^^^^^^^^^^^^^
  File "/usr/local/Cellar/python@3.12/3.12.11_1/Frameworks/Python.framework/Versions/3.12/lib/python3.12/importlib/__init__.py", line 90, in import_module
    return _bootstrap._gcd_import(name[level:], package, level)
           ^^^^^^^^^^^^^^^^^^^^^^^^^^^^^^^^^^^^^^^^^^^^^^^^^^^^
  File "<frozen importlib._bootstrap>", line 1387, in _gcd_import
  File "<frozen importlib._bootstrap>", line 1360, in _find_and_load
  File "<frozen importlib._bootstrap>", line 1324, in _find_and_load_unlocked
ModuleNotFoundError: No module named 'hrms'

/Users/user/Documents/resturantOS/frappe-bench/env/lib/python3.12/site-packages/rq/worker.py:1302: DeprecationWarning: This process (pid=21814) is multi-threaded, use of fork() may lead to deadlocks in the child.
  child_pid = os.fork()
2025-09-28 00:58:17,271 [Job hrms.local||9db75974-1ff2-4947-95e1-51c9b7b642c7]: exception raised while executing (frappe.utils.background_jobs.execute_job)
Traceback (most recent call last):
  File "/Users/user/Documents/resturantOS/frappe-bench/env/lib/python3.12/site-packages/rq/worker.py", line 1643, in perform_job
    return_value = job.perform()
                   ^^^^^^^^^^^^^
  File "/Users/user/Documents/resturantOS/frappe-bench/env/lib/python3.12/site-packages/rq/job.py", line 1359, in perform
    self._result = self._execute()
                   ^^^^^^^^^^^^^^^
  File "/Users/user/Documents/resturantOS/frappe-bench/env/lib/python3.12/site-packages/rq/job.py", line 1393, in _execute
    result = self.func(*self.args, **self.kwargs)
             ^^^^^^^^^^^^^^^^^^^^^^^^^^^^^^^^^^^^
  File "/Users/user/Documents/resturantOS/frappe-bench/apps/frappe/frappe/utils/background_jobs.py", line 243, in execute_job
    frappe.init(site, force=True)
  File "/Users/user/Documents/resturantOS/frappe-bench/apps/frappe/frappe/__init__.py", line 208, in init
    setup_module_map(include_all_apps=not (frappe.request or frappe.job or frappe.flags.in_migrate))
  File "/Users/user/Documents/resturantOS/frappe-bench/apps/frappe/frappe/__init__.py", line 1040, in setup_module_map
    for module in get_module_list(app):
                  ^^^^^^^^^^^^^^^^^^^^
  File "/Users/user/Documents/resturantOS/frappe-bench/apps/frappe/frappe/__init__.py", line 881, in get_module_list
    return get_file_items(get_app_path(app_name, "modules.txt"))
                          ^^^^^^^^^^^^^^^^^^^^^^^^^^^^^^^^^^^^^
  File "/Users/user/Documents/resturantOS/frappe-bench/apps/frappe/frappe/__init__.py", line 846, in get_app_path
    return get_pymodule_path(app_name, *joins)
           ^^^^^^^^^^^^^^^^^^^^^^^^^^^^^^^^^^^
  File "/Users/user/Documents/resturantOS/frappe-bench/apps/frappe/frappe/__init__.py", line 876, in get_pymodule_path
    return abspath(join(dirname(get_module(scrub(modulename)).__file__ or ""), *joins))
                                ^^^^^^^^^^^^^^^^^^^^^^^^^^^^^
  File "/Users/user/Documents/resturantOS/frappe-bench/apps/frappe/frappe/__init__.py", line 817, in get_module
    return importlib.import_module(modulename)
           ^^^^^^^^^^^^^^^^^^^^^^^^^^^^^^^^^^^
  File "/usr/local/Cellar/python@3.12/3.12.11_1/Frameworks/Python.framework/Versions/3.12/lib/python3.12/importlib/__init__.py", line 90, in import_module
    return _bootstrap._gcd_import(name[level:], package, level)
           ^^^^^^^^^^^^^^^^^^^^^^^^^^^^^^^^^^^^^^^^^^^^^^^^^^^^
  File "<frozen importlib._bootstrap>", line 1387, in _gcd_import
  File "<frozen importlib._bootstrap>", line 1360, in _find_and_load
  File "<frozen importlib._bootstrap>", line 1324, in _find_and_load_unlocked
ModuleNotFoundError: No module named 'hrms'

/Users/user/Documents/resturantOS/frappe-bench/env/lib/python3.12/site-packages/rq/worker.py:1302: DeprecationWarning: This process (pid=21814) is multi-threaded, use of fork() may lead to deadlocks in the child.
  child_pid = os.fork()
2025-09-28 00:58:17,317 [Job hrms.local||b184b2db-54bf-4de0-b736-37f54533ad19]: exception raised while executing (frappe.utils.background_jobs.execute_job)
Traceback (most recent call last):
  File "/Users/user/Documents/resturantOS/frappe-bench/env/lib/python3.12/site-packages/rq/worker.py", line 1643, in perform_job
    return_value = job.perform()
                   ^^^^^^^^^^^^^
  File "/Users/user/Documents/resturantOS/frappe-bench/env/lib/python3.12/site-packages/rq/job.py", line 1359, in perform
    self._result = self._execute()
                   ^^^^^^^^^^^^^^^
  File "/Users/user/Documents/resturantOS/frappe-bench/env/lib/python3.12/site-packages/rq/job.py", line 1393, in _execute
    result = self.func(*self.args, **self.kwargs)
             ^^^^^^^^^^^^^^^^^^^^^^^^^^^^^^^^^^^^
  File "/Users/user/Documents/resturantOS/frappe-bench/apps/frappe/frappe/utils/background_jobs.py", line 243, in execute_job
    frappe.init(site, force=True)
  File "/Users/user/Documents/resturantOS/frappe-bench/apps/frappe/frappe/__init__.py", line 208, in init
    setup_module_map(include_all_apps=not (frappe.request or frappe.job or frappe.flags.in_migrate))
  File "/Users/user/Documents/resturantOS/frappe-bench/apps/frappe/frappe/__init__.py", line 1040, in setup_module_map
    for module in get_module_list(app):
                  ^^^^^^^^^^^^^^^^^^^^
  File "/Users/user/Documents/resturantOS/frappe-bench/apps/frappe/frappe/__init__.py", line 881, in get_module_list
    return get_file_items(get_app_path(app_name, "modules.txt"))
                          ^^^^^^^^^^^^^^^^^^^^^^^^^^^^^^^^^^^^^
  File "/Users/user/Documents/resturantOS/frappe-bench/apps/frappe/frappe/__init__.py", line 846, in get_app_path
    return get_pymodule_path(app_name, *joins)
           ^^^^^^^^^^^^^^^^^^^^^^^^^^^^^^^^^^^
  File "/Users/user/Documents/resturantOS/frappe-bench/apps/frappe/frappe/__init__.py", line 876, in get_pymodule_path
    return abspath(join(dirname(get_module(scrub(modulename)).__file__ or ""), *joins))
                                ^^^^^^^^^^^^^^^^^^^^^^^^^^^^^
  File "/Users/user/Documents/resturantOS/frappe-bench/apps/frappe/frappe/__init__.py", line 817, in get_module
    return importlib.import_module(modulename)
           ^^^^^^^^^^^^^^^^^^^^^^^^^^^^^^^^^^^
  File "/usr/local/Cellar/python@3.12/3.12.11_1/Frameworks/Python.framework/Versions/3.12/lib/python3.12/importlib/__init__.py", line 90, in import_module
    return _bootstrap._gcd_import(name[level:], package, level)
           ^^^^^^^^^^^^^^^^^^^^^^^^^^^^^^^^^^^^^^^^^^^^^^^^^^^^
  File "<frozen importlib._bootstrap>", line 1387, in _gcd_import
  File "<frozen importlib._bootstrap>", line 1360, in _find_and_load
  File "<frozen importlib._bootstrap>", line 1324, in _find_and_load_unlocked
ModuleNotFoundError: No module named 'hrms'

/Users/user/Documents/resturantOS/frappe-bench/env/lib/python3.12/site-packages/rq/worker.py:1302: DeprecationWarning: This process (pid=21814) is multi-threaded, use of fork() may lead to deadlocks in the child.
  child_pid = os.fork()
2025-09-28 00:58:17,359 [Job hrms.local||a49a52ef-e853-457e-b479-0b167e28486c]: exception raised while executing (frappe.utils.background_jobs.execute_job)
Traceback (most recent call last):
  File "/Users/user/Documents/resturantOS/frappe-bench/env/lib/python3.12/site-packages/rq/worker.py", line 1643, in perform_job
    return_value = job.perform()
                   ^^^^^^^^^^^^^
  File "/Users/user/Documents/resturantOS/frappe-bench/env/lib/python3.12/site-packages/rq/job.py", line 1359, in perform
    self._result = self._execute()
                   ^^^^^^^^^^^^^^^
  File "/Users/user/Documents/resturantOS/frappe-bench/env/lib/python3.12/site-packages/rq/job.py", line 1393, in _execute
    result = self.func(*self.args, **self.kwargs)
             ^^^^^^^^^^^^^^^^^^^^^^^^^^^^^^^^^^^^
  File "/Users/user/Documents/resturantOS/frappe-bench/apps/frappe/frappe/utils/background_jobs.py", line 243, in execute_job
    frappe.init(site, force=True)
  File "/Users/user/Documents/resturantOS/frappe-bench/apps/frappe/frappe/__init__.py", line 208, in init
    setup_module_map(include_all_apps=not (frappe.request or frappe.job or frappe.flags.in_migrate))
  File "/Users/user/Documents/resturantOS/frappe-bench/apps/frappe/frappe/__init__.py", line 1040, in setup_module_map
    for module in get_module_list(app):
                  ^^^^^^^^^^^^^^^^^^^^
  File "/Users/user/Documents/resturantOS/frappe-bench/apps/frappe/frappe/__init__.py", line 881, in get_module_list
    return get_file_items(get_app_path(app_name, "modules.txt"))
                          ^^^^^^^^^^^^^^^^^^^^^^^^^^^^^^^^^^^^^
  File "/Users/user/Documents/resturantOS/frappe-bench/apps/frappe/frappe/__init__.py", line 846, in get_app_path
    return get_pymodule_path(app_name, *joins)
           ^^^^^^^^^^^^^^^^^^^^^^^^^^^^^^^^^^^
  File "/Users/user/Documents/resturantOS/frappe-bench/apps/frappe/frappe/__init__.py", line 876, in get_pymodule_path
    return abspath(join(dirname(get_module(scrub(modulename)).__file__ or ""), *joins))
                                ^^^^^^^^^^^^^^^^^^^^^^^^^^^^^
  File "/Users/user/Documents/resturantOS/frappe-bench/apps/frappe/frappe/__init__.py", line 817, in get_module
    return importlib.import_module(modulename)
           ^^^^^^^^^^^^^^^^^^^^^^^^^^^^^^^^^^^
  File "/usr/local/Cellar/python@3.12/3.12.11_1/Frameworks/Python.framework/Versions/3.12/lib/python3.12/importlib/__init__.py", line 90, in import_module
    return _bootstrap._gcd_import(name[level:], package, level)
           ^^^^^^^^^^^^^^^^^^^^^^^^^^^^^^^^^^^^^^^^^^^^^^^^^^^^
  File "<frozen importlib._bootstrap>", line 1387, in _gcd_import
  File "<frozen importlib._bootstrap>", line 1360, in _find_and_load
  File "<frozen importlib._bootstrap>", line 1324, in _find_and_load_unlocked
ModuleNotFoundError: No module named 'hrms'

/Users/user/Documents/resturantOS/frappe-bench/env/lib/python3.12/site-packages/rq/worker.py:1302: DeprecationWarning: This process (pid=21814) is multi-threaded, use of fork() may lead to deadlocks in the child.
  child_pid = os.fork()
2025-09-28 00:59:05,307 [Job hrms.local||295cf8de-76c2-4a1d-8feb-7d1beb516bf0]: exception raised while executing (frappe.utils.background_jobs.execute_job)
Traceback (most recent call last):
  File "/Users/user/Documents/resturantOS/frappe-bench/env/lib/python3.12/site-packages/rq/worker.py", line 1643, in perform_job
    return_value = job.perform()
                   ^^^^^^^^^^^^^
  File "/Users/user/Documents/resturantOS/frappe-bench/env/lib/python3.12/site-packages/rq/job.py", line 1359, in perform
    self._result = self._execute()
                   ^^^^^^^^^^^^^^^
  File "/Users/user/Documents/resturantOS/frappe-bench/env/lib/python3.12/site-packages/rq/job.py", line 1393, in _execute
    result = self.func(*self.args, **self.kwargs)
             ^^^^^^^^^^^^^^^^^^^^^^^^^^^^^^^^^^^^
  File "/Users/user/Documents/resturantOS/frappe-bench/apps/frappe/frappe/utils/background_jobs.py", line 243, in execute_job
    frappe.init(site, force=True)
  File "/Users/user/Documents/resturantOS/frappe-bench/apps/frappe/frappe/__init__.py", line 208, in init
    setup_module_map(include_all_apps=not (frappe.request or frappe.job or frappe.flags.in_migrate))
  File "/Users/user/Documents/resturantOS/frappe-bench/apps/frappe/frappe/__init__.py", line 1040, in setup_module_map
    for module in get_module_list(app):
                  ^^^^^^^^^^^^^^^^^^^^
  File "/Users/user/Documents/resturantOS/frappe-bench/apps/frappe/frappe/__init__.py", line 881, in get_module_list
    return get_file_items(get_app_path(app_name, "modules.txt"))
                          ^^^^^^^^^^^^^^^^^^^^^^^^^^^^^^^^^^^^^
  File "/Users/user/Documents/resturantOS/frappe-bench/apps/frappe/frappe/__init__.py", line 846, in get_app_path
    return get_pymodule_path(app_name, *joins)
           ^^^^^^^^^^^^^^^^^^^^^^^^^^^^^^^^^^^
  File "/Users/user/Documents/resturantOS/frappe-bench/apps/frappe/frappe/__init__.py", line 876, in get_pymodule_path
    return abspath(join(dirname(get_module(scrub(modulename)).__file__ or ""), *joins))
                                ^^^^^^^^^^^^^^^^^^^^^^^^^^^^^
  File "/Users/user/Documents/resturantOS/frappe-bench/apps/frappe/frappe/__init__.py", line 817, in get_module
    return importlib.import_module(modulename)
           ^^^^^^^^^^^^^^^^^^^^^^^^^^^^^^^^^^^
  File "/usr/local/Cellar/python@3.12/3.12.11_1/Frameworks/Python.framework/Versions/3.12/lib/python3.12/importlib/__init__.py", line 90, in import_module
    return _bootstrap._gcd_import(name[level:], package, level)
           ^^^^^^^^^^^^^^^^^^^^^^^^^^^^^^^^^^^^^^^^^^^^^^^^^^^^
  File "<frozen importlib._bootstrap>", line 1387, in _gcd_import
  File "<frozen importlib._bootstrap>", line 1360, in _find_and_load
  File "<frozen importlib._bootstrap>", line 1324, in _find_and_load_unlocked
ModuleNotFoundError: No module named 'hrms'

/Users/user/Documents/resturantOS/frappe-bench/env/lib/python3.12/site-packages/rq/worker.py:1302: DeprecationWarning: This process (pid=21814) is multi-threaded, use of fork() may lead to deadlocks in the child.
  child_pid = os.fork()
2025-09-28 00:59:05,351 [Job hrms.local||d7fe05cc-7cd4-4b58-940d-0696261b610d]: exception raised while executing (frappe.utils.background_jobs.execute_job)
Traceback (most recent call last):
  File "/Users/user/Documents/resturantOS/frappe-bench/env/lib/python3.12/site-packages/rq/worker.py", line 1643, in perform_job
    return_value = job.perform()
                   ^^^^^^^^^^^^^
  File "/Users/user/Documents/resturantOS/frappe-bench/env/lib/python3.12/site-packages/rq/job.py", line 1359, in perform
    self._result = self._execute()
                   ^^^^^^^^^^^^^^^
  File "/Users/user/Documents/resturantOS/frappe-bench/env/lib/python3.12/site-packages/rq/job.py", line 1393, in _execute
    result = self.func(*self.args, **self.kwargs)
             ^^^^^^^^^^^^^^^^^^^^^^^^^^^^^^^^^^^^
  File "/Users/user/Documents/resturantOS/frappe-bench/apps/frappe/frappe/utils/background_jobs.py", line 243, in execute_job
    frappe.init(site, force=True)
  File "/Users/user/Documents/resturantOS/frappe-bench/apps/frappe/frappe/__init__.py", line 208, in init
    setup_module_map(include_all_apps=not (frappe.request or frappe.job or frappe.flags.in_migrate))
  File "/Users/user/Documents/resturantOS/frappe-bench/apps/frappe/frappe/__init__.py", line 1040, in setup_module_map
    for module in get_module_list(app):
                  ^^^^^^^^^^^^^^^^^^^^
  File "/Users/user/Documents/resturantOS/frappe-bench/apps/frappe/frappe/__init__.py", line 881, in get_module_list
    return get_file_items(get_app_path(app_name, "modules.txt"))
                          ^^^^^^^^^^^^^^^^^^^^^^^^^^^^^^^^^^^^^
  File "/Users/user/Documents/resturantOS/frappe-bench/apps/frappe/frappe/__init__.py", line 846, in get_app_path
    return get_pymodule_path(app_name, *joins)
           ^^^^^^^^^^^^^^^^^^^^^^^^^^^^^^^^^^^
  File "/Users/user/Documents/resturantOS/frappe-bench/apps/frappe/frappe/__init__.py", line 876, in get_pymodule_path
    return abspath(join(dirname(get_module(scrub(modulename)).__file__ or ""), *joins))
                                ^^^^^^^^^^^^^^^^^^^^^^^^^^^^^
  File "/Users/user/Documents/resturantOS/frappe-bench/apps/frappe/frappe/__init__.py", line 817, in get_module
    return importlib.import_module(modulename)
           ^^^^^^^^^^^^^^^^^^^^^^^^^^^^^^^^^^^
  File "/usr/local/Cellar/python@3.12/3.12.11_1/Frameworks/Python.framework/Versions/3.12/lib/python3.12/importlib/__init__.py", line 90, in import_module
    return _bootstrap._gcd_import(name[level:], package, level)
           ^^^^^^^^^^^^^^^^^^^^^^^^^^^^^^^^^^^^^^^^^^^^^^^^^^^^
  File "<frozen importlib._bootstrap>", line 1387, in _gcd_import
  File "<frozen importlib._bootstrap>", line 1360, in _find_and_load
  File "<frozen importlib._bootstrap>", line 1324, in _find_and_load_unlocked
ModuleNotFoundError: No module named 'hrms'

/Users/user/Documents/resturantOS/frappe-bench/env/lib/python3.12/site-packages/rq/worker.py:1302: DeprecationWarning: This process (pid=21814) is multi-threaded, use of fork() may lead to deadlocks in the child.
  child_pid = os.fork()
2025-09-28 00:59:05,388 [Job hrms.local||a96b1931-dabd-4d06-a726-22f87ca97fe3]: exception raised while executing (frappe.utils.background_jobs.execute_job)
Traceback (most recent call last):
  File "/Users/user/Documents/resturantOS/frappe-bench/env/lib/python3.12/site-packages/rq/worker.py", line 1643, in perform_job
    return_value = job.perform()
                   ^^^^^^^^^^^^^
  File "/Users/user/Documents/resturantOS/frappe-bench/env/lib/python3.12/site-packages/rq/job.py", line 1359, in perform
    self._result = self._execute()
                   ^^^^^^^^^^^^^^^
  File "/Users/user/Documents/resturantOS/frappe-bench/env/lib/python3.12/site-packages/rq/job.py", line 1393, in _execute
    result = self.func(*self.args, **self.kwargs)
             ^^^^^^^^^^^^^^^^^^^^^^^^^^^^^^^^^^^^
  File "/Users/user/Documents/resturantOS/frappe-bench/apps/frappe/frappe/utils/background_jobs.py", line 243, in execute_job
    frappe.init(site, force=True)
  File "/Users/user/Documents/resturantOS/frappe-bench/apps/frappe/frappe/__init__.py", line 208, in init
    setup_module_map(include_all_apps=not (frappe.request or frappe.job or frappe.flags.in_migrate))
  File "/Users/user/Documents/resturantOS/frappe-bench/apps/frappe/frappe/__init__.py", line 1040, in setup_module_map
    for module in get_module_list(app):
                  ^^^^^^^^^^^^^^^^^^^^
  File "/Users/user/Documents/resturantOS/frappe-bench/apps/frappe/frappe/__init__.py", line 881, in get_module_list
    return get_file_items(get_app_path(app_name, "modules.txt"))
                          ^^^^^^^^^^^^^^^^^^^^^^^^^^^^^^^^^^^^^
  File "/Users/user/Documents/resturantOS/frappe-bench/apps/frappe/frappe/__init__.py", line 846, in get_app_path
    return get_pymodule_path(app_name, *joins)
           ^^^^^^^^^^^^^^^^^^^^^^^^^^^^^^^^^^^
  File "/Users/user/Documents/resturantOS/frappe-bench/apps/frappe/frappe/__init__.py", line 876, in get_pymodule_path
    return abspath(join(dirname(get_module(scrub(modulename)).__file__ or ""), *joins))
                                ^^^^^^^^^^^^^^^^^^^^^^^^^^^^^
  File "/Users/user/Documents/resturantOS/frappe-bench/apps/frappe/frappe/__init__.py", line 817, in get_module
    return importlib.import_module(modulename)
           ^^^^^^^^^^^^^^^^^^^^^^^^^^^^^^^^^^^
  File "/usr/local/Cellar/python@3.12/3.12.11_1/Frameworks/Python.framework/Versions/3.12/lib/python3.12/importlib/__init__.py", line 90, in import_module
    return _bootstrap._gcd_import(name[level:], package, level)
           ^^^^^^^^^^^^^^^^^^^^^^^^^^^^^^^^^^^^^^^^^^^^^^^^^^^^
  File "<frozen importlib._bootstrap>", line 1387, in _gcd_import
  File "<frozen importlib._bootstrap>", line 1360, in _find_and_load
  File "<frozen importlib._bootstrap>", line 1324, in _find_and_load_unlocked
ModuleNotFoundError: No module named 'hrms'

/Users/user/Documents/resturantOS/frappe-bench/env/lib/python3.12/site-packages/rq/worker.py:1302: DeprecationWarning: This process (pid=21814) is multi-threaded, use of fork() may lead to deadlocks in the child.
  child_pid = os.fork()
2025-09-28 00:59:05,423 [Job hrms.local||0a53d989-e0cd-4ea3-a001-2283f307483e]: exception raised while executing (frappe.utils.background_jobs.execute_job)
Traceback (most recent call last):
  File "/Users/user/Documents/resturantOS/frappe-bench/env/lib/python3.12/site-packages/rq/worker.py", line 1643, in perform_job
    return_value = job.perform()
                   ^^^^^^^^^^^^^
  File "/Users/user/Documents/resturantOS/frappe-bench/env/lib/python3.12/site-packages/rq/job.py", line 1359, in perform
    self._result = self._execute()
                   ^^^^^^^^^^^^^^^
  File "/Users/user/Documents/resturantOS/frappe-bench/env/lib/python3.12/site-packages/rq/job.py", line 1393, in _execute
    result = self.func(*self.args, **self.kwargs)
             ^^^^^^^^^^^^^^^^^^^^^^^^^^^^^^^^^^^^
  File "/Users/user/Documents/resturantOS/frappe-bench/apps/frappe/frappe/utils/background_jobs.py", line 243, in execute_job
    frappe.init(site, force=True)
  File "/Users/user/Documents/resturantOS/frappe-bench/apps/frappe/frappe/__init__.py", line 208, in init
    setup_module_map(include_all_apps=not (frappe.request or frappe.job or frappe.flags.in_migrate))
  File "/Users/user/Documents/resturantOS/frappe-bench/apps/frappe/frappe/__init__.py", line 1040, in setup_module_map
    for module in get_module_list(app):
                  ^^^^^^^^^^^^^^^^^^^^
  File "/Users/user/Documents/resturantOS/frappe-bench/apps/frappe/frappe/__init__.py", line 881, in get_module_list
    return get_file_items(get_app_path(app_name, "modules.txt"))
                          ^^^^^^^^^^^^^^^^^^^^^^^^^^^^^^^^^^^^^
  File "/Users/user/Documents/resturantOS/frappe-bench/apps/frappe/frappe/__init__.py", line 846, in get_app_path
    return get_pymodule_path(app_name, *joins)
           ^^^^^^^^^^^^^^^^^^^^^^^^^^^^^^^^^^^
  File "/Users/user/Documents/resturantOS/frappe-bench/apps/frappe/frappe/__init__.py", line 876, in get_pymodule_path
    return abspath(join(dirname(get_module(scrub(modulename)).__file__ or ""), *joins))
                                ^^^^^^^^^^^^^^^^^^^^^^^^^^^^^
  File "/Users/user/Documents/resturantOS/frappe-bench/apps/frappe/frappe/__init__.py", line 817, in get_module
    return importlib.import_module(modulename)
           ^^^^^^^^^^^^^^^^^^^^^^^^^^^^^^^^^^^
  File "/usr/local/Cellar/python@3.12/3.12.11_1/Frameworks/Python.framework/Versions/3.12/lib/python3.12/importlib/__init__.py", line 90, in import_module
    return _bootstrap._gcd_import(name[level:], package, level)
           ^^^^^^^^^^^^^^^^^^^^^^^^^^^^^^^^^^^^^^^^^^^^^^^^^^^^
  File "<frozen importlib._bootstrap>", line 1387, in _gcd_import
  File "<frozen importlib._bootstrap>", line 1360, in _find_and_load
  File "<frozen importlib._bootstrap>", line 1324, in _find_and_load_unlocked
ModuleNotFoundError: No module named 'hrms'

2025-09-28 01:00:01,172 Could not connect to Redis instance: Error 61 connecting to 127.0.0.1:11000. Connection refused. Retrying in 2 seconds...
/Users/user/Documents/resturantOS/frappe-bench/env/lib/python3.12/site-packages/rq/worker.py:1302: DeprecationWarning: This process (pid=27389) is multi-threaded, use of fork() may lead to deadlocks in the child.
  child_pid = os.fork()
/Users/user/Documents/resturantOS/frappe-bench/env/lib/python3.12/site-packages/passlib/utils/__init__.py:854: DeprecationWarning: 'crypt' is deprecated and slated for removal in Python 3.13
  from crypt import crypt as _crypt
2025-09-28 01:08:44,807 [Job hrms.localhost||e3ac1fc8-3233-420e-8337-d1bc58b69fb1]: exception raised while executing (frappe.utils.background_jobs.execute_job)
Traceback (most recent call last):
  File "/Users/user/Documents/resturantOS/frappe-bench/env/lib/python3.12/site-packages/rq/worker.py", line 1643, in perform_job
    return_value = job.perform()
                   ^^^^^^^^^^^^^
  File "/Users/user/Documents/resturantOS/frappe-bench/env/lib/python3.12/site-packages/rq/job.py", line 1359, in perform
    self._result = self._execute()
                   ^^^^^^^^^^^^^^^
  File "/Users/user/Documents/resturantOS/frappe-bench/env/lib/python3.12/site-packages/rq/job.py", line 1393, in _execute
    result = self.func(*self.args, **self.kwargs)
             ^^^^^^^^^^^^^^^^^^^^^^^^^^^^^^^^^^^^
  File "/Users/user/Documents/resturantOS/frappe-bench/apps/frappe/frappe/utils/background_jobs.py", line 243, in execute_job
    frappe.init(site, force=True)
  File "/Users/user/Documents/resturantOS/frappe-bench/apps/frappe/frappe/__init__.py", line 208, in init
    setup_module_map(include_all_apps=not (frappe.request or frappe.job or frappe.flags.in_migrate))
  File "/Users/user/Documents/resturantOS/frappe-bench/apps/frappe/frappe/__init__.py", line 1040, in setup_module_map
    for module in get_module_list(app):
                  ^^^^^^^^^^^^^^^^^^^^
  File "/Users/user/Documents/resturantOS/frappe-bench/apps/frappe/frappe/__init__.py", line 881, in get_module_list
    return get_file_items(get_app_path(app_name, "modules.txt"))
                          ^^^^^^^^^^^^^^^^^^^^^^^^^^^^^^^^^^^^^
  File "/Users/user/Documents/resturantOS/frappe-bench/apps/frappe/frappe/__init__.py", line 846, in get_app_path
    return get_pymodule_path(app_name, *joins)
           ^^^^^^^^^^^^^^^^^^^^^^^^^^^^^^^^^^^
  File "/Users/user/Documents/resturantOS/frappe-bench/apps/frappe/frappe/__init__.py", line 876, in get_pymodule_path
    return abspath(join(dirname(get_module(scrub(modulename)).__file__ or ""), *joins))
                                ^^^^^^^^^^^^^^^^^^^^^^^^^^^^^
  File "/Users/user/Documents/resturantOS/frappe-bench/apps/frappe/frappe/__init__.py", line 817, in get_module
    return importlib.import_module(modulename)
           ^^^^^^^^^^^^^^^^^^^^^^^^^^^^^^^^^^^
  File "/usr/local/Cellar/python@3.12/3.12.11_1/Frameworks/Python.framework/Versions/3.12/lib/python3.12/importlib/__init__.py", line 90, in import_module
    return _bootstrap._gcd_import(name[level:], package, level)
           ^^^^^^^^^^^^^^^^^^^^^^^^^^^^^^^^^^^^^^^^^^^^^^^^^^^^
  File "<frozen importlib._bootstrap>", line 1387, in _gcd_import
  File "<frozen importlib._bootstrap>", line 1360, in _find_and_load
  File "<frozen importlib._bootstrap>", line 1324, in _find_and_load_unlocked
ModuleNotFoundError: No module named 'education'

/Users/user/Documents/resturantOS/frappe-bench/env/lib/python3.12/site-packages/rq/worker.py:1302: DeprecationWarning: This process (pid=27389) is multi-threaded, use of fork() may lead to deadlocks in the child.
  child_pid = os.fork()
2025-09-28 01:08:44,846 [Job hrms.localhost||0b0ed9b5-b8d3-4f95-8389-7ce0a7e7ed90]: exception raised while executing (frappe.utils.background_jobs.execute_job)
Traceback (most recent call last):
  File "/Users/user/Documents/resturantOS/frappe-bench/env/lib/python3.12/site-packages/rq/worker.py", line 1643, in perform_job
    return_value = job.perform()
                   ^^^^^^^^^^^^^
  File "/Users/user/Documents/resturantOS/frappe-bench/env/lib/python3.12/site-packages/rq/job.py", line 1359, in perform
    self._result = self._execute()
                   ^^^^^^^^^^^^^^^
  File "/Users/user/Documents/resturantOS/frappe-bench/env/lib/python3.12/site-packages/rq/job.py", line 1393, in _execute
    result = self.func(*self.args, **self.kwargs)
             ^^^^^^^^^^^^^^^^^^^^^^^^^^^^^^^^^^^^
  File "/Users/user/Documents/resturantOS/frappe-bench/apps/frappe/frappe/utils/background_jobs.py", line 243, in execute_job
    frappe.init(site, force=True)
  File "/Users/user/Documents/resturantOS/frappe-bench/apps/frappe/frappe/__init__.py", line 208, in init
    setup_module_map(include_all_apps=not (frappe.request or frappe.job or frappe.flags.in_migrate))
  File "/Users/user/Documents/resturantOS/frappe-bench/apps/frappe/frappe/__init__.py", line 1040, in setup_module_map
    for module in get_module_list(app):
                  ^^^^^^^^^^^^^^^^^^^^
  File "/Users/user/Documents/resturantOS/frappe-bench/apps/frappe/frappe/__init__.py", line 881, in get_module_list
    return get_file_items(get_app_path(app_name, "modules.txt"))
                          ^^^^^^^^^^^^^^^^^^^^^^^^^^^^^^^^^^^^^
  File "/Users/user/Documents/resturantOS/frappe-bench/apps/frappe/frappe/__init__.py", line 846, in get_app_path
    return get_pymodule_path(app_name, *joins)
           ^^^^^^^^^^^^^^^^^^^^^^^^^^^^^^^^^^^
  File "/Users/user/Documents/resturantOS/frappe-bench/apps/frappe/frappe/__init__.py", line 876, in get_pymodule_path
    return abspath(join(dirname(get_module(scrub(modulename)).__file__ or ""), *joins))
                                ^^^^^^^^^^^^^^^^^^^^^^^^^^^^^
  File "/Users/user/Documents/resturantOS/frappe-bench/apps/frappe/frappe/__init__.py", line 817, in get_module
    return importlib.import_module(modulename)
           ^^^^^^^^^^^^^^^^^^^^^^^^^^^^^^^^^^^
  File "/usr/local/Cellar/python@3.12/3.12.11_1/Frameworks/Python.framework/Versions/3.12/lib/python3.12/importlib/__init__.py", line 90, in import_module
    return _bootstrap._gcd_import(name[level:], package, level)
           ^^^^^^^^^^^^^^^^^^^^^^^^^^^^^^^^^^^^^^^^^^^^^^^^^^^^
  File "<frozen importlib._bootstrap>", line 1387, in _gcd_import
  File "<frozen importlib._bootstrap>", line 1360, in _find_and_load
  File "<frozen importlib._bootstrap>", line 1324, in _find_and_load_unlocked
ModuleNotFoundError: No module named 'education'

/Users/user/Documents/resturantOS/frappe-bench/env/lib/python3.12/site-packages/rq/worker.py:1302: DeprecationWarning: This process (pid=27389) is multi-threaded, use of fork() may lead to deadlocks in the child.
  child_pid = os.fork()
2025-09-28 01:11:03,434 [Job hrms.localhost||c9d8aa5c-64df-4045-af82-fb1e59a7707f]: exception raised while executing (frappe.utils.background_jobs.execute_job)
Traceback (most recent call last):
  File "/Users/user/Documents/resturantOS/frappe-bench/env/lib/python3.12/site-packages/rq/worker.py", line 1643, in perform_job
    return_value = job.perform()
                   ^^^^^^^^^^^^^
  File "/Users/user/Documents/resturantOS/frappe-bench/env/lib/python3.12/site-packages/rq/job.py", line 1359, in perform
    self._result = self._execute()
                   ^^^^^^^^^^^^^^^
  File "/Users/user/Documents/resturantOS/frappe-bench/env/lib/python3.12/site-packages/rq/job.py", line 1393, in _execute
    result = self.func(*self.args, **self.kwargs)
             ^^^^^^^^^^^^^^^^^^^^^^^^^^^^^^^^^^^^
  File "/Users/user/Documents/resturantOS/frappe-bench/apps/frappe/frappe/utils/background_jobs.py", line 243, in execute_job
    frappe.init(site, force=True)
  File "/Users/user/Documents/resturantOS/frappe-bench/apps/frappe/frappe/__init__.py", line 208, in init
    setup_module_map(include_all_apps=not (frappe.request or frappe.job or frappe.flags.in_migrate))
  File "/Users/user/Documents/resturantOS/frappe-bench/apps/frappe/frappe/__init__.py", line 1040, in setup_module_map
    for module in get_module_list(app):
                  ^^^^^^^^^^^^^^^^^^^^
  File "/Users/user/Documents/resturantOS/frappe-bench/apps/frappe/frappe/__init__.py", line 881, in get_module_list
    return get_file_items(get_app_path(app_name, "modules.txt"))
                          ^^^^^^^^^^^^^^^^^^^^^^^^^^^^^^^^^^^^^
  File "/Users/user/Documents/resturantOS/frappe-bench/apps/frappe/frappe/__init__.py", line 846, in get_app_path
    return get_pymodule_path(app_name, *joins)
           ^^^^^^^^^^^^^^^^^^^^^^^^^^^^^^^^^^^
  File "/Users/user/Documents/resturantOS/frappe-bench/apps/frappe/frappe/__init__.py", line 876, in get_pymodule_path
    return abspath(join(dirname(get_module(scrub(modulename)).__file__ or ""), *joins))
                                ^^^^^^^^^^^^^^^^^^^^^^^^^^^^^
  File "/Users/user/Documents/resturantOS/frappe-bench/apps/frappe/frappe/__init__.py", line 817, in get_module
    return importlib.import_module(modulename)
           ^^^^^^^^^^^^^^^^^^^^^^^^^^^^^^^^^^^
  File "/usr/local/Cellar/python@3.12/3.12.11_1/Frameworks/Python.framework/Versions/3.12/lib/python3.12/importlib/__init__.py", line 90, in import_module
    return _bootstrap._gcd_import(name[level:], package, level)
           ^^^^^^^^^^^^^^^^^^^^^^^^^^^^^^^^^^^^^^^^^^^^^^^^^^^^
  File "<frozen importlib._bootstrap>", line 1387, in _gcd_import
  File "<frozen importlib._bootstrap>", line 1360, in _find_and_load
  File "<frozen importlib._bootstrap>", line 1324, in _find_and_load_unlocked
ModuleNotFoundError: No module named 'education'

/Users/user/Documents/resturantOS/frappe-bench/env/lib/python3.12/site-packages/rq/worker.py:1302: DeprecationWarning: This process (pid=27389) is multi-threaded, use of fork() may lead to deadlocks in the child.
  child_pid = os.fork()
2025-09-28 01:11:03,467 [Job hrms.localhost||063a7d1f-2de0-412c-a334-8a349eafce67]: exception raised while executing (frappe.utils.background_jobs.execute_job)
Traceback (most recent call last):
  File "/Users/user/Documents/resturantOS/frappe-bench/env/lib/python3.12/site-packages/rq/worker.py", line 1643, in perform_job
    return_value = job.perform()
                   ^^^^^^^^^^^^^
  File "/Users/user/Documents/resturantOS/frappe-bench/env/lib/python3.12/site-packages/rq/job.py", line 1359, in perform
    self._result = self._execute()
                   ^^^^^^^^^^^^^^^
  File "/Users/user/Documents/resturantOS/frappe-bench/env/lib/python3.12/site-packages/rq/job.py", line 1393, in _execute
    result = self.func(*self.args, **self.kwargs)
             ^^^^^^^^^^^^^^^^^^^^^^^^^^^^^^^^^^^^
  File "/Users/user/Documents/resturantOS/frappe-bench/apps/frappe/frappe/utils/background_jobs.py", line 243, in execute_job
    frappe.init(site, force=True)
  File "/Users/user/Documents/resturantOS/frappe-bench/apps/frappe/frappe/__init__.py", line 208, in init
    setup_module_map(include_all_apps=not (frappe.request or frappe.job or frappe.flags.in_migrate))
  File "/Users/user/Documents/resturantOS/frappe-bench/apps/frappe/frappe/__init__.py", line 1040, in setup_module_map
    for module in get_module_list(app):
                  ^^^^^^^^^^^^^^^^^^^^
  File "/Users/user/Documents/resturantOS/frappe-bench/apps/frappe/frappe/__init__.py", line 881, in get_module_list
    return get_file_items(get_app_path(app_name, "modules.txt"))
                          ^^^^^^^^^^^^^^^^^^^^^^^^^^^^^^^^^^^^^
  File "/Users/user/Documents/resturantOS/frappe-bench/apps/frappe/frappe/__init__.py", line 846, in get_app_path
    return get_pymodule_path(app_name, *joins)
           ^^^^^^^^^^^^^^^^^^^^^^^^^^^^^^^^^^^
  File "/Users/user/Documents/resturantOS/frappe-bench/apps/frappe/frappe/__init__.py", line 876, in get_pymodule_path
    return abspath(join(dirname(get_module(scrub(modulename)).__file__ or ""), *joins))
                                ^^^^^^^^^^^^^^^^^^^^^^^^^^^^^
  File "/Users/user/Documents/resturantOS/frappe-bench/apps/frappe/frappe/__init__.py", line 817, in get_module
    return importlib.import_module(modulename)
           ^^^^^^^^^^^^^^^^^^^^^^^^^^^^^^^^^^^
  File "/usr/local/Cellar/python@3.12/3.12.11_1/Frameworks/Python.framework/Versions/3.12/lib/python3.12/importlib/__init__.py", line 90, in import_module
    return _bootstrap._gcd_import(name[level:], package, level)
           ^^^^^^^^^^^^^^^^^^^^^^^^^^^^^^^^^^^^^^^^^^^^^^^^^^^^
  File "<frozen importlib._bootstrap>", line 1387, in _gcd_import
  File "<frozen importlib._bootstrap>", line 1360, in _find_and_load
  File "<frozen importlib._bootstrap>", line 1324, in _find_and_load_unlocked
ModuleNotFoundError: No module named 'education'

/Users/user/Documents/resturantOS/frappe-bench/env/lib/python3.12/site-packages/rq/worker.py:1302: DeprecationWarning: This process (pid=27389) is multi-threaded, use of fork() may lead to deadlocks in the child.
  child_pid = os.fork()
2025-09-28 01:11:03,499 [Job hrms.localhost||b855eb6e-9843-4aa8-904a-4a0fa26d1e73]: exception raised while executing (frappe.utils.background_jobs.execute_job)
Traceback (most recent call last):
  File "/Users/user/Documents/resturantOS/frappe-bench/env/lib/python3.12/site-packages/rq/worker.py", line 1643, in perform_job
    return_value = job.perform()
                   ^^^^^^^^^^^^^
  File "/Users/user/Documents/resturantOS/frappe-bench/env/lib/python3.12/site-packages/rq/job.py", line 1359, in perform
    self._result = self._execute()
                   ^^^^^^^^^^^^^^^
  File "/Users/user/Documents/resturantOS/frappe-bench/env/lib/python3.12/site-packages/rq/job.py", line 1393, in _execute
    result = self.func(*self.args, **self.kwargs)
             ^^^^^^^^^^^^^^^^^^^^^^^^^^^^^^^^^^^^
  File "/Users/user/Documents/resturantOS/frappe-bench/apps/frappe/frappe/utils/background_jobs.py", line 243, in execute_job
    frappe.init(site, force=True)
  File "/Users/user/Documents/resturantOS/frappe-bench/apps/frappe/frappe/__init__.py", line 208, in init
    setup_module_map(include_all_apps=not (frappe.request or frappe.job or frappe.flags.in_migrate))
  File "/Users/user/Documents/resturantOS/frappe-bench/apps/frappe/frappe/__init__.py", line 1040, in setup_module_map
    for module in get_module_list(app):
                  ^^^^^^^^^^^^^^^^^^^^
  File "/Users/user/Documents/resturantOS/frappe-bench/apps/frappe/frappe/__init__.py", line 881, in get_module_list
    return get_file_items(get_app_path(app_name, "modules.txt"))
                          ^^^^^^^^^^^^^^^^^^^^^^^^^^^^^^^^^^^^^
  File "/Users/user/Documents/resturantOS/frappe-bench/apps/frappe/frappe/__init__.py", line 846, in get_app_path
    return get_pymodule_path(app_name, *joins)
           ^^^^^^^^^^^^^^^^^^^^^^^^^^^^^^^^^^^
  File "/Users/user/Documents/resturantOS/frappe-bench/apps/frappe/frappe/__init__.py", line 876, in get_pymodule_path
    return abspath(join(dirname(get_module(scrub(modulename)).__file__ or ""), *joins))
                                ^^^^^^^^^^^^^^^^^^^^^^^^^^^^^
  File "/Users/user/Documents/resturantOS/frappe-bench/apps/frappe/frappe/__init__.py", line 817, in get_module
    return importlib.import_module(modulename)
           ^^^^^^^^^^^^^^^^^^^^^^^^^^^^^^^^^^^
  File "/usr/local/Cellar/python@3.12/3.12.11_1/Frameworks/Python.framework/Versions/3.12/lib/python3.12/importlib/__init__.py", line 90, in import_module
    return _bootstrap._gcd_import(name[level:], package, level)
           ^^^^^^^^^^^^^^^^^^^^^^^^^^^^^^^^^^^^^^^^^^^^^^^^^^^^
  File "<frozen importlib._bootstrap>", line 1387, in _gcd_import
  File "<frozen importlib._bootstrap>", line 1360, in _find_and_load
  File "<frozen importlib._bootstrap>", line 1324, in _find_and_load_unlocked
ModuleNotFoundError: No module named 'education'

/Users/user/Documents/resturantOS/frappe-bench/env/lib/python3.12/site-packages/rq/worker.py:1302: DeprecationWarning: This process (pid=27389) is multi-threaded, use of fork() may lead to deadlocks in the child.
  child_pid = os.fork()
2025-09-28 01:11:03,531 [Job hrms.localhost||f4171f93-43be-4e7c-a8a1-fb14897b65e5]: exception raised while executing (frappe.utils.background_jobs.execute_job)
Traceback (most recent call last):
  File "/Users/user/Documents/resturantOS/frappe-bench/env/lib/python3.12/site-packages/rq/worker.py", line 1643, in perform_job
    return_value = job.perform()
                   ^^^^^^^^^^^^^
  File "/Users/user/Documents/resturantOS/frappe-bench/env/lib/python3.12/site-packages/rq/job.py", line 1359, in perform
    self._result = self._execute()
                   ^^^^^^^^^^^^^^^
  File "/Users/user/Documents/resturantOS/frappe-bench/env/lib/python3.12/site-packages/rq/job.py", line 1393, in _execute
    result = self.func(*self.args, **self.kwargs)
             ^^^^^^^^^^^^^^^^^^^^^^^^^^^^^^^^^^^^
  File "/Users/user/Documents/resturantOS/frappe-bench/apps/frappe/frappe/utils/background_jobs.py", line 243, in execute_job
    frappe.init(site, force=True)
  File "/Users/user/Documents/resturantOS/frappe-bench/apps/frappe/frappe/__init__.py", line 208, in init
    setup_module_map(include_all_apps=not (frappe.request or frappe.job or frappe.flags.in_migrate))
  File "/Users/user/Documents/resturantOS/frappe-bench/apps/frappe/frappe/__init__.py", line 1040, in setup_module_map
    for module in get_module_list(app):
                  ^^^^^^^^^^^^^^^^^^^^
  File "/Users/user/Documents/resturantOS/frappe-bench/apps/frappe/frappe/__init__.py", line 881, in get_module_list
    return get_file_items(get_app_path(app_name, "modules.txt"))
                          ^^^^^^^^^^^^^^^^^^^^^^^^^^^^^^^^^^^^^
  File "/Users/user/Documents/resturantOS/frappe-bench/apps/frappe/frappe/__init__.py", line 846, in get_app_path
    return get_pymodule_path(app_name, *joins)
           ^^^^^^^^^^^^^^^^^^^^^^^^^^^^^^^^^^^
  File "/Users/user/Documents/resturantOS/frappe-bench/apps/frappe/frappe/__init__.py", line 876, in get_pymodule_path
    return abspath(join(dirname(get_module(scrub(modulename)).__file__ or ""), *joins))
                                ^^^^^^^^^^^^^^^^^^^^^^^^^^^^^
  File "/Users/user/Documents/resturantOS/frappe-bench/apps/frappe/frappe/__init__.py", line 817, in get_module
    return importlib.import_module(modulename)
           ^^^^^^^^^^^^^^^^^^^^^^^^^^^^^^^^^^^
  File "/usr/local/Cellar/python@3.12/3.12.11_1/Frameworks/Python.framework/Versions/3.12/lib/python3.12/importlib/__init__.py", line 90, in import_module
    return _bootstrap._gcd_import(name[level:], package, level)
           ^^^^^^^^^^^^^^^^^^^^^^^^^^^^^^^^^^^^^^^^^^^^^^^^^^^^
  File "<frozen importlib._bootstrap>", line 1387, in _gcd_import
  File "<frozen importlib._bootstrap>", line 1360, in _find_and_load
  File "<frozen importlib._bootstrap>", line 1324, in _find_and_load_unlocked
ModuleNotFoundError: No module named 'education'

/Users/user/Documents/resturantOS/frappe-bench/env/lib/python3.12/site-packages/rq/worker.py:1302: DeprecationWarning: This process (pid=27389) is multi-threaded, use of fork() may lead to deadlocks in the child.
  child_pid = os.fork()
2025-09-28 01:11:03,565 [Job hrms.localhost||fcbb84ee-fd25-4c84-a675-0c9e14c755cc]: exception raised while executing (frappe.utils.background_jobs.execute_job)
Traceback (most recent call last):
  File "/Users/user/Documents/resturantOS/frappe-bench/env/lib/python3.12/site-packages/rq/worker.py", line 1643, in perform_job
    return_value = job.perform()
                   ^^^^^^^^^^^^^
  File "/Users/user/Documents/resturantOS/frappe-bench/env/lib/python3.12/site-packages/rq/job.py", line 1359, in perform
    self._result = self._execute()
                   ^^^^^^^^^^^^^^^
  File "/Users/user/Documents/resturantOS/frappe-bench/env/lib/python3.12/site-packages/rq/job.py", line 1393, in _execute
    result = self.func(*self.args, **self.kwargs)
             ^^^^^^^^^^^^^^^^^^^^^^^^^^^^^^^^^^^^
  File "/Users/user/Documents/resturantOS/frappe-bench/apps/frappe/frappe/utils/background_jobs.py", line 243, in execute_job
    frappe.init(site, force=True)
  File "/Users/user/Documents/resturantOS/frappe-bench/apps/frappe/frappe/__init__.py", line 208, in init
    setup_module_map(include_all_apps=not (frappe.request or frappe.job or frappe.flags.in_migrate))
  File "/Users/user/Documents/resturantOS/frappe-bench/apps/frappe/frappe/__init__.py", line 1040, in setup_module_map
    for module in get_module_list(app):
                  ^^^^^^^^^^^^^^^^^^^^
  File "/Users/user/Documents/resturantOS/frappe-bench/apps/frappe/frappe/__init__.py", line 881, in get_module_list
    return get_file_items(get_app_path(app_name, "modules.txt"))
                          ^^^^^^^^^^^^^^^^^^^^^^^^^^^^^^^^^^^^^
  File "/Users/user/Documents/resturantOS/frappe-bench/apps/frappe/frappe/__init__.py", line 846, in get_app_path
    return get_pymodule_path(app_name, *joins)
           ^^^^^^^^^^^^^^^^^^^^^^^^^^^^^^^^^^^
  File "/Users/user/Documents/resturantOS/frappe-bench/apps/frappe/frappe/__init__.py", line 876, in get_pymodule_path
    return abspath(join(dirname(get_module(scrub(modulename)).__file__ or ""), *joins))
                                ^^^^^^^^^^^^^^^^^^^^^^^^^^^^^
  File "/Users/user/Documents/resturantOS/frappe-bench/apps/frappe/frappe/__init__.py", line 817, in get_module
    return importlib.import_module(modulename)
           ^^^^^^^^^^^^^^^^^^^^^^^^^^^^^^^^^^^
  File "/usr/local/Cellar/python@3.12/3.12.11_1/Frameworks/Python.framework/Versions/3.12/lib/python3.12/importlib/__init__.py", line 90, in import_module
    return _bootstrap._gcd_import(name[level:], package, level)
           ^^^^^^^^^^^^^^^^^^^^^^^^^^^^^^^^^^^^^^^^^^^^^^^^^^^^
  File "<frozen importlib._bootstrap>", line 1387, in _gcd_import
  File "<frozen importlib._bootstrap>", line 1360, in _find_and_load
  File "<frozen importlib._bootstrap>", line 1324, in _find_and_load_unlocked
ModuleNotFoundError: No module named 'education'

/Users/user/Documents/resturantOS/frappe-bench/env/lib/python3.12/site-packages/rq/worker.py:1302: DeprecationWarning: This process (pid=27389) is multi-threaded, use of fork() may lead to deadlocks in the child.
  child_pid = os.fork()
2025-09-28 01:11:03,597 [Job hrms.localhost||991d25a5-ca3d-4cf4-b446-88c3a0f9bc71]: exception raised while executing (frappe.utils.background_jobs.execute_job)
Traceback (most recent call last):
  File "/Users/user/Documents/resturantOS/frappe-bench/env/lib/python3.12/site-packages/rq/worker.py", line 1643, in perform_job
    return_value = job.perform()
                   ^^^^^^^^^^^^^
  File "/Users/user/Documents/resturantOS/frappe-bench/env/lib/python3.12/site-packages/rq/job.py", line 1359, in perform
    self._result = self._execute()
                   ^^^^^^^^^^^^^^^
  File "/Users/user/Documents/resturantOS/frappe-bench/env/lib/python3.12/site-packages/rq/job.py", line 1393, in _execute
    result = self.func(*self.args, **self.kwargs)
             ^^^^^^^^^^^^^^^^^^^^^^^^^^^^^^^^^^^^
  File "/Users/user/Documents/resturantOS/frappe-bench/apps/frappe/frappe/utils/background_jobs.py", line 243, in execute_job
    frappe.init(site, force=True)
  File "/Users/user/Documents/resturantOS/frappe-bench/apps/frappe/frappe/__init__.py", line 208, in init
    setup_module_map(include_all_apps=not (frappe.request or frappe.job or frappe.flags.in_migrate))
  File "/Users/user/Documents/resturantOS/frappe-bench/apps/frappe/frappe/__init__.py", line 1040, in setup_module_map
    for module in get_module_list(app):
                  ^^^^^^^^^^^^^^^^^^^^
  File "/Users/user/Documents/resturantOS/frappe-bench/apps/frappe/frappe/__init__.py", line 881, in get_module_list
    return get_file_items(get_app_path(app_name, "modules.txt"))
                          ^^^^^^^^^^^^^^^^^^^^^^^^^^^^^^^^^^^^^
  File "/Users/user/Documents/resturantOS/frappe-bench/apps/frappe/frappe/__init__.py", line 846, in get_app_path
    return get_pymodule_path(app_name, *joins)
           ^^^^^^^^^^^^^^^^^^^^^^^^^^^^^^^^^^^
  File "/Users/user/Documents/resturantOS/frappe-bench/apps/frappe/frappe/__init__.py", line 876, in get_pymodule_path
    return abspath(join(dirname(get_module(scrub(modulename)).__file__ or ""), *joins))
                                ^^^^^^^^^^^^^^^^^^^^^^^^^^^^^
  File "/Users/user/Documents/resturantOS/frappe-bench/apps/frappe/frappe/__init__.py", line 817, in get_module
    return importlib.import_module(modulename)
           ^^^^^^^^^^^^^^^^^^^^^^^^^^^^^^^^^^^
  File "/usr/local/Cellar/python@3.12/3.12.11_1/Frameworks/Python.framework/Versions/3.12/lib/python3.12/importlib/__init__.py", line 90, in import_module
    return _bootstrap._gcd_import(name[level:], package, level)
           ^^^^^^^^^^^^^^^^^^^^^^^^^^^^^^^^^^^^^^^^^^^^^^^^^^^^
  File "<frozen importlib._bootstrap>", line 1387, in _gcd_import
  File "<frozen importlib._bootstrap>", line 1360, in _find_and_load
  File "<frozen importlib._bootstrap>", line 1324, in _find_and_load_unlocked
ModuleNotFoundError: No module named 'education'

/Users/user/Documents/resturantOS/frappe-bench/env/lib/python3.12/site-packages/rq/worker.py:1302: DeprecationWarning: This process (pid=27389) is multi-threaded, use of fork() may lead to deadlocks in the child.
  child_pid = os.fork()
2025-09-28 01:11:03,630 [Job hrms.localhost||c392da43-0096-43ab-8e5d-f51ae3752d42]: exception raised while executing (frappe.utils.background_jobs.execute_job)
Traceback (most recent call last):
  File "/Users/user/Documents/resturantOS/frappe-bench/env/lib/python3.12/site-packages/rq/worker.py", line 1643, in perform_job
    return_value = job.perform()
                   ^^^^^^^^^^^^^
  File "/Users/user/Documents/resturantOS/frappe-bench/env/lib/python3.12/site-packages/rq/job.py", line 1359, in perform
    self._result = self._execute()
                   ^^^^^^^^^^^^^^^
  File "/Users/user/Documents/resturantOS/frappe-bench/env/lib/python3.12/site-packages/rq/job.py", line 1393, in _execute
    result = self.func(*self.args, **self.kwargs)
             ^^^^^^^^^^^^^^^^^^^^^^^^^^^^^^^^^^^^
  File "/Users/user/Documents/resturantOS/frappe-bench/apps/frappe/frappe/utils/background_jobs.py", line 243, in execute_job
    frappe.init(site, force=True)
  File "/Users/user/Documents/resturantOS/frappe-bench/apps/frappe/frappe/__init__.py", line 208, in init
    setup_module_map(include_all_apps=not (frappe.request or frappe.job or frappe.flags.in_migrate))
  File "/Users/user/Documents/resturantOS/frappe-bench/apps/frappe/frappe/__init__.py", line 1040, in setup_module_map
    for module in get_module_list(app):
                  ^^^^^^^^^^^^^^^^^^^^
  File "/Users/user/Documents/resturantOS/frappe-bench/apps/frappe/frappe/__init__.py", line 881, in get_module_list
    return get_file_items(get_app_path(app_name, "modules.txt"))
                          ^^^^^^^^^^^^^^^^^^^^^^^^^^^^^^^^^^^^^
  File "/Users/user/Documents/resturantOS/frappe-bench/apps/frappe/frappe/__init__.py", line 846, in get_app_path
    return get_pymodule_path(app_name, *joins)
           ^^^^^^^^^^^^^^^^^^^^^^^^^^^^^^^^^^^
  File "/Users/user/Documents/resturantOS/frappe-bench/apps/frappe/frappe/__init__.py", line 876, in get_pymodule_path
    return abspath(join(dirname(get_module(scrub(modulename)).__file__ or ""), *joins))
                                ^^^^^^^^^^^^^^^^^^^^^^^^^^^^^
  File "/Users/user/Documents/resturantOS/frappe-bench/apps/frappe/frappe/__init__.py", line 817, in get_module
    return importlib.import_module(modulename)
           ^^^^^^^^^^^^^^^^^^^^^^^^^^^^^^^^^^^
  File "/usr/local/Cellar/python@3.12/3.12.11_1/Frameworks/Python.framework/Versions/3.12/lib/python3.12/importlib/__init__.py", line 90, in import_module
    return _bootstrap._gcd_import(name[level:], package, level)
           ^^^^^^^^^^^^^^^^^^^^^^^^^^^^^^^^^^^^^^^^^^^^^^^^^^^^
  File "<frozen importlib._bootstrap>", line 1387, in _gcd_import
  File "<frozen importlib._bootstrap>", line 1360, in _find_and_load
  File "<frozen importlib._bootstrap>", line 1324, in _find_and_load_unlocked
ModuleNotFoundError: No module named 'education'

/Users/user/Documents/resturantOS/frappe-bench/env/lib/python3.12/site-packages/rq/worker.py:1302: DeprecationWarning: This process (pid=27389) is multi-threaded, use of fork() may lead to deadlocks in the child.
  child_pid = os.fork()
2025-09-28 01:11:03,664 [Job hrms.localhost||490ddabc-08e0-4cd4-8ffd-a0692b6b1dad]: exception raised while executing (frappe.utils.background_jobs.execute_job)
Traceback (most recent call last):
  File "/Users/user/Documents/resturantOS/frappe-bench/env/lib/python3.12/site-packages/rq/worker.py", line 1643, in perform_job
    return_value = job.perform()
                   ^^^^^^^^^^^^^
  File "/Users/user/Documents/resturantOS/frappe-bench/env/lib/python3.12/site-packages/rq/job.py", line 1359, in perform
    self._result = self._execute()
                   ^^^^^^^^^^^^^^^
  File "/Users/user/Documents/resturantOS/frappe-bench/env/lib/python3.12/site-packages/rq/job.py", line 1393, in _execute
    result = self.func(*self.args, **self.kwargs)
             ^^^^^^^^^^^^^^^^^^^^^^^^^^^^^^^^^^^^
  File "/Users/user/Documents/resturantOS/frappe-bench/apps/frappe/frappe/utils/background_jobs.py", line 243, in execute_job
    frappe.init(site, force=True)
  File "/Users/user/Documents/resturantOS/frappe-bench/apps/frappe/frappe/__init__.py", line 208, in init
    setup_module_map(include_all_apps=not (frappe.request or frappe.job or frappe.flags.in_migrate))
  File "/Users/user/Documents/resturantOS/frappe-bench/apps/frappe/frappe/__init__.py", line 1040, in setup_module_map
    for module in get_module_list(app):
                  ^^^^^^^^^^^^^^^^^^^^
  File "/Users/user/Documents/resturantOS/frappe-bench/apps/frappe/frappe/__init__.py", line 881, in get_module_list
    return get_file_items(get_app_path(app_name, "modules.txt"))
                          ^^^^^^^^^^^^^^^^^^^^^^^^^^^^^^^^^^^^^
  File "/Users/user/Documents/resturantOS/frappe-bench/apps/frappe/frappe/__init__.py", line 846, in get_app_path
    return get_pymodule_path(app_name, *joins)
           ^^^^^^^^^^^^^^^^^^^^^^^^^^^^^^^^^^^
  File "/Users/user/Documents/resturantOS/frappe-bench/apps/frappe/frappe/__init__.py", line 876, in get_pymodule_path
    return abspath(join(dirname(get_module(scrub(modulename)).__file__ or ""), *joins))
                                ^^^^^^^^^^^^^^^^^^^^^^^^^^^^^
  File "/Users/user/Documents/resturantOS/frappe-bench/apps/frappe/frappe/__init__.py", line 817, in get_module
    return importlib.import_module(modulename)
           ^^^^^^^^^^^^^^^^^^^^^^^^^^^^^^^^^^^
  File "/usr/local/Cellar/python@3.12/3.12.11_1/Frameworks/Python.framework/Versions/3.12/lib/python3.12/importlib/__init__.py", line 90, in import_module
    return _bootstrap._gcd_import(name[level:], package, level)
           ^^^^^^^^^^^^^^^^^^^^^^^^^^^^^^^^^^^^^^^^^^^^^^^^^^^^
  File "<frozen importlib._bootstrap>", line 1387, in _gcd_import
  File "<frozen importlib._bootstrap>", line 1360, in _find_and_load
  File "<frozen importlib._bootstrap>", line 1324, in _find_and_load_unlocked
ModuleNotFoundError: No module named 'education'

/Users/user/Documents/resturantOS/frappe-bench/env/lib/python3.12/site-packages/rq/worker.py:1302: DeprecationWarning: This process (pid=27389) is multi-threaded, use of fork() may lead to deadlocks in the child.
  child_pid = os.fork()
2025-09-28 01:11:03,698 [Job hrms.localhost||fa84cfc5-4e8c-4062-874b-7f6f9fd15d98]: exception raised while executing (frappe.utils.background_jobs.execute_job)
Traceback (most recent call last):
  File "/Users/user/Documents/resturantOS/frappe-bench/env/lib/python3.12/site-packages/rq/worker.py", line 1643, in perform_job
    return_value = job.perform()
                   ^^^^^^^^^^^^^
  File "/Users/user/Documents/resturantOS/frappe-bench/env/lib/python3.12/site-packages/rq/job.py", line 1359, in perform
    self._result = self._execute()
                   ^^^^^^^^^^^^^^^
  File "/Users/user/Documents/resturantOS/frappe-bench/env/lib/python3.12/site-packages/rq/job.py", line 1393, in _execute
    result = self.func(*self.args, **self.kwargs)
             ^^^^^^^^^^^^^^^^^^^^^^^^^^^^^^^^^^^^
  File "/Users/user/Documents/resturantOS/frappe-bench/apps/frappe/frappe/utils/background_jobs.py", line 243, in execute_job
    frappe.init(site, force=True)
  File "/Users/user/Documents/resturantOS/frappe-bench/apps/frappe/frappe/__init__.py", line 208, in init
    setup_module_map(include_all_apps=not (frappe.request or frappe.job or frappe.flags.in_migrate))
  File "/Users/user/Documents/resturantOS/frappe-bench/apps/frappe/frappe/__init__.py", line 1040, in setup_module_map
    for module in get_module_list(app):
                  ^^^^^^^^^^^^^^^^^^^^
  File "/Users/user/Documents/resturantOS/frappe-bench/apps/frappe/frappe/__init__.py", line 881, in get_module_list
    return get_file_items(get_app_path(app_name, "modules.txt"))
                          ^^^^^^^^^^^^^^^^^^^^^^^^^^^^^^^^^^^^^
  File "/Users/user/Documents/resturantOS/frappe-bench/apps/frappe/frappe/__init__.py", line 846, in get_app_path
    return get_pymodule_path(app_name, *joins)
           ^^^^^^^^^^^^^^^^^^^^^^^^^^^^^^^^^^^
  File "/Users/user/Documents/resturantOS/frappe-bench/apps/frappe/frappe/__init__.py", line 876, in get_pymodule_path
    return abspath(join(dirname(get_module(scrub(modulename)).__file__ or ""), *joins))
                                ^^^^^^^^^^^^^^^^^^^^^^^^^^^^^
  File "/Users/user/Documents/resturantOS/frappe-bench/apps/frappe/frappe/__init__.py", line 817, in get_module
    return importlib.import_module(modulename)
           ^^^^^^^^^^^^^^^^^^^^^^^^^^^^^^^^^^^
  File "/usr/local/Cellar/python@3.12/3.12.11_1/Frameworks/Python.framework/Versions/3.12/lib/python3.12/importlib/__init__.py", line 90, in import_module
    return _bootstrap._gcd_import(name[level:], package, level)
           ^^^^^^^^^^^^^^^^^^^^^^^^^^^^^^^^^^^^^^^^^^^^^^^^^^^^
  File "<frozen importlib._bootstrap>", line 1387, in _gcd_import
  File "<frozen importlib._bootstrap>", line 1360, in _find_and_load
  File "<frozen importlib._bootstrap>", line 1324, in _find_and_load_unlocked
ModuleNotFoundError: No module named 'education'

/Users/user/Documents/resturantOS/frappe-bench/env/lib/python3.12/site-packages/rq/worker.py:1302: DeprecationWarning: This process (pid=27389) is multi-threaded, use of fork() may lead to deadlocks in the child.
  child_pid = os.fork()
2025-09-28 01:11:03,731 [Job hrms.localhost||eaf86120-4667-4820-af86-1426a46a62b4]: exception raised while executing (frappe.utils.background_jobs.execute_job)
Traceback (most recent call last):
  File "/Users/user/Documents/resturantOS/frappe-bench/env/lib/python3.12/site-packages/rq/worker.py", line 1643, in perform_job
    return_value = job.perform()
                   ^^^^^^^^^^^^^
  File "/Users/user/Documents/resturantOS/frappe-bench/env/lib/python3.12/site-packages/rq/job.py", line 1359, in perform
    self._result = self._execute()
                   ^^^^^^^^^^^^^^^
  File "/Users/user/Documents/resturantOS/frappe-bench/env/lib/python3.12/site-packages/rq/job.py", line 1393, in _execute
    result = self.func(*self.args, **self.kwargs)
             ^^^^^^^^^^^^^^^^^^^^^^^^^^^^^^^^^^^^
  File "/Users/user/Documents/resturantOS/frappe-bench/apps/frappe/frappe/utils/background_jobs.py", line 243, in execute_job
    frappe.init(site, force=True)
  File "/Users/user/Documents/resturantOS/frappe-bench/apps/frappe/frappe/__init__.py", line 208, in init
    setup_module_map(include_all_apps=not (frappe.request or frappe.job or frappe.flags.in_migrate))
  File "/Users/user/Documents/resturantOS/frappe-bench/apps/frappe/frappe/__init__.py", line 1040, in setup_module_map
    for module in get_module_list(app):
                  ^^^^^^^^^^^^^^^^^^^^
  File "/Users/user/Documents/resturantOS/frappe-bench/apps/frappe/frappe/__init__.py", line 881, in get_module_list
    return get_file_items(get_app_path(app_name, "modules.txt"))
                          ^^^^^^^^^^^^^^^^^^^^^^^^^^^^^^^^^^^^^
  File "/Users/user/Documents/resturantOS/frappe-bench/apps/frappe/frappe/__init__.py", line 846, in get_app_path
    return get_pymodule_path(app_name, *joins)
           ^^^^^^^^^^^^^^^^^^^^^^^^^^^^^^^^^^^
  File "/Users/user/Documents/resturantOS/frappe-bench/apps/frappe/frappe/__init__.py", line 876, in get_pymodule_path
    return abspath(join(dirname(get_module(scrub(modulename)).__file__ or ""), *joins))
                                ^^^^^^^^^^^^^^^^^^^^^^^^^^^^^
  File "/Users/user/Documents/resturantOS/frappe-bench/apps/frappe/frappe/__init__.py", line 817, in get_module
    return importlib.import_module(modulename)
           ^^^^^^^^^^^^^^^^^^^^^^^^^^^^^^^^^^^
  File "/usr/local/Cellar/python@3.12/3.12.11_1/Frameworks/Python.framework/Versions/3.12/lib/python3.12/importlib/__init__.py", line 90, in import_module
    return _bootstrap._gcd_import(name[level:], package, level)
           ^^^^^^^^^^^^^^^^^^^^^^^^^^^^^^^^^^^^^^^^^^^^^^^^^^^^
  File "<frozen importlib._bootstrap>", line 1387, in _gcd_import
  File "<frozen importlib._bootstrap>", line 1360, in _find_and_load
  File "<frozen importlib._bootstrap>", line 1324, in _find_and_load_unlocked
ModuleNotFoundError: No module named 'education'

/Users/user/Documents/resturantOS/frappe-bench/env/lib/python3.12/site-packages/rq/worker.py:1302: DeprecationWarning: This process (pid=27389) is multi-threaded, use of fork() may lead to deadlocks in the child.
  child_pid = os.fork()
2025-09-28 01:11:03,764 [Job hrms.localhost||a004af08-379e-4467-a827-0de57d905882]: exception raised while executing (frappe.utils.background_jobs.execute_job)
Traceback (most recent call last):
  File "/Users/user/Documents/resturantOS/frappe-bench/env/lib/python3.12/site-packages/rq/worker.py", line 1643, in perform_job
    return_value = job.perform()
                   ^^^^^^^^^^^^^
  File "/Users/user/Documents/resturantOS/frappe-bench/env/lib/python3.12/site-packages/rq/job.py", line 1359, in perform
    self._result = self._execute()
                   ^^^^^^^^^^^^^^^
  File "/Users/user/Documents/resturantOS/frappe-bench/env/lib/python3.12/site-packages/rq/job.py", line 1393, in _execute
    result = self.func(*self.args, **self.kwargs)
             ^^^^^^^^^^^^^^^^^^^^^^^^^^^^^^^^^^^^
  File "/Users/user/Documents/resturantOS/frappe-bench/apps/frappe/frappe/utils/background_jobs.py", line 243, in execute_job
    frappe.init(site, force=True)
  File "/Users/user/Documents/resturantOS/frappe-bench/apps/frappe/frappe/__init__.py", line 208, in init
    setup_module_map(include_all_apps=not (frappe.request or frappe.job or frappe.flags.in_migrate))
  File "/Users/user/Documents/resturantOS/frappe-bench/apps/frappe/frappe/__init__.py", line 1040, in setup_module_map
    for module in get_module_list(app):
                  ^^^^^^^^^^^^^^^^^^^^
  File "/Users/user/Documents/resturantOS/frappe-bench/apps/frappe/frappe/__init__.py", line 881, in get_module_list
    return get_file_items(get_app_path(app_name, "modules.txt"))
                          ^^^^^^^^^^^^^^^^^^^^^^^^^^^^^^^^^^^^^
  File "/Users/user/Documents/resturantOS/frappe-bench/apps/frappe/frappe/__init__.py", line 846, in get_app_path
    return get_pymodule_path(app_name, *joins)
           ^^^^^^^^^^^^^^^^^^^^^^^^^^^^^^^^^^^
  File "/Users/user/Documents/resturantOS/frappe-bench/apps/frappe/frappe/__init__.py", line 876, in get_pymodule_path
    return abspath(join(dirname(get_module(scrub(modulename)).__file__ or ""), *joins))
                                ^^^^^^^^^^^^^^^^^^^^^^^^^^^^^
  File "/Users/user/Documents/resturantOS/frappe-bench/apps/frappe/frappe/__init__.py", line 817, in get_module
    return importlib.import_module(modulename)
           ^^^^^^^^^^^^^^^^^^^^^^^^^^^^^^^^^^^
  File "/usr/local/Cellar/python@3.12/3.12.11_1/Frameworks/Python.framework/Versions/3.12/lib/python3.12/importlib/__init__.py", line 90, in import_module
    return _bootstrap._gcd_import(name[level:], package, level)
           ^^^^^^^^^^^^^^^^^^^^^^^^^^^^^^^^^^^^^^^^^^^^^^^^^^^^
  File "<frozen importlib._bootstrap>", line 1387, in _gcd_import
  File "<frozen importlib._bootstrap>", line 1360, in _find_and_load
  File "<frozen importlib._bootstrap>", line 1324, in _find_and_load_unlocked
ModuleNotFoundError: No module named 'education'

/Users/user/Documents/resturantOS/frappe-bench/env/lib/python3.12/site-packages/rq/worker.py:1302: DeprecationWarning: This process (pid=27389) is multi-threaded, use of fork() may lead to deadlocks in the child.
  child_pid = os.fork()
2025-09-28 01:11:48,279 [Job hrms.localhost||1d4611e6-cd94-4eae-843f-1c5ba999dfa4]: exception raised while executing (frappe.utils.background_jobs.execute_job)
Traceback (most recent call last):
  File "/Users/user/Documents/resturantOS/frappe-bench/env/lib/python3.12/site-packages/rq/worker.py", line 1643, in perform_job
    return_value = job.perform()
                   ^^^^^^^^^^^^^
  File "/Users/user/Documents/resturantOS/frappe-bench/env/lib/python3.12/site-packages/rq/job.py", line 1359, in perform
    self._result = self._execute()
                   ^^^^^^^^^^^^^^^
  File "/Users/user/Documents/resturantOS/frappe-bench/env/lib/python3.12/site-packages/rq/job.py", line 1393, in _execute
    result = self.func(*self.args, **self.kwargs)
             ^^^^^^^^^^^^^^^^^^^^^^^^^^^^^^^^^^^^
  File "/Users/user/Documents/resturantOS/frappe-bench/apps/frappe/frappe/utils/background_jobs.py", line 243, in execute_job
    frappe.init(site, force=True)
  File "/Users/user/Documents/resturantOS/frappe-bench/apps/frappe/frappe/__init__.py", line 208, in init
    setup_module_map(include_all_apps=not (frappe.request or frappe.job or frappe.flags.in_migrate))
  File "/Users/user/Documents/resturantOS/frappe-bench/apps/frappe/frappe/__init__.py", line 1040, in setup_module_map
    for module in get_module_list(app):
                  ^^^^^^^^^^^^^^^^^^^^
  File "/Users/user/Documents/resturantOS/frappe-bench/apps/frappe/frappe/__init__.py", line 881, in get_module_list
    return get_file_items(get_app_path(app_name, "modules.txt"))
                          ^^^^^^^^^^^^^^^^^^^^^^^^^^^^^^^^^^^^^
  File "/Users/user/Documents/resturantOS/frappe-bench/apps/frappe/frappe/__init__.py", line 846, in get_app_path
    return get_pymodule_path(app_name, *joins)
           ^^^^^^^^^^^^^^^^^^^^^^^^^^^^^^^^^^^
  File "/Users/user/Documents/resturantOS/frappe-bench/apps/frappe/frappe/__init__.py", line 876, in get_pymodule_path
    return abspath(join(dirname(get_module(scrub(modulename)).__file__ or ""), *joins))
                                ^^^^^^^^^^^^^^^^^^^^^^^^^^^^^
  File "/Users/user/Documents/resturantOS/frappe-bench/apps/frappe/frappe/__init__.py", line 817, in get_module
    return importlib.import_module(modulename)
           ^^^^^^^^^^^^^^^^^^^^^^^^^^^^^^^^^^^
  File "/usr/local/Cellar/python@3.12/3.12.11_1/Frameworks/Python.framework/Versions/3.12/lib/python3.12/importlib/__init__.py", line 90, in import_module
    return _bootstrap._gcd_import(name[level:], package, level)
           ^^^^^^^^^^^^^^^^^^^^^^^^^^^^^^^^^^^^^^^^^^^^^^^^^^^^
  File "<frozen importlib._bootstrap>", line 1387, in _gcd_import
  File "<frozen importlib._bootstrap>", line 1360, in _find_and_load
  File "<frozen importlib._bootstrap>", line 1324, in _find_and_load_unlocked
ModuleNotFoundError: No module named 'education'

/Users/user/Documents/resturantOS/frappe-bench/env/lib/python3.12/site-packages/rq/worker.py:1302: DeprecationWarning: This process (pid=27389) is multi-threaded, use of fork() may lead to deadlocks in the child.
  child_pid = os.fork()
2025-09-28 01:11:48,313 [Job hrms.localhost||4b39deef-edf8-4b1e-ac24-4afbf092a744]: exception raised while executing (frappe.utils.background_jobs.execute_job)
Traceback (most recent call last):
  File "/Users/user/Documents/resturantOS/frappe-bench/env/lib/python3.12/site-packages/rq/worker.py", line 1643, in perform_job
    return_value = job.perform()
                   ^^^^^^^^^^^^^
  File "/Users/user/Documents/resturantOS/frappe-bench/env/lib/python3.12/site-packages/rq/job.py", line 1359, in perform
    self._result = self._execute()
                   ^^^^^^^^^^^^^^^
  File "/Users/user/Documents/resturantOS/frappe-bench/env/lib/python3.12/site-packages/rq/job.py", line 1393, in _execute
    result = self.func(*self.args, **self.kwargs)
             ^^^^^^^^^^^^^^^^^^^^^^^^^^^^^^^^^^^^
  File "/Users/user/Documents/resturantOS/frappe-bench/apps/frappe/frappe/utils/background_jobs.py", line 243, in execute_job
    frappe.init(site, force=True)
  File "/Users/user/Documents/resturantOS/frappe-bench/apps/frappe/frappe/__init__.py", line 208, in init
    setup_module_map(include_all_apps=not (frappe.request or frappe.job or frappe.flags.in_migrate))
  File "/Users/user/Documents/resturantOS/frappe-bench/apps/frappe/frappe/__init__.py", line 1040, in setup_module_map
    for module in get_module_list(app):
                  ^^^^^^^^^^^^^^^^^^^^
  File "/Users/user/Documents/resturantOS/frappe-bench/apps/frappe/frappe/__init__.py", line 881, in get_module_list
    return get_file_items(get_app_path(app_name, "modules.txt"))
                          ^^^^^^^^^^^^^^^^^^^^^^^^^^^^^^^^^^^^^
  File "/Users/user/Documents/resturantOS/frappe-bench/apps/frappe/frappe/__init__.py", line 846, in get_app_path
    return get_pymodule_path(app_name, *joins)
           ^^^^^^^^^^^^^^^^^^^^^^^^^^^^^^^^^^^
  File "/Users/user/Documents/resturantOS/frappe-bench/apps/frappe/frappe/__init__.py", line 876, in get_pymodule_path
    return abspath(join(dirname(get_module(scrub(modulename)).__file__ or ""), *joins))
                                ^^^^^^^^^^^^^^^^^^^^^^^^^^^^^
  File "/Users/user/Documents/resturantOS/frappe-bench/apps/frappe/frappe/__init__.py", line 817, in get_module
    return importlib.import_module(modulename)
           ^^^^^^^^^^^^^^^^^^^^^^^^^^^^^^^^^^^
  File "/usr/local/Cellar/python@3.12/3.12.11_1/Frameworks/Python.framework/Versions/3.12/lib/python3.12/importlib/__init__.py", line 90, in import_module
    return _bootstrap._gcd_import(name[level:], package, level)
           ^^^^^^^^^^^^^^^^^^^^^^^^^^^^^^^^^^^^^^^^^^^^^^^^^^^^
  File "<frozen importlib._bootstrap>", line 1387, in _gcd_import
  File "<frozen importlib._bootstrap>", line 1360, in _find_and_load
  File "<frozen importlib._bootstrap>", line 1324, in _find_and_load_unlocked
ModuleNotFoundError: No module named 'education'

/Users/user/Documents/resturantOS/frappe-bench/env/lib/python3.12/site-packages/rq/worker.py:1302: DeprecationWarning: This process (pid=27389) is multi-threaded, use of fork() may lead to deadlocks in the child.
  child_pid = os.fork()
2025-09-28 01:11:48,343 [Job hrms.localhost||d5aac6bf-3ff0-468b-a6c9-45e2a87851f1]: exception raised while executing (frappe.utils.background_jobs.execute_job)
Traceback (most recent call last):
  File "/Users/user/Documents/resturantOS/frappe-bench/env/lib/python3.12/site-packages/rq/worker.py", line 1643, in perform_job
    return_value = job.perform()
                   ^^^^^^^^^^^^^
  File "/Users/user/Documents/resturantOS/frappe-bench/env/lib/python3.12/site-packages/rq/job.py", line 1359, in perform
    self._result = self._execute()
                   ^^^^^^^^^^^^^^^
  File "/Users/user/Documents/resturantOS/frappe-bench/env/lib/python3.12/site-packages/rq/job.py", line 1393, in _execute
    result = self.func(*self.args, **self.kwargs)
             ^^^^^^^^^^^^^^^^^^^^^^^^^^^^^^^^^^^^
  File "/Users/user/Documents/resturantOS/frappe-bench/apps/frappe/frappe/utils/background_jobs.py", line 243, in execute_job
    frappe.init(site, force=True)
  File "/Users/user/Documents/resturantOS/frappe-bench/apps/frappe/frappe/__init__.py", line 208, in init
    setup_module_map(include_all_apps=not (frappe.request or frappe.job or frappe.flags.in_migrate))
  File "/Users/user/Documents/resturantOS/frappe-bench/apps/frappe/frappe/__init__.py", line 1040, in setup_module_map
    for module in get_module_list(app):
                  ^^^^^^^^^^^^^^^^^^^^
  File "/Users/user/Documents/resturantOS/frappe-bench/apps/frappe/frappe/__init__.py", line 881, in get_module_list
    return get_file_items(get_app_path(app_name, "modules.txt"))
                          ^^^^^^^^^^^^^^^^^^^^^^^^^^^^^^^^^^^^^
  File "/Users/user/Documents/resturantOS/frappe-bench/apps/frappe/frappe/__init__.py", line 846, in get_app_path
    return get_pymodule_path(app_name, *joins)
           ^^^^^^^^^^^^^^^^^^^^^^^^^^^^^^^^^^^
  File "/Users/user/Documents/resturantOS/frappe-bench/apps/frappe/frappe/__init__.py", line 876, in get_pymodule_path
    return abspath(join(dirname(get_module(scrub(modulename)).__file__ or ""), *joins))
                                ^^^^^^^^^^^^^^^^^^^^^^^^^^^^^
  File "/Users/user/Documents/resturantOS/frappe-bench/apps/frappe/frappe/__init__.py", line 817, in get_module
    return importlib.import_module(modulename)
           ^^^^^^^^^^^^^^^^^^^^^^^^^^^^^^^^^^^
  File "/usr/local/Cellar/python@3.12/3.12.11_1/Frameworks/Python.framework/Versions/3.12/lib/python3.12/importlib/__init__.py", line 90, in import_module
    return _bootstrap._gcd_import(name[level:], package, level)
           ^^^^^^^^^^^^^^^^^^^^^^^^^^^^^^^^^^^^^^^^^^^^^^^^^^^^
  File "<frozen importlib._bootstrap>", line 1387, in _gcd_import
  File "<frozen importlib._bootstrap>", line 1360, in _find_and_load
  File "<frozen importlib._bootstrap>", line 1324, in _find_and_load_unlocked
ModuleNotFoundError: No module named 'education'

/Users/user/Documents/resturantOS/frappe-bench/env/lib/python3.12/site-packages/rq/worker.py:1302: DeprecationWarning: This process (pid=27389) is multi-threaded, use of fork() may lead to deadlocks in the child.
  child_pid = os.fork()
2025-09-28 01:11:48,373 [Job hrms.localhost||c39f6d90-66ff-4d41-a705-ee9c0c22fd46]: exception raised while executing (frappe.utils.background_jobs.execute_job)
Traceback (most recent call last):
  File "/Users/user/Documents/resturantOS/frappe-bench/env/lib/python3.12/site-packages/rq/worker.py", line 1643, in perform_job
    return_value = job.perform()
                   ^^^^^^^^^^^^^
  File "/Users/user/Documents/resturantOS/frappe-bench/env/lib/python3.12/site-packages/rq/job.py", line 1359, in perform
    self._result = self._execute()
                   ^^^^^^^^^^^^^^^
  File "/Users/user/Documents/resturantOS/frappe-bench/env/lib/python3.12/site-packages/rq/job.py", line 1393, in _execute
    result = self.func(*self.args, **self.kwargs)
             ^^^^^^^^^^^^^^^^^^^^^^^^^^^^^^^^^^^^
  File "/Users/user/Documents/resturantOS/frappe-bench/apps/frappe/frappe/utils/background_jobs.py", line 243, in execute_job
    frappe.init(site, force=True)
  File "/Users/user/Documents/resturantOS/frappe-bench/apps/frappe/frappe/__init__.py", line 208, in init
    setup_module_map(include_all_apps=not (frappe.request or frappe.job or frappe.flags.in_migrate))
  File "/Users/user/Documents/resturantOS/frappe-bench/apps/frappe/frappe/__init__.py", line 1040, in setup_module_map
    for module in get_module_list(app):
                  ^^^^^^^^^^^^^^^^^^^^
  File "/Users/user/Documents/resturantOS/frappe-bench/apps/frappe/frappe/__init__.py", line 881, in get_module_list
    return get_file_items(get_app_path(app_name, "modules.txt"))
                          ^^^^^^^^^^^^^^^^^^^^^^^^^^^^^^^^^^^^^
  File "/Users/user/Documents/resturantOS/frappe-bench/apps/frappe/frappe/__init__.py", line 846, in get_app_path
    return get_pymodule_path(app_name, *joins)
           ^^^^^^^^^^^^^^^^^^^^^^^^^^^^^^^^^^^
  File "/Users/user/Documents/resturantOS/frappe-bench/apps/frappe/frappe/__init__.py", line 876, in get_pymodule_path
    return abspath(join(dirname(get_module(scrub(modulename)).__file__ or ""), *joins))
                                ^^^^^^^^^^^^^^^^^^^^^^^^^^^^^
  File "/Users/user/Documents/resturantOS/frappe-bench/apps/frappe/frappe/__init__.py", line 817, in get_module
    return importlib.import_module(modulename)
           ^^^^^^^^^^^^^^^^^^^^^^^^^^^^^^^^^^^
  File "/usr/local/Cellar/python@3.12/3.12.11_1/Frameworks/Python.framework/Versions/3.12/lib/python3.12/importlib/__init__.py", line 90, in import_module
    return _bootstrap._gcd_import(name[level:], package, level)
           ^^^^^^^^^^^^^^^^^^^^^^^^^^^^^^^^^^^^^^^^^^^^^^^^^^^^
  File "<frozen importlib._bootstrap>", line 1387, in _gcd_import
  File "<frozen importlib._bootstrap>", line 1360, in _find_and_load
  File "<frozen importlib._bootstrap>", line 1324, in _find_and_load_unlocked
ModuleNotFoundError: No module named 'education'

/Users/user/Documents/resturantOS/frappe-bench/env/lib/python3.12/site-packages/rq/worker.py:1302: DeprecationWarning: This process (pid=27389) is multi-threaded, use of fork() may lead to deadlocks in the child.
  child_pid = os.fork()
2025-09-28 01:12:32,125 [Job hrms.localhost||08752b34-a15d-4db5-b8d2-ef16f2ad4763]: exception raised while executing (frappe.utils.background_jobs.execute_job)
Traceback (most recent call last):
  File "/Users/user/Documents/resturantOS/frappe-bench/env/lib/python3.12/site-packages/rq/worker.py", line 1643, in perform_job
    return_value = job.perform()
                   ^^^^^^^^^^^^^
  File "/Users/user/Documents/resturantOS/frappe-bench/env/lib/python3.12/site-packages/rq/job.py", line 1359, in perform
    self._result = self._execute()
                   ^^^^^^^^^^^^^^^
  File "/Users/user/Documents/resturantOS/frappe-bench/env/lib/python3.12/site-packages/rq/job.py", line 1393, in _execute
    result = self.func(*self.args, **self.kwargs)
             ^^^^^^^^^^^^^^^^^^^^^^^^^^^^^^^^^^^^
  File "/Users/user/Documents/resturantOS/frappe-bench/apps/frappe/frappe/utils/background_jobs.py", line 243, in execute_job
    frappe.init(site, force=True)
  File "/Users/user/Documents/resturantOS/frappe-bench/apps/frappe/frappe/__init__.py", line 208, in init
    setup_module_map(include_all_apps=not (frappe.request or frappe.job or frappe.flags.in_migrate))
  File "/Users/user/Documents/resturantOS/frappe-bench/apps/frappe/frappe/__init__.py", line 1040, in setup_module_map
    for module in get_module_list(app):
                  ^^^^^^^^^^^^^^^^^^^^
  File "/Users/user/Documents/resturantOS/frappe-bench/apps/frappe/frappe/__init__.py", line 881, in get_module_list
    return get_file_items(get_app_path(app_name, "modules.txt"))
                          ^^^^^^^^^^^^^^^^^^^^^^^^^^^^^^^^^^^^^
  File "/Users/user/Documents/resturantOS/frappe-bench/apps/frappe/frappe/__init__.py", line 846, in get_app_path
    return get_pymodule_path(app_name, *joins)
           ^^^^^^^^^^^^^^^^^^^^^^^^^^^^^^^^^^^
  File "/Users/user/Documents/resturantOS/frappe-bench/apps/frappe/frappe/__init__.py", line 876, in get_pymodule_path
    return abspath(join(dirname(get_module(scrub(modulename)).__file__ or ""), *joins))
                                ^^^^^^^^^^^^^^^^^^^^^^^^^^^^^
  File "/Users/user/Documents/resturantOS/frappe-bench/apps/frappe/frappe/__init__.py", line 817, in get_module
    return importlib.import_module(modulename)
           ^^^^^^^^^^^^^^^^^^^^^^^^^^^^^^^^^^^
  File "/usr/local/Cellar/python@3.12/3.12.11_1/Frameworks/Python.framework/Versions/3.12/lib/python3.12/importlib/__init__.py", line 90, in import_module
    return _bootstrap._gcd_import(name[level:], package, level)
           ^^^^^^^^^^^^^^^^^^^^^^^^^^^^^^^^^^^^^^^^^^^^^^^^^^^^
  File "<frozen importlib._bootstrap>", line 1387, in _gcd_import
  File "<frozen importlib._bootstrap>", line 1360, in _find_and_load
  File "<frozen importlib._bootstrap>", line 1324, in _find_and_load_unlocked
ModuleNotFoundError: No module named 'education'

/Users/user/Documents/resturantOS/frappe-bench/env/lib/python3.12/site-packages/rq/worker.py:1302: DeprecationWarning: This process (pid=27389) is multi-threaded, use of fork() may lead to deadlocks in the child.
  child_pid = os.fork()
2025-09-28 01:12:32,162 [Job hrms.localhost||5b8b62e4-943a-4769-a87f-2197cdf24546]: exception raised while executing (frappe.utils.background_jobs.execute_job)
Traceback (most recent call last):
  File "/Users/user/Documents/resturantOS/frappe-bench/env/lib/python3.12/site-packages/rq/worker.py", line 1643, in perform_job
    return_value = job.perform()
                   ^^^^^^^^^^^^^
  File "/Users/user/Documents/resturantOS/frappe-bench/env/lib/python3.12/site-packages/rq/job.py", line 1359, in perform
    self._result = self._execute()
                   ^^^^^^^^^^^^^^^
  File "/Users/user/Documents/resturantOS/frappe-bench/env/lib/python3.12/site-packages/rq/job.py", line 1393, in _execute
    result = self.func(*self.args, **self.kwargs)
             ^^^^^^^^^^^^^^^^^^^^^^^^^^^^^^^^^^^^
  File "/Users/user/Documents/resturantOS/frappe-bench/apps/frappe/frappe/utils/background_jobs.py", line 243, in execute_job
    frappe.init(site, force=True)
  File "/Users/user/Documents/resturantOS/frappe-bench/apps/frappe/frappe/__init__.py", line 208, in init
    setup_module_map(include_all_apps=not (frappe.request or frappe.job or frappe.flags.in_migrate))
  File "/Users/user/Documents/resturantOS/frappe-bench/apps/frappe/frappe/__init__.py", line 1040, in setup_module_map
    for module in get_module_list(app):
                  ^^^^^^^^^^^^^^^^^^^^
  File "/Users/user/Documents/resturantOS/frappe-bench/apps/frappe/frappe/__init__.py", line 881, in get_module_list
    return get_file_items(get_app_path(app_name, "modules.txt"))
                          ^^^^^^^^^^^^^^^^^^^^^^^^^^^^^^^^^^^^^
  File "/Users/user/Documents/resturantOS/frappe-bench/apps/frappe/frappe/__init__.py", line 846, in get_app_path
    return get_pymodule_path(app_name, *joins)
           ^^^^^^^^^^^^^^^^^^^^^^^^^^^^^^^^^^^
  File "/Users/user/Documents/resturantOS/frappe-bench/apps/frappe/frappe/__init__.py", line 876, in get_pymodule_path
    return abspath(join(dirname(get_module(scrub(modulename)).__file__ or ""), *joins))
                                ^^^^^^^^^^^^^^^^^^^^^^^^^^^^^
  File "/Users/user/Documents/resturantOS/frappe-bench/apps/frappe/frappe/__init__.py", line 817, in get_module
    return importlib.import_module(modulename)
           ^^^^^^^^^^^^^^^^^^^^^^^^^^^^^^^^^^^
  File "/usr/local/Cellar/python@3.12/3.12.11_1/Frameworks/Python.framework/Versions/3.12/lib/python3.12/importlib/__init__.py", line 90, in import_module
    return _bootstrap._gcd_import(name[level:], package, level)
           ^^^^^^^^^^^^^^^^^^^^^^^^^^^^^^^^^^^^^^^^^^^^^^^^^^^^
  File "<frozen importlib._bootstrap>", line 1387, in _gcd_import
  File "<frozen importlib._bootstrap>", line 1360, in _find_and_load
  File "<frozen importlib._bootstrap>", line 1324, in _find_and_load_unlocked
ModuleNotFoundError: No module named 'education'

/Users/user/Documents/resturantOS/frappe-bench/env/lib/python3.12/site-packages/rq/worker.py:1302: DeprecationWarning: This process (pid=27389) is multi-threaded, use of fork() may lead to deadlocks in the child.
  child_pid = os.fork()
2025-09-28 01:12:32,193 [Job hrms.localhost||deac57e3-95d6-4cac-ac08-aabcdd930065]: exception raised while executing (frappe.utils.background_jobs.execute_job)
Traceback (most recent call last):
  File "/Users/user/Documents/resturantOS/frappe-bench/env/lib/python3.12/site-packages/rq/worker.py", line 1643, in perform_job
    return_value = job.perform()
                   ^^^^^^^^^^^^^
  File "/Users/user/Documents/resturantOS/frappe-bench/env/lib/python3.12/site-packages/rq/job.py", line 1359, in perform
    self._result = self._execute()
                   ^^^^^^^^^^^^^^^
  File "/Users/user/Documents/resturantOS/frappe-bench/env/lib/python3.12/site-packages/rq/job.py", line 1393, in _execute
    result = self.func(*self.args, **self.kwargs)
             ^^^^^^^^^^^^^^^^^^^^^^^^^^^^^^^^^^^^
  File "/Users/user/Documents/resturantOS/frappe-bench/apps/frappe/frappe/utils/background_jobs.py", line 243, in execute_job
    frappe.init(site, force=True)
  File "/Users/user/Documents/resturantOS/frappe-bench/apps/frappe/frappe/__init__.py", line 208, in init
    setup_module_map(include_all_apps=not (frappe.request or frappe.job or frappe.flags.in_migrate))
  File "/Users/user/Documents/resturantOS/frappe-bench/apps/frappe/frappe/__init__.py", line 1040, in setup_module_map
    for module in get_module_list(app):
                  ^^^^^^^^^^^^^^^^^^^^
  File "/Users/user/Documents/resturantOS/frappe-bench/apps/frappe/frappe/__init__.py", line 881, in get_module_list
    return get_file_items(get_app_path(app_name, "modules.txt"))
                          ^^^^^^^^^^^^^^^^^^^^^^^^^^^^^^^^^^^^^
  File "/Users/user/Documents/resturantOS/frappe-bench/apps/frappe/frappe/__init__.py", line 846, in get_app_path
    return get_pymodule_path(app_name, *joins)
           ^^^^^^^^^^^^^^^^^^^^^^^^^^^^^^^^^^^
  File "/Users/user/Documents/resturantOS/frappe-bench/apps/frappe/frappe/__init__.py", line 876, in get_pymodule_path
    return abspath(join(dirname(get_module(scrub(modulename)).__file__ or ""), *joins))
                                ^^^^^^^^^^^^^^^^^^^^^^^^^^^^^
  File "/Users/user/Documents/resturantOS/frappe-bench/apps/frappe/frappe/__init__.py", line 817, in get_module
    return importlib.import_module(modulename)
           ^^^^^^^^^^^^^^^^^^^^^^^^^^^^^^^^^^^
  File "/usr/local/Cellar/python@3.12/3.12.11_1/Frameworks/Python.framework/Versions/3.12/lib/python3.12/importlib/__init__.py", line 90, in import_module
    return _bootstrap._gcd_import(name[level:], package, level)
           ^^^^^^^^^^^^^^^^^^^^^^^^^^^^^^^^^^^^^^^^^^^^^^^^^^^^
  File "<frozen importlib._bootstrap>", line 1387, in _gcd_import
  File "<frozen importlib._bootstrap>", line 1360, in _find_and_load
  File "<frozen importlib._bootstrap>", line 1324, in _find_and_load_unlocked
ModuleNotFoundError: No module named 'education'

/Users/user/Documents/resturantOS/frappe-bench/env/lib/python3.12/site-packages/rq/worker.py:1302: DeprecationWarning: This process (pid=27389) is multi-threaded, use of fork() may lead to deadlocks in the child.
  child_pid = os.fork()
2025-09-28 01:12:32,223 [Job hrms.localhost||fb82e1f5-7115-4448-93d8-a4e4dd73d3b5]: exception raised while executing (frappe.utils.background_jobs.execute_job)
Traceback (most recent call last):
  File "/Users/user/Documents/resturantOS/frappe-bench/env/lib/python3.12/site-packages/rq/worker.py", line 1643, in perform_job
    return_value = job.perform()
                   ^^^^^^^^^^^^^
  File "/Users/user/Documents/resturantOS/frappe-bench/env/lib/python3.12/site-packages/rq/job.py", line 1359, in perform
    self._result = self._execute()
                   ^^^^^^^^^^^^^^^
  File "/Users/user/Documents/resturantOS/frappe-bench/env/lib/python3.12/site-packages/rq/job.py", line 1393, in _execute
    result = self.func(*self.args, **self.kwargs)
             ^^^^^^^^^^^^^^^^^^^^^^^^^^^^^^^^^^^^
  File "/Users/user/Documents/resturantOS/frappe-bench/apps/frappe/frappe/utils/background_jobs.py", line 243, in execute_job
    frappe.init(site, force=True)
  File "/Users/user/Documents/resturantOS/frappe-bench/apps/frappe/frappe/__init__.py", line 208, in init
    setup_module_map(include_all_apps=not (frappe.request or frappe.job or frappe.flags.in_migrate))
  File "/Users/user/Documents/resturantOS/frappe-bench/apps/frappe/frappe/__init__.py", line 1040, in setup_module_map
    for module in get_module_list(app):
                  ^^^^^^^^^^^^^^^^^^^^
  File "/Users/user/Documents/resturantOS/frappe-bench/apps/frappe/frappe/__init__.py", line 881, in get_module_list
    return get_file_items(get_app_path(app_name, "modules.txt"))
                          ^^^^^^^^^^^^^^^^^^^^^^^^^^^^^^^^^^^^^
  File "/Users/user/Documents/resturantOS/frappe-bench/apps/frappe/frappe/__init__.py", line 846, in get_app_path
    return get_pymodule_path(app_name, *joins)
           ^^^^^^^^^^^^^^^^^^^^^^^^^^^^^^^^^^^
  File "/Users/user/Documents/resturantOS/frappe-bench/apps/frappe/frappe/__init__.py", line 876, in get_pymodule_path
    return abspath(join(dirname(get_module(scrub(modulename)).__file__ or ""), *joins))
                                ^^^^^^^^^^^^^^^^^^^^^^^^^^^^^
  File "/Users/user/Documents/resturantOS/frappe-bench/apps/frappe/frappe/__init__.py", line 817, in get_module
    return importlib.import_module(modulename)
           ^^^^^^^^^^^^^^^^^^^^^^^^^^^^^^^^^^^
  File "/usr/local/Cellar/python@3.12/3.12.11_1/Frameworks/Python.framework/Versions/3.12/lib/python3.12/importlib/__init__.py", line 90, in import_module
    return _bootstrap._gcd_import(name[level:], package, level)
           ^^^^^^^^^^^^^^^^^^^^^^^^^^^^^^^^^^^^^^^^^^^^^^^^^^^^
  File "<frozen importlib._bootstrap>", line 1387, in _gcd_import
  File "<frozen importlib._bootstrap>", line 1360, in _find_and_load
  File "<frozen importlib._bootstrap>", line 1324, in _find_and_load_unlocked
ModuleNotFoundError: No module named 'education'

/Users/user/Documents/resturantOS/frappe-bench/env/lib/python3.12/site-packages/rq/worker.py:1302: DeprecationWarning: This process (pid=27389) is multi-threaded, use of fork() may lead to deadlocks in the child.
  child_pid = os.fork()
2025-09-28 01:12:32,257 [Job hrms.localhost||966958fd-7dc8-4d41-85f7-f86497b384d6]: exception raised while executing (frappe.utils.background_jobs.execute_job)
Traceback (most recent call last):
  File "/Users/user/Documents/resturantOS/frappe-bench/env/lib/python3.12/site-packages/rq/worker.py", line 1643, in perform_job
    return_value = job.perform()
                   ^^^^^^^^^^^^^
  File "/Users/user/Documents/resturantOS/frappe-bench/env/lib/python3.12/site-packages/rq/job.py", line 1359, in perform
    self._result = self._execute()
                   ^^^^^^^^^^^^^^^
  File "/Users/user/Documents/resturantOS/frappe-bench/env/lib/python3.12/site-packages/rq/job.py", line 1393, in _execute
    result = self.func(*self.args, **self.kwargs)
             ^^^^^^^^^^^^^^^^^^^^^^^^^^^^^^^^^^^^
  File "/Users/user/Documents/resturantOS/frappe-bench/apps/frappe/frappe/utils/background_jobs.py", line 243, in execute_job
    frappe.init(site, force=True)
  File "/Users/user/Documents/resturantOS/frappe-bench/apps/frappe/frappe/__init__.py", line 208, in init
    setup_module_map(include_all_apps=not (frappe.request or frappe.job or frappe.flags.in_migrate))
  File "/Users/user/Documents/resturantOS/frappe-bench/apps/frappe/frappe/__init__.py", line 1040, in setup_module_map
    for module in get_module_list(app):
                  ^^^^^^^^^^^^^^^^^^^^
  File "/Users/user/Documents/resturantOS/frappe-bench/apps/frappe/frappe/__init__.py", line 881, in get_module_list
    return get_file_items(get_app_path(app_name, "modules.txt"))
                          ^^^^^^^^^^^^^^^^^^^^^^^^^^^^^^^^^^^^^
  File "/Users/user/Documents/resturantOS/frappe-bench/apps/frappe/frappe/__init__.py", line 846, in get_app_path
    return get_pymodule_path(app_name, *joins)
           ^^^^^^^^^^^^^^^^^^^^^^^^^^^^^^^^^^^
  File "/Users/user/Documents/resturantOS/frappe-bench/apps/frappe/frappe/__init__.py", line 876, in get_pymodule_path
    return abspath(join(dirname(get_module(scrub(modulename)).__file__ or ""), *joins))
                                ^^^^^^^^^^^^^^^^^^^^^^^^^^^^^
  File "/Users/user/Documents/resturantOS/frappe-bench/apps/frappe/frappe/__init__.py", line 817, in get_module
    return importlib.import_module(modulename)
           ^^^^^^^^^^^^^^^^^^^^^^^^^^^^^^^^^^^
  File "/usr/local/Cellar/python@3.12/3.12.11_1/Frameworks/Python.framework/Versions/3.12/lib/python3.12/importlib/__init__.py", line 90, in import_module
    return _bootstrap._gcd_import(name[level:], package, level)
           ^^^^^^^^^^^^^^^^^^^^^^^^^^^^^^^^^^^^^^^^^^^^^^^^^^^^
  File "<frozen importlib._bootstrap>", line 1387, in _gcd_import
  File "<frozen importlib._bootstrap>", line 1360, in _find_and_load
  File "<frozen importlib._bootstrap>", line 1324, in _find_and_load_unlocked
ModuleNotFoundError: No module named 'education'

/Users/user/Documents/resturantOS/frappe-bench/env/lib/python3.12/site-packages/rq/worker.py:1302: DeprecationWarning: This process (pid=27389) is multi-threaded, use of fork() may lead to deadlocks in the child.
  child_pid = os.fork()
2025-09-28 01:12:32,293 [Job hrms.localhost||43c19f06-a875-485c-b4a1-dff2ac3eceb4]: exception raised while executing (frappe.utils.background_jobs.execute_job)
Traceback (most recent call last):
  File "/Users/user/Documents/resturantOS/frappe-bench/env/lib/python3.12/site-packages/rq/worker.py", line 1643, in perform_job
    return_value = job.perform()
                   ^^^^^^^^^^^^^
  File "/Users/user/Documents/resturantOS/frappe-bench/env/lib/python3.12/site-packages/rq/job.py", line 1359, in perform
    self._result = self._execute()
                   ^^^^^^^^^^^^^^^
  File "/Users/user/Documents/resturantOS/frappe-bench/env/lib/python3.12/site-packages/rq/job.py", line 1393, in _execute
    result = self.func(*self.args, **self.kwargs)
             ^^^^^^^^^^^^^^^^^^^^^^^^^^^^^^^^^^^^
  File "/Users/user/Documents/resturantOS/frappe-bench/apps/frappe/frappe/utils/background_jobs.py", line 243, in execute_job
    frappe.init(site, force=True)
  File "/Users/user/Documents/resturantOS/frappe-bench/apps/frappe/frappe/__init__.py", line 208, in init
    setup_module_map(include_all_apps=not (frappe.request or frappe.job or frappe.flags.in_migrate))
  File "/Users/user/Documents/resturantOS/frappe-bench/apps/frappe/frappe/__init__.py", line 1040, in setup_module_map
    for module in get_module_list(app):
                  ^^^^^^^^^^^^^^^^^^^^
  File "/Users/user/Documents/resturantOS/frappe-bench/apps/frappe/frappe/__init__.py", line 881, in get_module_list
    return get_file_items(get_app_path(app_name, "modules.txt"))
                          ^^^^^^^^^^^^^^^^^^^^^^^^^^^^^^^^^^^^^
  File "/Users/user/Documents/resturantOS/frappe-bench/apps/frappe/frappe/__init__.py", line 846, in get_app_path
    return get_pymodule_path(app_name, *joins)
           ^^^^^^^^^^^^^^^^^^^^^^^^^^^^^^^^^^^
  File "/Users/user/Documents/resturantOS/frappe-bench/apps/frappe/frappe/__init__.py", line 876, in get_pymodule_path
    return abspath(join(dirname(get_module(scrub(modulename)).__file__ or ""), *joins))
                                ^^^^^^^^^^^^^^^^^^^^^^^^^^^^^
  File "/Users/user/Documents/resturantOS/frappe-bench/apps/frappe/frappe/__init__.py", line 817, in get_module
    return importlib.import_module(modulename)
           ^^^^^^^^^^^^^^^^^^^^^^^^^^^^^^^^^^^
  File "/usr/local/Cellar/python@3.12/3.12.11_1/Frameworks/Python.framework/Versions/3.12/lib/python3.12/importlib/__init__.py", line 90, in import_module
    return _bootstrap._gcd_import(name[level:], package, level)
           ^^^^^^^^^^^^^^^^^^^^^^^^^^^^^^^^^^^^^^^^^^^^^^^^^^^^
  File "<frozen importlib._bootstrap>", line 1387, in _gcd_import
  File "<frozen importlib._bootstrap>", line 1360, in _find_and_load
  File "<frozen importlib._bootstrap>", line 1324, in _find_and_load_unlocked
ModuleNotFoundError: No module named 'education'

/Users/user/Documents/resturantOS/frappe-bench/env/lib/python3.12/site-packages/rq/worker.py:1302: DeprecationWarning: This process (pid=27389) is multi-threaded, use of fork() may lead to deadlocks in the child.
  child_pid = os.fork()
2025-09-28 01:12:32,326 [Job hrms.localhost||42c80ea8-89f3-47a4-ad2b-b6a172cfdf1c]: exception raised while executing (frappe.utils.background_jobs.execute_job)
Traceback (most recent call last):
  File "/Users/user/Documents/resturantOS/frappe-bench/env/lib/python3.12/site-packages/rq/worker.py", line 1643, in perform_job
    return_value = job.perform()
                   ^^^^^^^^^^^^^
  File "/Users/user/Documents/resturantOS/frappe-bench/env/lib/python3.12/site-packages/rq/job.py", line 1359, in perform
    self._result = self._execute()
                   ^^^^^^^^^^^^^^^
  File "/Users/user/Documents/resturantOS/frappe-bench/env/lib/python3.12/site-packages/rq/job.py", line 1393, in _execute
    result = self.func(*self.args, **self.kwargs)
             ^^^^^^^^^^^^^^^^^^^^^^^^^^^^^^^^^^^^
  File "/Users/user/Documents/resturantOS/frappe-bench/apps/frappe/frappe/utils/background_jobs.py", line 243, in execute_job
    frappe.init(site, force=True)
  File "/Users/user/Documents/resturantOS/frappe-bench/apps/frappe/frappe/__init__.py", line 208, in init
    setup_module_map(include_all_apps=not (frappe.request or frappe.job or frappe.flags.in_migrate))
  File "/Users/user/Documents/resturantOS/frappe-bench/apps/frappe/frappe/__init__.py", line 1040, in setup_module_map
    for module in get_module_list(app):
                  ^^^^^^^^^^^^^^^^^^^^
  File "/Users/user/Documents/resturantOS/frappe-bench/apps/frappe/frappe/__init__.py", line 881, in get_module_list
    return get_file_items(get_app_path(app_name, "modules.txt"))
                          ^^^^^^^^^^^^^^^^^^^^^^^^^^^^^^^^^^^^^
  File "/Users/user/Documents/resturantOS/frappe-bench/apps/frappe/frappe/__init__.py", line 846, in get_app_path
    return get_pymodule_path(app_name, *joins)
           ^^^^^^^^^^^^^^^^^^^^^^^^^^^^^^^^^^^
  File "/Users/user/Documents/resturantOS/frappe-bench/apps/frappe/frappe/__init__.py", line 876, in get_pymodule_path
    return abspath(join(dirname(get_module(scrub(modulename)).__file__ or ""), *joins))
                                ^^^^^^^^^^^^^^^^^^^^^^^^^^^^^
  File "/Users/user/Documents/resturantOS/frappe-bench/apps/frappe/frappe/__init__.py", line 817, in get_module
    return importlib.import_module(modulename)
           ^^^^^^^^^^^^^^^^^^^^^^^^^^^^^^^^^^^
  File "/usr/local/Cellar/python@3.12/3.12.11_1/Frameworks/Python.framework/Versions/3.12/lib/python3.12/importlib/__init__.py", line 90, in import_module
    return _bootstrap._gcd_import(name[level:], package, level)
           ^^^^^^^^^^^^^^^^^^^^^^^^^^^^^^^^^^^^^^^^^^^^^^^^^^^^
  File "<frozen importlib._bootstrap>", line 1387, in _gcd_import
  File "<frozen importlib._bootstrap>", line 1360, in _find_and_load
  File "<frozen importlib._bootstrap>", line 1324, in _find_and_load_unlocked
ModuleNotFoundError: No module named 'education'

/Users/user/Documents/resturantOS/frappe-bench/env/lib/python3.12/site-packages/rq/worker.py:1302: DeprecationWarning: This process (pid=27389) is multi-threaded, use of fork() may lead to deadlocks in the child.
  child_pid = os.fork()
2025-09-28 01:12:32,358 [Job hrms.localhost||ae10d229-dde7-47d4-964d-4c893f14a0fc]: exception raised while executing (frappe.utils.background_jobs.execute_job)
Traceback (most recent call last):
  File "/Users/user/Documents/resturantOS/frappe-bench/env/lib/python3.12/site-packages/rq/worker.py", line 1643, in perform_job
    return_value = job.perform()
                   ^^^^^^^^^^^^^
  File "/Users/user/Documents/resturantOS/frappe-bench/env/lib/python3.12/site-packages/rq/job.py", line 1359, in perform
    self._result = self._execute()
                   ^^^^^^^^^^^^^^^
  File "/Users/user/Documents/resturantOS/frappe-bench/env/lib/python3.12/site-packages/rq/job.py", line 1393, in _execute
    result = self.func(*self.args, **self.kwargs)
             ^^^^^^^^^^^^^^^^^^^^^^^^^^^^^^^^^^^^
  File "/Users/user/Documents/resturantOS/frappe-bench/apps/frappe/frappe/utils/background_jobs.py", line 243, in execute_job
    frappe.init(site, force=True)
  File "/Users/user/Documents/resturantOS/frappe-bench/apps/frappe/frappe/__init__.py", line 208, in init
    setup_module_map(include_all_apps=not (frappe.request or frappe.job or frappe.flags.in_migrate))
  File "/Users/user/Documents/resturantOS/frappe-bench/apps/frappe/frappe/__init__.py", line 1040, in setup_module_map
    for module in get_module_list(app):
                  ^^^^^^^^^^^^^^^^^^^^
  File "/Users/user/Documents/resturantOS/frappe-bench/apps/frappe/frappe/__init__.py", line 881, in get_module_list
    return get_file_items(get_app_path(app_name, "modules.txt"))
                          ^^^^^^^^^^^^^^^^^^^^^^^^^^^^^^^^^^^^^
  File "/Users/user/Documents/resturantOS/frappe-bench/apps/frappe/frappe/__init__.py", line 846, in get_app_path
    return get_pymodule_path(app_name, *joins)
           ^^^^^^^^^^^^^^^^^^^^^^^^^^^^^^^^^^^
  File "/Users/user/Documents/resturantOS/frappe-bench/apps/frappe/frappe/__init__.py", line 876, in get_pymodule_path
    return abspath(join(dirname(get_module(scrub(modulename)).__file__ or ""), *joins))
                                ^^^^^^^^^^^^^^^^^^^^^^^^^^^^^
  File "/Users/user/Documents/resturantOS/frappe-bench/apps/frappe/frappe/__init__.py", line 817, in get_module
    return importlib.import_module(modulename)
           ^^^^^^^^^^^^^^^^^^^^^^^^^^^^^^^^^^^
  File "/usr/local/Cellar/python@3.12/3.12.11_1/Frameworks/Python.framework/Versions/3.12/lib/python3.12/importlib/__init__.py", line 90, in import_module
    return _bootstrap._gcd_import(name[level:], package, level)
           ^^^^^^^^^^^^^^^^^^^^^^^^^^^^^^^^^^^^^^^^^^^^^^^^^^^^
  File "<frozen importlib._bootstrap>", line 1387, in _gcd_import
  File "<frozen importlib._bootstrap>", line 1360, in _find_and_load
  File "<frozen importlib._bootstrap>", line 1324, in _find_and_load_unlocked
ModuleNotFoundError: No module named 'education'

/Users/user/Documents/resturantOS/frappe-bench/env/lib/python3.12/site-packages/rq/worker.py:1302: DeprecationWarning: This process (pid=27389) is multi-threaded, use of fork() may lead to deadlocks in the child.
  child_pid = os.fork()
2025-09-28 01:12:32,391 [Job hrms.localhost||ac681e91-79ba-412a-a83c-47256931f0f7]: exception raised while executing (frappe.utils.background_jobs.execute_job)
Traceback (most recent call last):
  File "/Users/user/Documents/resturantOS/frappe-bench/env/lib/python3.12/site-packages/rq/worker.py", line 1643, in perform_job
    return_value = job.perform()
                   ^^^^^^^^^^^^^
  File "/Users/user/Documents/resturantOS/frappe-bench/env/lib/python3.12/site-packages/rq/job.py", line 1359, in perform
    self._result = self._execute()
                   ^^^^^^^^^^^^^^^
  File "/Users/user/Documents/resturantOS/frappe-bench/env/lib/python3.12/site-packages/rq/job.py", line 1393, in _execute
    result = self.func(*self.args, **self.kwargs)
             ^^^^^^^^^^^^^^^^^^^^^^^^^^^^^^^^^^^^
  File "/Users/user/Documents/resturantOS/frappe-bench/apps/frappe/frappe/utils/background_jobs.py", line 243, in execute_job
    frappe.init(site, force=True)
  File "/Users/user/Documents/resturantOS/frappe-bench/apps/frappe/frappe/__init__.py", line 208, in init
    setup_module_map(include_all_apps=not (frappe.request or frappe.job or frappe.flags.in_migrate))
  File "/Users/user/Documents/resturantOS/frappe-bench/apps/frappe/frappe/__init__.py", line 1040, in setup_module_map
    for module in get_module_list(app):
                  ^^^^^^^^^^^^^^^^^^^^
  File "/Users/user/Documents/resturantOS/frappe-bench/apps/frappe/frappe/__init__.py", line 881, in get_module_list
    return get_file_items(get_app_path(app_name, "modules.txt"))
                          ^^^^^^^^^^^^^^^^^^^^^^^^^^^^^^^^^^^^^
  File "/Users/user/Documents/resturantOS/frappe-bench/apps/frappe/frappe/__init__.py", line 846, in get_app_path
    return get_pymodule_path(app_name, *joins)
           ^^^^^^^^^^^^^^^^^^^^^^^^^^^^^^^^^^^
  File "/Users/user/Documents/resturantOS/frappe-bench/apps/frappe/frappe/__init__.py", line 876, in get_pymodule_path
    return abspath(join(dirname(get_module(scrub(modulename)).__file__ or ""), *joins))
                                ^^^^^^^^^^^^^^^^^^^^^^^^^^^^^
  File "/Users/user/Documents/resturantOS/frappe-bench/apps/frappe/frappe/__init__.py", line 817, in get_module
    return importlib.import_module(modulename)
           ^^^^^^^^^^^^^^^^^^^^^^^^^^^^^^^^^^^
  File "/usr/local/Cellar/python@3.12/3.12.11_1/Frameworks/Python.framework/Versions/3.12/lib/python3.12/importlib/__init__.py", line 90, in import_module
    return _bootstrap._gcd_import(name[level:], package, level)
           ^^^^^^^^^^^^^^^^^^^^^^^^^^^^^^^^^^^^^^^^^^^^^^^^^^^^
  File "<frozen importlib._bootstrap>", line 1387, in _gcd_import
  File "<frozen importlib._bootstrap>", line 1360, in _find_and_load
  File "<frozen importlib._bootstrap>", line 1324, in _find_and_load_unlocked
ModuleNotFoundError: No module named 'education'

/Users/user/Documents/resturantOS/frappe-bench/env/lib/python3.12/site-packages/rq/worker.py:1302: DeprecationWarning: This process (pid=27389) is multi-threaded, use of fork() may lead to deadlocks in the child.
  child_pid = os.fork()
2025-09-28 01:12:32,423 [Job hrms.localhost||86f223a2-56f0-4248-9bdc-6e6e13eba898]: exception raised while executing (frappe.utils.background_jobs.execute_job)
Traceback (most recent call last):
  File "/Users/user/Documents/resturantOS/frappe-bench/env/lib/python3.12/site-packages/rq/worker.py", line 1643, in perform_job
    return_value = job.perform()
                   ^^^^^^^^^^^^^
  File "/Users/user/Documents/resturantOS/frappe-bench/env/lib/python3.12/site-packages/rq/job.py", line 1359, in perform
    self._result = self._execute()
                   ^^^^^^^^^^^^^^^
  File "/Users/user/Documents/resturantOS/frappe-bench/env/lib/python3.12/site-packages/rq/job.py", line 1393, in _execute
    result = self.func(*self.args, **self.kwargs)
             ^^^^^^^^^^^^^^^^^^^^^^^^^^^^^^^^^^^^
  File "/Users/user/Documents/resturantOS/frappe-bench/apps/frappe/frappe/utils/background_jobs.py", line 243, in execute_job
    frappe.init(site, force=True)
  File "/Users/user/Documents/resturantOS/frappe-bench/apps/frappe/frappe/__init__.py", line 208, in init
    setup_module_map(include_all_apps=not (frappe.request or frappe.job or frappe.flags.in_migrate))
  File "/Users/user/Documents/resturantOS/frappe-bench/apps/frappe/frappe/__init__.py", line 1040, in setup_module_map
    for module in get_module_list(app):
                  ^^^^^^^^^^^^^^^^^^^^
  File "/Users/user/Documents/resturantOS/frappe-bench/apps/frappe/frappe/__init__.py", line 881, in get_module_list
    return get_file_items(get_app_path(app_name, "modules.txt"))
                          ^^^^^^^^^^^^^^^^^^^^^^^^^^^^^^^^^^^^^
  File "/Users/user/Documents/resturantOS/frappe-bench/apps/frappe/frappe/__init__.py", line 846, in get_app_path
    return get_pymodule_path(app_name, *joins)
           ^^^^^^^^^^^^^^^^^^^^^^^^^^^^^^^^^^^
  File "/Users/user/Documents/resturantOS/frappe-bench/apps/frappe/frappe/__init__.py", line 876, in get_pymodule_path
    return abspath(join(dirname(get_module(scrub(modulename)).__file__ or ""), *joins))
                                ^^^^^^^^^^^^^^^^^^^^^^^^^^^^^
  File "/Users/user/Documents/resturantOS/frappe-bench/apps/frappe/frappe/__init__.py", line 817, in get_module
    return importlib.import_module(modulename)
           ^^^^^^^^^^^^^^^^^^^^^^^^^^^^^^^^^^^
  File "/usr/local/Cellar/python@3.12/3.12.11_1/Frameworks/Python.framework/Versions/3.12/lib/python3.12/importlib/__init__.py", line 90, in import_module
    return _bootstrap._gcd_import(name[level:], package, level)
           ^^^^^^^^^^^^^^^^^^^^^^^^^^^^^^^^^^^^^^^^^^^^^^^^^^^^
  File "<frozen importlib._bootstrap>", line 1387, in _gcd_import
  File "<frozen importlib._bootstrap>", line 1360, in _find_and_load
  File "<frozen importlib._bootstrap>", line 1324, in _find_and_load_unlocked
ModuleNotFoundError: No module named 'education'

/Users/user/Documents/resturantOS/frappe-bench/env/lib/python3.12/site-packages/rq/worker.py:1302: DeprecationWarning: This process (pid=27389) is multi-threaded, use of fork() may lead to deadlocks in the child.
  child_pid = os.fork()
2025-09-28 01:12:32,456 [Job hrms.localhost||da5036c3-b631-44a9-a3f0-67eabec759b1]: exception raised while executing (frappe.utils.background_jobs.execute_job)
Traceback (most recent call last):
  File "/Users/user/Documents/resturantOS/frappe-bench/env/lib/python3.12/site-packages/rq/worker.py", line 1643, in perform_job
    return_value = job.perform()
                   ^^^^^^^^^^^^^
  File "/Users/user/Documents/resturantOS/frappe-bench/env/lib/python3.12/site-packages/rq/job.py", line 1359, in perform
    self._result = self._execute()
                   ^^^^^^^^^^^^^^^
  File "/Users/user/Documents/resturantOS/frappe-bench/env/lib/python3.12/site-packages/rq/job.py", line 1393, in _execute
    result = self.func(*self.args, **self.kwargs)
             ^^^^^^^^^^^^^^^^^^^^^^^^^^^^^^^^^^^^
  File "/Users/user/Documents/resturantOS/frappe-bench/apps/frappe/frappe/utils/background_jobs.py", line 243, in execute_job
    frappe.init(site, force=True)
  File "/Users/user/Documents/resturantOS/frappe-bench/apps/frappe/frappe/__init__.py", line 208, in init
    setup_module_map(include_all_apps=not (frappe.request or frappe.job or frappe.flags.in_migrate))
  File "/Users/user/Documents/resturantOS/frappe-bench/apps/frappe/frappe/__init__.py", line 1040, in setup_module_map
    for module in get_module_list(app):
                  ^^^^^^^^^^^^^^^^^^^^
  File "/Users/user/Documents/resturantOS/frappe-bench/apps/frappe/frappe/__init__.py", line 881, in get_module_list
    return get_file_items(get_app_path(app_name, "modules.txt"))
                          ^^^^^^^^^^^^^^^^^^^^^^^^^^^^^^^^^^^^^
  File "/Users/user/Documents/resturantOS/frappe-bench/apps/frappe/frappe/__init__.py", line 846, in get_app_path
    return get_pymodule_path(app_name, *joins)
           ^^^^^^^^^^^^^^^^^^^^^^^^^^^^^^^^^^^
  File "/Users/user/Documents/resturantOS/frappe-bench/apps/frappe/frappe/__init__.py", line 876, in get_pymodule_path
    return abspath(join(dirname(get_module(scrub(modulename)).__file__ or ""), *joins))
                                ^^^^^^^^^^^^^^^^^^^^^^^^^^^^^
  File "/Users/user/Documents/resturantOS/frappe-bench/apps/frappe/frappe/__init__.py", line 817, in get_module
    return importlib.import_module(modulename)
           ^^^^^^^^^^^^^^^^^^^^^^^^^^^^^^^^^^^
  File "/usr/local/Cellar/python@3.12/3.12.11_1/Frameworks/Python.framework/Versions/3.12/lib/python3.12/importlib/__init__.py", line 90, in import_module
    return _bootstrap._gcd_import(name[level:], package, level)
           ^^^^^^^^^^^^^^^^^^^^^^^^^^^^^^^^^^^^^^^^^^^^^^^^^^^^
  File "<frozen importlib._bootstrap>", line 1387, in _gcd_import
  File "<frozen importlib._bootstrap>", line 1360, in _find_and_load
  File "<frozen importlib._bootstrap>", line 1324, in _find_and_load_unlocked
ModuleNotFoundError: No module named 'education'

/Users/user/Documents/resturantOS/frappe-bench/env/lib/python3.12/site-packages/rq/worker.py:1302: DeprecationWarning: This process (pid=27389) is multi-threaded, use of fork() may lead to deadlocks in the child.
  child_pid = os.fork()
2025-09-28 01:12:32,491 [Job hrms.localhost||1d940928-b83e-43b0-8fb8-0ff037ff98c4]: exception raised while executing (frappe.utils.background_jobs.execute_job)
Traceback (most recent call last):
  File "/Users/user/Documents/resturantOS/frappe-bench/env/lib/python3.12/site-packages/rq/worker.py", line 1643, in perform_job
    return_value = job.perform()
                   ^^^^^^^^^^^^^
  File "/Users/user/Documents/resturantOS/frappe-bench/env/lib/python3.12/site-packages/rq/job.py", line 1359, in perform
    self._result = self._execute()
                   ^^^^^^^^^^^^^^^
  File "/Users/user/Documents/resturantOS/frappe-bench/env/lib/python3.12/site-packages/rq/job.py", line 1393, in _execute
    result = self.func(*self.args, **self.kwargs)
             ^^^^^^^^^^^^^^^^^^^^^^^^^^^^^^^^^^^^
  File "/Users/user/Documents/resturantOS/frappe-bench/apps/frappe/frappe/utils/background_jobs.py", line 243, in execute_job
    frappe.init(site, force=True)
  File "/Users/user/Documents/resturantOS/frappe-bench/apps/frappe/frappe/__init__.py", line 208, in init
    setup_module_map(include_all_apps=not (frappe.request or frappe.job or frappe.flags.in_migrate))
  File "/Users/user/Documents/resturantOS/frappe-bench/apps/frappe/frappe/__init__.py", line 1040, in setup_module_map
    for module in get_module_list(app):
                  ^^^^^^^^^^^^^^^^^^^^
  File "/Users/user/Documents/resturantOS/frappe-bench/apps/frappe/frappe/__init__.py", line 881, in get_module_list
    return get_file_items(get_app_path(app_name, "modules.txt"))
                          ^^^^^^^^^^^^^^^^^^^^^^^^^^^^^^^^^^^^^
  File "/Users/user/Documents/resturantOS/frappe-bench/apps/frappe/frappe/__init__.py", line 846, in get_app_path
    return get_pymodule_path(app_name, *joins)
           ^^^^^^^^^^^^^^^^^^^^^^^^^^^^^^^^^^^
  File "/Users/user/Documents/resturantOS/frappe-bench/apps/frappe/frappe/__init__.py", line 876, in get_pymodule_path
    return abspath(join(dirname(get_module(scrub(modulename)).__file__ or ""), *joins))
                                ^^^^^^^^^^^^^^^^^^^^^^^^^^^^^
  File "/Users/user/Documents/resturantOS/frappe-bench/apps/frappe/frappe/__init__.py", line 817, in get_module
    return importlib.import_module(modulename)
           ^^^^^^^^^^^^^^^^^^^^^^^^^^^^^^^^^^^
  File "/usr/local/Cellar/python@3.12/3.12.11_1/Frameworks/Python.framework/Versions/3.12/lib/python3.12/importlib/__init__.py", line 90, in import_module
    return _bootstrap._gcd_import(name[level:], package, level)
           ^^^^^^^^^^^^^^^^^^^^^^^^^^^^^^^^^^^^^^^^^^^^^^^^^^^^
  File "<frozen importlib._bootstrap>", line 1387, in _gcd_import
  File "<frozen importlib._bootstrap>", line 1360, in _find_and_load
  File "<frozen importlib._bootstrap>", line 1324, in _find_and_load_unlocked
ModuleNotFoundError: No module named 'education'

/Users/user/Documents/resturantOS/frappe-bench/env/lib/python3.12/site-packages/rq/worker.py:1302: DeprecationWarning: This process (pid=27389) is multi-threaded, use of fork() may lead to deadlocks in the child.
  child_pid = os.fork()
2025-09-28 01:12:32,523 [Job hrms.localhost||18f6d1fa-2452-4cdc-8e43-3c72473a0382]: exception raised while executing (frappe.utils.background_jobs.execute_job)
Traceback (most recent call last):
  File "/Users/user/Documents/resturantOS/frappe-bench/env/lib/python3.12/site-packages/rq/worker.py", line 1643, in perform_job
    return_value = job.perform()
                   ^^^^^^^^^^^^^
  File "/Users/user/Documents/resturantOS/frappe-bench/env/lib/python3.12/site-packages/rq/job.py", line 1359, in perform
    self._result = self._execute()
                   ^^^^^^^^^^^^^^^
  File "/Users/user/Documents/resturantOS/frappe-bench/env/lib/python3.12/site-packages/rq/job.py", line 1393, in _execute
    result = self.func(*self.args, **self.kwargs)
             ^^^^^^^^^^^^^^^^^^^^^^^^^^^^^^^^^^^^
  File "/Users/user/Documents/resturantOS/frappe-bench/apps/frappe/frappe/utils/background_jobs.py", line 243, in execute_job
    frappe.init(site, force=True)
  File "/Users/user/Documents/resturantOS/frappe-bench/apps/frappe/frappe/__init__.py", line 208, in init
    setup_module_map(include_all_apps=not (frappe.request or frappe.job or frappe.flags.in_migrate))
  File "/Users/user/Documents/resturantOS/frappe-bench/apps/frappe/frappe/__init__.py", line 1040, in setup_module_map
    for module in get_module_list(app):
                  ^^^^^^^^^^^^^^^^^^^^
  File "/Users/user/Documents/resturantOS/frappe-bench/apps/frappe/frappe/__init__.py", line 881, in get_module_list
    return get_file_items(get_app_path(app_name, "modules.txt"))
                          ^^^^^^^^^^^^^^^^^^^^^^^^^^^^^^^^^^^^^
  File "/Users/user/Documents/resturantOS/frappe-bench/apps/frappe/frappe/__init__.py", line 846, in get_app_path
    return get_pymodule_path(app_name, *joins)
           ^^^^^^^^^^^^^^^^^^^^^^^^^^^^^^^^^^^
  File "/Users/user/Documents/resturantOS/frappe-bench/apps/frappe/frappe/__init__.py", line 876, in get_pymodule_path
    return abspath(join(dirname(get_module(scrub(modulename)).__file__ or ""), *joins))
                                ^^^^^^^^^^^^^^^^^^^^^^^^^^^^^
  File "/Users/user/Documents/resturantOS/frappe-bench/apps/frappe/frappe/__init__.py", line 817, in get_module
    return importlib.import_module(modulename)
           ^^^^^^^^^^^^^^^^^^^^^^^^^^^^^^^^^^^
  File "/usr/local/Cellar/python@3.12/3.12.11_1/Frameworks/Python.framework/Versions/3.12/lib/python3.12/importlib/__init__.py", line 90, in import_module
    return _bootstrap._gcd_import(name[level:], package, level)
           ^^^^^^^^^^^^^^^^^^^^^^^^^^^^^^^^^^^^^^^^^^^^^^^^^^^^
  File "<frozen importlib._bootstrap>", line 1387, in _gcd_import
  File "<frozen importlib._bootstrap>", line 1360, in _find_and_load
  File "<frozen importlib._bootstrap>", line 1324, in _find_and_load_unlocked
ModuleNotFoundError: No module named 'education'

/Users/user/Documents/resturantOS/frappe-bench/env/lib/python3.12/site-packages/rq/worker.py:1302: DeprecationWarning: This process (pid=27389) is multi-threaded, use of fork() may lead to deadlocks in the child.
  child_pid = os.fork()
2025-09-28 01:12:32,556 [Job hrms.localhost||042acc98-2ebe-4ff8-bca2-55932ff67f14]: exception raised while executing (frappe.utils.background_jobs.execute_job)
Traceback (most recent call last):
  File "/Users/user/Documents/resturantOS/frappe-bench/env/lib/python3.12/site-packages/rq/worker.py", line 1643, in perform_job
    return_value = job.perform()
                   ^^^^^^^^^^^^^
  File "/Users/user/Documents/resturantOS/frappe-bench/env/lib/python3.12/site-packages/rq/job.py", line 1359, in perform
    self._result = self._execute()
                   ^^^^^^^^^^^^^^^
  File "/Users/user/Documents/resturantOS/frappe-bench/env/lib/python3.12/site-packages/rq/job.py", line 1393, in _execute
    result = self.func(*self.args, **self.kwargs)
             ^^^^^^^^^^^^^^^^^^^^^^^^^^^^^^^^^^^^
  File "/Users/user/Documents/resturantOS/frappe-bench/apps/frappe/frappe/utils/background_jobs.py", line 243, in execute_job
    frappe.init(site, force=True)
  File "/Users/user/Documents/resturantOS/frappe-bench/apps/frappe/frappe/__init__.py", line 208, in init
    setup_module_map(include_all_apps=not (frappe.request or frappe.job or frappe.flags.in_migrate))
  File "/Users/user/Documents/resturantOS/frappe-bench/apps/frappe/frappe/__init__.py", line 1040, in setup_module_map
    for module in get_module_list(app):
                  ^^^^^^^^^^^^^^^^^^^^
  File "/Users/user/Documents/resturantOS/frappe-bench/apps/frappe/frappe/__init__.py", line 881, in get_module_list
    return get_file_items(get_app_path(app_name, "modules.txt"))
                          ^^^^^^^^^^^^^^^^^^^^^^^^^^^^^^^^^^^^^
  File "/Users/user/Documents/resturantOS/frappe-bench/apps/frappe/frappe/__init__.py", line 846, in get_app_path
    return get_pymodule_path(app_name, *joins)
           ^^^^^^^^^^^^^^^^^^^^^^^^^^^^^^^^^^^
  File "/Users/user/Documents/resturantOS/frappe-bench/apps/frappe/frappe/__init__.py", line 876, in get_pymodule_path
    return abspath(join(dirname(get_module(scrub(modulename)).__file__ or ""), *joins))
                                ^^^^^^^^^^^^^^^^^^^^^^^^^^^^^
  File "/Users/user/Documents/resturantOS/frappe-bench/apps/frappe/frappe/__init__.py", line 817, in get_module
    return importlib.import_module(modulename)
           ^^^^^^^^^^^^^^^^^^^^^^^^^^^^^^^^^^^
  File "/usr/local/Cellar/python@3.12/3.12.11_1/Frameworks/Python.framework/Versions/3.12/lib/python3.12/importlib/__init__.py", line 90, in import_module
    return _bootstrap._gcd_import(name[level:], package, level)
           ^^^^^^^^^^^^^^^^^^^^^^^^^^^^^^^^^^^^^^^^^^^^^^^^^^^^
  File "<frozen importlib._bootstrap>", line 1387, in _gcd_import
  File "<frozen importlib._bootstrap>", line 1360, in _find_and_load
  File "<frozen importlib._bootstrap>", line 1324, in _find_and_load_unlocked
ModuleNotFoundError: No module named 'education'

/Users/user/Documents/resturantOS/frappe-bench/env/lib/python3.12/site-packages/rq/worker.py:1302: DeprecationWarning: This process (pid=27389) is multi-threaded, use of fork() may lead to deadlocks in the child.
  child_pid = os.fork()
2025-09-28 01:12:32,589 [Job hrms.localhost||d10b9083-fce7-4e52-8d23-c88829e672cd]: exception raised while executing (frappe.utils.background_jobs.execute_job)
Traceback (most recent call last):
  File "/Users/user/Documents/resturantOS/frappe-bench/env/lib/python3.12/site-packages/rq/worker.py", line 1643, in perform_job
    return_value = job.perform()
                   ^^^^^^^^^^^^^
  File "/Users/user/Documents/resturantOS/frappe-bench/env/lib/python3.12/site-packages/rq/job.py", line 1359, in perform
    self._result = self._execute()
                   ^^^^^^^^^^^^^^^
  File "/Users/user/Documents/resturantOS/frappe-bench/env/lib/python3.12/site-packages/rq/job.py", line 1393, in _execute
    result = self.func(*self.args, **self.kwargs)
             ^^^^^^^^^^^^^^^^^^^^^^^^^^^^^^^^^^^^
  File "/Users/user/Documents/resturantOS/frappe-bench/apps/frappe/frappe/utils/background_jobs.py", line 243, in execute_job
    frappe.init(site, force=True)
  File "/Users/user/Documents/resturantOS/frappe-bench/apps/frappe/frappe/__init__.py", line 208, in init
    setup_module_map(include_all_apps=not (frappe.request or frappe.job or frappe.flags.in_migrate))
  File "/Users/user/Documents/resturantOS/frappe-bench/apps/frappe/frappe/__init__.py", line 1040, in setup_module_map
    for module in get_module_list(app):
                  ^^^^^^^^^^^^^^^^^^^^
  File "/Users/user/Documents/resturantOS/frappe-bench/apps/frappe/frappe/__init__.py", line 881, in get_module_list
    return get_file_items(get_app_path(app_name, "modules.txt"))
                          ^^^^^^^^^^^^^^^^^^^^^^^^^^^^^^^^^^^^^
  File "/Users/user/Documents/resturantOS/frappe-bench/apps/frappe/frappe/__init__.py", line 846, in get_app_path
    return get_pymodule_path(app_name, *joins)
           ^^^^^^^^^^^^^^^^^^^^^^^^^^^^^^^^^^^
  File "/Users/user/Documents/resturantOS/frappe-bench/apps/frappe/frappe/__init__.py", line 876, in get_pymodule_path
    return abspath(join(dirname(get_module(scrub(modulename)).__file__ or ""), *joins))
                                ^^^^^^^^^^^^^^^^^^^^^^^^^^^^^
  File "/Users/user/Documents/resturantOS/frappe-bench/apps/frappe/frappe/__init__.py", line 817, in get_module
    return importlib.import_module(modulename)
           ^^^^^^^^^^^^^^^^^^^^^^^^^^^^^^^^^^^
  File "/usr/local/Cellar/python@3.12/3.12.11_1/Frameworks/Python.framework/Versions/3.12/lib/python3.12/importlib/__init__.py", line 90, in import_module
    return _bootstrap._gcd_import(name[level:], package, level)
           ^^^^^^^^^^^^^^^^^^^^^^^^^^^^^^^^^^^^^^^^^^^^^^^^^^^^
  File "<frozen importlib._bootstrap>", line 1387, in _gcd_import
  File "<frozen importlib._bootstrap>", line 1360, in _find_and_load
  File "<frozen importlib._bootstrap>", line 1324, in _find_and_load_unlocked
ModuleNotFoundError: No module named 'education'

/Users/user/Documents/resturantOS/frappe-bench/env/lib/python3.12/site-packages/rq/worker.py:1302: DeprecationWarning: This process (pid=27389) is multi-threaded, use of fork() may lead to deadlocks in the child.
  child_pid = os.fork()
2025-09-28 01:12:32,621 [Job hrms.localhost||1db81461-d227-49ce-bbcc-797ecf70c21a]: exception raised while executing (frappe.utils.background_jobs.execute_job)
Traceback (most recent call last):
  File "/Users/user/Documents/resturantOS/frappe-bench/env/lib/python3.12/site-packages/rq/worker.py", line 1643, in perform_job
    return_value = job.perform()
                   ^^^^^^^^^^^^^
  File "/Users/user/Documents/resturantOS/frappe-bench/env/lib/python3.12/site-packages/rq/job.py", line 1359, in perform
    self._result = self._execute()
                   ^^^^^^^^^^^^^^^
  File "/Users/user/Documents/resturantOS/frappe-bench/env/lib/python3.12/site-packages/rq/job.py", line 1393, in _execute
    result = self.func(*self.args, **self.kwargs)
             ^^^^^^^^^^^^^^^^^^^^^^^^^^^^^^^^^^^^
  File "/Users/user/Documents/resturantOS/frappe-bench/apps/frappe/frappe/utils/background_jobs.py", line 243, in execute_job
    frappe.init(site, force=True)
  File "/Users/user/Documents/resturantOS/frappe-bench/apps/frappe/frappe/__init__.py", line 208, in init
    setup_module_map(include_all_apps=not (frappe.request or frappe.job or frappe.flags.in_migrate))
  File "/Users/user/Documents/resturantOS/frappe-bench/apps/frappe/frappe/__init__.py", line 1040, in setup_module_map
    for module in get_module_list(app):
                  ^^^^^^^^^^^^^^^^^^^^
  File "/Users/user/Documents/resturantOS/frappe-bench/apps/frappe/frappe/__init__.py", line 881, in get_module_list
    return get_file_items(get_app_path(app_name, "modules.txt"))
                          ^^^^^^^^^^^^^^^^^^^^^^^^^^^^^^^^^^^^^
  File "/Users/user/Documents/resturantOS/frappe-bench/apps/frappe/frappe/__init__.py", line 846, in get_app_path
    return get_pymodule_path(app_name, *joins)
           ^^^^^^^^^^^^^^^^^^^^^^^^^^^^^^^^^^^
  File "/Users/user/Documents/resturantOS/frappe-bench/apps/frappe/frappe/__init__.py", line 876, in get_pymodule_path
    return abspath(join(dirname(get_module(scrub(modulename)).__file__ or ""), *joins))
                                ^^^^^^^^^^^^^^^^^^^^^^^^^^^^^
  File "/Users/user/Documents/resturantOS/frappe-bench/apps/frappe/frappe/__init__.py", line 817, in get_module
    return importlib.import_module(modulename)
           ^^^^^^^^^^^^^^^^^^^^^^^^^^^^^^^^^^^
  File "/usr/local/Cellar/python@3.12/3.12.11_1/Frameworks/Python.framework/Versions/3.12/lib/python3.12/importlib/__init__.py", line 90, in import_module
    return _bootstrap._gcd_import(name[level:], package, level)
           ^^^^^^^^^^^^^^^^^^^^^^^^^^^^^^^^^^^^^^^^^^^^^^^^^^^^
  File "<frozen importlib._bootstrap>", line 1387, in _gcd_import
  File "<frozen importlib._bootstrap>", line 1360, in _find_and_load
  File "<frozen importlib._bootstrap>", line 1324, in _find_and_load_unlocked
ModuleNotFoundError: No module named 'education'

/Users/user/Documents/resturantOS/frappe-bench/env/lib/python3.12/site-packages/rq/worker.py:1302: DeprecationWarning: This process (pid=27389) is multi-threaded, use of fork() may lead to deadlocks in the child.
  child_pid = os.fork()
2025-09-28 01:12:32,654 [Job hrms.localhost||8f0ddfe0-5253-42fa-a2e4-1c511a05c96a]: exception raised while executing (frappe.utils.background_jobs.execute_job)
Traceback (most recent call last):
  File "/Users/user/Documents/resturantOS/frappe-bench/env/lib/python3.12/site-packages/rq/worker.py", line 1643, in perform_job
    return_value = job.perform()
                   ^^^^^^^^^^^^^
  File "/Users/user/Documents/resturantOS/frappe-bench/env/lib/python3.12/site-packages/rq/job.py", line 1359, in perform
    self._result = self._execute()
                   ^^^^^^^^^^^^^^^
  File "/Users/user/Documents/resturantOS/frappe-bench/env/lib/python3.12/site-packages/rq/job.py", line 1393, in _execute
    result = self.func(*self.args, **self.kwargs)
             ^^^^^^^^^^^^^^^^^^^^^^^^^^^^^^^^^^^^
  File "/Users/user/Documents/resturantOS/frappe-bench/apps/frappe/frappe/utils/background_jobs.py", line 243, in execute_job
    frappe.init(site, force=True)
  File "/Users/user/Documents/resturantOS/frappe-bench/apps/frappe/frappe/__init__.py", line 208, in init
    setup_module_map(include_all_apps=not (frappe.request or frappe.job or frappe.flags.in_migrate))
  File "/Users/user/Documents/resturantOS/frappe-bench/apps/frappe/frappe/__init__.py", line 1040, in setup_module_map
    for module in get_module_list(app):
                  ^^^^^^^^^^^^^^^^^^^^
  File "/Users/user/Documents/resturantOS/frappe-bench/apps/frappe/frappe/__init__.py", line 881, in get_module_list
    return get_file_items(get_app_path(app_name, "modules.txt"))
                          ^^^^^^^^^^^^^^^^^^^^^^^^^^^^^^^^^^^^^
  File "/Users/user/Documents/resturantOS/frappe-bench/apps/frappe/frappe/__init__.py", line 846, in get_app_path
    return get_pymodule_path(app_name, *joins)
           ^^^^^^^^^^^^^^^^^^^^^^^^^^^^^^^^^^^
  File "/Users/user/Documents/resturantOS/frappe-bench/apps/frappe/frappe/__init__.py", line 876, in get_pymodule_path
    return abspath(join(dirname(get_module(scrub(modulename)).__file__ or ""), *joins))
                                ^^^^^^^^^^^^^^^^^^^^^^^^^^^^^
  File "/Users/user/Documents/resturantOS/frappe-bench/apps/frappe/frappe/__init__.py", line 817, in get_module
    return importlib.import_module(modulename)
           ^^^^^^^^^^^^^^^^^^^^^^^^^^^^^^^^^^^
  File "/usr/local/Cellar/python@3.12/3.12.11_1/Frameworks/Python.framework/Versions/3.12/lib/python3.12/importlib/__init__.py", line 90, in import_module
    return _bootstrap._gcd_import(name[level:], package, level)
           ^^^^^^^^^^^^^^^^^^^^^^^^^^^^^^^^^^^^^^^^^^^^^^^^^^^^
  File "<frozen importlib._bootstrap>", line 1387, in _gcd_import
  File "<frozen importlib._bootstrap>", line 1360, in _find_and_load
  File "<frozen importlib._bootstrap>", line 1324, in _find_and_load_unlocked
ModuleNotFoundError: No module named 'education'

/Users/user/Documents/resturantOS/frappe-bench/env/lib/python3.12/site-packages/rq/worker.py:1302: DeprecationWarning: This process (pid=27389) is multi-threaded, use of fork() may lead to deadlocks in the child.
  child_pid = os.fork()
2025-09-28 01:12:32,692 [Job hrms.localhost||69a7d700-f950-4f4e-81ee-14a5bf00c1b9]: exception raised while executing (frappe.utils.background_jobs.execute_job)
Traceback (most recent call last):
  File "/Users/user/Documents/resturantOS/frappe-bench/env/lib/python3.12/site-packages/rq/worker.py", line 1643, in perform_job
    return_value = job.perform()
                   ^^^^^^^^^^^^^
  File "/Users/user/Documents/resturantOS/frappe-bench/env/lib/python3.12/site-packages/rq/job.py", line 1359, in perform
    self._result = self._execute()
                   ^^^^^^^^^^^^^^^
  File "/Users/user/Documents/resturantOS/frappe-bench/env/lib/python3.12/site-packages/rq/job.py", line 1393, in _execute
    result = self.func(*self.args, **self.kwargs)
             ^^^^^^^^^^^^^^^^^^^^^^^^^^^^^^^^^^^^
  File "/Users/user/Documents/resturantOS/frappe-bench/apps/frappe/frappe/utils/background_jobs.py", line 243, in execute_job
    frappe.init(site, force=True)
  File "/Users/user/Documents/resturantOS/frappe-bench/apps/frappe/frappe/__init__.py", line 208, in init
    setup_module_map(include_all_apps=not (frappe.request or frappe.job or frappe.flags.in_migrate))
  File "/Users/user/Documents/resturantOS/frappe-bench/apps/frappe/frappe/__init__.py", line 1040, in setup_module_map
    for module in get_module_list(app):
                  ^^^^^^^^^^^^^^^^^^^^
  File "/Users/user/Documents/resturantOS/frappe-bench/apps/frappe/frappe/__init__.py", line 881, in get_module_list
    return get_file_items(get_app_path(app_name, "modules.txt"))
                          ^^^^^^^^^^^^^^^^^^^^^^^^^^^^^^^^^^^^^
  File "/Users/user/Documents/resturantOS/frappe-bench/apps/frappe/frappe/__init__.py", line 846, in get_app_path
    return get_pymodule_path(app_name, *joins)
           ^^^^^^^^^^^^^^^^^^^^^^^^^^^^^^^^^^^
  File "/Users/user/Documents/resturantOS/frappe-bench/apps/frappe/frappe/__init__.py", line 876, in get_pymodule_path
    return abspath(join(dirname(get_module(scrub(modulename)).__file__ or ""), *joins))
                                ^^^^^^^^^^^^^^^^^^^^^^^^^^^^^
  File "/Users/user/Documents/resturantOS/frappe-bench/apps/frappe/frappe/__init__.py", line 817, in get_module
    return importlib.import_module(modulename)
           ^^^^^^^^^^^^^^^^^^^^^^^^^^^^^^^^^^^
  File "/usr/local/Cellar/python@3.12/3.12.11_1/Frameworks/Python.framework/Versions/3.12/lib/python3.12/importlib/__init__.py", line 90, in import_module
    return _bootstrap._gcd_import(name[level:], package, level)
           ^^^^^^^^^^^^^^^^^^^^^^^^^^^^^^^^^^^^^^^^^^^^^^^^^^^^
  File "<frozen importlib._bootstrap>", line 1387, in _gcd_import
  File "<frozen importlib._bootstrap>", line 1360, in _find_and_load
  File "<frozen importlib._bootstrap>", line 1324, in _find_and_load_unlocked
ModuleNotFoundError: No module named 'education'

/Users/user/Documents/resturantOS/frappe-bench/env/lib/python3.12/site-packages/rq/worker.py:1302: DeprecationWarning: This process (pid=27389) is multi-threaded, use of fork() may lead to deadlocks in the child.
  child_pid = os.fork()
2025-09-28 01:12:32,731 [Job hrms.localhost||8c66b380-469b-4e14-948d-925f68ff7356]: exception raised while executing (frappe.utils.background_jobs.execute_job)
Traceback (most recent call last):
  File "/Users/user/Documents/resturantOS/frappe-bench/env/lib/python3.12/site-packages/rq/worker.py", line 1643, in perform_job
    return_value = job.perform()
                   ^^^^^^^^^^^^^
  File "/Users/user/Documents/resturantOS/frappe-bench/env/lib/python3.12/site-packages/rq/job.py", line 1359, in perform
    self._result = self._execute()
                   ^^^^^^^^^^^^^^^
  File "/Users/user/Documents/resturantOS/frappe-bench/env/lib/python3.12/site-packages/rq/job.py", line 1393, in _execute
    result = self.func(*self.args, **self.kwargs)
             ^^^^^^^^^^^^^^^^^^^^^^^^^^^^^^^^^^^^
  File "/Users/user/Documents/resturantOS/frappe-bench/apps/frappe/frappe/utils/background_jobs.py", line 243, in execute_job
    frappe.init(site, force=True)
  File "/Users/user/Documents/resturantOS/frappe-bench/apps/frappe/frappe/__init__.py", line 208, in init
    setup_module_map(include_all_apps=not (frappe.request or frappe.job or frappe.flags.in_migrate))
  File "/Users/user/Documents/resturantOS/frappe-bench/apps/frappe/frappe/__init__.py", line 1040, in setup_module_map
    for module in get_module_list(app):
                  ^^^^^^^^^^^^^^^^^^^^
  File "/Users/user/Documents/resturantOS/frappe-bench/apps/frappe/frappe/__init__.py", line 881, in get_module_list
    return get_file_items(get_app_path(app_name, "modules.txt"))
                          ^^^^^^^^^^^^^^^^^^^^^^^^^^^^^^^^^^^^^
  File "/Users/user/Documents/resturantOS/frappe-bench/apps/frappe/frappe/__init__.py", line 846, in get_app_path
    return get_pymodule_path(app_name, *joins)
           ^^^^^^^^^^^^^^^^^^^^^^^^^^^^^^^^^^^
  File "/Users/user/Documents/resturantOS/frappe-bench/apps/frappe/frappe/__init__.py", line 876, in get_pymodule_path
    return abspath(join(dirname(get_module(scrub(modulename)).__file__ or ""), *joins))
                                ^^^^^^^^^^^^^^^^^^^^^^^^^^^^^
  File "/Users/user/Documents/resturantOS/frappe-bench/apps/frappe/frappe/__init__.py", line 817, in get_module
    return importlib.import_module(modulename)
           ^^^^^^^^^^^^^^^^^^^^^^^^^^^^^^^^^^^
  File "/usr/local/Cellar/python@3.12/3.12.11_1/Frameworks/Python.framework/Versions/3.12/lib/python3.12/importlib/__init__.py", line 90, in import_module
    return _bootstrap._gcd_import(name[level:], package, level)
           ^^^^^^^^^^^^^^^^^^^^^^^^^^^^^^^^^^^^^^^^^^^^^^^^^^^^
  File "<frozen importlib._bootstrap>", line 1387, in _gcd_import
  File "<frozen importlib._bootstrap>", line 1360, in _find_and_load
  File "<frozen importlib._bootstrap>", line 1324, in _find_and_load_unlocked
ModuleNotFoundError: No module named 'education'

/Users/user/Documents/resturantOS/frappe-bench/env/lib/python3.12/site-packages/rq/worker.py:1302: DeprecationWarning: This process (pid=27389) is multi-threaded, use of fork() may lead to deadlocks in the child.
  child_pid = os.fork()
2025-09-28 01:12:32,772 [Job hrms.localhost||f420a94c-e826-4a88-9739-29b75a3abceb]: exception raised while executing (frappe.utils.background_jobs.execute_job)
Traceback (most recent call last):
  File "/Users/user/Documents/resturantOS/frappe-bench/env/lib/python3.12/site-packages/rq/worker.py", line 1643, in perform_job
    return_value = job.perform()
                   ^^^^^^^^^^^^^
  File "/Users/user/Documents/resturantOS/frappe-bench/env/lib/python3.12/site-packages/rq/job.py", line 1359, in perform
    self._result = self._execute()
                   ^^^^^^^^^^^^^^^
  File "/Users/user/Documents/resturantOS/frappe-bench/env/lib/python3.12/site-packages/rq/job.py", line 1393, in _execute
    result = self.func(*self.args, **self.kwargs)
             ^^^^^^^^^^^^^^^^^^^^^^^^^^^^^^^^^^^^
  File "/Users/user/Documents/resturantOS/frappe-bench/apps/frappe/frappe/utils/background_jobs.py", line 243, in execute_job
    frappe.init(site, force=True)
  File "/Users/user/Documents/resturantOS/frappe-bench/apps/frappe/frappe/__init__.py", line 208, in init
    setup_module_map(include_all_apps=not (frappe.request or frappe.job or frappe.flags.in_migrate))
  File "/Users/user/Documents/resturantOS/frappe-bench/apps/frappe/frappe/__init__.py", line 1040, in setup_module_map
    for module in get_module_list(app):
                  ^^^^^^^^^^^^^^^^^^^^
  File "/Users/user/Documents/resturantOS/frappe-bench/apps/frappe/frappe/__init__.py", line 881, in get_module_list
    return get_file_items(get_app_path(app_name, "modules.txt"))
                          ^^^^^^^^^^^^^^^^^^^^^^^^^^^^^^^^^^^^^
  File "/Users/user/Documents/resturantOS/frappe-bench/apps/frappe/frappe/__init__.py", line 846, in get_app_path
    return get_pymodule_path(app_name, *joins)
           ^^^^^^^^^^^^^^^^^^^^^^^^^^^^^^^^^^^
  File "/Users/user/Documents/resturantOS/frappe-bench/apps/frappe/frappe/__init__.py", line 876, in get_pymodule_path
    return abspath(join(dirname(get_module(scrub(modulename)).__file__ or ""), *joins))
                                ^^^^^^^^^^^^^^^^^^^^^^^^^^^^^
  File "/Users/user/Documents/resturantOS/frappe-bench/apps/frappe/frappe/__init__.py", line 817, in get_module
    return importlib.import_module(modulename)
           ^^^^^^^^^^^^^^^^^^^^^^^^^^^^^^^^^^^
  File "/usr/local/Cellar/python@3.12/3.12.11_1/Frameworks/Python.framework/Versions/3.12/lib/python3.12/importlib/__init__.py", line 90, in import_module
    return _bootstrap._gcd_import(name[level:], package, level)
           ^^^^^^^^^^^^^^^^^^^^^^^^^^^^^^^^^^^^^^^^^^^^^^^^^^^^
  File "<frozen importlib._bootstrap>", line 1387, in _gcd_import
  File "<frozen importlib._bootstrap>", line 1360, in _find_and_load
  File "<frozen importlib._bootstrap>", line 1324, in _find_and_load_unlocked
ModuleNotFoundError: No module named 'education'

/Users/user/Documents/resturantOS/frappe-bench/env/lib/python3.12/site-packages/rq/worker.py:1302: DeprecationWarning: This process (pid=27389) is multi-threaded, use of fork() may lead to deadlocks in the child.
  child_pid = os.fork()
2025-09-28 01:12:32,813 [Job hrms.localhost||543dbfa3-c96d-4be8-93e1-a91b28a83a50]: exception raised while executing (frappe.utils.background_jobs.execute_job)
Traceback (most recent call last):
  File "/Users/user/Documents/resturantOS/frappe-bench/env/lib/python3.12/site-packages/rq/worker.py", line 1643, in perform_job
    return_value = job.perform()
                   ^^^^^^^^^^^^^
  File "/Users/user/Documents/resturantOS/frappe-bench/env/lib/python3.12/site-packages/rq/job.py", line 1359, in perform
    self._result = self._execute()
                   ^^^^^^^^^^^^^^^
  File "/Users/user/Documents/resturantOS/frappe-bench/env/lib/python3.12/site-packages/rq/job.py", line 1393, in _execute
    result = self.func(*self.args, **self.kwargs)
             ^^^^^^^^^^^^^^^^^^^^^^^^^^^^^^^^^^^^
  File "/Users/user/Documents/resturantOS/frappe-bench/apps/frappe/frappe/utils/background_jobs.py", line 243, in execute_job
    frappe.init(site, force=True)
  File "/Users/user/Documents/resturantOS/frappe-bench/apps/frappe/frappe/__init__.py", line 208, in init
    setup_module_map(include_all_apps=not (frappe.request or frappe.job or frappe.flags.in_migrate))
  File "/Users/user/Documents/resturantOS/frappe-bench/apps/frappe/frappe/__init__.py", line 1040, in setup_module_map
    for module in get_module_list(app):
                  ^^^^^^^^^^^^^^^^^^^^
  File "/Users/user/Documents/resturantOS/frappe-bench/apps/frappe/frappe/__init__.py", line 881, in get_module_list
    return get_file_items(get_app_path(app_name, "modules.txt"))
                          ^^^^^^^^^^^^^^^^^^^^^^^^^^^^^^^^^^^^^
  File "/Users/user/Documents/resturantOS/frappe-bench/apps/frappe/frappe/__init__.py", line 846, in get_app_path
    return get_pymodule_path(app_name, *joins)
           ^^^^^^^^^^^^^^^^^^^^^^^^^^^^^^^^^^^
  File "/Users/user/Documents/resturantOS/frappe-bench/apps/frappe/frappe/__init__.py", line 876, in get_pymodule_path
    return abspath(join(dirname(get_module(scrub(modulename)).__file__ or ""), *joins))
                                ^^^^^^^^^^^^^^^^^^^^^^^^^^^^^
  File "/Users/user/Documents/resturantOS/frappe-bench/apps/frappe/frappe/__init__.py", line 817, in get_module
    return importlib.import_module(modulename)
           ^^^^^^^^^^^^^^^^^^^^^^^^^^^^^^^^^^^
  File "/usr/local/Cellar/python@3.12/3.12.11_1/Frameworks/Python.framework/Versions/3.12/lib/python3.12/importlib/__init__.py", line 90, in import_module
    return _bootstrap._gcd_import(name[level:], package, level)
           ^^^^^^^^^^^^^^^^^^^^^^^^^^^^^^^^^^^^^^^^^^^^^^^^^^^^
  File "<frozen importlib._bootstrap>", line 1387, in _gcd_import
  File "<frozen importlib._bootstrap>", line 1360, in _find_and_load
  File "<frozen importlib._bootstrap>", line 1324, in _find_and_load_unlocked
ModuleNotFoundError: No module named 'education'

/Users/user/Documents/resturantOS/frappe-bench/env/lib/python3.12/site-packages/rq/worker.py:1302: DeprecationWarning: This process (pid=27389) is multi-threaded, use of fork() may lead to deadlocks in the child.
  child_pid = os.fork()
2025-09-28 01:12:32,854 [Job hrms.localhost||d74e4aec-c742-498b-a336-c04a6077709a]: exception raised while executing (frappe.utils.background_jobs.execute_job)
Traceback (most recent call last):
  File "/Users/user/Documents/resturantOS/frappe-bench/env/lib/python3.12/site-packages/rq/worker.py", line 1643, in perform_job
    return_value = job.perform()
                   ^^^^^^^^^^^^^
  File "/Users/user/Documents/resturantOS/frappe-bench/env/lib/python3.12/site-packages/rq/job.py", line 1359, in perform
    self._result = self._execute()
                   ^^^^^^^^^^^^^^^
  File "/Users/user/Documents/resturantOS/frappe-bench/env/lib/python3.12/site-packages/rq/job.py", line 1393, in _execute
    result = self.func(*self.args, **self.kwargs)
             ^^^^^^^^^^^^^^^^^^^^^^^^^^^^^^^^^^^^
  File "/Users/user/Documents/resturantOS/frappe-bench/apps/frappe/frappe/utils/background_jobs.py", line 243, in execute_job
    frappe.init(site, force=True)
  File "/Users/user/Documents/resturantOS/frappe-bench/apps/frappe/frappe/__init__.py", line 208, in init
    setup_module_map(include_all_apps=not (frappe.request or frappe.job or frappe.flags.in_migrate))
  File "/Users/user/Documents/resturantOS/frappe-bench/apps/frappe/frappe/__init__.py", line 1040, in setup_module_map
    for module in get_module_list(app):
                  ^^^^^^^^^^^^^^^^^^^^
  File "/Users/user/Documents/resturantOS/frappe-bench/apps/frappe/frappe/__init__.py", line 881, in get_module_list
    return get_file_items(get_app_path(app_name, "modules.txt"))
                          ^^^^^^^^^^^^^^^^^^^^^^^^^^^^^^^^^^^^^
  File "/Users/user/Documents/resturantOS/frappe-bench/apps/frappe/frappe/__init__.py", line 846, in get_app_path
    return get_pymodule_path(app_name, *joins)
           ^^^^^^^^^^^^^^^^^^^^^^^^^^^^^^^^^^^
  File "/Users/user/Documents/resturantOS/frappe-bench/apps/frappe/frappe/__init__.py", line 876, in get_pymodule_path
    return abspath(join(dirname(get_module(scrub(modulename)).__file__ or ""), *joins))
                                ^^^^^^^^^^^^^^^^^^^^^^^^^^^^^
  File "/Users/user/Documents/resturantOS/frappe-bench/apps/frappe/frappe/__init__.py", line 817, in get_module
    return importlib.import_module(modulename)
           ^^^^^^^^^^^^^^^^^^^^^^^^^^^^^^^^^^^
  File "/usr/local/Cellar/python@3.12/3.12.11_1/Frameworks/Python.framework/Versions/3.12/lib/python3.12/importlib/__init__.py", line 90, in import_module
    return _bootstrap._gcd_import(name[level:], package, level)
           ^^^^^^^^^^^^^^^^^^^^^^^^^^^^^^^^^^^^^^^^^^^^^^^^^^^^
  File "<frozen importlib._bootstrap>", line 1387, in _gcd_import
  File "<frozen importlib._bootstrap>", line 1360, in _find_and_load
  File "<frozen importlib._bootstrap>", line 1324, in _find_and_load_unlocked
ModuleNotFoundError: No module named 'education'

/Users/user/Documents/resturantOS/frappe-bench/env/lib/python3.12/site-packages/rq/worker.py:1302: DeprecationWarning: This process (pid=27389) is multi-threaded, use of fork() may lead to deadlocks in the child.
  child_pid = os.fork()
2025-09-28 01:12:32,894 [Job hrms.localhost||487172ae-84a8-4298-9ffa-28d0e43d8113]: exception raised while executing (frappe.utils.background_jobs.execute_job)
Traceback (most recent call last):
  File "/Users/user/Documents/resturantOS/frappe-bench/env/lib/python3.12/site-packages/rq/worker.py", line 1643, in perform_job
    return_value = job.perform()
                   ^^^^^^^^^^^^^
  File "/Users/user/Documents/resturantOS/frappe-bench/env/lib/python3.12/site-packages/rq/job.py", line 1359, in perform
    self._result = self._execute()
                   ^^^^^^^^^^^^^^^
  File "/Users/user/Documents/resturantOS/frappe-bench/env/lib/python3.12/site-packages/rq/job.py", line 1393, in _execute
    result = self.func(*self.args, **self.kwargs)
             ^^^^^^^^^^^^^^^^^^^^^^^^^^^^^^^^^^^^
  File "/Users/user/Documents/resturantOS/frappe-bench/apps/frappe/frappe/utils/background_jobs.py", line 243, in execute_job
    frappe.init(site, force=True)
  File "/Users/user/Documents/resturantOS/frappe-bench/apps/frappe/frappe/__init__.py", line 208, in init
    setup_module_map(include_all_apps=not (frappe.request or frappe.job or frappe.flags.in_migrate))
  File "/Users/user/Documents/resturantOS/frappe-bench/apps/frappe/frappe/__init__.py", line 1040, in setup_module_map
    for module in get_module_list(app):
                  ^^^^^^^^^^^^^^^^^^^^
  File "/Users/user/Documents/resturantOS/frappe-bench/apps/frappe/frappe/__init__.py", line 881, in get_module_list
    return get_file_items(get_app_path(app_name, "modules.txt"))
                          ^^^^^^^^^^^^^^^^^^^^^^^^^^^^^^^^^^^^^
  File "/Users/user/Documents/resturantOS/frappe-bench/apps/frappe/frappe/__init__.py", line 846, in get_app_path
    return get_pymodule_path(app_name, *joins)
           ^^^^^^^^^^^^^^^^^^^^^^^^^^^^^^^^^^^
  File "/Users/user/Documents/resturantOS/frappe-bench/apps/frappe/frappe/__init__.py", line 876, in get_pymodule_path
    return abspath(join(dirname(get_module(scrub(modulename)).__file__ or ""), *joins))
                                ^^^^^^^^^^^^^^^^^^^^^^^^^^^^^
  File "/Users/user/Documents/resturantOS/frappe-bench/apps/frappe/frappe/__init__.py", line 817, in get_module
    return importlib.import_module(modulename)
           ^^^^^^^^^^^^^^^^^^^^^^^^^^^^^^^^^^^
  File "/usr/local/Cellar/python@3.12/3.12.11_1/Frameworks/Python.framework/Versions/3.12/lib/python3.12/importlib/__init__.py", line 90, in import_module
    return _bootstrap._gcd_import(name[level:], package, level)
           ^^^^^^^^^^^^^^^^^^^^^^^^^^^^^^^^^^^^^^^^^^^^^^^^^^^^
  File "<frozen importlib._bootstrap>", line 1387, in _gcd_import
  File "<frozen importlib._bootstrap>", line 1360, in _find_and_load
  File "<frozen importlib._bootstrap>", line 1324, in _find_and_load_unlocked
ModuleNotFoundError: No module named 'education'

/Users/user/Documents/resturantOS/frappe-bench/env/lib/python3.12/site-packages/rq/worker.py:1302: DeprecationWarning: This process (pid=27389) is multi-threaded, use of fork() may lead to deadlocks in the child.
  child_pid = os.fork()
2025-09-28 01:12:32,926 [Job hrms.localhost||5269778f-48a6-4ef0-8376-5dc06222b993]: exception raised while executing (frappe.utils.background_jobs.execute_job)
Traceback (most recent call last):
  File "/Users/user/Documents/resturantOS/frappe-bench/env/lib/python3.12/site-packages/rq/worker.py", line 1643, in perform_job
    return_value = job.perform()
                   ^^^^^^^^^^^^^
  File "/Users/user/Documents/resturantOS/frappe-bench/env/lib/python3.12/site-packages/rq/job.py", line 1359, in perform
    self._result = self._execute()
                   ^^^^^^^^^^^^^^^
  File "/Users/user/Documents/resturantOS/frappe-bench/env/lib/python3.12/site-packages/rq/job.py", line 1393, in _execute
    result = self.func(*self.args, **self.kwargs)
             ^^^^^^^^^^^^^^^^^^^^^^^^^^^^^^^^^^^^
  File "/Users/user/Documents/resturantOS/frappe-bench/apps/frappe/frappe/utils/background_jobs.py", line 243, in execute_job
    frappe.init(site, force=True)
  File "/Users/user/Documents/resturantOS/frappe-bench/apps/frappe/frappe/__init__.py", line 208, in init
    setup_module_map(include_all_apps=not (frappe.request or frappe.job or frappe.flags.in_migrate))
  File "/Users/user/Documents/resturantOS/frappe-bench/apps/frappe/frappe/__init__.py", line 1040, in setup_module_map
    for module in get_module_list(app):
                  ^^^^^^^^^^^^^^^^^^^^
  File "/Users/user/Documents/resturantOS/frappe-bench/apps/frappe/frappe/__init__.py", line 881, in get_module_list
    return get_file_items(get_app_path(app_name, "modules.txt"))
                          ^^^^^^^^^^^^^^^^^^^^^^^^^^^^^^^^^^^^^
  File "/Users/user/Documents/resturantOS/frappe-bench/apps/frappe/frappe/__init__.py", line 846, in get_app_path
    return get_pymodule_path(app_name, *joins)
           ^^^^^^^^^^^^^^^^^^^^^^^^^^^^^^^^^^^
  File "/Users/user/Documents/resturantOS/frappe-bench/apps/frappe/frappe/__init__.py", line 876, in get_pymodule_path
    return abspath(join(dirname(get_module(scrub(modulename)).__file__ or ""), *joins))
                                ^^^^^^^^^^^^^^^^^^^^^^^^^^^^^
  File "/Users/user/Documents/resturantOS/frappe-bench/apps/frappe/frappe/__init__.py", line 817, in get_module
    return importlib.import_module(modulename)
           ^^^^^^^^^^^^^^^^^^^^^^^^^^^^^^^^^^^
  File "/usr/local/Cellar/python@3.12/3.12.11_1/Frameworks/Python.framework/Versions/3.12/lib/python3.12/importlib/__init__.py", line 90, in import_module
    return _bootstrap._gcd_import(name[level:], package, level)
           ^^^^^^^^^^^^^^^^^^^^^^^^^^^^^^^^^^^^^^^^^^^^^^^^^^^^
  File "<frozen importlib._bootstrap>", line 1387, in _gcd_import
  File "<frozen importlib._bootstrap>", line 1360, in _find_and_load
  File "<frozen importlib._bootstrap>", line 1324, in _find_and_load_unlocked
ModuleNotFoundError: No module named 'education'

/Users/user/Documents/resturantOS/frappe-bench/env/lib/python3.12/site-packages/rq/worker.py:1302: DeprecationWarning: This process (pid=27389) is multi-threaded, use of fork() may lead to deadlocks in the child.
  child_pid = os.fork()
2025-09-28 01:12:32,957 [Job hrms.localhost||e7ef9d5b-4e34-49d5-a6dd-b30657b9d6aa]: exception raised while executing (frappe.utils.background_jobs.execute_job)
Traceback (most recent call last):
  File "/Users/user/Documents/resturantOS/frappe-bench/env/lib/python3.12/site-packages/rq/worker.py", line 1643, in perform_job
    return_value = job.perform()
                   ^^^^^^^^^^^^^
  File "/Users/user/Documents/resturantOS/frappe-bench/env/lib/python3.12/site-packages/rq/job.py", line 1359, in perform
    self._result = self._execute()
                   ^^^^^^^^^^^^^^^
  File "/Users/user/Documents/resturantOS/frappe-bench/env/lib/python3.12/site-packages/rq/job.py", line 1393, in _execute
    result = self.func(*self.args, **self.kwargs)
             ^^^^^^^^^^^^^^^^^^^^^^^^^^^^^^^^^^^^
  File "/Users/user/Documents/resturantOS/frappe-bench/apps/frappe/frappe/utils/background_jobs.py", line 243, in execute_job
    frappe.init(site, force=True)
  File "/Users/user/Documents/resturantOS/frappe-bench/apps/frappe/frappe/__init__.py", line 208, in init
    setup_module_map(include_all_apps=not (frappe.request or frappe.job or frappe.flags.in_migrate))
  File "/Users/user/Documents/resturantOS/frappe-bench/apps/frappe/frappe/__init__.py", line 1040, in setup_module_map
    for module in get_module_list(app):
                  ^^^^^^^^^^^^^^^^^^^^
  File "/Users/user/Documents/resturantOS/frappe-bench/apps/frappe/frappe/__init__.py", line 881, in get_module_list
    return get_file_items(get_app_path(app_name, "modules.txt"))
                          ^^^^^^^^^^^^^^^^^^^^^^^^^^^^^^^^^^^^^
  File "/Users/user/Documents/resturantOS/frappe-bench/apps/frappe/frappe/__init__.py", line 846, in get_app_path
    return get_pymodule_path(app_name, *joins)
           ^^^^^^^^^^^^^^^^^^^^^^^^^^^^^^^^^^^
  File "/Users/user/Documents/resturantOS/frappe-bench/apps/frappe/frappe/__init__.py", line 876, in get_pymodule_path
    return abspath(join(dirname(get_module(scrub(modulename)).__file__ or ""), *joins))
                                ^^^^^^^^^^^^^^^^^^^^^^^^^^^^^
  File "/Users/user/Documents/resturantOS/frappe-bench/apps/frappe/frappe/__init__.py", line 817, in get_module
    return importlib.import_module(modulename)
           ^^^^^^^^^^^^^^^^^^^^^^^^^^^^^^^^^^^
  File "/usr/local/Cellar/python@3.12/3.12.11_1/Frameworks/Python.framework/Versions/3.12/lib/python3.12/importlib/__init__.py", line 90, in import_module
    return _bootstrap._gcd_import(name[level:], package, level)
           ^^^^^^^^^^^^^^^^^^^^^^^^^^^^^^^^^^^^^^^^^^^^^^^^^^^^
  File "<frozen importlib._bootstrap>", line 1387, in _gcd_import
  File "<frozen importlib._bootstrap>", line 1360, in _find_and_load
  File "<frozen importlib._bootstrap>", line 1324, in _find_and_load_unlocked
ModuleNotFoundError: No module named 'education'

/Users/user/Documents/resturantOS/frappe-bench/env/lib/python3.12/site-packages/rq/worker.py:1302: DeprecationWarning: This process (pid=27389) is multi-threaded, use of fork() may lead to deadlocks in the child.
  child_pid = os.fork()
2025-09-28 01:12:32,988 [Job hrms.localhost||c2314b7e-30f1-4c45-a76f-57a432ff0786]: exception raised while executing (frappe.utils.background_jobs.execute_job)
Traceback (most recent call last):
  File "/Users/user/Documents/resturantOS/frappe-bench/env/lib/python3.12/site-packages/rq/worker.py", line 1643, in perform_job
    return_value = job.perform()
                   ^^^^^^^^^^^^^
  File "/Users/user/Documents/resturantOS/frappe-bench/env/lib/python3.12/site-packages/rq/job.py", line 1359, in perform
    self._result = self._execute()
                   ^^^^^^^^^^^^^^^
  File "/Users/user/Documents/resturantOS/frappe-bench/env/lib/python3.12/site-packages/rq/job.py", line 1393, in _execute
    result = self.func(*self.args, **self.kwargs)
             ^^^^^^^^^^^^^^^^^^^^^^^^^^^^^^^^^^^^
  File "/Users/user/Documents/resturantOS/frappe-bench/apps/frappe/frappe/utils/background_jobs.py", line 243, in execute_job
    frappe.init(site, force=True)
  File "/Users/user/Documents/resturantOS/frappe-bench/apps/frappe/frappe/__init__.py", line 208, in init
    setup_module_map(include_all_apps=not (frappe.request or frappe.job or frappe.flags.in_migrate))
  File "/Users/user/Documents/resturantOS/frappe-bench/apps/frappe/frappe/__init__.py", line 1040, in setup_module_map
    for module in get_module_list(app):
                  ^^^^^^^^^^^^^^^^^^^^
  File "/Users/user/Documents/resturantOS/frappe-bench/apps/frappe/frappe/__init__.py", line 881, in get_module_list
    return get_file_items(get_app_path(app_name, "modules.txt"))
                          ^^^^^^^^^^^^^^^^^^^^^^^^^^^^^^^^^^^^^
  File "/Users/user/Documents/resturantOS/frappe-bench/apps/frappe/frappe/__init__.py", line 846, in get_app_path
    return get_pymodule_path(app_name, *joins)
           ^^^^^^^^^^^^^^^^^^^^^^^^^^^^^^^^^^^
  File "/Users/user/Documents/resturantOS/frappe-bench/apps/frappe/frappe/__init__.py", line 876, in get_pymodule_path
    return abspath(join(dirname(get_module(scrub(modulename)).__file__ or ""), *joins))
                                ^^^^^^^^^^^^^^^^^^^^^^^^^^^^^
  File "/Users/user/Documents/resturantOS/frappe-bench/apps/frappe/frappe/__init__.py", line 817, in get_module
    return importlib.import_module(modulename)
           ^^^^^^^^^^^^^^^^^^^^^^^^^^^^^^^^^^^
  File "/usr/local/Cellar/python@3.12/3.12.11_1/Frameworks/Python.framework/Versions/3.12/lib/python3.12/importlib/__init__.py", line 90, in import_module
    return _bootstrap._gcd_import(name[level:], package, level)
           ^^^^^^^^^^^^^^^^^^^^^^^^^^^^^^^^^^^^^^^^^^^^^^^^^^^^
  File "<frozen importlib._bootstrap>", line 1387, in _gcd_import
  File "<frozen importlib._bootstrap>", line 1360, in _find_and_load
  File "<frozen importlib._bootstrap>", line 1324, in _find_and_load_unlocked
ModuleNotFoundError: No module named 'education'

/Users/user/Documents/resturantOS/frappe-bench/env/lib/python3.12/site-packages/rq/worker.py:1302: DeprecationWarning: This process (pid=27389) is multi-threaded, use of fork() may lead to deadlocks in the child.
  child_pid = os.fork()
2025-09-28 01:12:33,018 [Job hrms.localhost||4b61eb56-e00d-4f22-bfdc-5de9ed97bf64]: exception raised while executing (frappe.utils.background_jobs.execute_job)
Traceback (most recent call last):
  File "/Users/user/Documents/resturantOS/frappe-bench/env/lib/python3.12/site-packages/rq/worker.py", line 1643, in perform_job
    return_value = job.perform()
                   ^^^^^^^^^^^^^
  File "/Users/user/Documents/resturantOS/frappe-bench/env/lib/python3.12/site-packages/rq/job.py", line 1359, in perform
    self._result = self._execute()
                   ^^^^^^^^^^^^^^^
  File "/Users/user/Documents/resturantOS/frappe-bench/env/lib/python3.12/site-packages/rq/job.py", line 1393, in _execute
    result = self.func(*self.args, **self.kwargs)
             ^^^^^^^^^^^^^^^^^^^^^^^^^^^^^^^^^^^^
  File "/Users/user/Documents/resturantOS/frappe-bench/apps/frappe/frappe/utils/background_jobs.py", line 243, in execute_job
    frappe.init(site, force=True)
  File "/Users/user/Documents/resturantOS/frappe-bench/apps/frappe/frappe/__init__.py", line 208, in init
    setup_module_map(include_all_apps=not (frappe.request or frappe.job or frappe.flags.in_migrate))
  File "/Users/user/Documents/resturantOS/frappe-bench/apps/frappe/frappe/__init__.py", line 1040, in setup_module_map
    for module in get_module_list(app):
                  ^^^^^^^^^^^^^^^^^^^^
  File "/Users/user/Documents/resturantOS/frappe-bench/apps/frappe/frappe/__init__.py", line 881, in get_module_list
    return get_file_items(get_app_path(app_name, "modules.txt"))
                          ^^^^^^^^^^^^^^^^^^^^^^^^^^^^^^^^^^^^^
  File "/Users/user/Documents/resturantOS/frappe-bench/apps/frappe/frappe/__init__.py", line 846, in get_app_path
    return get_pymodule_path(app_name, *joins)
           ^^^^^^^^^^^^^^^^^^^^^^^^^^^^^^^^^^^
  File "/Users/user/Documents/resturantOS/frappe-bench/apps/frappe/frappe/__init__.py", line 876, in get_pymodule_path
    return abspath(join(dirname(get_module(scrub(modulename)).__file__ or ""), *joins))
                                ^^^^^^^^^^^^^^^^^^^^^^^^^^^^^
  File "/Users/user/Documents/resturantOS/frappe-bench/apps/frappe/frappe/__init__.py", line 817, in get_module
    return importlib.import_module(modulename)
           ^^^^^^^^^^^^^^^^^^^^^^^^^^^^^^^^^^^
  File "/usr/local/Cellar/python@3.12/3.12.11_1/Frameworks/Python.framework/Versions/3.12/lib/python3.12/importlib/__init__.py", line 90, in import_module
    return _bootstrap._gcd_import(name[level:], package, level)
           ^^^^^^^^^^^^^^^^^^^^^^^^^^^^^^^^^^^^^^^^^^^^^^^^^^^^
  File "<frozen importlib._bootstrap>", line 1387, in _gcd_import
  File "<frozen importlib._bootstrap>", line 1360, in _find_and_load
  File "<frozen importlib._bootstrap>", line 1324, in _find_and_load_unlocked
ModuleNotFoundError: No module named 'education'

/Users/user/Documents/resturantOS/frappe-bench/env/lib/python3.12/site-packages/rq/worker.py:1302: DeprecationWarning: This process (pid=27389) is multi-threaded, use of fork() may lead to deadlocks in the child.
  child_pid = os.fork()
2025-09-28 01:12:33,049 [Job hrms.localhost||b654d39b-6f43-4ff3-af22-3f7f4333b29d]: exception raised while executing (frappe.utils.background_jobs.execute_job)
Traceback (most recent call last):
  File "/Users/user/Documents/resturantOS/frappe-bench/env/lib/python3.12/site-packages/rq/worker.py", line 1643, in perform_job
    return_value = job.perform()
                   ^^^^^^^^^^^^^
  File "/Users/user/Documents/resturantOS/frappe-bench/env/lib/python3.12/site-packages/rq/job.py", line 1359, in perform
    self._result = self._execute()
                   ^^^^^^^^^^^^^^^
  File "/Users/user/Documents/resturantOS/frappe-bench/env/lib/python3.12/site-packages/rq/job.py", line 1393, in _execute
    result = self.func(*self.args, **self.kwargs)
             ^^^^^^^^^^^^^^^^^^^^^^^^^^^^^^^^^^^^
  File "/Users/user/Documents/resturantOS/frappe-bench/apps/frappe/frappe/utils/background_jobs.py", line 243, in execute_job
    frappe.init(site, force=True)
  File "/Users/user/Documents/resturantOS/frappe-bench/apps/frappe/frappe/__init__.py", line 208, in init
    setup_module_map(include_all_apps=not (frappe.request or frappe.job or frappe.flags.in_migrate))
  File "/Users/user/Documents/resturantOS/frappe-bench/apps/frappe/frappe/__init__.py", line 1040, in setup_module_map
    for module in get_module_list(app):
                  ^^^^^^^^^^^^^^^^^^^^
  File "/Users/user/Documents/resturantOS/frappe-bench/apps/frappe/frappe/__init__.py", line 881, in get_module_list
    return get_file_items(get_app_path(app_name, "modules.txt"))
                          ^^^^^^^^^^^^^^^^^^^^^^^^^^^^^^^^^^^^^
  File "/Users/user/Documents/resturantOS/frappe-bench/apps/frappe/frappe/__init__.py", line 846, in get_app_path
    return get_pymodule_path(app_name, *joins)
           ^^^^^^^^^^^^^^^^^^^^^^^^^^^^^^^^^^^
  File "/Users/user/Documents/resturantOS/frappe-bench/apps/frappe/frappe/__init__.py", line 876, in get_pymodule_path
    return abspath(join(dirname(get_module(scrub(modulename)).__file__ or ""), *joins))
                                ^^^^^^^^^^^^^^^^^^^^^^^^^^^^^
  File "/Users/user/Documents/resturantOS/frappe-bench/apps/frappe/frappe/__init__.py", line 817, in get_module
    return importlib.import_module(modulename)
           ^^^^^^^^^^^^^^^^^^^^^^^^^^^^^^^^^^^
  File "/usr/local/Cellar/python@3.12/3.12.11_1/Frameworks/Python.framework/Versions/3.12/lib/python3.12/importlib/__init__.py", line 90, in import_module
    return _bootstrap._gcd_import(name[level:], package, level)
           ^^^^^^^^^^^^^^^^^^^^^^^^^^^^^^^^^^^^^^^^^^^^^^^^^^^^
  File "<frozen importlib._bootstrap>", line 1387, in _gcd_import
  File "<frozen importlib._bootstrap>", line 1360, in _find_and_load
  File "<frozen importlib._bootstrap>", line 1324, in _find_and_load_unlocked
ModuleNotFoundError: No module named 'education'

/Users/user/Documents/resturantOS/frappe-bench/env/lib/python3.12/site-packages/rq/worker.py:1302: DeprecationWarning: This process (pid=27389) is multi-threaded, use of fork() may lead to deadlocks in the child.
  child_pid = os.fork()
2025-09-28 01:12:33,080 [Job hrms.localhost||ec446ac9-8586-45f7-b6f7-e490823e2e0c]: exception raised while executing (frappe.utils.background_jobs.execute_job)
Traceback (most recent call last):
  File "/Users/user/Documents/resturantOS/frappe-bench/env/lib/python3.12/site-packages/rq/worker.py", line 1643, in perform_job
    return_value = job.perform()
                   ^^^^^^^^^^^^^
  File "/Users/user/Documents/resturantOS/frappe-bench/env/lib/python3.12/site-packages/rq/job.py", line 1359, in perform
    self._result = self._execute()
                   ^^^^^^^^^^^^^^^
  File "/Users/user/Documents/resturantOS/frappe-bench/env/lib/python3.12/site-packages/rq/job.py", line 1393, in _execute
    result = self.func(*self.args, **self.kwargs)
             ^^^^^^^^^^^^^^^^^^^^^^^^^^^^^^^^^^^^
  File "/Users/user/Documents/resturantOS/frappe-bench/apps/frappe/frappe/utils/background_jobs.py", line 243, in execute_job
    frappe.init(site, force=True)
  File "/Users/user/Documents/resturantOS/frappe-bench/apps/frappe/frappe/__init__.py", line 208, in init
    setup_module_map(include_all_apps=not (frappe.request or frappe.job or frappe.flags.in_migrate))
  File "/Users/user/Documents/resturantOS/frappe-bench/apps/frappe/frappe/__init__.py", line 1040, in setup_module_map
    for module in get_module_list(app):
                  ^^^^^^^^^^^^^^^^^^^^
  File "/Users/user/Documents/resturantOS/frappe-bench/apps/frappe/frappe/__init__.py", line 881, in get_module_list
    return get_file_items(get_app_path(app_name, "modules.txt"))
                          ^^^^^^^^^^^^^^^^^^^^^^^^^^^^^^^^^^^^^
  File "/Users/user/Documents/resturantOS/frappe-bench/apps/frappe/frappe/__init__.py", line 846, in get_app_path
    return get_pymodule_path(app_name, *joins)
           ^^^^^^^^^^^^^^^^^^^^^^^^^^^^^^^^^^^
  File "/Users/user/Documents/resturantOS/frappe-bench/apps/frappe/frappe/__init__.py", line 876, in get_pymodule_path
    return abspath(join(dirname(get_module(scrub(modulename)).__file__ or ""), *joins))
                                ^^^^^^^^^^^^^^^^^^^^^^^^^^^^^
  File "/Users/user/Documents/resturantOS/frappe-bench/apps/frappe/frappe/__init__.py", line 817, in get_module
    return importlib.import_module(modulename)
           ^^^^^^^^^^^^^^^^^^^^^^^^^^^^^^^^^^^
  File "/usr/local/Cellar/python@3.12/3.12.11_1/Frameworks/Python.framework/Versions/3.12/lib/python3.12/importlib/__init__.py", line 90, in import_module
    return _bootstrap._gcd_import(name[level:], package, level)
           ^^^^^^^^^^^^^^^^^^^^^^^^^^^^^^^^^^^^^^^^^^^^^^^^^^^^
  File "<frozen importlib._bootstrap>", line 1387, in _gcd_import
  File "<frozen importlib._bootstrap>", line 1360, in _find_and_load
  File "<frozen importlib._bootstrap>", line 1324, in _find_and_load_unlocked
ModuleNotFoundError: No module named 'education'

/Users/user/Documents/resturantOS/frappe-bench/env/lib/python3.12/site-packages/rq/worker.py:1302: DeprecationWarning: This process (pid=27389) is multi-threaded, use of fork() may lead to deadlocks in the child.
  child_pid = os.fork()
2025-09-28 01:12:33,111 [Job hrms.localhost||1e9dd9e9-defe-4eef-a25b-0a2fa220ef9a]: exception raised while executing (frappe.utils.background_jobs.execute_job)
Traceback (most recent call last):
  File "/Users/user/Documents/resturantOS/frappe-bench/env/lib/python3.12/site-packages/rq/worker.py", line 1643, in perform_job
    return_value = job.perform()
                   ^^^^^^^^^^^^^
  File "/Users/user/Documents/resturantOS/frappe-bench/env/lib/python3.12/site-packages/rq/job.py", line 1359, in perform
    self._result = self._execute()
                   ^^^^^^^^^^^^^^^
  File "/Users/user/Documents/resturantOS/frappe-bench/env/lib/python3.12/site-packages/rq/job.py", line 1393, in _execute
    result = self.func(*self.args, **self.kwargs)
             ^^^^^^^^^^^^^^^^^^^^^^^^^^^^^^^^^^^^
  File "/Users/user/Documents/resturantOS/frappe-bench/apps/frappe/frappe/utils/background_jobs.py", line 243, in execute_job
    frappe.init(site, force=True)
  File "/Users/user/Documents/resturantOS/frappe-bench/apps/frappe/frappe/__init__.py", line 208, in init
    setup_module_map(include_all_apps=not (frappe.request or frappe.job or frappe.flags.in_migrate))
  File "/Users/user/Documents/resturantOS/frappe-bench/apps/frappe/frappe/__init__.py", line 1040, in setup_module_map
    for module in get_module_list(app):
                  ^^^^^^^^^^^^^^^^^^^^
  File "/Users/user/Documents/resturantOS/frappe-bench/apps/frappe/frappe/__init__.py", line 881, in get_module_list
    return get_file_items(get_app_path(app_name, "modules.txt"))
                          ^^^^^^^^^^^^^^^^^^^^^^^^^^^^^^^^^^^^^
  File "/Users/user/Documents/resturantOS/frappe-bench/apps/frappe/frappe/__init__.py", line 846, in get_app_path
    return get_pymodule_path(app_name, *joins)
           ^^^^^^^^^^^^^^^^^^^^^^^^^^^^^^^^^^^
  File "/Users/user/Documents/resturantOS/frappe-bench/apps/frappe/frappe/__init__.py", line 876, in get_pymodule_path
    return abspath(join(dirname(get_module(scrub(modulename)).__file__ or ""), *joins))
                                ^^^^^^^^^^^^^^^^^^^^^^^^^^^^^
  File "/Users/user/Documents/resturantOS/frappe-bench/apps/frappe/frappe/__init__.py", line 817, in get_module
    return importlib.import_module(modulename)
           ^^^^^^^^^^^^^^^^^^^^^^^^^^^^^^^^^^^
  File "/usr/local/Cellar/python@3.12/3.12.11_1/Frameworks/Python.framework/Versions/3.12/lib/python3.12/importlib/__init__.py", line 90, in import_module
    return _bootstrap._gcd_import(name[level:], package, level)
           ^^^^^^^^^^^^^^^^^^^^^^^^^^^^^^^^^^^^^^^^^^^^^^^^^^^^
  File "<frozen importlib._bootstrap>", line 1387, in _gcd_import
  File "<frozen importlib._bootstrap>", line 1360, in _find_and_load
  File "<frozen importlib._bootstrap>", line 1324, in _find_and_load_unlocked
ModuleNotFoundError: No module named 'education'

/Users/user/Documents/resturantOS/frappe-bench/env/lib/python3.12/site-packages/rq/worker.py:1302: DeprecationWarning: This process (pid=27389) is multi-threaded, use of fork() may lead to deadlocks in the child.
  child_pid = os.fork()
2025-09-28 01:12:33,141 [Job hrms.localhost||525fbe0c-232f-4224-8043-78b1ee681312]: exception raised while executing (frappe.utils.background_jobs.execute_job)
Traceback (most recent call last):
  File "/Users/user/Documents/resturantOS/frappe-bench/env/lib/python3.12/site-packages/rq/worker.py", line 1643, in perform_job
    return_value = job.perform()
                   ^^^^^^^^^^^^^
  File "/Users/user/Documents/resturantOS/frappe-bench/env/lib/python3.12/site-packages/rq/job.py", line 1359, in perform
    self._result = self._execute()
                   ^^^^^^^^^^^^^^^
  File "/Users/user/Documents/resturantOS/frappe-bench/env/lib/python3.12/site-packages/rq/job.py", line 1393, in _execute
    result = self.func(*self.args, **self.kwargs)
             ^^^^^^^^^^^^^^^^^^^^^^^^^^^^^^^^^^^^
  File "/Users/user/Documents/resturantOS/frappe-bench/apps/frappe/frappe/utils/background_jobs.py", line 243, in execute_job
    frappe.init(site, force=True)
  File "/Users/user/Documents/resturantOS/frappe-bench/apps/frappe/frappe/__init__.py", line 208, in init
    setup_module_map(include_all_apps=not (frappe.request or frappe.job or frappe.flags.in_migrate))
  File "/Users/user/Documents/resturantOS/frappe-bench/apps/frappe/frappe/__init__.py", line 1040, in setup_module_map
    for module in get_module_list(app):
                  ^^^^^^^^^^^^^^^^^^^^
  File "/Users/user/Documents/resturantOS/frappe-bench/apps/frappe/frappe/__init__.py", line 881, in get_module_list
    return get_file_items(get_app_path(app_name, "modules.txt"))
                          ^^^^^^^^^^^^^^^^^^^^^^^^^^^^^^^^^^^^^
  File "/Users/user/Documents/resturantOS/frappe-bench/apps/frappe/frappe/__init__.py", line 846, in get_app_path
    return get_pymodule_path(app_name, *joins)
           ^^^^^^^^^^^^^^^^^^^^^^^^^^^^^^^^^^^
  File "/Users/user/Documents/resturantOS/frappe-bench/apps/frappe/frappe/__init__.py", line 876, in get_pymodule_path
    return abspath(join(dirname(get_module(scrub(modulename)).__file__ or ""), *joins))
                                ^^^^^^^^^^^^^^^^^^^^^^^^^^^^^
  File "/Users/user/Documents/resturantOS/frappe-bench/apps/frappe/frappe/__init__.py", line 817, in get_module
    return importlib.import_module(modulename)
           ^^^^^^^^^^^^^^^^^^^^^^^^^^^^^^^^^^^
  File "/usr/local/Cellar/python@3.12/3.12.11_1/Frameworks/Python.framework/Versions/3.12/lib/python3.12/importlib/__init__.py", line 90, in import_module
    return _bootstrap._gcd_import(name[level:], package, level)
           ^^^^^^^^^^^^^^^^^^^^^^^^^^^^^^^^^^^^^^^^^^^^^^^^^^^^
  File "<frozen importlib._bootstrap>", line 1387, in _gcd_import
  File "<frozen importlib._bootstrap>", line 1360, in _find_and_load
  File "<frozen importlib._bootstrap>", line 1324, in _find_and_load_unlocked
ModuleNotFoundError: No module named 'education'

/Users/user/Documents/resturantOS/frappe-bench/env/lib/python3.12/site-packages/rq/worker.py:1302: DeprecationWarning: This process (pid=27389) is multi-threaded, use of fork() may lead to deadlocks in the child.
  child_pid = os.fork()
2025-09-28 01:12:33,172 [Job hrms.localhost||d269ed95-f4bd-4715-857a-324ed0ddf744]: exception raised while executing (frappe.utils.background_jobs.execute_job)
Traceback (most recent call last):
  File "/Users/user/Documents/resturantOS/frappe-bench/env/lib/python3.12/site-packages/rq/worker.py", line 1643, in perform_job
    return_value = job.perform()
                   ^^^^^^^^^^^^^
  File "/Users/user/Documents/resturantOS/frappe-bench/env/lib/python3.12/site-packages/rq/job.py", line 1359, in perform
    self._result = self._execute()
                   ^^^^^^^^^^^^^^^
  File "/Users/user/Documents/resturantOS/frappe-bench/env/lib/python3.12/site-packages/rq/job.py", line 1393, in _execute
    result = self.func(*self.args, **self.kwargs)
             ^^^^^^^^^^^^^^^^^^^^^^^^^^^^^^^^^^^^
  File "/Users/user/Documents/resturantOS/frappe-bench/apps/frappe/frappe/utils/background_jobs.py", line 243, in execute_job
    frappe.init(site, force=True)
  File "/Users/user/Documents/resturantOS/frappe-bench/apps/frappe/frappe/__init__.py", line 208, in init
    setup_module_map(include_all_apps=not (frappe.request or frappe.job or frappe.flags.in_migrate))
  File "/Users/user/Documents/resturantOS/frappe-bench/apps/frappe/frappe/__init__.py", line 1040, in setup_module_map
    for module in get_module_list(app):
                  ^^^^^^^^^^^^^^^^^^^^
  File "/Users/user/Documents/resturantOS/frappe-bench/apps/frappe/frappe/__init__.py", line 881, in get_module_list
    return get_file_items(get_app_path(app_name, "modules.txt"))
                          ^^^^^^^^^^^^^^^^^^^^^^^^^^^^^^^^^^^^^
  File "/Users/user/Documents/resturantOS/frappe-bench/apps/frappe/frappe/__init__.py", line 846, in get_app_path
    return get_pymodule_path(app_name, *joins)
           ^^^^^^^^^^^^^^^^^^^^^^^^^^^^^^^^^^^
  File "/Users/user/Documents/resturantOS/frappe-bench/apps/frappe/frappe/__init__.py", line 876, in get_pymodule_path
    return abspath(join(dirname(get_module(scrub(modulename)).__file__ or ""), *joins))
                                ^^^^^^^^^^^^^^^^^^^^^^^^^^^^^
  File "/Users/user/Documents/resturantOS/frappe-bench/apps/frappe/frappe/__init__.py", line 817, in get_module
    return importlib.import_module(modulename)
           ^^^^^^^^^^^^^^^^^^^^^^^^^^^^^^^^^^^
  File "/usr/local/Cellar/python@3.12/3.12.11_1/Frameworks/Python.framework/Versions/3.12/lib/python3.12/importlib/__init__.py", line 90, in import_module
    return _bootstrap._gcd_import(name[level:], package, level)
           ^^^^^^^^^^^^^^^^^^^^^^^^^^^^^^^^^^^^^^^^^^^^^^^^^^^^
  File "<frozen importlib._bootstrap>", line 1387, in _gcd_import
  File "<frozen importlib._bootstrap>", line 1360, in _find_and_load
  File "<frozen importlib._bootstrap>", line 1324, in _find_and_load_unlocked
ModuleNotFoundError: No module named 'education'

/Users/user/Documents/resturantOS/frappe-bench/env/lib/python3.12/site-packages/rq/worker.py:1302: DeprecationWarning: This process (pid=27389) is multi-threaded, use of fork() may lead to deadlocks in the child.
  child_pid = os.fork()
2025-09-28 01:12:33,203 [Job hrms.localhost||20168d22-3c2a-4359-9104-8ce912bdd559]: exception raised while executing (frappe.utils.background_jobs.execute_job)
Traceback (most recent call last):
  File "/Users/user/Documents/resturantOS/frappe-bench/env/lib/python3.12/site-packages/rq/worker.py", line 1643, in perform_job
    return_value = job.perform()
                   ^^^^^^^^^^^^^
  File "/Users/user/Documents/resturantOS/frappe-bench/env/lib/python3.12/site-packages/rq/job.py", line 1359, in perform
    self._result = self._execute()
                   ^^^^^^^^^^^^^^^
  File "/Users/user/Documents/resturantOS/frappe-bench/env/lib/python3.12/site-packages/rq/job.py", line 1393, in _execute
    result = self.func(*self.args, **self.kwargs)
             ^^^^^^^^^^^^^^^^^^^^^^^^^^^^^^^^^^^^
  File "/Users/user/Documents/resturantOS/frappe-bench/apps/frappe/frappe/utils/background_jobs.py", line 243, in execute_job
    frappe.init(site, force=True)
  File "/Users/user/Documents/resturantOS/frappe-bench/apps/frappe/frappe/__init__.py", line 208, in init
    setup_module_map(include_all_apps=not (frappe.request or frappe.job or frappe.flags.in_migrate))
  File "/Users/user/Documents/resturantOS/frappe-bench/apps/frappe/frappe/__init__.py", line 1040, in setup_module_map
    for module in get_module_list(app):
                  ^^^^^^^^^^^^^^^^^^^^
  File "/Users/user/Documents/resturantOS/frappe-bench/apps/frappe/frappe/__init__.py", line 881, in get_module_list
    return get_file_items(get_app_path(app_name, "modules.txt"))
                          ^^^^^^^^^^^^^^^^^^^^^^^^^^^^^^^^^^^^^
  File "/Users/user/Documents/resturantOS/frappe-bench/apps/frappe/frappe/__init__.py", line 846, in get_app_path
    return get_pymodule_path(app_name, *joins)
           ^^^^^^^^^^^^^^^^^^^^^^^^^^^^^^^^^^^
  File "/Users/user/Documents/resturantOS/frappe-bench/apps/frappe/frappe/__init__.py", line 876, in get_pymodule_path
    return abspath(join(dirname(get_module(scrub(modulename)).__file__ or ""), *joins))
                                ^^^^^^^^^^^^^^^^^^^^^^^^^^^^^
  File "/Users/user/Documents/resturantOS/frappe-bench/apps/frappe/frappe/__init__.py", line 817, in get_module
    return importlib.import_module(modulename)
           ^^^^^^^^^^^^^^^^^^^^^^^^^^^^^^^^^^^
  File "/usr/local/Cellar/python@3.12/3.12.11_1/Frameworks/Python.framework/Versions/3.12/lib/python3.12/importlib/__init__.py", line 90, in import_module
    return _bootstrap._gcd_import(name[level:], package, level)
           ^^^^^^^^^^^^^^^^^^^^^^^^^^^^^^^^^^^^^^^^^^^^^^^^^^^^
  File "<frozen importlib._bootstrap>", line 1387, in _gcd_import
  File "<frozen importlib._bootstrap>", line 1360, in _find_and_load
  File "<frozen importlib._bootstrap>", line 1324, in _find_and_load_unlocked
ModuleNotFoundError: No module named 'education'

/Users/user/Documents/resturantOS/frappe-bench/env/lib/python3.12/site-packages/rq/worker.py:1302: DeprecationWarning: This process (pid=27389) is multi-threaded, use of fork() may lead to deadlocks in the child.
  child_pid = os.fork()
2025-09-28 01:12:33,234 [Job hrms.localhost||e51a265d-c924-4fda-9793-683b9f60f9b8]: exception raised while executing (frappe.utils.background_jobs.execute_job)
Traceback (most recent call last):
  File "/Users/user/Documents/resturantOS/frappe-bench/env/lib/python3.12/site-packages/rq/worker.py", line 1643, in perform_job
    return_value = job.perform()
                   ^^^^^^^^^^^^^
  File "/Users/user/Documents/resturantOS/frappe-bench/env/lib/python3.12/site-packages/rq/job.py", line 1359, in perform
    self._result = self._execute()
                   ^^^^^^^^^^^^^^^
  File "/Users/user/Documents/resturantOS/frappe-bench/env/lib/python3.12/site-packages/rq/job.py", line 1393, in _execute
    result = self.func(*self.args, **self.kwargs)
             ^^^^^^^^^^^^^^^^^^^^^^^^^^^^^^^^^^^^
  File "/Users/user/Documents/resturantOS/frappe-bench/apps/frappe/frappe/utils/background_jobs.py", line 243, in execute_job
    frappe.init(site, force=True)
  File "/Users/user/Documents/resturantOS/frappe-bench/apps/frappe/frappe/__init__.py", line 208, in init
    setup_module_map(include_all_apps=not (frappe.request or frappe.job or frappe.flags.in_migrate))
  File "/Users/user/Documents/resturantOS/frappe-bench/apps/frappe/frappe/__init__.py", line 1040, in setup_module_map
    for module in get_module_list(app):
                  ^^^^^^^^^^^^^^^^^^^^
  File "/Users/user/Documents/resturantOS/frappe-bench/apps/frappe/frappe/__init__.py", line 881, in get_module_list
    return get_file_items(get_app_path(app_name, "modules.txt"))
                          ^^^^^^^^^^^^^^^^^^^^^^^^^^^^^^^^^^^^^
  File "/Users/user/Documents/resturantOS/frappe-bench/apps/frappe/frappe/__init__.py", line 846, in get_app_path
    return get_pymodule_path(app_name, *joins)
           ^^^^^^^^^^^^^^^^^^^^^^^^^^^^^^^^^^^
  File "/Users/user/Documents/resturantOS/frappe-bench/apps/frappe/frappe/__init__.py", line 876, in get_pymodule_path
    return abspath(join(dirname(get_module(scrub(modulename)).__file__ or ""), *joins))
                                ^^^^^^^^^^^^^^^^^^^^^^^^^^^^^
  File "/Users/user/Documents/resturantOS/frappe-bench/apps/frappe/frappe/__init__.py", line 817, in get_module
    return importlib.import_module(modulename)
           ^^^^^^^^^^^^^^^^^^^^^^^^^^^^^^^^^^^
  File "/usr/local/Cellar/python@3.12/3.12.11_1/Frameworks/Python.framework/Versions/3.12/lib/python3.12/importlib/__init__.py", line 90, in import_module
    return _bootstrap._gcd_import(name[level:], package, level)
           ^^^^^^^^^^^^^^^^^^^^^^^^^^^^^^^^^^^^^^^^^^^^^^^^^^^^
  File "<frozen importlib._bootstrap>", line 1387, in _gcd_import
  File "<frozen importlib._bootstrap>", line 1360, in _find_and_load
  File "<frozen importlib._bootstrap>", line 1324, in _find_and_load_unlocked
ModuleNotFoundError: No module named 'education'

/Users/user/Documents/resturantOS/frappe-bench/env/lib/python3.12/site-packages/rq/worker.py:1302: DeprecationWarning: This process (pid=27389) is multi-threaded, use of fork() may lead to deadlocks in the child.
  child_pid = os.fork()
2025-09-28 01:12:33,264 [Job hrms.localhost||fb110019-aaa7-4e12-af84-6fb5092f529e]: exception raised while executing (frappe.utils.background_jobs.execute_job)
Traceback (most recent call last):
  File "/Users/user/Documents/resturantOS/frappe-bench/env/lib/python3.12/site-packages/rq/worker.py", line 1643, in perform_job
    return_value = job.perform()
                   ^^^^^^^^^^^^^
  File "/Users/user/Documents/resturantOS/frappe-bench/env/lib/python3.12/site-packages/rq/job.py", line 1359, in perform
    self._result = self._execute()
                   ^^^^^^^^^^^^^^^
  File "/Users/user/Documents/resturantOS/frappe-bench/env/lib/python3.12/site-packages/rq/job.py", line 1393, in _execute
    result = self.func(*self.args, **self.kwargs)
             ^^^^^^^^^^^^^^^^^^^^^^^^^^^^^^^^^^^^
  File "/Users/user/Documents/resturantOS/frappe-bench/apps/frappe/frappe/utils/background_jobs.py", line 243, in execute_job
    frappe.init(site, force=True)
  File "/Users/user/Documents/resturantOS/frappe-bench/apps/frappe/frappe/__init__.py", line 208, in init
    setup_module_map(include_all_apps=not (frappe.request or frappe.job or frappe.flags.in_migrate))
  File "/Users/user/Documents/resturantOS/frappe-bench/apps/frappe/frappe/__init__.py", line 1040, in setup_module_map
    for module in get_module_list(app):
                  ^^^^^^^^^^^^^^^^^^^^
  File "/Users/user/Documents/resturantOS/frappe-bench/apps/frappe/frappe/__init__.py", line 881, in get_module_list
    return get_file_items(get_app_path(app_name, "modules.txt"))
                          ^^^^^^^^^^^^^^^^^^^^^^^^^^^^^^^^^^^^^
  File "/Users/user/Documents/resturantOS/frappe-bench/apps/frappe/frappe/__init__.py", line 846, in get_app_path
    return get_pymodule_path(app_name, *joins)
           ^^^^^^^^^^^^^^^^^^^^^^^^^^^^^^^^^^^
  File "/Users/user/Documents/resturantOS/frappe-bench/apps/frappe/frappe/__init__.py", line 876, in get_pymodule_path
    return abspath(join(dirname(get_module(scrub(modulename)).__file__ or ""), *joins))
                                ^^^^^^^^^^^^^^^^^^^^^^^^^^^^^
  File "/Users/user/Documents/resturantOS/frappe-bench/apps/frappe/frappe/__init__.py", line 817, in get_module
    return importlib.import_module(modulename)
           ^^^^^^^^^^^^^^^^^^^^^^^^^^^^^^^^^^^
  File "/usr/local/Cellar/python@3.12/3.12.11_1/Frameworks/Python.framework/Versions/3.12/lib/python3.12/importlib/__init__.py", line 90, in import_module
    return _bootstrap._gcd_import(name[level:], package, level)
           ^^^^^^^^^^^^^^^^^^^^^^^^^^^^^^^^^^^^^^^^^^^^^^^^^^^^
  File "<frozen importlib._bootstrap>", line 1387, in _gcd_import
  File "<frozen importlib._bootstrap>", line 1360, in _find_and_load
  File "<frozen importlib._bootstrap>", line 1324, in _find_and_load_unlocked
ModuleNotFoundError: No module named 'education'

/Users/user/Documents/resturantOS/frappe-bench/env/lib/python3.12/site-packages/rq/worker.py:1302: DeprecationWarning: This process (pid=27389) is multi-threaded, use of fork() may lead to deadlocks in the child.
  child_pid = os.fork()
2025-09-28 01:12:33,295 [Job hrms.localhost||0598ba39-0015-43d6-ba8f-17c912bba0ad]: exception raised while executing (frappe.utils.background_jobs.execute_job)
Traceback (most recent call last):
  File "/Users/user/Documents/resturantOS/frappe-bench/env/lib/python3.12/site-packages/rq/worker.py", line 1643, in perform_job
    return_value = job.perform()
                   ^^^^^^^^^^^^^
  File "/Users/user/Documents/resturantOS/frappe-bench/env/lib/python3.12/site-packages/rq/job.py", line 1359, in perform
    self._result = self._execute()
                   ^^^^^^^^^^^^^^^
  File "/Users/user/Documents/resturantOS/frappe-bench/env/lib/python3.12/site-packages/rq/job.py", line 1393, in _execute
    result = self.func(*self.args, **self.kwargs)
             ^^^^^^^^^^^^^^^^^^^^^^^^^^^^^^^^^^^^
  File "/Users/user/Documents/resturantOS/frappe-bench/apps/frappe/frappe/utils/background_jobs.py", line 243, in execute_job
    frappe.init(site, force=True)
  File "/Users/user/Documents/resturantOS/frappe-bench/apps/frappe/frappe/__init__.py", line 208, in init
    setup_module_map(include_all_apps=not (frappe.request or frappe.job or frappe.flags.in_migrate))
  File "/Users/user/Documents/resturantOS/frappe-bench/apps/frappe/frappe/__init__.py", line 1040, in setup_module_map
    for module in get_module_list(app):
                  ^^^^^^^^^^^^^^^^^^^^
  File "/Users/user/Documents/resturantOS/frappe-bench/apps/frappe/frappe/__init__.py", line 881, in get_module_list
    return get_file_items(get_app_path(app_name, "modules.txt"))
                          ^^^^^^^^^^^^^^^^^^^^^^^^^^^^^^^^^^^^^
  File "/Users/user/Documents/resturantOS/frappe-bench/apps/frappe/frappe/__init__.py", line 846, in get_app_path
    return get_pymodule_path(app_name, *joins)
           ^^^^^^^^^^^^^^^^^^^^^^^^^^^^^^^^^^^
  File "/Users/user/Documents/resturantOS/frappe-bench/apps/frappe/frappe/__init__.py", line 876, in get_pymodule_path
    return abspath(join(dirname(get_module(scrub(modulename)).__file__ or ""), *joins))
                                ^^^^^^^^^^^^^^^^^^^^^^^^^^^^^
  File "/Users/user/Documents/resturantOS/frappe-bench/apps/frappe/frappe/__init__.py", line 817, in get_module
    return importlib.import_module(modulename)
           ^^^^^^^^^^^^^^^^^^^^^^^^^^^^^^^^^^^
  File "/usr/local/Cellar/python@3.12/3.12.11_1/Frameworks/Python.framework/Versions/3.12/lib/python3.12/importlib/__init__.py", line 90, in import_module
    return _bootstrap._gcd_import(name[level:], package, level)
           ^^^^^^^^^^^^^^^^^^^^^^^^^^^^^^^^^^^^^^^^^^^^^^^^^^^^
  File "<frozen importlib._bootstrap>", line 1387, in _gcd_import
  File "<frozen importlib._bootstrap>", line 1360, in _find_and_load
  File "<frozen importlib._bootstrap>", line 1324, in _find_and_load_unlocked
ModuleNotFoundError: No module named 'education'

/Users/user/Documents/resturantOS/frappe-bench/env/lib/python3.12/site-packages/rq/worker.py:1302: DeprecationWarning: This process (pid=27389) is multi-threaded, use of fork() may lead to deadlocks in the child.
  child_pid = os.fork()
2025-09-28 01:12:33,325 [Job hrms.localhost||12d04460-4095-4217-81be-c43fa17b2618]: exception raised while executing (frappe.utils.background_jobs.execute_job)
Traceback (most recent call last):
  File "/Users/user/Documents/resturantOS/frappe-bench/env/lib/python3.12/site-packages/rq/worker.py", line 1643, in perform_job
    return_value = job.perform()
                   ^^^^^^^^^^^^^
  File "/Users/user/Documents/resturantOS/frappe-bench/env/lib/python3.12/site-packages/rq/job.py", line 1359, in perform
    self._result = self._execute()
                   ^^^^^^^^^^^^^^^
  File "/Users/user/Documents/resturantOS/frappe-bench/env/lib/python3.12/site-packages/rq/job.py", line 1393, in _execute
    result = self.func(*self.args, **self.kwargs)
             ^^^^^^^^^^^^^^^^^^^^^^^^^^^^^^^^^^^^
  File "/Users/user/Documents/resturantOS/frappe-bench/apps/frappe/frappe/utils/background_jobs.py", line 243, in execute_job
    frappe.init(site, force=True)
  File "/Users/user/Documents/resturantOS/frappe-bench/apps/frappe/frappe/__init__.py", line 208, in init
    setup_module_map(include_all_apps=not (frappe.request or frappe.job or frappe.flags.in_migrate))
  File "/Users/user/Documents/resturantOS/frappe-bench/apps/frappe/frappe/__init__.py", line 1040, in setup_module_map
    for module in get_module_list(app):
                  ^^^^^^^^^^^^^^^^^^^^
  File "/Users/user/Documents/resturantOS/frappe-bench/apps/frappe/frappe/__init__.py", line 881, in get_module_list
    return get_file_items(get_app_path(app_name, "modules.txt"))
                          ^^^^^^^^^^^^^^^^^^^^^^^^^^^^^^^^^^^^^
  File "/Users/user/Documents/resturantOS/frappe-bench/apps/frappe/frappe/__init__.py", line 846, in get_app_path
    return get_pymodule_path(app_name, *joins)
           ^^^^^^^^^^^^^^^^^^^^^^^^^^^^^^^^^^^
  File "/Users/user/Documents/resturantOS/frappe-bench/apps/frappe/frappe/__init__.py", line 876, in get_pymodule_path
    return abspath(join(dirname(get_module(scrub(modulename)).__file__ or ""), *joins))
                                ^^^^^^^^^^^^^^^^^^^^^^^^^^^^^
  File "/Users/user/Documents/resturantOS/frappe-bench/apps/frappe/frappe/__init__.py", line 817, in get_module
    return importlib.import_module(modulename)
           ^^^^^^^^^^^^^^^^^^^^^^^^^^^^^^^^^^^
  File "/usr/local/Cellar/python@3.12/3.12.11_1/Frameworks/Python.framework/Versions/3.12/lib/python3.12/importlib/__init__.py", line 90, in import_module
    return _bootstrap._gcd_import(name[level:], package, level)
           ^^^^^^^^^^^^^^^^^^^^^^^^^^^^^^^^^^^^^^^^^^^^^^^^^^^^
  File "<frozen importlib._bootstrap>", line 1387, in _gcd_import
  File "<frozen importlib._bootstrap>", line 1360, in _find_and_load
  File "<frozen importlib._bootstrap>", line 1324, in _find_and_load_unlocked
ModuleNotFoundError: No module named 'education'

/Users/user/Documents/resturantOS/frappe-bench/env/lib/python3.12/site-packages/rq/worker.py:1302: DeprecationWarning: This process (pid=27389) is multi-threaded, use of fork() may lead to deadlocks in the child.
  child_pid = os.fork()
2025-09-28 01:12:33,354 [Job hrms.localhost||daac0a08-2bda-4611-a798-e07a28782c6d]: exception raised while executing (frappe.utils.background_jobs.execute_job)
Traceback (most recent call last):
  File "/Users/user/Documents/resturantOS/frappe-bench/env/lib/python3.12/site-packages/rq/worker.py", line 1643, in perform_job
    return_value = job.perform()
                   ^^^^^^^^^^^^^
  File "/Users/user/Documents/resturantOS/frappe-bench/env/lib/python3.12/site-packages/rq/job.py", line 1359, in perform
    self._result = self._execute()
                   ^^^^^^^^^^^^^^^
  File "/Users/user/Documents/resturantOS/frappe-bench/env/lib/python3.12/site-packages/rq/job.py", line 1393, in _execute
    result = self.func(*self.args, **self.kwargs)
             ^^^^^^^^^^^^^^^^^^^^^^^^^^^^^^^^^^^^
  File "/Users/user/Documents/resturantOS/frappe-bench/apps/frappe/frappe/utils/background_jobs.py", line 243, in execute_job
    frappe.init(site, force=True)
  File "/Users/user/Documents/resturantOS/frappe-bench/apps/frappe/frappe/__init__.py", line 208, in init
    setup_module_map(include_all_apps=not (frappe.request or frappe.job or frappe.flags.in_migrate))
  File "/Users/user/Documents/resturantOS/frappe-bench/apps/frappe/frappe/__init__.py", line 1040, in setup_module_map
    for module in get_module_list(app):
                  ^^^^^^^^^^^^^^^^^^^^
  File "/Users/user/Documents/resturantOS/frappe-bench/apps/frappe/frappe/__init__.py", line 881, in get_module_list
    return get_file_items(get_app_path(app_name, "modules.txt"))
                          ^^^^^^^^^^^^^^^^^^^^^^^^^^^^^^^^^^^^^
  File "/Users/user/Documents/resturantOS/frappe-bench/apps/frappe/frappe/__init__.py", line 846, in get_app_path
    return get_pymodule_path(app_name, *joins)
           ^^^^^^^^^^^^^^^^^^^^^^^^^^^^^^^^^^^
  File "/Users/user/Documents/resturantOS/frappe-bench/apps/frappe/frappe/__init__.py", line 876, in get_pymodule_path
    return abspath(join(dirname(get_module(scrub(modulename)).__file__ or ""), *joins))
                                ^^^^^^^^^^^^^^^^^^^^^^^^^^^^^
  File "/Users/user/Documents/resturantOS/frappe-bench/apps/frappe/frappe/__init__.py", line 817, in get_module
    return importlib.import_module(modulename)
           ^^^^^^^^^^^^^^^^^^^^^^^^^^^^^^^^^^^
  File "/usr/local/Cellar/python@3.12/3.12.11_1/Frameworks/Python.framework/Versions/3.12/lib/python3.12/importlib/__init__.py", line 90, in import_module
    return _bootstrap._gcd_import(name[level:], package, level)
           ^^^^^^^^^^^^^^^^^^^^^^^^^^^^^^^^^^^^^^^^^^^^^^^^^^^^
  File "<frozen importlib._bootstrap>", line 1387, in _gcd_import
  File "<frozen importlib._bootstrap>", line 1360, in _find_and_load
  File "<frozen importlib._bootstrap>", line 1324, in _find_and_load_unlocked
ModuleNotFoundError: No module named 'education'

/Users/user/Documents/resturantOS/frappe-bench/env/lib/python3.12/site-packages/rq/worker.py:1302: DeprecationWarning: This process (pid=27389) is multi-threaded, use of fork() may lead to deadlocks in the child.
  child_pid = os.fork()
2025-09-28 01:12:33,386 [Job hrms.localhost||e58060dd-fc11-42c2-8351-c4f4094a67bd]: exception raised while executing (frappe.utils.background_jobs.execute_job)
Traceback (most recent call last):
  File "/Users/user/Documents/resturantOS/frappe-bench/env/lib/python3.12/site-packages/rq/worker.py", line 1643, in perform_job
    return_value = job.perform()
                   ^^^^^^^^^^^^^
  File "/Users/user/Documents/resturantOS/frappe-bench/env/lib/python3.12/site-packages/rq/job.py", line 1359, in perform
    self._result = self._execute()
                   ^^^^^^^^^^^^^^^
  File "/Users/user/Documents/resturantOS/frappe-bench/env/lib/python3.12/site-packages/rq/job.py", line 1393, in _execute
    result = self.func(*self.args, **self.kwargs)
             ^^^^^^^^^^^^^^^^^^^^^^^^^^^^^^^^^^^^
  File "/Users/user/Documents/resturantOS/frappe-bench/apps/frappe/frappe/utils/background_jobs.py", line 243, in execute_job
    frappe.init(site, force=True)
  File "/Users/user/Documents/resturantOS/frappe-bench/apps/frappe/frappe/__init__.py", line 208, in init
    setup_module_map(include_all_apps=not (frappe.request or frappe.job or frappe.flags.in_migrate))
  File "/Users/user/Documents/resturantOS/frappe-bench/apps/frappe/frappe/__init__.py", line 1040, in setup_module_map
    for module in get_module_list(app):
                  ^^^^^^^^^^^^^^^^^^^^
  File "/Users/user/Documents/resturantOS/frappe-bench/apps/frappe/frappe/__init__.py", line 881, in get_module_list
    return get_file_items(get_app_path(app_name, "modules.txt"))
                          ^^^^^^^^^^^^^^^^^^^^^^^^^^^^^^^^^^^^^
  File "/Users/user/Documents/resturantOS/frappe-bench/apps/frappe/frappe/__init__.py", line 846, in get_app_path
    return get_pymodule_path(app_name, *joins)
           ^^^^^^^^^^^^^^^^^^^^^^^^^^^^^^^^^^^
  File "/Users/user/Documents/resturantOS/frappe-bench/apps/frappe/frappe/__init__.py", line 876, in get_pymodule_path
    return abspath(join(dirname(get_module(scrub(modulename)).__file__ or ""), *joins))
                                ^^^^^^^^^^^^^^^^^^^^^^^^^^^^^
  File "/Users/user/Documents/resturantOS/frappe-bench/apps/frappe/frappe/__init__.py", line 817, in get_module
    return importlib.import_module(modulename)
           ^^^^^^^^^^^^^^^^^^^^^^^^^^^^^^^^^^^
  File "/usr/local/Cellar/python@3.12/3.12.11_1/Frameworks/Python.framework/Versions/3.12/lib/python3.12/importlib/__init__.py", line 90, in import_module
    return _bootstrap._gcd_import(name[level:], package, level)
           ^^^^^^^^^^^^^^^^^^^^^^^^^^^^^^^^^^^^^^^^^^^^^^^^^^^^
  File "<frozen importlib._bootstrap>", line 1387, in _gcd_import
  File "<frozen importlib._bootstrap>", line 1360, in _find_and_load
  File "<frozen importlib._bootstrap>", line 1324, in _find_and_load_unlocked
ModuleNotFoundError: No module named 'education'

/Users/user/Documents/resturantOS/frappe-bench/env/lib/python3.12/site-packages/rq/worker.py:1302: DeprecationWarning: This process (pid=27389) is multi-threaded, use of fork() may lead to deadlocks in the child.
  child_pid = os.fork()
2025-09-28 01:12:33,416 [Job hrms.localhost||2c2f1742-5d5c-4ede-aa5b-ddaf113bd3c3]: exception raised while executing (frappe.utils.background_jobs.execute_job)
Traceback (most recent call last):
  File "/Users/user/Documents/resturantOS/frappe-bench/env/lib/python3.12/site-packages/rq/worker.py", line 1643, in perform_job
    return_value = job.perform()
                   ^^^^^^^^^^^^^
  File "/Users/user/Documents/resturantOS/frappe-bench/env/lib/python3.12/site-packages/rq/job.py", line 1359, in perform
    self._result = self._execute()
                   ^^^^^^^^^^^^^^^
  File "/Users/user/Documents/resturantOS/frappe-bench/env/lib/python3.12/site-packages/rq/job.py", line 1393, in _execute
    result = self.func(*self.args, **self.kwargs)
             ^^^^^^^^^^^^^^^^^^^^^^^^^^^^^^^^^^^^
  File "/Users/user/Documents/resturantOS/frappe-bench/apps/frappe/frappe/utils/background_jobs.py", line 243, in execute_job
    frappe.init(site, force=True)
  File "/Users/user/Documents/resturantOS/frappe-bench/apps/frappe/frappe/__init__.py", line 208, in init
    setup_module_map(include_all_apps=not (frappe.request or frappe.job or frappe.flags.in_migrate))
  File "/Users/user/Documents/resturantOS/frappe-bench/apps/frappe/frappe/__init__.py", line 1040, in setup_module_map
    for module in get_module_list(app):
                  ^^^^^^^^^^^^^^^^^^^^
  File "/Users/user/Documents/resturantOS/frappe-bench/apps/frappe/frappe/__init__.py", line 881, in get_module_list
    return get_file_items(get_app_path(app_name, "modules.txt"))
                          ^^^^^^^^^^^^^^^^^^^^^^^^^^^^^^^^^^^^^
  File "/Users/user/Documents/resturantOS/frappe-bench/apps/frappe/frappe/__init__.py", line 846, in get_app_path
    return get_pymodule_path(app_name, *joins)
           ^^^^^^^^^^^^^^^^^^^^^^^^^^^^^^^^^^^
  File "/Users/user/Documents/resturantOS/frappe-bench/apps/frappe/frappe/__init__.py", line 876, in get_pymodule_path
    return abspath(join(dirname(get_module(scrub(modulename)).__file__ or ""), *joins))
                                ^^^^^^^^^^^^^^^^^^^^^^^^^^^^^
  File "/Users/user/Documents/resturantOS/frappe-bench/apps/frappe/frappe/__init__.py", line 817, in get_module
    return importlib.import_module(modulename)
           ^^^^^^^^^^^^^^^^^^^^^^^^^^^^^^^^^^^
  File "/usr/local/Cellar/python@3.12/3.12.11_1/Frameworks/Python.framework/Versions/3.12/lib/python3.12/importlib/__init__.py", line 90, in import_module
    return _bootstrap._gcd_import(name[level:], package, level)
           ^^^^^^^^^^^^^^^^^^^^^^^^^^^^^^^^^^^^^^^^^^^^^^^^^^^^
  File "<frozen importlib._bootstrap>", line 1387, in _gcd_import
  File "<frozen importlib._bootstrap>", line 1360, in _find_and_load
  File "<frozen importlib._bootstrap>", line 1324, in _find_and_load_unlocked
ModuleNotFoundError: No module named 'education'

/Users/user/Documents/resturantOS/frappe-bench/env/lib/python3.12/site-packages/rq/worker.py:1302: DeprecationWarning: This process (pid=27389) is multi-threaded, use of fork() may lead to deadlocks in the child.
  child_pid = os.fork()
2025-09-28 01:12:33,447 [Job hrms.localhost||21b12679-82e7-4b07-90d9-04747dec476b]: exception raised while executing (frappe.utils.background_jobs.execute_job)
Traceback (most recent call last):
  File "/Users/user/Documents/resturantOS/frappe-bench/env/lib/python3.12/site-packages/rq/worker.py", line 1643, in perform_job
    return_value = job.perform()
                   ^^^^^^^^^^^^^
  File "/Users/user/Documents/resturantOS/frappe-bench/env/lib/python3.12/site-packages/rq/job.py", line 1359, in perform
    self._result = self._execute()
                   ^^^^^^^^^^^^^^^
  File "/Users/user/Documents/resturantOS/frappe-bench/env/lib/python3.12/site-packages/rq/job.py", line 1393, in _execute
    result = self.func(*self.args, **self.kwargs)
             ^^^^^^^^^^^^^^^^^^^^^^^^^^^^^^^^^^^^
  File "/Users/user/Documents/resturantOS/frappe-bench/apps/frappe/frappe/utils/background_jobs.py", line 243, in execute_job
    frappe.init(site, force=True)
  File "/Users/user/Documents/resturantOS/frappe-bench/apps/frappe/frappe/__init__.py", line 208, in init
    setup_module_map(include_all_apps=not (frappe.request or frappe.job or frappe.flags.in_migrate))
  File "/Users/user/Documents/resturantOS/frappe-bench/apps/frappe/frappe/__init__.py", line 1040, in setup_module_map
    for module in get_module_list(app):
                  ^^^^^^^^^^^^^^^^^^^^
  File "/Users/user/Documents/resturantOS/frappe-bench/apps/frappe/frappe/__init__.py", line 881, in get_module_list
    return get_file_items(get_app_path(app_name, "modules.txt"))
                          ^^^^^^^^^^^^^^^^^^^^^^^^^^^^^^^^^^^^^
  File "/Users/user/Documents/resturantOS/frappe-bench/apps/frappe/frappe/__init__.py", line 846, in get_app_path
    return get_pymodule_path(app_name, *joins)
           ^^^^^^^^^^^^^^^^^^^^^^^^^^^^^^^^^^^
  File "/Users/user/Documents/resturantOS/frappe-bench/apps/frappe/frappe/__init__.py", line 876, in get_pymodule_path
    return abspath(join(dirname(get_module(scrub(modulename)).__file__ or ""), *joins))
                                ^^^^^^^^^^^^^^^^^^^^^^^^^^^^^
  File "/Users/user/Documents/resturantOS/frappe-bench/apps/frappe/frappe/__init__.py", line 817, in get_module
    return importlib.import_module(modulename)
           ^^^^^^^^^^^^^^^^^^^^^^^^^^^^^^^^^^^
  File "/usr/local/Cellar/python@3.12/3.12.11_1/Frameworks/Python.framework/Versions/3.12/lib/python3.12/importlib/__init__.py", line 90, in import_module
    return _bootstrap._gcd_import(name[level:], package, level)
           ^^^^^^^^^^^^^^^^^^^^^^^^^^^^^^^^^^^^^^^^^^^^^^^^^^^^
  File "<frozen importlib._bootstrap>", line 1387, in _gcd_import
  File "<frozen importlib._bootstrap>", line 1360, in _find_and_load
  File "<frozen importlib._bootstrap>", line 1324, in _find_and_load_unlocked
ModuleNotFoundError: No module named 'education'

/Users/user/Documents/resturantOS/frappe-bench/env/lib/python3.12/site-packages/rq/worker.py:1302: DeprecationWarning: This process (pid=27389) is multi-threaded, use of fork() may lead to deadlocks in the child.
  child_pid = os.fork()
2025-09-28 01:12:33,479 [Job hrms.localhost||f26ece58-7778-4bcd-a920-7f3059a05166]: exception raised while executing (frappe.utils.background_jobs.execute_job)
Traceback (most recent call last):
  File "/Users/user/Documents/resturantOS/frappe-bench/env/lib/python3.12/site-packages/rq/worker.py", line 1643, in perform_job
    return_value = job.perform()
                   ^^^^^^^^^^^^^
  File "/Users/user/Documents/resturantOS/frappe-bench/env/lib/python3.12/site-packages/rq/job.py", line 1359, in perform
    self._result = self._execute()
                   ^^^^^^^^^^^^^^^
  File "/Users/user/Documents/resturantOS/frappe-bench/env/lib/python3.12/site-packages/rq/job.py", line 1393, in _execute
    result = self.func(*self.args, **self.kwargs)
             ^^^^^^^^^^^^^^^^^^^^^^^^^^^^^^^^^^^^
  File "/Users/user/Documents/resturantOS/frappe-bench/apps/frappe/frappe/utils/background_jobs.py", line 243, in execute_job
    frappe.init(site, force=True)
  File "/Users/user/Documents/resturantOS/frappe-bench/apps/frappe/frappe/__init__.py", line 208, in init
    setup_module_map(include_all_apps=not (frappe.request or frappe.job or frappe.flags.in_migrate))
  File "/Users/user/Documents/resturantOS/frappe-bench/apps/frappe/frappe/__init__.py", line 1040, in setup_module_map
    for module in get_module_list(app):
                  ^^^^^^^^^^^^^^^^^^^^
  File "/Users/user/Documents/resturantOS/frappe-bench/apps/frappe/frappe/__init__.py", line 881, in get_module_list
    return get_file_items(get_app_path(app_name, "modules.txt"))
                          ^^^^^^^^^^^^^^^^^^^^^^^^^^^^^^^^^^^^^
  File "/Users/user/Documents/resturantOS/frappe-bench/apps/frappe/frappe/__init__.py", line 846, in get_app_path
    return get_pymodule_path(app_name, *joins)
           ^^^^^^^^^^^^^^^^^^^^^^^^^^^^^^^^^^^
  File "/Users/user/Documents/resturantOS/frappe-bench/apps/frappe/frappe/__init__.py", line 876, in get_pymodule_path
    return abspath(join(dirname(get_module(scrub(modulename)).__file__ or ""), *joins))
                                ^^^^^^^^^^^^^^^^^^^^^^^^^^^^^
  File "/Users/user/Documents/resturantOS/frappe-bench/apps/frappe/frappe/__init__.py", line 817, in get_module
    return importlib.import_module(modulename)
           ^^^^^^^^^^^^^^^^^^^^^^^^^^^^^^^^^^^
  File "/usr/local/Cellar/python@3.12/3.12.11_1/Frameworks/Python.framework/Versions/3.12/lib/python3.12/importlib/__init__.py", line 90, in import_module
    return _bootstrap._gcd_import(name[level:], package, level)
           ^^^^^^^^^^^^^^^^^^^^^^^^^^^^^^^^^^^^^^^^^^^^^^^^^^^^
  File "<frozen importlib._bootstrap>", line 1387, in _gcd_import
  File "<frozen importlib._bootstrap>", line 1360, in _find_and_load
  File "<frozen importlib._bootstrap>", line 1324, in _find_and_load_unlocked
ModuleNotFoundError: No module named 'education'

/Users/user/Documents/resturantOS/frappe-bench/env/lib/python3.12/site-packages/rq/worker.py:1302: DeprecationWarning: This process (pid=27389) is multi-threaded, use of fork() may lead to deadlocks in the child.
  child_pid = os.fork()
/Users/user/Documents/resturantOS/frappe-bench/env/lib/python3.12/site-packages/passlib/utils/__init__.py:854: DeprecationWarning: 'crypt' is deprecated and slated for removal in Python 3.13
  from crypt import crypt as _crypt
2025-09-28 01:12:34,184 [Job hrms.localhost||faad7890-b7f4-4c59-b52a-5c48c35dee3f]: exception raised while executing (frappe.utils.background_jobs.execute_job)
Traceback (most recent call last):
  File "/Users/user/Documents/resturantOS/frappe-bench/env/lib/python3.12/site-packages/rq/worker.py", line 1643, in perform_job
    return_value = job.perform()
                   ^^^^^^^^^^^^^
  File "/Users/user/Documents/resturantOS/frappe-bench/env/lib/python3.12/site-packages/rq/job.py", line 1359, in perform
    self._result = self._execute()
                   ^^^^^^^^^^^^^^^
  File "/Users/user/Documents/resturantOS/frappe-bench/env/lib/python3.12/site-packages/rq/job.py", line 1393, in _execute
    result = self.func(*self.args, **self.kwargs)
             ^^^^^^^^^^^^^^^^^^^^^^^^^^^^^^^^^^^^
  File "/Users/user/Documents/resturantOS/frappe-bench/apps/frappe/frappe/utils/background_jobs.py", line 243, in execute_job
    frappe.init(site, force=True)
  File "/Users/user/Documents/resturantOS/frappe-bench/apps/frappe/frappe/__init__.py", line 208, in init
    setup_module_map(include_all_apps=not (frappe.request or frappe.job or frappe.flags.in_migrate))
  File "/Users/user/Documents/resturantOS/frappe-bench/apps/frappe/frappe/__init__.py", line 1040, in setup_module_map
    for module in get_module_list(app):
                  ^^^^^^^^^^^^^^^^^^^^
  File "/Users/user/Documents/resturantOS/frappe-bench/apps/frappe/frappe/__init__.py", line 881, in get_module_list
    return get_file_items(get_app_path(app_name, "modules.txt"))
                          ^^^^^^^^^^^^^^^^^^^^^^^^^^^^^^^^^^^^^
  File "/Users/user/Documents/resturantOS/frappe-bench/apps/frappe/frappe/__init__.py", line 846, in get_app_path
    return get_pymodule_path(app_name, *joins)
           ^^^^^^^^^^^^^^^^^^^^^^^^^^^^^^^^^^^
  File "/Users/user/Documents/resturantOS/frappe-bench/apps/frappe/frappe/__init__.py", line 876, in get_pymodule_path
    return abspath(join(dirname(get_module(scrub(modulename)).__file__ or ""), *joins))
                                ^^^^^^^^^^^^^^^^^^^^^^^^^^^^^
  File "/Users/user/Documents/resturantOS/frappe-bench/apps/frappe/frappe/__init__.py", line 817, in get_module
    return importlib.import_module(modulename)
           ^^^^^^^^^^^^^^^^^^^^^^^^^^^^^^^^^^^
  File "/usr/local/Cellar/python@3.12/3.12.11_1/Frameworks/Python.framework/Versions/3.12/lib/python3.12/importlib/__init__.py", line 90, in import_module
    return _bootstrap._gcd_import(name[level:], package, level)
           ^^^^^^^^^^^^^^^^^^^^^^^^^^^^^^^^^^^^^^^^^^^^^^^^^^^^
  File "<frozen importlib._bootstrap>", line 1387, in _gcd_import
  File "<frozen importlib._bootstrap>", line 1360, in _find_and_load
  File "<frozen importlib._bootstrap>", line 1324, in _find_and_load_unlocked
ModuleNotFoundError: No module named 'education'

/Users/user/Documents/resturantOS/frappe-bench/env/lib/python3.12/site-packages/rq/worker.py:1302: DeprecationWarning: This process (pid=27389) is multi-threaded, use of fork() may lead to deadlocks in the child.
  child_pid = os.fork()
2025-09-28 01:12:34,221 [Job hrms.localhost||16d1922a-7d5c-4559-b9e2-6d328b8f6446]: exception raised while executing (frappe.utils.background_jobs.execute_job)
Traceback (most recent call last):
  File "/Users/user/Documents/resturantOS/frappe-bench/env/lib/python3.12/site-packages/rq/worker.py", line 1643, in perform_job
    return_value = job.perform()
                   ^^^^^^^^^^^^^
  File "/Users/user/Documents/resturantOS/frappe-bench/env/lib/python3.12/site-packages/rq/job.py", line 1359, in perform
    self._result = self._execute()
                   ^^^^^^^^^^^^^^^
  File "/Users/user/Documents/resturantOS/frappe-bench/env/lib/python3.12/site-packages/rq/job.py", line 1393, in _execute
    result = self.func(*self.args, **self.kwargs)
             ^^^^^^^^^^^^^^^^^^^^^^^^^^^^^^^^^^^^
  File "/Users/user/Documents/resturantOS/frappe-bench/apps/frappe/frappe/utils/background_jobs.py", line 243, in execute_job
    frappe.init(site, force=True)
  File "/Users/user/Documents/resturantOS/frappe-bench/apps/frappe/frappe/__init__.py", line 208, in init
    setup_module_map(include_all_apps=not (frappe.request or frappe.job or frappe.flags.in_migrate))
  File "/Users/user/Documents/resturantOS/frappe-bench/apps/frappe/frappe/__init__.py", line 1040, in setup_module_map
    for module in get_module_list(app):
                  ^^^^^^^^^^^^^^^^^^^^
  File "/Users/user/Documents/resturantOS/frappe-bench/apps/frappe/frappe/__init__.py", line 881, in get_module_list
    return get_file_items(get_app_path(app_name, "modules.txt"))
                          ^^^^^^^^^^^^^^^^^^^^^^^^^^^^^^^^^^^^^
  File "/Users/user/Documents/resturantOS/frappe-bench/apps/frappe/frappe/__init__.py", line 846, in get_app_path
    return get_pymodule_path(app_name, *joins)
           ^^^^^^^^^^^^^^^^^^^^^^^^^^^^^^^^^^^
  File "/Users/user/Documents/resturantOS/frappe-bench/apps/frappe/frappe/__init__.py", line 876, in get_pymodule_path
    return abspath(join(dirname(get_module(scrub(modulename)).__file__ or ""), *joins))
                                ^^^^^^^^^^^^^^^^^^^^^^^^^^^^^
  File "/Users/user/Documents/resturantOS/frappe-bench/apps/frappe/frappe/__init__.py", line 817, in get_module
    return importlib.import_module(modulename)
           ^^^^^^^^^^^^^^^^^^^^^^^^^^^^^^^^^^^
  File "/usr/local/Cellar/python@3.12/3.12.11_1/Frameworks/Python.framework/Versions/3.12/lib/python3.12/importlib/__init__.py", line 90, in import_module
    return _bootstrap._gcd_import(name[level:], package, level)
           ^^^^^^^^^^^^^^^^^^^^^^^^^^^^^^^^^^^^^^^^^^^^^^^^^^^^
  File "<frozen importlib._bootstrap>", line 1387, in _gcd_import
  File "<frozen importlib._bootstrap>", line 1360, in _find_and_load
  File "<frozen importlib._bootstrap>", line 1324, in _find_and_load_unlocked
ModuleNotFoundError: No module named 'education'

/Users/user/Documents/resturantOS/frappe-bench/env/lib/python3.12/site-packages/rq/worker.py:1302: DeprecationWarning: This process (pid=27389) is multi-threaded, use of fork() may lead to deadlocks in the child.
  child_pid = os.fork()
2025-09-28 01:12:34,255 [Job hrms.localhost||bc97c056-bf75-48e4-8500-8d82c89a72d6]: exception raised while executing (frappe.utils.background_jobs.execute_job)
Traceback (most recent call last):
  File "/Users/user/Documents/resturantOS/frappe-bench/env/lib/python3.12/site-packages/rq/worker.py", line 1643, in perform_job
    return_value = job.perform()
                   ^^^^^^^^^^^^^
  File "/Users/user/Documents/resturantOS/frappe-bench/env/lib/python3.12/site-packages/rq/job.py", line 1359, in perform
    self._result = self._execute()
                   ^^^^^^^^^^^^^^^
  File "/Users/user/Documents/resturantOS/frappe-bench/env/lib/python3.12/site-packages/rq/job.py", line 1393, in _execute
    result = self.func(*self.args, **self.kwargs)
             ^^^^^^^^^^^^^^^^^^^^^^^^^^^^^^^^^^^^
  File "/Users/user/Documents/resturantOS/frappe-bench/apps/frappe/frappe/utils/background_jobs.py", line 243, in execute_job
    frappe.init(site, force=True)
  File "/Users/user/Documents/resturantOS/frappe-bench/apps/frappe/frappe/__init__.py", line 208, in init
    setup_module_map(include_all_apps=not (frappe.request or frappe.job or frappe.flags.in_migrate))
  File "/Users/user/Documents/resturantOS/frappe-bench/apps/frappe/frappe/__init__.py", line 1040, in setup_module_map
    for module in get_module_list(app):
                  ^^^^^^^^^^^^^^^^^^^^
  File "/Users/user/Documents/resturantOS/frappe-bench/apps/frappe/frappe/__init__.py", line 881, in get_module_list
    return get_file_items(get_app_path(app_name, "modules.txt"))
                          ^^^^^^^^^^^^^^^^^^^^^^^^^^^^^^^^^^^^^
  File "/Users/user/Documents/resturantOS/frappe-bench/apps/frappe/frappe/__init__.py", line 846, in get_app_path
    return get_pymodule_path(app_name, *joins)
           ^^^^^^^^^^^^^^^^^^^^^^^^^^^^^^^^^^^
  File "/Users/user/Documents/resturantOS/frappe-bench/apps/frappe/frappe/__init__.py", line 876, in get_pymodule_path
    return abspath(join(dirname(get_module(scrub(modulename)).__file__ or ""), *joins))
                                ^^^^^^^^^^^^^^^^^^^^^^^^^^^^^
  File "/Users/user/Documents/resturantOS/frappe-bench/apps/frappe/frappe/__init__.py", line 817, in get_module
    return importlib.import_module(modulename)
           ^^^^^^^^^^^^^^^^^^^^^^^^^^^^^^^^^^^
  File "/usr/local/Cellar/python@3.12/3.12.11_1/Frameworks/Python.framework/Versions/3.12/lib/python3.12/importlib/__init__.py", line 90, in import_module
    return _bootstrap._gcd_import(name[level:], package, level)
           ^^^^^^^^^^^^^^^^^^^^^^^^^^^^^^^^^^^^^^^^^^^^^^^^^^^^
  File "<frozen importlib._bootstrap>", line 1387, in _gcd_import
  File "<frozen importlib._bootstrap>", line 1360, in _find_and_load
  File "<frozen importlib._bootstrap>", line 1324, in _find_and_load_unlocked
ModuleNotFoundError: No module named 'education'

/Users/user/Documents/resturantOS/frappe-bench/env/lib/python3.12/site-packages/rq/worker.py:1302: DeprecationWarning: This process (pid=27389) is multi-threaded, use of fork() may lead to deadlocks in the child.
  child_pid = os.fork()
2025-09-28 01:12:34,289 [Job hrms.localhost||0eeb8cc8-ca08-4657-8e8b-eb3a2abb33b6]: exception raised while executing (frappe.utils.background_jobs.execute_job)
Traceback (most recent call last):
  File "/Users/user/Documents/resturantOS/frappe-bench/env/lib/python3.12/site-packages/rq/worker.py", line 1643, in perform_job
    return_value = job.perform()
                   ^^^^^^^^^^^^^
  File "/Users/user/Documents/resturantOS/frappe-bench/env/lib/python3.12/site-packages/rq/job.py", line 1359, in perform
    self._result = self._execute()
                   ^^^^^^^^^^^^^^^
  File "/Users/user/Documents/resturantOS/frappe-bench/env/lib/python3.12/site-packages/rq/job.py", line 1393, in _execute
    result = self.func(*self.args, **self.kwargs)
             ^^^^^^^^^^^^^^^^^^^^^^^^^^^^^^^^^^^^
  File "/Users/user/Documents/resturantOS/frappe-bench/apps/frappe/frappe/utils/background_jobs.py", line 243, in execute_job
    frappe.init(site, force=True)
  File "/Users/user/Documents/resturantOS/frappe-bench/apps/frappe/frappe/__init__.py", line 208, in init
    setup_module_map(include_all_apps=not (frappe.request or frappe.job or frappe.flags.in_migrate))
  File "/Users/user/Documents/resturantOS/frappe-bench/apps/frappe/frappe/__init__.py", line 1040, in setup_module_map
    for module in get_module_list(app):
                  ^^^^^^^^^^^^^^^^^^^^
  File "/Users/user/Documents/resturantOS/frappe-bench/apps/frappe/frappe/__init__.py", line 881, in get_module_list
    return get_file_items(get_app_path(app_name, "modules.txt"))
                          ^^^^^^^^^^^^^^^^^^^^^^^^^^^^^^^^^^^^^
  File "/Users/user/Documents/resturantOS/frappe-bench/apps/frappe/frappe/__init__.py", line 846, in get_app_path
    return get_pymodule_path(app_name, *joins)
           ^^^^^^^^^^^^^^^^^^^^^^^^^^^^^^^^^^^
  File "/Users/user/Documents/resturantOS/frappe-bench/apps/frappe/frappe/__init__.py", line 876, in get_pymodule_path
    return abspath(join(dirname(get_module(scrub(modulename)).__file__ or ""), *joins))
                                ^^^^^^^^^^^^^^^^^^^^^^^^^^^^^
  File "/Users/user/Documents/resturantOS/frappe-bench/apps/frappe/frappe/__init__.py", line 817, in get_module
    return importlib.import_module(modulename)
           ^^^^^^^^^^^^^^^^^^^^^^^^^^^^^^^^^^^
  File "/usr/local/Cellar/python@3.12/3.12.11_1/Frameworks/Python.framework/Versions/3.12/lib/python3.12/importlib/__init__.py", line 90, in import_module
    return _bootstrap._gcd_import(name[level:], package, level)
           ^^^^^^^^^^^^^^^^^^^^^^^^^^^^^^^^^^^^^^^^^^^^^^^^^^^^
  File "<frozen importlib._bootstrap>", line 1387, in _gcd_import
  File "<frozen importlib._bootstrap>", line 1360, in _find_and_load
  File "<frozen importlib._bootstrap>", line 1324, in _find_and_load_unlocked
ModuleNotFoundError: No module named 'education'

/Users/user/Documents/resturantOS/frappe-bench/env/lib/python3.12/site-packages/rq/worker.py:1302: DeprecationWarning: This process (pid=27389) is multi-threaded, use of fork() may lead to deadlocks in the child.
  child_pid = os.fork()
2025-09-28 01:12:34,322 [Job hrms.localhost||0828be95-85e5-4513-b101-3b03ecbe7711]: exception raised while executing (frappe.utils.background_jobs.execute_job)
Traceback (most recent call last):
  File "/Users/user/Documents/resturantOS/frappe-bench/env/lib/python3.12/site-packages/rq/worker.py", line 1643, in perform_job
    return_value = job.perform()
                   ^^^^^^^^^^^^^
  File "/Users/user/Documents/resturantOS/frappe-bench/env/lib/python3.12/site-packages/rq/job.py", line 1359, in perform
    self._result = self._execute()
                   ^^^^^^^^^^^^^^^
  File "/Users/user/Documents/resturantOS/frappe-bench/env/lib/python3.12/site-packages/rq/job.py", line 1393, in _execute
    result = self.func(*self.args, **self.kwargs)
             ^^^^^^^^^^^^^^^^^^^^^^^^^^^^^^^^^^^^
  File "/Users/user/Documents/resturantOS/frappe-bench/apps/frappe/frappe/utils/background_jobs.py", line 243, in execute_job
    frappe.init(site, force=True)
  File "/Users/user/Documents/resturantOS/frappe-bench/apps/frappe/frappe/__init__.py", line 208, in init
    setup_module_map(include_all_apps=not (frappe.request or frappe.job or frappe.flags.in_migrate))
  File "/Users/user/Documents/resturantOS/frappe-bench/apps/frappe/frappe/__init__.py", line 1040, in setup_module_map
    for module in get_module_list(app):
                  ^^^^^^^^^^^^^^^^^^^^
  File "/Users/user/Documents/resturantOS/frappe-bench/apps/frappe/frappe/__init__.py", line 881, in get_module_list
    return get_file_items(get_app_path(app_name, "modules.txt"))
                          ^^^^^^^^^^^^^^^^^^^^^^^^^^^^^^^^^^^^^
  File "/Users/user/Documents/resturantOS/frappe-bench/apps/frappe/frappe/__init__.py", line 846, in get_app_path
    return get_pymodule_path(app_name, *joins)
           ^^^^^^^^^^^^^^^^^^^^^^^^^^^^^^^^^^^
  File "/Users/user/Documents/resturantOS/frappe-bench/apps/frappe/frappe/__init__.py", line 876, in get_pymodule_path
    return abspath(join(dirname(get_module(scrub(modulename)).__file__ or ""), *joins))
                                ^^^^^^^^^^^^^^^^^^^^^^^^^^^^^
  File "/Users/user/Documents/resturantOS/frappe-bench/apps/frappe/frappe/__init__.py", line 817, in get_module
    return importlib.import_module(modulename)
           ^^^^^^^^^^^^^^^^^^^^^^^^^^^^^^^^^^^
  File "/usr/local/Cellar/python@3.12/3.12.11_1/Frameworks/Python.framework/Versions/3.12/lib/python3.12/importlib/__init__.py", line 90, in import_module
    return _bootstrap._gcd_import(name[level:], package, level)
           ^^^^^^^^^^^^^^^^^^^^^^^^^^^^^^^^^^^^^^^^^^^^^^^^^^^^
  File "<frozen importlib._bootstrap>", line 1387, in _gcd_import
  File "<frozen importlib._bootstrap>", line 1360, in _find_and_load
  File "<frozen importlib._bootstrap>", line 1324, in _find_and_load_unlocked
ModuleNotFoundError: No module named 'education'

/Users/user/Documents/resturantOS/frappe-bench/env/lib/python3.12/site-packages/rq/worker.py:1302: DeprecationWarning: This process (pid=27389) is multi-threaded, use of fork() may lead to deadlocks in the child.
  child_pid = os.fork()
2025-09-28 01:12:34,355 [Job hrms.localhost||58229de4-4b93-4f34-85de-67b1cc6a8041]: exception raised while executing (frappe.utils.background_jobs.execute_job)
Traceback (most recent call last):
  File "/Users/user/Documents/resturantOS/frappe-bench/env/lib/python3.12/site-packages/rq/worker.py", line 1643, in perform_job
    return_value = job.perform()
                   ^^^^^^^^^^^^^
  File "/Users/user/Documents/resturantOS/frappe-bench/env/lib/python3.12/site-packages/rq/job.py", line 1359, in perform
    self._result = self._execute()
                   ^^^^^^^^^^^^^^^
  File "/Users/user/Documents/resturantOS/frappe-bench/env/lib/python3.12/site-packages/rq/job.py", line 1393, in _execute
    result = self.func(*self.args, **self.kwargs)
             ^^^^^^^^^^^^^^^^^^^^^^^^^^^^^^^^^^^^
  File "/Users/user/Documents/resturantOS/frappe-bench/apps/frappe/frappe/utils/background_jobs.py", line 243, in execute_job
    frappe.init(site, force=True)
  File "/Users/user/Documents/resturantOS/frappe-bench/apps/frappe/frappe/__init__.py", line 208, in init
    setup_module_map(include_all_apps=not (frappe.request or frappe.job or frappe.flags.in_migrate))
  File "/Users/user/Documents/resturantOS/frappe-bench/apps/frappe/frappe/__init__.py", line 1040, in setup_module_map
    for module in get_module_list(app):
                  ^^^^^^^^^^^^^^^^^^^^
  File "/Users/user/Documents/resturantOS/frappe-bench/apps/frappe/frappe/__init__.py", line 881, in get_module_list
    return get_file_items(get_app_path(app_name, "modules.txt"))
                          ^^^^^^^^^^^^^^^^^^^^^^^^^^^^^^^^^^^^^
  File "/Users/user/Documents/resturantOS/frappe-bench/apps/frappe/frappe/__init__.py", line 846, in get_app_path
    return get_pymodule_path(app_name, *joins)
           ^^^^^^^^^^^^^^^^^^^^^^^^^^^^^^^^^^^
  File "/Users/user/Documents/resturantOS/frappe-bench/apps/frappe/frappe/__init__.py", line 876, in get_pymodule_path
    return abspath(join(dirname(get_module(scrub(modulename)).__file__ or ""), *joins))
                                ^^^^^^^^^^^^^^^^^^^^^^^^^^^^^
  File "/Users/user/Documents/resturantOS/frappe-bench/apps/frappe/frappe/__init__.py", line 817, in get_module
    return importlib.import_module(modulename)
           ^^^^^^^^^^^^^^^^^^^^^^^^^^^^^^^^^^^
  File "/usr/local/Cellar/python@3.12/3.12.11_1/Frameworks/Python.framework/Versions/3.12/lib/python3.12/importlib/__init__.py", line 90, in import_module
    return _bootstrap._gcd_import(name[level:], package, level)
           ^^^^^^^^^^^^^^^^^^^^^^^^^^^^^^^^^^^^^^^^^^^^^^^^^^^^
  File "<frozen importlib._bootstrap>", line 1387, in _gcd_import
  File "<frozen importlib._bootstrap>", line 1360, in _find_and_load
  File "<frozen importlib._bootstrap>", line 1324, in _find_and_load_unlocked
ModuleNotFoundError: No module named 'education'

/Users/user/Documents/resturantOS/frappe-bench/env/lib/python3.12/site-packages/rq/worker.py:1302: DeprecationWarning: This process (pid=27389) is multi-threaded, use of fork() may lead to deadlocks in the child.
  child_pid = os.fork()
2025-09-28 01:12:34,388 [Job hrms.localhost||8a4ed7eb-a7fb-49f6-b781-3c0afbc291d7]: exception raised while executing (frappe.utils.background_jobs.execute_job)
Traceback (most recent call last):
  File "/Users/user/Documents/resturantOS/frappe-bench/env/lib/python3.12/site-packages/rq/worker.py", line 1643, in perform_job
    return_value = job.perform()
                   ^^^^^^^^^^^^^
  File "/Users/user/Documents/resturantOS/frappe-bench/env/lib/python3.12/site-packages/rq/job.py", line 1359, in perform
    self._result = self._execute()
                   ^^^^^^^^^^^^^^^
  File "/Users/user/Documents/resturantOS/frappe-bench/env/lib/python3.12/site-packages/rq/job.py", line 1393, in _execute
    result = self.func(*self.args, **self.kwargs)
             ^^^^^^^^^^^^^^^^^^^^^^^^^^^^^^^^^^^^
  File "/Users/user/Documents/resturantOS/frappe-bench/apps/frappe/frappe/utils/background_jobs.py", line 243, in execute_job
    frappe.init(site, force=True)
  File "/Users/user/Documents/resturantOS/frappe-bench/apps/frappe/frappe/__init__.py", line 208, in init
    setup_module_map(include_all_apps=not (frappe.request or frappe.job or frappe.flags.in_migrate))
  File "/Users/user/Documents/resturantOS/frappe-bench/apps/frappe/frappe/__init__.py", line 1040, in setup_module_map
    for module in get_module_list(app):
                  ^^^^^^^^^^^^^^^^^^^^
  File "/Users/user/Documents/resturantOS/frappe-bench/apps/frappe/frappe/__init__.py", line 881, in get_module_list
    return get_file_items(get_app_path(app_name, "modules.txt"))
                          ^^^^^^^^^^^^^^^^^^^^^^^^^^^^^^^^^^^^^
  File "/Users/user/Documents/resturantOS/frappe-bench/apps/frappe/frappe/__init__.py", line 846, in get_app_path
    return get_pymodule_path(app_name, *joins)
           ^^^^^^^^^^^^^^^^^^^^^^^^^^^^^^^^^^^
  File "/Users/user/Documents/resturantOS/frappe-bench/apps/frappe/frappe/__init__.py", line 876, in get_pymodule_path
    return abspath(join(dirname(get_module(scrub(modulename)).__file__ or ""), *joins))
                                ^^^^^^^^^^^^^^^^^^^^^^^^^^^^^
  File "/Users/user/Documents/resturantOS/frappe-bench/apps/frappe/frappe/__init__.py", line 817, in get_module
    return importlib.import_module(modulename)
           ^^^^^^^^^^^^^^^^^^^^^^^^^^^^^^^^^^^
  File "/usr/local/Cellar/python@3.12/3.12.11_1/Frameworks/Python.framework/Versions/3.12/lib/python3.12/importlib/__init__.py", line 90, in import_module
    return _bootstrap._gcd_import(name[level:], package, level)
           ^^^^^^^^^^^^^^^^^^^^^^^^^^^^^^^^^^^^^^^^^^^^^^^^^^^^
  File "<frozen importlib._bootstrap>", line 1387, in _gcd_import
  File "<frozen importlib._bootstrap>", line 1360, in _find_and_load
  File "<frozen importlib._bootstrap>", line 1324, in _find_and_load_unlocked
ModuleNotFoundError: No module named 'education'

/Users/user/Documents/resturantOS/frappe-bench/env/lib/python3.12/site-packages/rq/worker.py:1302: DeprecationWarning: This process (pid=27389) is multi-threaded, use of fork() may lead to deadlocks in the child.
  child_pid = os.fork()
2025-09-28 01:12:34,421 [Job hrms.localhost||8fdbb01b-a67d-458d-9b65-c770ca5b6805]: exception raised while executing (frappe.utils.background_jobs.execute_job)
Traceback (most recent call last):
  File "/Users/user/Documents/resturantOS/frappe-bench/env/lib/python3.12/site-packages/rq/worker.py", line 1643, in perform_job
    return_value = job.perform()
                   ^^^^^^^^^^^^^
  File "/Users/user/Documents/resturantOS/frappe-bench/env/lib/python3.12/site-packages/rq/job.py", line 1359, in perform
    self._result = self._execute()
                   ^^^^^^^^^^^^^^^
  File "/Users/user/Documents/resturantOS/frappe-bench/env/lib/python3.12/site-packages/rq/job.py", line 1393, in _execute
    result = self.func(*self.args, **self.kwargs)
             ^^^^^^^^^^^^^^^^^^^^^^^^^^^^^^^^^^^^
  File "/Users/user/Documents/resturantOS/frappe-bench/apps/frappe/frappe/utils/background_jobs.py", line 243, in execute_job
    frappe.init(site, force=True)
  File "/Users/user/Documents/resturantOS/frappe-bench/apps/frappe/frappe/__init__.py", line 208, in init
    setup_module_map(include_all_apps=not (frappe.request or frappe.job or frappe.flags.in_migrate))
  File "/Users/user/Documents/resturantOS/frappe-bench/apps/frappe/frappe/__init__.py", line 1040, in setup_module_map
    for module in get_module_list(app):
                  ^^^^^^^^^^^^^^^^^^^^
  File "/Users/user/Documents/resturantOS/frappe-bench/apps/frappe/frappe/__init__.py", line 881, in get_module_list
    return get_file_items(get_app_path(app_name, "modules.txt"))
                          ^^^^^^^^^^^^^^^^^^^^^^^^^^^^^^^^^^^^^
  File "/Users/user/Documents/resturantOS/frappe-bench/apps/frappe/frappe/__init__.py", line 846, in get_app_path
    return get_pymodule_path(app_name, *joins)
           ^^^^^^^^^^^^^^^^^^^^^^^^^^^^^^^^^^^
  File "/Users/user/Documents/resturantOS/frappe-bench/apps/frappe/frappe/__init__.py", line 876, in get_pymodule_path
    return abspath(join(dirname(get_module(scrub(modulename)).__file__ or ""), *joins))
                                ^^^^^^^^^^^^^^^^^^^^^^^^^^^^^
  File "/Users/user/Documents/resturantOS/frappe-bench/apps/frappe/frappe/__init__.py", line 817, in get_module
    return importlib.import_module(modulename)
           ^^^^^^^^^^^^^^^^^^^^^^^^^^^^^^^^^^^
  File "/usr/local/Cellar/python@3.12/3.12.11_1/Frameworks/Python.framework/Versions/3.12/lib/python3.12/importlib/__init__.py", line 90, in import_module
    return _bootstrap._gcd_import(name[level:], package, level)
           ^^^^^^^^^^^^^^^^^^^^^^^^^^^^^^^^^^^^^^^^^^^^^^^^^^^^
  File "<frozen importlib._bootstrap>", line 1387, in _gcd_import
  File "<frozen importlib._bootstrap>", line 1360, in _find_and_load
  File "<frozen importlib._bootstrap>", line 1324, in _find_and_load_unlocked
ModuleNotFoundError: No module named 'education'

/Users/user/Documents/resturantOS/frappe-bench/env/lib/python3.12/site-packages/rq/worker.py:1302: DeprecationWarning: This process (pid=27389) is multi-threaded, use of fork() may lead to deadlocks in the child.
  child_pid = os.fork()
2025-09-28 01:12:34,455 [Job hrms.localhost||4cf9fd90-7bc7-49fd-96a0-68f1f76b6b1a]: exception raised while executing (frappe.utils.background_jobs.execute_job)
Traceback (most recent call last):
  File "/Users/user/Documents/resturantOS/frappe-bench/env/lib/python3.12/site-packages/rq/worker.py", line 1643, in perform_job
    return_value = job.perform()
                   ^^^^^^^^^^^^^
  File "/Users/user/Documents/resturantOS/frappe-bench/env/lib/python3.12/site-packages/rq/job.py", line 1359, in perform
    self._result = self._execute()
                   ^^^^^^^^^^^^^^^
  File "/Users/user/Documents/resturantOS/frappe-bench/env/lib/python3.12/site-packages/rq/job.py", line 1393, in _execute
    result = self.func(*self.args, **self.kwargs)
             ^^^^^^^^^^^^^^^^^^^^^^^^^^^^^^^^^^^^
  File "/Users/user/Documents/resturantOS/frappe-bench/apps/frappe/frappe/utils/background_jobs.py", line 243, in execute_job
    frappe.init(site, force=True)
  File "/Users/user/Documents/resturantOS/frappe-bench/apps/frappe/frappe/__init__.py", line 208, in init
    setup_module_map(include_all_apps=not (frappe.request or frappe.job or frappe.flags.in_migrate))
  File "/Users/user/Documents/resturantOS/frappe-bench/apps/frappe/frappe/__init__.py", line 1040, in setup_module_map
    for module in get_module_list(app):
                  ^^^^^^^^^^^^^^^^^^^^
  File "/Users/user/Documents/resturantOS/frappe-bench/apps/frappe/frappe/__init__.py", line 881, in get_module_list
    return get_file_items(get_app_path(app_name, "modules.txt"))
                          ^^^^^^^^^^^^^^^^^^^^^^^^^^^^^^^^^^^^^
  File "/Users/user/Documents/resturantOS/frappe-bench/apps/frappe/frappe/__init__.py", line 846, in get_app_path
    return get_pymodule_path(app_name, *joins)
           ^^^^^^^^^^^^^^^^^^^^^^^^^^^^^^^^^^^
  File "/Users/user/Documents/resturantOS/frappe-bench/apps/frappe/frappe/__init__.py", line 876, in get_pymodule_path
    return abspath(join(dirname(get_module(scrub(modulename)).__file__ or ""), *joins))
                                ^^^^^^^^^^^^^^^^^^^^^^^^^^^^^
  File "/Users/user/Documents/resturantOS/frappe-bench/apps/frappe/frappe/__init__.py", line 817, in get_module
    return importlib.import_module(modulename)
           ^^^^^^^^^^^^^^^^^^^^^^^^^^^^^^^^^^^
  File "/usr/local/Cellar/python@3.12/3.12.11_1/Frameworks/Python.framework/Versions/3.12/lib/python3.12/importlib/__init__.py", line 90, in import_module
    return _bootstrap._gcd_import(name[level:], package, level)
           ^^^^^^^^^^^^^^^^^^^^^^^^^^^^^^^^^^^^^^^^^^^^^^^^^^^^
  File "<frozen importlib._bootstrap>", line 1387, in _gcd_import
  File "<frozen importlib._bootstrap>", line 1360, in _find_and_load
  File "<frozen importlib._bootstrap>", line 1324, in _find_and_load_unlocked
ModuleNotFoundError: No module named 'education'

/Users/user/Documents/resturantOS/frappe-bench/env/lib/python3.12/site-packages/rq/worker.py:1302: DeprecationWarning: This process (pid=27389) is multi-threaded, use of fork() may lead to deadlocks in the child.
  child_pid = os.fork()
2025-09-28 01:12:34,488 [Job hrms.localhost||117f76b7-d7ca-4609-8f97-6898909975c5]: exception raised while executing (frappe.utils.background_jobs.execute_job)
Traceback (most recent call last):
  File "/Users/user/Documents/resturantOS/frappe-bench/env/lib/python3.12/site-packages/rq/worker.py", line 1643, in perform_job
    return_value = job.perform()
                   ^^^^^^^^^^^^^
  File "/Users/user/Documents/resturantOS/frappe-bench/env/lib/python3.12/site-packages/rq/job.py", line 1359, in perform
    self._result = self._execute()
                   ^^^^^^^^^^^^^^^
  File "/Users/user/Documents/resturantOS/frappe-bench/env/lib/python3.12/site-packages/rq/job.py", line 1393, in _execute
    result = self.func(*self.args, **self.kwargs)
             ^^^^^^^^^^^^^^^^^^^^^^^^^^^^^^^^^^^^
  File "/Users/user/Documents/resturantOS/frappe-bench/apps/frappe/frappe/utils/background_jobs.py", line 243, in execute_job
    frappe.init(site, force=True)
  File "/Users/user/Documents/resturantOS/frappe-bench/apps/frappe/frappe/__init__.py", line 208, in init
    setup_module_map(include_all_apps=not (frappe.request or frappe.job or frappe.flags.in_migrate))
  File "/Users/user/Documents/resturantOS/frappe-bench/apps/frappe/frappe/__init__.py", line 1040, in setup_module_map
    for module in get_module_list(app):
                  ^^^^^^^^^^^^^^^^^^^^
  File "/Users/user/Documents/resturantOS/frappe-bench/apps/frappe/frappe/__init__.py", line 881, in get_module_list
    return get_file_items(get_app_path(app_name, "modules.txt"))
                          ^^^^^^^^^^^^^^^^^^^^^^^^^^^^^^^^^^^^^
  File "/Users/user/Documents/resturantOS/frappe-bench/apps/frappe/frappe/__init__.py", line 846, in get_app_path
    return get_pymodule_path(app_name, *joins)
           ^^^^^^^^^^^^^^^^^^^^^^^^^^^^^^^^^^^
  File "/Users/user/Documents/resturantOS/frappe-bench/apps/frappe/frappe/__init__.py", line 876, in get_pymodule_path
    return abspath(join(dirname(get_module(scrub(modulename)).__file__ or ""), *joins))
                                ^^^^^^^^^^^^^^^^^^^^^^^^^^^^^
  File "/Users/user/Documents/resturantOS/frappe-bench/apps/frappe/frappe/__init__.py", line 817, in get_module
    return importlib.import_module(modulename)
           ^^^^^^^^^^^^^^^^^^^^^^^^^^^^^^^^^^^
  File "/usr/local/Cellar/python@3.12/3.12.11_1/Frameworks/Python.framework/Versions/3.12/lib/python3.12/importlib/__init__.py", line 90, in import_module
    return _bootstrap._gcd_import(name[level:], package, level)
           ^^^^^^^^^^^^^^^^^^^^^^^^^^^^^^^^^^^^^^^^^^^^^^^^^^^^
  File "<frozen importlib._bootstrap>", line 1387, in _gcd_import
  File "<frozen importlib._bootstrap>", line 1360, in _find_and_load
  File "<frozen importlib._bootstrap>", line 1324, in _find_and_load_unlocked
ModuleNotFoundError: No module named 'education'

/Users/user/Documents/resturantOS/frappe-bench/env/lib/python3.12/site-packages/rq/worker.py:1302: DeprecationWarning: This process (pid=27389) is multi-threaded, use of fork() may lead to deadlocks in the child.
  child_pid = os.fork()
2025-09-28 01:12:34,521 [Job hrms.localhost||f25cd934-6470-49f5-85bf-8891909d3119]: exception raised while executing (frappe.utils.background_jobs.execute_job)
Traceback (most recent call last):
  File "/Users/user/Documents/resturantOS/frappe-bench/env/lib/python3.12/site-packages/rq/worker.py", line 1643, in perform_job
    return_value = job.perform()
                   ^^^^^^^^^^^^^
  File "/Users/user/Documents/resturantOS/frappe-bench/env/lib/python3.12/site-packages/rq/job.py", line 1359, in perform
    self._result = self._execute()
                   ^^^^^^^^^^^^^^^
  File "/Users/user/Documents/resturantOS/frappe-bench/env/lib/python3.12/site-packages/rq/job.py", line 1393, in _execute
    result = self.func(*self.args, **self.kwargs)
             ^^^^^^^^^^^^^^^^^^^^^^^^^^^^^^^^^^^^
  File "/Users/user/Documents/resturantOS/frappe-bench/apps/frappe/frappe/utils/background_jobs.py", line 243, in execute_job
    frappe.init(site, force=True)
  File "/Users/user/Documents/resturantOS/frappe-bench/apps/frappe/frappe/__init__.py", line 208, in init
    setup_module_map(include_all_apps=not (frappe.request or frappe.job or frappe.flags.in_migrate))
  File "/Users/user/Documents/resturantOS/frappe-bench/apps/frappe/frappe/__init__.py", line 1040, in setup_module_map
    for module in get_module_list(app):
                  ^^^^^^^^^^^^^^^^^^^^
  File "/Users/user/Documents/resturantOS/frappe-bench/apps/frappe/frappe/__init__.py", line 881, in get_module_list
    return get_file_items(get_app_path(app_name, "modules.txt"))
                          ^^^^^^^^^^^^^^^^^^^^^^^^^^^^^^^^^^^^^
  File "/Users/user/Documents/resturantOS/frappe-bench/apps/frappe/frappe/__init__.py", line 846, in get_app_path
    return get_pymodule_path(app_name, *joins)
           ^^^^^^^^^^^^^^^^^^^^^^^^^^^^^^^^^^^
  File "/Users/user/Documents/resturantOS/frappe-bench/apps/frappe/frappe/__init__.py", line 876, in get_pymodule_path
    return abspath(join(dirname(get_module(scrub(modulename)).__file__ or ""), *joins))
                                ^^^^^^^^^^^^^^^^^^^^^^^^^^^^^
  File "/Users/user/Documents/resturantOS/frappe-bench/apps/frappe/frappe/__init__.py", line 817, in get_module
    return importlib.import_module(modulename)
           ^^^^^^^^^^^^^^^^^^^^^^^^^^^^^^^^^^^
  File "/usr/local/Cellar/python@3.12/3.12.11_1/Frameworks/Python.framework/Versions/3.12/lib/python3.12/importlib/__init__.py", line 90, in import_module
    return _bootstrap._gcd_import(name[level:], package, level)
           ^^^^^^^^^^^^^^^^^^^^^^^^^^^^^^^^^^^^^^^^^^^^^^^^^^^^
  File "<frozen importlib._bootstrap>", line 1387, in _gcd_import
  File "<frozen importlib._bootstrap>", line 1360, in _find_and_load
  File "<frozen importlib._bootstrap>", line 1324, in _find_and_load_unlocked
ModuleNotFoundError: No module named 'education'

/Users/user/Documents/resturantOS/frappe-bench/env/lib/python3.12/site-packages/rq/worker.py:1302: DeprecationWarning: This process (pid=27389) is multi-threaded, use of fork() may lead to deadlocks in the child.
  child_pid = os.fork()
2025-09-28 01:12:34,553 [Job hrms.localhost||f375eac9-cdf7-4d7e-a260-c81d3a766580]: exception raised while executing (frappe.utils.background_jobs.execute_job)
Traceback (most recent call last):
  File "/Users/user/Documents/resturantOS/frappe-bench/env/lib/python3.12/site-packages/rq/worker.py", line 1643, in perform_job
    return_value = job.perform()
                   ^^^^^^^^^^^^^
  File "/Users/user/Documents/resturantOS/frappe-bench/env/lib/python3.12/site-packages/rq/job.py", line 1359, in perform
    self._result = self._execute()
                   ^^^^^^^^^^^^^^^
  File "/Users/user/Documents/resturantOS/frappe-bench/env/lib/python3.12/site-packages/rq/job.py", line 1393, in _execute
    result = self.func(*self.args, **self.kwargs)
             ^^^^^^^^^^^^^^^^^^^^^^^^^^^^^^^^^^^^
  File "/Users/user/Documents/resturantOS/frappe-bench/apps/frappe/frappe/utils/background_jobs.py", line 243, in execute_job
    frappe.init(site, force=True)
  File "/Users/user/Documents/resturantOS/frappe-bench/apps/frappe/frappe/__init__.py", line 208, in init
    setup_module_map(include_all_apps=not (frappe.request or frappe.job or frappe.flags.in_migrate))
  File "/Users/user/Documents/resturantOS/frappe-bench/apps/frappe/frappe/__init__.py", line 1040, in setup_module_map
    for module in get_module_list(app):
                  ^^^^^^^^^^^^^^^^^^^^
  File "/Users/user/Documents/resturantOS/frappe-bench/apps/frappe/frappe/__init__.py", line 881, in get_module_list
    return get_file_items(get_app_path(app_name, "modules.txt"))
                          ^^^^^^^^^^^^^^^^^^^^^^^^^^^^^^^^^^^^^
  File "/Users/user/Documents/resturantOS/frappe-bench/apps/frappe/frappe/__init__.py", line 846, in get_app_path
    return get_pymodule_path(app_name, *joins)
           ^^^^^^^^^^^^^^^^^^^^^^^^^^^^^^^^^^^
  File "/Users/user/Documents/resturantOS/frappe-bench/apps/frappe/frappe/__init__.py", line 876, in get_pymodule_path
    return abspath(join(dirname(get_module(scrub(modulename)).__file__ or ""), *joins))
                                ^^^^^^^^^^^^^^^^^^^^^^^^^^^^^
  File "/Users/user/Documents/resturantOS/frappe-bench/apps/frappe/frappe/__init__.py", line 817, in get_module
    return importlib.import_module(modulename)
           ^^^^^^^^^^^^^^^^^^^^^^^^^^^^^^^^^^^
  File "/usr/local/Cellar/python@3.12/3.12.11_1/Frameworks/Python.framework/Versions/3.12/lib/python3.12/importlib/__init__.py", line 90, in import_module
    return _bootstrap._gcd_import(name[level:], package, level)
           ^^^^^^^^^^^^^^^^^^^^^^^^^^^^^^^^^^^^^^^^^^^^^^^^^^^^
  File "<frozen importlib._bootstrap>", line 1387, in _gcd_import
  File "<frozen importlib._bootstrap>", line 1360, in _find_and_load
  File "<frozen importlib._bootstrap>", line 1324, in _find_and_load_unlocked
ModuleNotFoundError: No module named 'education'

/Users/user/Documents/resturantOS/frappe-bench/env/lib/python3.12/site-packages/rq/worker.py:1302: DeprecationWarning: This process (pid=27389) is multi-threaded, use of fork() may lead to deadlocks in the child.
  child_pid = os.fork()
2025-09-28 01:12:34,586 [Job hrms.localhost||9771c831-4041-431d-897a-5ca2779e9f18]: exception raised while executing (frappe.utils.background_jobs.execute_job)
Traceback (most recent call last):
  File "/Users/user/Documents/resturantOS/frappe-bench/env/lib/python3.12/site-packages/rq/worker.py", line 1643, in perform_job
    return_value = job.perform()
                   ^^^^^^^^^^^^^
  File "/Users/user/Documents/resturantOS/frappe-bench/env/lib/python3.12/site-packages/rq/job.py", line 1359, in perform
    self._result = self._execute()
                   ^^^^^^^^^^^^^^^
  File "/Users/user/Documents/resturantOS/frappe-bench/env/lib/python3.12/site-packages/rq/job.py", line 1393, in _execute
    result = self.func(*self.args, **self.kwargs)
             ^^^^^^^^^^^^^^^^^^^^^^^^^^^^^^^^^^^^
  File "/Users/user/Documents/resturantOS/frappe-bench/apps/frappe/frappe/utils/background_jobs.py", line 243, in execute_job
    frappe.init(site, force=True)
  File "/Users/user/Documents/resturantOS/frappe-bench/apps/frappe/frappe/__init__.py", line 208, in init
    setup_module_map(include_all_apps=not (frappe.request or frappe.job or frappe.flags.in_migrate))
  File "/Users/user/Documents/resturantOS/frappe-bench/apps/frappe/frappe/__init__.py", line 1040, in setup_module_map
    for module in get_module_list(app):
                  ^^^^^^^^^^^^^^^^^^^^
  File "/Users/user/Documents/resturantOS/frappe-bench/apps/frappe/frappe/__init__.py", line 881, in get_module_list
    return get_file_items(get_app_path(app_name, "modules.txt"))
                          ^^^^^^^^^^^^^^^^^^^^^^^^^^^^^^^^^^^^^
  File "/Users/user/Documents/resturantOS/frappe-bench/apps/frappe/frappe/__init__.py", line 846, in get_app_path
    return get_pymodule_path(app_name, *joins)
           ^^^^^^^^^^^^^^^^^^^^^^^^^^^^^^^^^^^
  File "/Users/user/Documents/resturantOS/frappe-bench/apps/frappe/frappe/__init__.py", line 876, in get_pymodule_path
    return abspath(join(dirname(get_module(scrub(modulename)).__file__ or ""), *joins))
                                ^^^^^^^^^^^^^^^^^^^^^^^^^^^^^
  File "/Users/user/Documents/resturantOS/frappe-bench/apps/frappe/frappe/__init__.py", line 817, in get_module
    return importlib.import_module(modulename)
           ^^^^^^^^^^^^^^^^^^^^^^^^^^^^^^^^^^^
  File "/usr/local/Cellar/python@3.12/3.12.11_1/Frameworks/Python.framework/Versions/3.12/lib/python3.12/importlib/__init__.py", line 90, in import_module
    return _bootstrap._gcd_import(name[level:], package, level)
           ^^^^^^^^^^^^^^^^^^^^^^^^^^^^^^^^^^^^^^^^^^^^^^^^^^^^
  File "<frozen importlib._bootstrap>", line 1387, in _gcd_import
  File "<frozen importlib._bootstrap>", line 1360, in _find_and_load
  File "<frozen importlib._bootstrap>", line 1324, in _find_and_load_unlocked
ModuleNotFoundError: No module named 'education'

/Users/user/Documents/resturantOS/frappe-bench/env/lib/python3.12/site-packages/rq/worker.py:1302: DeprecationWarning: This process (pid=27389) is multi-threaded, use of fork() may lead to deadlocks in the child.
  child_pid = os.fork()
2025-09-28 01:12:34,618 [Job hrms.localhost||32b222a3-d6ae-4167-9140-891ea0bcc157]: exception raised while executing (frappe.utils.background_jobs.execute_job)
Traceback (most recent call last):
  File "/Users/user/Documents/resturantOS/frappe-bench/env/lib/python3.12/site-packages/rq/worker.py", line 1643, in perform_job
    return_value = job.perform()
                   ^^^^^^^^^^^^^
  File "/Users/user/Documents/resturantOS/frappe-bench/env/lib/python3.12/site-packages/rq/job.py", line 1359, in perform
    self._result = self._execute()
                   ^^^^^^^^^^^^^^^
  File "/Users/user/Documents/resturantOS/frappe-bench/env/lib/python3.12/site-packages/rq/job.py", line 1393, in _execute
    result = self.func(*self.args, **self.kwargs)
             ^^^^^^^^^^^^^^^^^^^^^^^^^^^^^^^^^^^^
  File "/Users/user/Documents/resturantOS/frappe-bench/apps/frappe/frappe/utils/background_jobs.py", line 243, in execute_job
    frappe.init(site, force=True)
  File "/Users/user/Documents/resturantOS/frappe-bench/apps/frappe/frappe/__init__.py", line 208, in init
    setup_module_map(include_all_apps=not (frappe.request or frappe.job or frappe.flags.in_migrate))
  File "/Users/user/Documents/resturantOS/frappe-bench/apps/frappe/frappe/__init__.py", line 1040, in setup_module_map
    for module in get_module_list(app):
                  ^^^^^^^^^^^^^^^^^^^^
  File "/Users/user/Documents/resturantOS/frappe-bench/apps/frappe/frappe/__init__.py", line 881, in get_module_list
    return get_file_items(get_app_path(app_name, "modules.txt"))
                          ^^^^^^^^^^^^^^^^^^^^^^^^^^^^^^^^^^^^^
  File "/Users/user/Documents/resturantOS/frappe-bench/apps/frappe/frappe/__init__.py", line 846, in get_app_path
    return get_pymodule_path(app_name, *joins)
           ^^^^^^^^^^^^^^^^^^^^^^^^^^^^^^^^^^^
  File "/Users/user/Documents/resturantOS/frappe-bench/apps/frappe/frappe/__init__.py", line 876, in get_pymodule_path
    return abspath(join(dirname(get_module(scrub(modulename)).__file__ or ""), *joins))
                                ^^^^^^^^^^^^^^^^^^^^^^^^^^^^^
  File "/Users/user/Documents/resturantOS/frappe-bench/apps/frappe/frappe/__init__.py", line 817, in get_module
    return importlib.import_module(modulename)
           ^^^^^^^^^^^^^^^^^^^^^^^^^^^^^^^^^^^
  File "/usr/local/Cellar/python@3.12/3.12.11_1/Frameworks/Python.framework/Versions/3.12/lib/python3.12/importlib/__init__.py", line 90, in import_module
    return _bootstrap._gcd_import(name[level:], package, level)
           ^^^^^^^^^^^^^^^^^^^^^^^^^^^^^^^^^^^^^^^^^^^^^^^^^^^^
  File "<frozen importlib._bootstrap>", line 1387, in _gcd_import
  File "<frozen importlib._bootstrap>", line 1360, in _find_and_load
  File "<frozen importlib._bootstrap>", line 1324, in _find_and_load_unlocked
ModuleNotFoundError: No module named 'education'

/Users/user/Documents/resturantOS/frappe-bench/env/lib/python3.12/site-packages/rq/worker.py:1302: DeprecationWarning: This process (pid=27389) is multi-threaded, use of fork() may lead to deadlocks in the child.
  child_pid = os.fork()
2025-09-28 01:12:34,652 [Job hrms.localhost||04791dc7-057a-4d6d-ad87-695d394f4916]: exception raised while executing (frappe.utils.background_jobs.execute_job)
Traceback (most recent call last):
  File "/Users/user/Documents/resturantOS/frappe-bench/env/lib/python3.12/site-packages/rq/worker.py", line 1643, in perform_job
    return_value = job.perform()
                   ^^^^^^^^^^^^^
  File "/Users/user/Documents/resturantOS/frappe-bench/env/lib/python3.12/site-packages/rq/job.py", line 1359, in perform
    self._result = self._execute()
                   ^^^^^^^^^^^^^^^
  File "/Users/user/Documents/resturantOS/frappe-bench/env/lib/python3.12/site-packages/rq/job.py", line 1393, in _execute
    result = self.func(*self.args, **self.kwargs)
             ^^^^^^^^^^^^^^^^^^^^^^^^^^^^^^^^^^^^
  File "/Users/user/Documents/resturantOS/frappe-bench/apps/frappe/frappe/utils/background_jobs.py", line 243, in execute_job
    frappe.init(site, force=True)
  File "/Users/user/Documents/resturantOS/frappe-bench/apps/frappe/frappe/__init__.py", line 208, in init
    setup_module_map(include_all_apps=not (frappe.request or frappe.job or frappe.flags.in_migrate))
  File "/Users/user/Documents/resturantOS/frappe-bench/apps/frappe/frappe/__init__.py", line 1040, in setup_module_map
    for module in get_module_list(app):
                  ^^^^^^^^^^^^^^^^^^^^
  File "/Users/user/Documents/resturantOS/frappe-bench/apps/frappe/frappe/__init__.py", line 881, in get_module_list
    return get_file_items(get_app_path(app_name, "modules.txt"))
                          ^^^^^^^^^^^^^^^^^^^^^^^^^^^^^^^^^^^^^
  File "/Users/user/Documents/resturantOS/frappe-bench/apps/frappe/frappe/__init__.py", line 846, in get_app_path
    return get_pymodule_path(app_name, *joins)
           ^^^^^^^^^^^^^^^^^^^^^^^^^^^^^^^^^^^
  File "/Users/user/Documents/resturantOS/frappe-bench/apps/frappe/frappe/__init__.py", line 876, in get_pymodule_path
    return abspath(join(dirname(get_module(scrub(modulename)).__file__ or ""), *joins))
                                ^^^^^^^^^^^^^^^^^^^^^^^^^^^^^
  File "/Users/user/Documents/resturantOS/frappe-bench/apps/frappe/frappe/__init__.py", line 817, in get_module
    return importlib.import_module(modulename)
           ^^^^^^^^^^^^^^^^^^^^^^^^^^^^^^^^^^^
  File "/usr/local/Cellar/python@3.12/3.12.11_1/Frameworks/Python.framework/Versions/3.12/lib/python3.12/importlib/__init__.py", line 90, in import_module
    return _bootstrap._gcd_import(name[level:], package, level)
           ^^^^^^^^^^^^^^^^^^^^^^^^^^^^^^^^^^^^^^^^^^^^^^^^^^^^
  File "<frozen importlib._bootstrap>", line 1387, in _gcd_import
  File "<frozen importlib._bootstrap>", line 1360, in _find_and_load
  File "<frozen importlib._bootstrap>", line 1324, in _find_and_load_unlocked
ModuleNotFoundError: No module named 'education'

/Users/user/Documents/resturantOS/frappe-bench/env/lib/python3.12/site-packages/rq/worker.py:1302: DeprecationWarning: This process (pid=27389) is multi-threaded, use of fork() may lead to deadlocks in the child.
  child_pid = os.fork()
2025-09-28 01:12:34,689 [Job hrms.localhost||156f037c-abff-4938-bb33-f654b4cc158e]: exception raised while executing (frappe.utils.background_jobs.execute_job)
Traceback (most recent call last):
  File "/Users/user/Documents/resturantOS/frappe-bench/env/lib/python3.12/site-packages/rq/worker.py", line 1643, in perform_job
    return_value = job.perform()
                   ^^^^^^^^^^^^^
  File "/Users/user/Documents/resturantOS/frappe-bench/env/lib/python3.12/site-packages/rq/job.py", line 1359, in perform
    self._result = self._execute()
                   ^^^^^^^^^^^^^^^
  File "/Users/user/Documents/resturantOS/frappe-bench/env/lib/python3.12/site-packages/rq/job.py", line 1393, in _execute
    result = self.func(*self.args, **self.kwargs)
             ^^^^^^^^^^^^^^^^^^^^^^^^^^^^^^^^^^^^
  File "/Users/user/Documents/resturantOS/frappe-bench/apps/frappe/frappe/utils/background_jobs.py", line 243, in execute_job
    frappe.init(site, force=True)
  File "/Users/user/Documents/resturantOS/frappe-bench/apps/frappe/frappe/__init__.py", line 208, in init
    setup_module_map(include_all_apps=not (frappe.request or frappe.job or frappe.flags.in_migrate))
  File "/Users/user/Documents/resturantOS/frappe-bench/apps/frappe/frappe/__init__.py", line 1040, in setup_module_map
    for module in get_module_list(app):
                  ^^^^^^^^^^^^^^^^^^^^
  File "/Users/user/Documents/resturantOS/frappe-bench/apps/frappe/frappe/__init__.py", line 881, in get_module_list
    return get_file_items(get_app_path(app_name, "modules.txt"))
                          ^^^^^^^^^^^^^^^^^^^^^^^^^^^^^^^^^^^^^
  File "/Users/user/Documents/resturantOS/frappe-bench/apps/frappe/frappe/__init__.py", line 846, in get_app_path
    return get_pymodule_path(app_name, *joins)
           ^^^^^^^^^^^^^^^^^^^^^^^^^^^^^^^^^^^
  File "/Users/user/Documents/resturantOS/frappe-bench/apps/frappe/frappe/__init__.py", line 876, in get_pymodule_path
    return abspath(join(dirname(get_module(scrub(modulename)).__file__ or ""), *joins))
                                ^^^^^^^^^^^^^^^^^^^^^^^^^^^^^
  File "/Users/user/Documents/resturantOS/frappe-bench/apps/frappe/frappe/__init__.py", line 817, in get_module
    return importlib.import_module(modulename)
           ^^^^^^^^^^^^^^^^^^^^^^^^^^^^^^^^^^^
  File "/usr/local/Cellar/python@3.12/3.12.11_1/Frameworks/Python.framework/Versions/3.12/lib/python3.12/importlib/__init__.py", line 90, in import_module
    return _bootstrap._gcd_import(name[level:], package, level)
           ^^^^^^^^^^^^^^^^^^^^^^^^^^^^^^^^^^^^^^^^^^^^^^^^^^^^
  File "<frozen importlib._bootstrap>", line 1387, in _gcd_import
  File "<frozen importlib._bootstrap>", line 1360, in _find_and_load
  File "<frozen importlib._bootstrap>", line 1324, in _find_and_load_unlocked
ModuleNotFoundError: No module named 'education'

/Users/user/Documents/resturantOS/frappe-bench/env/lib/python3.12/site-packages/rq/worker.py:1302: DeprecationWarning: This process (pid=27389) is multi-threaded, use of fork() may lead to deadlocks in the child.
  child_pid = os.fork()
2025-09-28 01:12:34,729 [Job hrms.localhost||f4241d5e-10cc-43e9-b722-a14ece81e7b2]: exception raised while executing (frappe.utils.background_jobs.execute_job)
Traceback (most recent call last):
  File "/Users/user/Documents/resturantOS/frappe-bench/env/lib/python3.12/site-packages/rq/worker.py", line 1643, in perform_job
    return_value = job.perform()
                   ^^^^^^^^^^^^^
  File "/Users/user/Documents/resturantOS/frappe-bench/env/lib/python3.12/site-packages/rq/job.py", line 1359, in perform
    self._result = self._execute()
                   ^^^^^^^^^^^^^^^
  File "/Users/user/Documents/resturantOS/frappe-bench/env/lib/python3.12/site-packages/rq/job.py", line 1393, in _execute
    result = self.func(*self.args, **self.kwargs)
             ^^^^^^^^^^^^^^^^^^^^^^^^^^^^^^^^^^^^
  File "/Users/user/Documents/resturantOS/frappe-bench/apps/frappe/frappe/utils/background_jobs.py", line 243, in execute_job
    frappe.init(site, force=True)
  File "/Users/user/Documents/resturantOS/frappe-bench/apps/frappe/frappe/__init__.py", line 208, in init
    setup_module_map(include_all_apps=not (frappe.request or frappe.job or frappe.flags.in_migrate))
  File "/Users/user/Documents/resturantOS/frappe-bench/apps/frappe/frappe/__init__.py", line 1040, in setup_module_map
    for module in get_module_list(app):
                  ^^^^^^^^^^^^^^^^^^^^
  File "/Users/user/Documents/resturantOS/frappe-bench/apps/frappe/frappe/__init__.py", line 881, in get_module_list
    return get_file_items(get_app_path(app_name, "modules.txt"))
                          ^^^^^^^^^^^^^^^^^^^^^^^^^^^^^^^^^^^^^
  File "/Users/user/Documents/resturantOS/frappe-bench/apps/frappe/frappe/__init__.py", line 846, in get_app_path
    return get_pymodule_path(app_name, *joins)
           ^^^^^^^^^^^^^^^^^^^^^^^^^^^^^^^^^^^
  File "/Users/user/Documents/resturantOS/frappe-bench/apps/frappe/frappe/__init__.py", line 876, in get_pymodule_path
    return abspath(join(dirname(get_module(scrub(modulename)).__file__ or ""), *joins))
                                ^^^^^^^^^^^^^^^^^^^^^^^^^^^^^
  File "/Users/user/Documents/resturantOS/frappe-bench/apps/frappe/frappe/__init__.py", line 817, in get_module
    return importlib.import_module(modulename)
           ^^^^^^^^^^^^^^^^^^^^^^^^^^^^^^^^^^^
  File "/usr/local/Cellar/python@3.12/3.12.11_1/Frameworks/Python.framework/Versions/3.12/lib/python3.12/importlib/__init__.py", line 90, in import_module
    return _bootstrap._gcd_import(name[level:], package, level)
           ^^^^^^^^^^^^^^^^^^^^^^^^^^^^^^^^^^^^^^^^^^^^^^^^^^^^
  File "<frozen importlib._bootstrap>", line 1387, in _gcd_import
  File "<frozen importlib._bootstrap>", line 1360, in _find_and_load
  File "<frozen importlib._bootstrap>", line 1324, in _find_and_load_unlocked
ModuleNotFoundError: No module named 'education'

/Users/user/Documents/resturantOS/frappe-bench/env/lib/python3.12/site-packages/rq/worker.py:1302: DeprecationWarning: This process (pid=27389) is multi-threaded, use of fork() may lead to deadlocks in the child.
  child_pid = os.fork()
2025-09-28 01:12:34,768 [Job hrms.localhost||4137201e-9cd1-4cfe-95f1-9b9c45559df7]: exception raised while executing (frappe.utils.background_jobs.execute_job)
Traceback (most recent call last):
  File "/Users/user/Documents/resturantOS/frappe-bench/env/lib/python3.12/site-packages/rq/worker.py", line 1643, in perform_job
    return_value = job.perform()
                   ^^^^^^^^^^^^^
  File "/Users/user/Documents/resturantOS/frappe-bench/env/lib/python3.12/site-packages/rq/job.py", line 1359, in perform
    self._result = self._execute()
                   ^^^^^^^^^^^^^^^
  File "/Users/user/Documents/resturantOS/frappe-bench/env/lib/python3.12/site-packages/rq/job.py", line 1393, in _execute
    result = self.func(*self.args, **self.kwargs)
             ^^^^^^^^^^^^^^^^^^^^^^^^^^^^^^^^^^^^
  File "/Users/user/Documents/resturantOS/frappe-bench/apps/frappe/frappe/utils/background_jobs.py", line 243, in execute_job
    frappe.init(site, force=True)
  File "/Users/user/Documents/resturantOS/frappe-bench/apps/frappe/frappe/__init__.py", line 208, in init
    setup_module_map(include_all_apps=not (frappe.request or frappe.job or frappe.flags.in_migrate))
  File "/Users/user/Documents/resturantOS/frappe-bench/apps/frappe/frappe/__init__.py", line 1040, in setup_module_map
    for module in get_module_list(app):
                  ^^^^^^^^^^^^^^^^^^^^
  File "/Users/user/Documents/resturantOS/frappe-bench/apps/frappe/frappe/__init__.py", line 881, in get_module_list
    return get_file_items(get_app_path(app_name, "modules.txt"))
                          ^^^^^^^^^^^^^^^^^^^^^^^^^^^^^^^^^^^^^
  File "/Users/user/Documents/resturantOS/frappe-bench/apps/frappe/frappe/__init__.py", line 846, in get_app_path
    return get_pymodule_path(app_name, *joins)
           ^^^^^^^^^^^^^^^^^^^^^^^^^^^^^^^^^^^
  File "/Users/user/Documents/resturantOS/frappe-bench/apps/frappe/frappe/__init__.py", line 876, in get_pymodule_path
    return abspath(join(dirname(get_module(scrub(modulename)).__file__ or ""), *joins))
                                ^^^^^^^^^^^^^^^^^^^^^^^^^^^^^
  File "/Users/user/Documents/resturantOS/frappe-bench/apps/frappe/frappe/__init__.py", line 817, in get_module
    return importlib.import_module(modulename)
           ^^^^^^^^^^^^^^^^^^^^^^^^^^^^^^^^^^^
  File "/usr/local/Cellar/python@3.12/3.12.11_1/Frameworks/Python.framework/Versions/3.12/lib/python3.12/importlib/__init__.py", line 90, in import_module
    return _bootstrap._gcd_import(name[level:], package, level)
           ^^^^^^^^^^^^^^^^^^^^^^^^^^^^^^^^^^^^^^^^^^^^^^^^^^^^
  File "<frozen importlib._bootstrap>", line 1387, in _gcd_import
  File "<frozen importlib._bootstrap>", line 1360, in _find_and_load
  File "<frozen importlib._bootstrap>", line 1324, in _find_and_load_unlocked
ModuleNotFoundError: No module named 'education'

/Users/user/Documents/resturantOS/frappe-bench/env/lib/python3.12/site-packages/rq/worker.py:1302: DeprecationWarning: This process (pid=27389) is multi-threaded, use of fork() may lead to deadlocks in the child.
  child_pid = os.fork()
2025-09-28 01:12:34,803 [Job hrms.localhost||ec92f819-84fa-4d00-a7fb-b5f4b89266e7]: exception raised while executing (frappe.utils.background_jobs.execute_job)
Traceback (most recent call last):
  File "/Users/user/Documents/resturantOS/frappe-bench/env/lib/python3.12/site-packages/rq/worker.py", line 1643, in perform_job
    return_value = job.perform()
                   ^^^^^^^^^^^^^
  File "/Users/user/Documents/resturantOS/frappe-bench/env/lib/python3.12/site-packages/rq/job.py", line 1359, in perform
    self._result = self._execute()
                   ^^^^^^^^^^^^^^^
  File "/Users/user/Documents/resturantOS/frappe-bench/env/lib/python3.12/site-packages/rq/job.py", line 1393, in _execute
    result = self.func(*self.args, **self.kwargs)
             ^^^^^^^^^^^^^^^^^^^^^^^^^^^^^^^^^^^^
  File "/Users/user/Documents/resturantOS/frappe-bench/apps/frappe/frappe/utils/background_jobs.py", line 243, in execute_job
    frappe.init(site, force=True)
  File "/Users/user/Documents/resturantOS/frappe-bench/apps/frappe/frappe/__init__.py", line 208, in init
    setup_module_map(include_all_apps=not (frappe.request or frappe.job or frappe.flags.in_migrate))
  File "/Users/user/Documents/resturantOS/frappe-bench/apps/frappe/frappe/__init__.py", line 1040, in setup_module_map
    for module in get_module_list(app):
                  ^^^^^^^^^^^^^^^^^^^^
  File "/Users/user/Documents/resturantOS/frappe-bench/apps/frappe/frappe/__init__.py", line 881, in get_module_list
    return get_file_items(get_app_path(app_name, "modules.txt"))
                          ^^^^^^^^^^^^^^^^^^^^^^^^^^^^^^^^^^^^^
  File "/Users/user/Documents/resturantOS/frappe-bench/apps/frappe/frappe/__init__.py", line 846, in get_app_path
    return get_pymodule_path(app_name, *joins)
           ^^^^^^^^^^^^^^^^^^^^^^^^^^^^^^^^^^^
  File "/Users/user/Documents/resturantOS/frappe-bench/apps/frappe/frappe/__init__.py", line 876, in get_pymodule_path
    return abspath(join(dirname(get_module(scrub(modulename)).__file__ or ""), *joins))
                                ^^^^^^^^^^^^^^^^^^^^^^^^^^^^^
  File "/Users/user/Documents/resturantOS/frappe-bench/apps/frappe/frappe/__init__.py", line 817, in get_module
    return importlib.import_module(modulename)
           ^^^^^^^^^^^^^^^^^^^^^^^^^^^^^^^^^^^
  File "/usr/local/Cellar/python@3.12/3.12.11_1/Frameworks/Python.framework/Versions/3.12/lib/python3.12/importlib/__init__.py", line 90, in import_module
    return _bootstrap._gcd_import(name[level:], package, level)
           ^^^^^^^^^^^^^^^^^^^^^^^^^^^^^^^^^^^^^^^^^^^^^^^^^^^^
  File "<frozen importlib._bootstrap>", line 1387, in _gcd_import
  File "<frozen importlib._bootstrap>", line 1360, in _find_and_load
  File "<frozen importlib._bootstrap>", line 1324, in _find_and_load_unlocked
ModuleNotFoundError: No module named 'education'

/Users/user/Documents/resturantOS/frappe-bench/env/lib/python3.12/site-packages/rq/worker.py:1302: DeprecationWarning: This process (pid=27389) is multi-threaded, use of fork() may lead to deadlocks in the child.
  child_pid = os.fork()
2025-09-28 01:12:34,836 [Job hrms.localhost||d94de410-77bd-4862-b3a1-05b3c9857b53]: exception raised while executing (frappe.utils.background_jobs.execute_job)
Traceback (most recent call last):
  File "/Users/user/Documents/resturantOS/frappe-bench/env/lib/python3.12/site-packages/rq/worker.py", line 1643, in perform_job
    return_value = job.perform()
                   ^^^^^^^^^^^^^
  File "/Users/user/Documents/resturantOS/frappe-bench/env/lib/python3.12/site-packages/rq/job.py", line 1359, in perform
    self._result = self._execute()
                   ^^^^^^^^^^^^^^^
  File "/Users/user/Documents/resturantOS/frappe-bench/env/lib/python3.12/site-packages/rq/job.py", line 1393, in _execute
    result = self.func(*self.args, **self.kwargs)
             ^^^^^^^^^^^^^^^^^^^^^^^^^^^^^^^^^^^^
  File "/Users/user/Documents/resturantOS/frappe-bench/apps/frappe/frappe/utils/background_jobs.py", line 243, in execute_job
    frappe.init(site, force=True)
  File "/Users/user/Documents/resturantOS/frappe-bench/apps/frappe/frappe/__init__.py", line 208, in init
    setup_module_map(include_all_apps=not (frappe.request or frappe.job or frappe.flags.in_migrate))
  File "/Users/user/Documents/resturantOS/frappe-bench/apps/frappe/frappe/__init__.py", line 1040, in setup_module_map
    for module in get_module_list(app):
                  ^^^^^^^^^^^^^^^^^^^^
  File "/Users/user/Documents/resturantOS/frappe-bench/apps/frappe/frappe/__init__.py", line 881, in get_module_list
    return get_file_items(get_app_path(app_name, "modules.txt"))
                          ^^^^^^^^^^^^^^^^^^^^^^^^^^^^^^^^^^^^^
  File "/Users/user/Documents/resturantOS/frappe-bench/apps/frappe/frappe/__init__.py", line 846, in get_app_path
    return get_pymodule_path(app_name, *joins)
           ^^^^^^^^^^^^^^^^^^^^^^^^^^^^^^^^^^^
  File "/Users/user/Documents/resturantOS/frappe-bench/apps/frappe/frappe/__init__.py", line 876, in get_pymodule_path
    return abspath(join(dirname(get_module(scrub(modulename)).__file__ or ""), *joins))
                                ^^^^^^^^^^^^^^^^^^^^^^^^^^^^^
  File "/Users/user/Documents/resturantOS/frappe-bench/apps/frappe/frappe/__init__.py", line 817, in get_module
    return importlib.import_module(modulename)
           ^^^^^^^^^^^^^^^^^^^^^^^^^^^^^^^^^^^
  File "/usr/local/Cellar/python@3.12/3.12.11_1/Frameworks/Python.framework/Versions/3.12/lib/python3.12/importlib/__init__.py", line 90, in import_module
    return _bootstrap._gcd_import(name[level:], package, level)
           ^^^^^^^^^^^^^^^^^^^^^^^^^^^^^^^^^^^^^^^^^^^^^^^^^^^^
  File "<frozen importlib._bootstrap>", line 1387, in _gcd_import
  File "<frozen importlib._bootstrap>", line 1360, in _find_and_load
  File "<frozen importlib._bootstrap>", line 1324, in _find_and_load_unlocked
ModuleNotFoundError: No module named 'education'

/Users/user/Documents/resturantOS/frappe-bench/env/lib/python3.12/site-packages/rq/worker.py:1302: DeprecationWarning: This process (pid=27389) is multi-threaded, use of fork() may lead to deadlocks in the child.
  child_pid = os.fork()
2025-09-28 01:12:34,869 [Job hrms.localhost||efc5060e-ca4b-45c9-9a5b-dc74d11df96f]: exception raised while executing (frappe.utils.background_jobs.execute_job)
Traceback (most recent call last):
  File "/Users/user/Documents/resturantOS/frappe-bench/env/lib/python3.12/site-packages/rq/worker.py", line 1643, in perform_job
    return_value = job.perform()
                   ^^^^^^^^^^^^^
  File "/Users/user/Documents/resturantOS/frappe-bench/env/lib/python3.12/site-packages/rq/job.py", line 1359, in perform
    self._result = self._execute()
                   ^^^^^^^^^^^^^^^
  File "/Users/user/Documents/resturantOS/frappe-bench/env/lib/python3.12/site-packages/rq/job.py", line 1393, in _execute
    result = self.func(*self.args, **self.kwargs)
             ^^^^^^^^^^^^^^^^^^^^^^^^^^^^^^^^^^^^
  File "/Users/user/Documents/resturantOS/frappe-bench/apps/frappe/frappe/utils/background_jobs.py", line 243, in execute_job
    frappe.init(site, force=True)
  File "/Users/user/Documents/resturantOS/frappe-bench/apps/frappe/frappe/__init__.py", line 208, in init
    setup_module_map(include_all_apps=not (frappe.request or frappe.job or frappe.flags.in_migrate))
  File "/Users/user/Documents/resturantOS/frappe-bench/apps/frappe/frappe/__init__.py", line 1040, in setup_module_map
    for module in get_module_list(app):
                  ^^^^^^^^^^^^^^^^^^^^
  File "/Users/user/Documents/resturantOS/frappe-bench/apps/frappe/frappe/__init__.py", line 881, in get_module_list
    return get_file_items(get_app_path(app_name, "modules.txt"))
                          ^^^^^^^^^^^^^^^^^^^^^^^^^^^^^^^^^^^^^
  File "/Users/user/Documents/resturantOS/frappe-bench/apps/frappe/frappe/__init__.py", line 846, in get_app_path
    return get_pymodule_path(app_name, *joins)
           ^^^^^^^^^^^^^^^^^^^^^^^^^^^^^^^^^^^
  File "/Users/user/Documents/resturantOS/frappe-bench/apps/frappe/frappe/__init__.py", line 876, in get_pymodule_path
    return abspath(join(dirname(get_module(scrub(modulename)).__file__ or ""), *joins))
                                ^^^^^^^^^^^^^^^^^^^^^^^^^^^^^
  File "/Users/user/Documents/resturantOS/frappe-bench/apps/frappe/frappe/__init__.py", line 817, in get_module
    return importlib.import_module(modulename)
           ^^^^^^^^^^^^^^^^^^^^^^^^^^^^^^^^^^^
  File "/usr/local/Cellar/python@3.12/3.12.11_1/Frameworks/Python.framework/Versions/3.12/lib/python3.12/importlib/__init__.py", line 90, in import_module
    return _bootstrap._gcd_import(name[level:], package, level)
           ^^^^^^^^^^^^^^^^^^^^^^^^^^^^^^^^^^^^^^^^^^^^^^^^^^^^
  File "<frozen importlib._bootstrap>", line 1387, in _gcd_import
  File "<frozen importlib._bootstrap>", line 1360, in _find_and_load
  File "<frozen importlib._bootstrap>", line 1324, in _find_and_load_unlocked
ModuleNotFoundError: No module named 'education'

/Users/user/Documents/resturantOS/frappe-bench/env/lib/python3.12/site-packages/rq/worker.py:1302: DeprecationWarning: This process (pid=27389) is multi-threaded, use of fork() may lead to deadlocks in the child.
  child_pid = os.fork()
2025-09-28 01:12:34,902 [Job hrms.localhost||de6cd2b7-52e9-4cb8-bcfa-086b6c677992]: exception raised while executing (frappe.utils.background_jobs.execute_job)
Traceback (most recent call last):
  File "/Users/user/Documents/resturantOS/frappe-bench/env/lib/python3.12/site-packages/rq/worker.py", line 1643, in perform_job
    return_value = job.perform()
                   ^^^^^^^^^^^^^
  File "/Users/user/Documents/resturantOS/frappe-bench/env/lib/python3.12/site-packages/rq/job.py", line 1359, in perform
    self._result = self._execute()
                   ^^^^^^^^^^^^^^^
  File "/Users/user/Documents/resturantOS/frappe-bench/env/lib/python3.12/site-packages/rq/job.py", line 1393, in _execute
    result = self.func(*self.args, **self.kwargs)
             ^^^^^^^^^^^^^^^^^^^^^^^^^^^^^^^^^^^^
  File "/Users/user/Documents/resturantOS/frappe-bench/apps/frappe/frappe/utils/background_jobs.py", line 243, in execute_job
    frappe.init(site, force=True)
  File "/Users/user/Documents/resturantOS/frappe-bench/apps/frappe/frappe/__init__.py", line 208, in init
    setup_module_map(include_all_apps=not (frappe.request or frappe.job or frappe.flags.in_migrate))
  File "/Users/user/Documents/resturantOS/frappe-bench/apps/frappe/frappe/__init__.py", line 1040, in setup_module_map
    for module in get_module_list(app):
                  ^^^^^^^^^^^^^^^^^^^^
  File "/Users/user/Documents/resturantOS/frappe-bench/apps/frappe/frappe/__init__.py", line 881, in get_module_list
    return get_file_items(get_app_path(app_name, "modules.txt"))
                          ^^^^^^^^^^^^^^^^^^^^^^^^^^^^^^^^^^^^^
  File "/Users/user/Documents/resturantOS/frappe-bench/apps/frappe/frappe/__init__.py", line 846, in get_app_path
    return get_pymodule_path(app_name, *joins)
           ^^^^^^^^^^^^^^^^^^^^^^^^^^^^^^^^^^^
  File "/Users/user/Documents/resturantOS/frappe-bench/apps/frappe/frappe/__init__.py", line 876, in get_pymodule_path
    return abspath(join(dirname(get_module(scrub(modulename)).__file__ or ""), *joins))
                                ^^^^^^^^^^^^^^^^^^^^^^^^^^^^^
  File "/Users/user/Documents/resturantOS/frappe-bench/apps/frappe/frappe/__init__.py", line 817, in get_module
    return importlib.import_module(modulename)
           ^^^^^^^^^^^^^^^^^^^^^^^^^^^^^^^^^^^
  File "/usr/local/Cellar/python@3.12/3.12.11_1/Frameworks/Python.framework/Versions/3.12/lib/python3.12/importlib/__init__.py", line 90, in import_module
    return _bootstrap._gcd_import(name[level:], package, level)
           ^^^^^^^^^^^^^^^^^^^^^^^^^^^^^^^^^^^^^^^^^^^^^^^^^^^^
  File "<frozen importlib._bootstrap>", line 1387, in _gcd_import
  File "<frozen importlib._bootstrap>", line 1360, in _find_and_load
  File "<frozen importlib._bootstrap>", line 1324, in _find_and_load_unlocked
ModuleNotFoundError: No module named 'education'

/Users/user/Documents/resturantOS/frappe-bench/env/lib/python3.12/site-packages/rq/worker.py:1302: DeprecationWarning: This process (pid=27389) is multi-threaded, use of fork() may lead to deadlocks in the child.
  child_pid = os.fork()
2025-09-28 01:12:34,935 [Job hrms.localhost||d19cc36a-beac-46d0-a630-aca729081863]: exception raised while executing (frappe.utils.background_jobs.execute_job)
Traceback (most recent call last):
  File "/Users/user/Documents/resturantOS/frappe-bench/env/lib/python3.12/site-packages/rq/worker.py", line 1643, in perform_job
    return_value = job.perform()
                   ^^^^^^^^^^^^^
  File "/Users/user/Documents/resturantOS/frappe-bench/env/lib/python3.12/site-packages/rq/job.py", line 1359, in perform
    self._result = self._execute()
                   ^^^^^^^^^^^^^^^
  File "/Users/user/Documents/resturantOS/frappe-bench/env/lib/python3.12/site-packages/rq/job.py", line 1393, in _execute
    result = self.func(*self.args, **self.kwargs)
             ^^^^^^^^^^^^^^^^^^^^^^^^^^^^^^^^^^^^
  File "/Users/user/Documents/resturantOS/frappe-bench/apps/frappe/frappe/utils/background_jobs.py", line 243, in execute_job
    frappe.init(site, force=True)
  File "/Users/user/Documents/resturantOS/frappe-bench/apps/frappe/frappe/__init__.py", line 208, in init
    setup_module_map(include_all_apps=not (frappe.request or frappe.job or frappe.flags.in_migrate))
  File "/Users/user/Documents/resturantOS/frappe-bench/apps/frappe/frappe/__init__.py", line 1040, in setup_module_map
    for module in get_module_list(app):
                  ^^^^^^^^^^^^^^^^^^^^
  File "/Users/user/Documents/resturantOS/frappe-bench/apps/frappe/frappe/__init__.py", line 881, in get_module_list
    return get_file_items(get_app_path(app_name, "modules.txt"))
                          ^^^^^^^^^^^^^^^^^^^^^^^^^^^^^^^^^^^^^
  File "/Users/user/Documents/resturantOS/frappe-bench/apps/frappe/frappe/__init__.py", line 846, in get_app_path
    return get_pymodule_path(app_name, *joins)
           ^^^^^^^^^^^^^^^^^^^^^^^^^^^^^^^^^^^
  File "/Users/user/Documents/resturantOS/frappe-bench/apps/frappe/frappe/__init__.py", line 876, in get_pymodule_path
    return abspath(join(dirname(get_module(scrub(modulename)).__file__ or ""), *joins))
                                ^^^^^^^^^^^^^^^^^^^^^^^^^^^^^
  File "/Users/user/Documents/resturantOS/frappe-bench/apps/frappe/frappe/__init__.py", line 817, in get_module
    return importlib.import_module(modulename)
           ^^^^^^^^^^^^^^^^^^^^^^^^^^^^^^^^^^^
  File "/usr/local/Cellar/python@3.12/3.12.11_1/Frameworks/Python.framework/Versions/3.12/lib/python3.12/importlib/__init__.py", line 90, in import_module
    return _bootstrap._gcd_import(name[level:], package, level)
           ^^^^^^^^^^^^^^^^^^^^^^^^^^^^^^^^^^^^^^^^^^^^^^^^^^^^
  File "<frozen importlib._bootstrap>", line 1387, in _gcd_import
  File "<frozen importlib._bootstrap>", line 1360, in _find_and_load
  File "<frozen importlib._bootstrap>", line 1324, in _find_and_load_unlocked
ModuleNotFoundError: No module named 'education'

/Users/user/Documents/resturantOS/frappe-bench/env/lib/python3.12/site-packages/rq/worker.py:1302: DeprecationWarning: This process (pid=27389) is multi-threaded, use of fork() may lead to deadlocks in the child.
  child_pid = os.fork()
2025-09-28 01:12:34,968 [Job hrms.localhost||758b1aa9-2975-4ae6-a378-5d0fe219b408]: exception raised while executing (frappe.utils.background_jobs.execute_job)
Traceback (most recent call last):
  File "/Users/user/Documents/resturantOS/frappe-bench/env/lib/python3.12/site-packages/rq/worker.py", line 1643, in perform_job
    return_value = job.perform()
                   ^^^^^^^^^^^^^
  File "/Users/user/Documents/resturantOS/frappe-bench/env/lib/python3.12/site-packages/rq/job.py", line 1359, in perform
    self._result = self._execute()
                   ^^^^^^^^^^^^^^^
  File "/Users/user/Documents/resturantOS/frappe-bench/env/lib/python3.12/site-packages/rq/job.py", line 1393, in _execute
    result = self.func(*self.args, **self.kwargs)
             ^^^^^^^^^^^^^^^^^^^^^^^^^^^^^^^^^^^^
  File "/Users/user/Documents/resturantOS/frappe-bench/apps/frappe/frappe/utils/background_jobs.py", line 243, in execute_job
    frappe.init(site, force=True)
  File "/Users/user/Documents/resturantOS/frappe-bench/apps/frappe/frappe/__init__.py", line 208, in init
    setup_module_map(include_all_apps=not (frappe.request or frappe.job or frappe.flags.in_migrate))
  File "/Users/user/Documents/resturantOS/frappe-bench/apps/frappe/frappe/__init__.py", line 1040, in setup_module_map
    for module in get_module_list(app):
                  ^^^^^^^^^^^^^^^^^^^^
  File "/Users/user/Documents/resturantOS/frappe-bench/apps/frappe/frappe/__init__.py", line 881, in get_module_list
    return get_file_items(get_app_path(app_name, "modules.txt"))
                          ^^^^^^^^^^^^^^^^^^^^^^^^^^^^^^^^^^^^^
  File "/Users/user/Documents/resturantOS/frappe-bench/apps/frappe/frappe/__init__.py", line 846, in get_app_path
    return get_pymodule_path(app_name, *joins)
           ^^^^^^^^^^^^^^^^^^^^^^^^^^^^^^^^^^^
  File "/Users/user/Documents/resturantOS/frappe-bench/apps/frappe/frappe/__init__.py", line 876, in get_pymodule_path
    return abspath(join(dirname(get_module(scrub(modulename)).__file__ or ""), *joins))
                                ^^^^^^^^^^^^^^^^^^^^^^^^^^^^^
  File "/Users/user/Documents/resturantOS/frappe-bench/apps/frappe/frappe/__init__.py", line 817, in get_module
    return importlib.import_module(modulename)
           ^^^^^^^^^^^^^^^^^^^^^^^^^^^^^^^^^^^
  File "/usr/local/Cellar/python@3.12/3.12.11_1/Frameworks/Python.framework/Versions/3.12/lib/python3.12/importlib/__init__.py", line 90, in import_module
    return _bootstrap._gcd_import(name[level:], package, level)
           ^^^^^^^^^^^^^^^^^^^^^^^^^^^^^^^^^^^^^^^^^^^^^^^^^^^^
  File "<frozen importlib._bootstrap>", line 1387, in _gcd_import
  File "<frozen importlib._bootstrap>", line 1360, in _find_and_load
  File "<frozen importlib._bootstrap>", line 1324, in _find_and_load_unlocked
ModuleNotFoundError: No module named 'education'

/Users/user/Documents/resturantOS/frappe-bench/env/lib/python3.12/site-packages/rq/worker.py:1302: DeprecationWarning: This process (pid=27389) is multi-threaded, use of fork() may lead to deadlocks in the child.
  child_pid = os.fork()
2025-09-28 01:12:35,002 [Job hrms.localhost||1a956e09-af49-45e7-b919-13de893f4ba4]: exception raised while executing (frappe.utils.background_jobs.execute_job)
Traceback (most recent call last):
  File "/Users/user/Documents/resturantOS/frappe-bench/env/lib/python3.12/site-packages/rq/worker.py", line 1643, in perform_job
    return_value = job.perform()
                   ^^^^^^^^^^^^^
  File "/Users/user/Documents/resturantOS/frappe-bench/env/lib/python3.12/site-packages/rq/job.py", line 1359, in perform
    self._result = self._execute()
                   ^^^^^^^^^^^^^^^
  File "/Users/user/Documents/resturantOS/frappe-bench/env/lib/python3.12/site-packages/rq/job.py", line 1393, in _execute
    result = self.func(*self.args, **self.kwargs)
             ^^^^^^^^^^^^^^^^^^^^^^^^^^^^^^^^^^^^
  File "/Users/user/Documents/resturantOS/frappe-bench/apps/frappe/frappe/utils/background_jobs.py", line 243, in execute_job
    frappe.init(site, force=True)
  File "/Users/user/Documents/resturantOS/frappe-bench/apps/frappe/frappe/__init__.py", line 208, in init
    setup_module_map(include_all_apps=not (frappe.request or frappe.job or frappe.flags.in_migrate))
  File "/Users/user/Documents/resturantOS/frappe-bench/apps/frappe/frappe/__init__.py", line 1040, in setup_module_map
    for module in get_module_list(app):
                  ^^^^^^^^^^^^^^^^^^^^
  File "/Users/user/Documents/resturantOS/frappe-bench/apps/frappe/frappe/__init__.py", line 881, in get_module_list
    return get_file_items(get_app_path(app_name, "modules.txt"))
                          ^^^^^^^^^^^^^^^^^^^^^^^^^^^^^^^^^^^^^
  File "/Users/user/Documents/resturantOS/frappe-bench/apps/frappe/frappe/__init__.py", line 846, in get_app_path
    return get_pymodule_path(app_name, *joins)
           ^^^^^^^^^^^^^^^^^^^^^^^^^^^^^^^^^^^
  File "/Users/user/Documents/resturantOS/frappe-bench/apps/frappe/frappe/__init__.py", line 876, in get_pymodule_path
    return abspath(join(dirname(get_module(scrub(modulename)).__file__ or ""), *joins))
                                ^^^^^^^^^^^^^^^^^^^^^^^^^^^^^
  File "/Users/user/Documents/resturantOS/frappe-bench/apps/frappe/frappe/__init__.py", line 817, in get_module
    return importlib.import_module(modulename)
           ^^^^^^^^^^^^^^^^^^^^^^^^^^^^^^^^^^^
  File "/usr/local/Cellar/python@3.12/3.12.11_1/Frameworks/Python.framework/Versions/3.12/lib/python3.12/importlib/__init__.py", line 90, in import_module
    return _bootstrap._gcd_import(name[level:], package, level)
           ^^^^^^^^^^^^^^^^^^^^^^^^^^^^^^^^^^^^^^^^^^^^^^^^^^^^
  File "<frozen importlib._bootstrap>", line 1387, in _gcd_import
  File "<frozen importlib._bootstrap>", line 1360, in _find_and_load
  File "<frozen importlib._bootstrap>", line 1324, in _find_and_load_unlocked
ModuleNotFoundError: No module named 'education'

/Users/user/Documents/resturantOS/frappe-bench/env/lib/python3.12/site-packages/rq/worker.py:1302: DeprecationWarning: This process (pid=27389) is multi-threaded, use of fork() may lead to deadlocks in the child.
  child_pid = os.fork()
2025-09-28 01:12:35,035 [Job hrms.localhost||1b54a3c1-635b-454d-91e5-4da7e8484df8]: exception raised while executing (frappe.utils.background_jobs.execute_job)
Traceback (most recent call last):
  File "/Users/user/Documents/resturantOS/frappe-bench/env/lib/python3.12/site-packages/rq/worker.py", line 1643, in perform_job
    return_value = job.perform()
                   ^^^^^^^^^^^^^
  File "/Users/user/Documents/resturantOS/frappe-bench/env/lib/python3.12/site-packages/rq/job.py", line 1359, in perform
    self._result = self._execute()
                   ^^^^^^^^^^^^^^^
  File "/Users/user/Documents/resturantOS/frappe-bench/env/lib/python3.12/site-packages/rq/job.py", line 1393, in _execute
    result = self.func(*self.args, **self.kwargs)
             ^^^^^^^^^^^^^^^^^^^^^^^^^^^^^^^^^^^^
  File "/Users/user/Documents/resturantOS/frappe-bench/apps/frappe/frappe/utils/background_jobs.py", line 243, in execute_job
    frappe.init(site, force=True)
  File "/Users/user/Documents/resturantOS/frappe-bench/apps/frappe/frappe/__init__.py", line 208, in init
    setup_module_map(include_all_apps=not (frappe.request or frappe.job or frappe.flags.in_migrate))
  File "/Users/user/Documents/resturantOS/frappe-bench/apps/frappe/frappe/__init__.py", line 1040, in setup_module_map
    for module in get_module_list(app):
                  ^^^^^^^^^^^^^^^^^^^^
  File "/Users/user/Documents/resturantOS/frappe-bench/apps/frappe/frappe/__init__.py", line 881, in get_module_list
    return get_file_items(get_app_path(app_name, "modules.txt"))
                          ^^^^^^^^^^^^^^^^^^^^^^^^^^^^^^^^^^^^^
  File "/Users/user/Documents/resturantOS/frappe-bench/apps/frappe/frappe/__init__.py", line 846, in get_app_path
    return get_pymodule_path(app_name, *joins)
           ^^^^^^^^^^^^^^^^^^^^^^^^^^^^^^^^^^^
  File "/Users/user/Documents/resturantOS/frappe-bench/apps/frappe/frappe/__init__.py", line 876, in get_pymodule_path
    return abspath(join(dirname(get_module(scrub(modulename)).__file__ or ""), *joins))
                                ^^^^^^^^^^^^^^^^^^^^^^^^^^^^^
  File "/Users/user/Documents/resturantOS/frappe-bench/apps/frappe/frappe/__init__.py", line 817, in get_module
    return importlib.import_module(modulename)
           ^^^^^^^^^^^^^^^^^^^^^^^^^^^^^^^^^^^
  File "/usr/local/Cellar/python@3.12/3.12.11_1/Frameworks/Python.framework/Versions/3.12/lib/python3.12/importlib/__init__.py", line 90, in import_module
    return _bootstrap._gcd_import(name[level:], package, level)
           ^^^^^^^^^^^^^^^^^^^^^^^^^^^^^^^^^^^^^^^^^^^^^^^^^^^^
  File "<frozen importlib._bootstrap>", line 1387, in _gcd_import
  File "<frozen importlib._bootstrap>", line 1360, in _find_and_load
  File "<frozen importlib._bootstrap>", line 1324, in _find_and_load_unlocked
ModuleNotFoundError: No module named 'education'

/Users/user/Documents/resturantOS/frappe-bench/env/lib/python3.12/site-packages/rq/worker.py:1302: DeprecationWarning: This process (pid=27389) is multi-threaded, use of fork() may lead to deadlocks in the child.
  child_pid = os.fork()
2025-09-28 01:12:35,067 [Job hrms.localhost||99fad324-3930-4cf2-8758-210fdc875993]: exception raised while executing (frappe.utils.background_jobs.execute_job)
Traceback (most recent call last):
  File "/Users/user/Documents/resturantOS/frappe-bench/env/lib/python3.12/site-packages/rq/worker.py", line 1643, in perform_job
    return_value = job.perform()
                   ^^^^^^^^^^^^^
  File "/Users/user/Documents/resturantOS/frappe-bench/env/lib/python3.12/site-packages/rq/job.py", line 1359, in perform
    self._result = self._execute()
                   ^^^^^^^^^^^^^^^
  File "/Users/user/Documents/resturantOS/frappe-bench/env/lib/python3.12/site-packages/rq/job.py", line 1393, in _execute
    result = self.func(*self.args, **self.kwargs)
             ^^^^^^^^^^^^^^^^^^^^^^^^^^^^^^^^^^^^
  File "/Users/user/Documents/resturantOS/frappe-bench/apps/frappe/frappe/utils/background_jobs.py", line 243, in execute_job
    frappe.init(site, force=True)
  File "/Users/user/Documents/resturantOS/frappe-bench/apps/frappe/frappe/__init__.py", line 208, in init
    setup_module_map(include_all_apps=not (frappe.request or frappe.job or frappe.flags.in_migrate))
  File "/Users/user/Documents/resturantOS/frappe-bench/apps/frappe/frappe/__init__.py", line 1040, in setup_module_map
    for module in get_module_list(app):
                  ^^^^^^^^^^^^^^^^^^^^
  File "/Users/user/Documents/resturantOS/frappe-bench/apps/frappe/frappe/__init__.py", line 881, in get_module_list
    return get_file_items(get_app_path(app_name, "modules.txt"))
                          ^^^^^^^^^^^^^^^^^^^^^^^^^^^^^^^^^^^^^
  File "/Users/user/Documents/resturantOS/frappe-bench/apps/frappe/frappe/__init__.py", line 846, in get_app_path
    return get_pymodule_path(app_name, *joins)
           ^^^^^^^^^^^^^^^^^^^^^^^^^^^^^^^^^^^
  File "/Users/user/Documents/resturantOS/frappe-bench/apps/frappe/frappe/__init__.py", line 876, in get_pymodule_path
    return abspath(join(dirname(get_module(scrub(modulename)).__file__ or ""), *joins))
                                ^^^^^^^^^^^^^^^^^^^^^^^^^^^^^
  File "/Users/user/Documents/resturantOS/frappe-bench/apps/frappe/frappe/__init__.py", line 817, in get_module
    return importlib.import_module(modulename)
           ^^^^^^^^^^^^^^^^^^^^^^^^^^^^^^^^^^^
  File "/usr/local/Cellar/python@3.12/3.12.11_1/Frameworks/Python.framework/Versions/3.12/lib/python3.12/importlib/__init__.py", line 90, in import_module
    return _bootstrap._gcd_import(name[level:], package, level)
           ^^^^^^^^^^^^^^^^^^^^^^^^^^^^^^^^^^^^^^^^^^^^^^^^^^^^
  File "<frozen importlib._bootstrap>", line 1387, in _gcd_import
  File "<frozen importlib._bootstrap>", line 1360, in _find_and_load
  File "<frozen importlib._bootstrap>", line 1324, in _find_and_load_unlocked
ModuleNotFoundError: No module named 'education'

/Users/user/Documents/resturantOS/frappe-bench/env/lib/python3.12/site-packages/rq/worker.py:1302: DeprecationWarning: This process (pid=27389) is multi-threaded, use of fork() may lead to deadlocks in the child.
  child_pid = os.fork()
2025-09-28 01:12:35,099 [Job hrms.localhost||0899ed4e-1939-4f08-aac7-5bfee439ba5f]: exception raised while executing (frappe.utils.background_jobs.execute_job)
Traceback (most recent call last):
  File "/Users/user/Documents/resturantOS/frappe-bench/env/lib/python3.12/site-packages/rq/worker.py", line 1643, in perform_job
    return_value = job.perform()
                   ^^^^^^^^^^^^^
  File "/Users/user/Documents/resturantOS/frappe-bench/env/lib/python3.12/site-packages/rq/job.py", line 1359, in perform
    self._result = self._execute()
                   ^^^^^^^^^^^^^^^
  File "/Users/user/Documents/resturantOS/frappe-bench/env/lib/python3.12/site-packages/rq/job.py", line 1393, in _execute
    result = self.func(*self.args, **self.kwargs)
             ^^^^^^^^^^^^^^^^^^^^^^^^^^^^^^^^^^^^
  File "/Users/user/Documents/resturantOS/frappe-bench/apps/frappe/frappe/utils/background_jobs.py", line 243, in execute_job
    frappe.init(site, force=True)
  File "/Users/user/Documents/resturantOS/frappe-bench/apps/frappe/frappe/__init__.py", line 208, in init
    setup_module_map(include_all_apps=not (frappe.request or frappe.job or frappe.flags.in_migrate))
  File "/Users/user/Documents/resturantOS/frappe-bench/apps/frappe/frappe/__init__.py", line 1040, in setup_module_map
    for module in get_module_list(app):
                  ^^^^^^^^^^^^^^^^^^^^
  File "/Users/user/Documents/resturantOS/frappe-bench/apps/frappe/frappe/__init__.py", line 881, in get_module_list
    return get_file_items(get_app_path(app_name, "modules.txt"))
                          ^^^^^^^^^^^^^^^^^^^^^^^^^^^^^^^^^^^^^
  File "/Users/user/Documents/resturantOS/frappe-bench/apps/frappe/frappe/__init__.py", line 846, in get_app_path
    return get_pymodule_path(app_name, *joins)
           ^^^^^^^^^^^^^^^^^^^^^^^^^^^^^^^^^^^
  File "/Users/user/Documents/resturantOS/frappe-bench/apps/frappe/frappe/__init__.py", line 876, in get_pymodule_path
    return abspath(join(dirname(get_module(scrub(modulename)).__file__ or ""), *joins))
                                ^^^^^^^^^^^^^^^^^^^^^^^^^^^^^
  File "/Users/user/Documents/resturantOS/frappe-bench/apps/frappe/frappe/__init__.py", line 817, in get_module
    return importlib.import_module(modulename)
           ^^^^^^^^^^^^^^^^^^^^^^^^^^^^^^^^^^^
  File "/usr/local/Cellar/python@3.12/3.12.11_1/Frameworks/Python.framework/Versions/3.12/lib/python3.12/importlib/__init__.py", line 90, in import_module
    return _bootstrap._gcd_import(name[level:], package, level)
           ^^^^^^^^^^^^^^^^^^^^^^^^^^^^^^^^^^^^^^^^^^^^^^^^^^^^
  File "<frozen importlib._bootstrap>", line 1387, in _gcd_import
  File "<frozen importlib._bootstrap>", line 1360, in _find_and_load
  File "<frozen importlib._bootstrap>", line 1324, in _find_and_load_unlocked
ModuleNotFoundError: No module named 'education'

/Users/user/Documents/resturantOS/frappe-bench/env/lib/python3.12/site-packages/rq/worker.py:1302: DeprecationWarning: This process (pid=27389) is multi-threaded, use of fork() may lead to deadlocks in the child.
  child_pid = os.fork()
2025-09-28 01:12:35,137 [Job hrms.localhost||7125d9af-2d2d-4546-a1b0-76ba3e178b00]: exception raised while executing (frappe.utils.background_jobs.execute_job)
Traceback (most recent call last):
  File "/Users/user/Documents/resturantOS/frappe-bench/env/lib/python3.12/site-packages/rq/worker.py", line 1643, in perform_job
    return_value = job.perform()
                   ^^^^^^^^^^^^^
  File "/Users/user/Documents/resturantOS/frappe-bench/env/lib/python3.12/site-packages/rq/job.py", line 1359, in perform
    self._result = self._execute()
                   ^^^^^^^^^^^^^^^
  File "/Users/user/Documents/resturantOS/frappe-bench/env/lib/python3.12/site-packages/rq/job.py", line 1393, in _execute
    result = self.func(*self.args, **self.kwargs)
             ^^^^^^^^^^^^^^^^^^^^^^^^^^^^^^^^^^^^
  File "/Users/user/Documents/resturantOS/frappe-bench/apps/frappe/frappe/utils/background_jobs.py", line 243, in execute_job
    frappe.init(site, force=True)
  File "/Users/user/Documents/resturantOS/frappe-bench/apps/frappe/frappe/__init__.py", line 208, in init
    setup_module_map(include_all_apps=not (frappe.request or frappe.job or frappe.flags.in_migrate))
  File "/Users/user/Documents/resturantOS/frappe-bench/apps/frappe/frappe/__init__.py", line 1040, in setup_module_map
    for module in get_module_list(app):
                  ^^^^^^^^^^^^^^^^^^^^
  File "/Users/user/Documents/resturantOS/frappe-bench/apps/frappe/frappe/__init__.py", line 881, in get_module_list
    return get_file_items(get_app_path(app_name, "modules.txt"))
                          ^^^^^^^^^^^^^^^^^^^^^^^^^^^^^^^^^^^^^
  File "/Users/user/Documents/resturantOS/frappe-bench/apps/frappe/frappe/__init__.py", line 846, in get_app_path
    return get_pymodule_path(app_name, *joins)
           ^^^^^^^^^^^^^^^^^^^^^^^^^^^^^^^^^^^
  File "/Users/user/Documents/resturantOS/frappe-bench/apps/frappe/frappe/__init__.py", line 876, in get_pymodule_path
    return abspath(join(dirname(get_module(scrub(modulename)).__file__ or ""), *joins))
                                ^^^^^^^^^^^^^^^^^^^^^^^^^^^^^
  File "/Users/user/Documents/resturantOS/frappe-bench/apps/frappe/frappe/__init__.py", line 817, in get_module
    return importlib.import_module(modulename)
           ^^^^^^^^^^^^^^^^^^^^^^^^^^^^^^^^^^^
  File "/usr/local/Cellar/python@3.12/3.12.11_1/Frameworks/Python.framework/Versions/3.12/lib/python3.12/importlib/__init__.py", line 90, in import_module
    return _bootstrap._gcd_import(name[level:], package, level)
           ^^^^^^^^^^^^^^^^^^^^^^^^^^^^^^^^^^^^^^^^^^^^^^^^^^^^
  File "<frozen importlib._bootstrap>", line 1387, in _gcd_import
  File "<frozen importlib._bootstrap>", line 1360, in _find_and_load
  File "<frozen importlib._bootstrap>", line 1324, in _find_and_load_unlocked
ModuleNotFoundError: No module named 'education'

/Users/user/Documents/resturantOS/frappe-bench/env/lib/python3.12/site-packages/rq/worker.py:1302: DeprecationWarning: This process (pid=27389) is multi-threaded, use of fork() may lead to deadlocks in the child.
  child_pid = os.fork()
2025-09-28 01:12:35,168 [Job hrms.localhost||4df1dbf6-1ac8-435c-80e5-d8ba166bd6f4]: exception raised while executing (frappe.utils.background_jobs.execute_job)
Traceback (most recent call last):
  File "/Users/user/Documents/resturantOS/frappe-bench/env/lib/python3.12/site-packages/rq/worker.py", line 1643, in perform_job
    return_value = job.perform()
                   ^^^^^^^^^^^^^
  File "/Users/user/Documents/resturantOS/frappe-bench/env/lib/python3.12/site-packages/rq/job.py", line 1359, in perform
    self._result = self._execute()
                   ^^^^^^^^^^^^^^^
  File "/Users/user/Documents/resturantOS/frappe-bench/env/lib/python3.12/site-packages/rq/job.py", line 1393, in _execute
    result = self.func(*self.args, **self.kwargs)
             ^^^^^^^^^^^^^^^^^^^^^^^^^^^^^^^^^^^^
  File "/Users/user/Documents/resturantOS/frappe-bench/apps/frappe/frappe/utils/background_jobs.py", line 243, in execute_job
    frappe.init(site, force=True)
  File "/Users/user/Documents/resturantOS/frappe-bench/apps/frappe/frappe/__init__.py", line 208, in init
    setup_module_map(include_all_apps=not (frappe.request or frappe.job or frappe.flags.in_migrate))
  File "/Users/user/Documents/resturantOS/frappe-bench/apps/frappe/frappe/__init__.py", line 1040, in setup_module_map
    for module in get_module_list(app):
                  ^^^^^^^^^^^^^^^^^^^^
  File "/Users/user/Documents/resturantOS/frappe-bench/apps/frappe/frappe/__init__.py", line 881, in get_module_list
    return get_file_items(get_app_path(app_name, "modules.txt"))
                          ^^^^^^^^^^^^^^^^^^^^^^^^^^^^^^^^^^^^^
  File "/Users/user/Documents/resturantOS/frappe-bench/apps/frappe/frappe/__init__.py", line 846, in get_app_path
    return get_pymodule_path(app_name, *joins)
           ^^^^^^^^^^^^^^^^^^^^^^^^^^^^^^^^^^^
  File "/Users/user/Documents/resturantOS/frappe-bench/apps/frappe/frappe/__init__.py", line 876, in get_pymodule_path
    return abspath(join(dirname(get_module(scrub(modulename)).__file__ or ""), *joins))
                                ^^^^^^^^^^^^^^^^^^^^^^^^^^^^^
  File "/Users/user/Documents/resturantOS/frappe-bench/apps/frappe/frappe/__init__.py", line 817, in get_module
    return importlib.import_module(modulename)
           ^^^^^^^^^^^^^^^^^^^^^^^^^^^^^^^^^^^
  File "/usr/local/Cellar/python@3.12/3.12.11_1/Frameworks/Python.framework/Versions/3.12/lib/python3.12/importlib/__init__.py", line 90, in import_module
    return _bootstrap._gcd_import(name[level:], package, level)
           ^^^^^^^^^^^^^^^^^^^^^^^^^^^^^^^^^^^^^^^^^^^^^^^^^^^^
  File "<frozen importlib._bootstrap>", line 1387, in _gcd_import
  File "<frozen importlib._bootstrap>", line 1360, in _find_and_load
  File "<frozen importlib._bootstrap>", line 1324, in _find_and_load_unlocked
ModuleNotFoundError: No module named 'education'

/Users/user/Documents/resturantOS/frappe-bench/env/lib/python3.12/site-packages/rq/worker.py:1302: DeprecationWarning: This process (pid=27389) is multi-threaded, use of fork() may lead to deadlocks in the child.
  child_pid = os.fork()
2025-09-28 01:12:35,199 [Job hrms.localhost||39c75be5-4406-4ec7-8052-ecac764d6bda]: exception raised while executing (frappe.utils.background_jobs.execute_job)
Traceback (most recent call last):
  File "/Users/user/Documents/resturantOS/frappe-bench/env/lib/python3.12/site-packages/rq/worker.py", line 1643, in perform_job
    return_value = job.perform()
                   ^^^^^^^^^^^^^
  File "/Users/user/Documents/resturantOS/frappe-bench/env/lib/python3.12/site-packages/rq/job.py", line 1359, in perform
    self._result = self._execute()
                   ^^^^^^^^^^^^^^^
  File "/Users/user/Documents/resturantOS/frappe-bench/env/lib/python3.12/site-packages/rq/job.py", line 1393, in _execute
    result = self.func(*self.args, **self.kwargs)
             ^^^^^^^^^^^^^^^^^^^^^^^^^^^^^^^^^^^^
  File "/Users/user/Documents/resturantOS/frappe-bench/apps/frappe/frappe/utils/background_jobs.py", line 243, in execute_job
    frappe.init(site, force=True)
  File "/Users/user/Documents/resturantOS/frappe-bench/apps/frappe/frappe/__init__.py", line 208, in init
    setup_module_map(include_all_apps=not (frappe.request or frappe.job or frappe.flags.in_migrate))
  File "/Users/user/Documents/resturantOS/frappe-bench/apps/frappe/frappe/__init__.py", line 1040, in setup_module_map
    for module in get_module_list(app):
                  ^^^^^^^^^^^^^^^^^^^^
  File "/Users/user/Documents/resturantOS/frappe-bench/apps/frappe/frappe/__init__.py", line 881, in get_module_list
    return get_file_items(get_app_path(app_name, "modules.txt"))
                          ^^^^^^^^^^^^^^^^^^^^^^^^^^^^^^^^^^^^^
  File "/Users/user/Documents/resturantOS/frappe-bench/apps/frappe/frappe/__init__.py", line 846, in get_app_path
    return get_pymodule_path(app_name, *joins)
           ^^^^^^^^^^^^^^^^^^^^^^^^^^^^^^^^^^^
  File "/Users/user/Documents/resturantOS/frappe-bench/apps/frappe/frappe/__init__.py", line 876, in get_pymodule_path
    return abspath(join(dirname(get_module(scrub(modulename)).__file__ or ""), *joins))
                                ^^^^^^^^^^^^^^^^^^^^^^^^^^^^^
  File "/Users/user/Documents/resturantOS/frappe-bench/apps/frappe/frappe/__init__.py", line 817, in get_module
    return importlib.import_module(modulename)
           ^^^^^^^^^^^^^^^^^^^^^^^^^^^^^^^^^^^
  File "/usr/local/Cellar/python@3.12/3.12.11_1/Frameworks/Python.framework/Versions/3.12/lib/python3.12/importlib/__init__.py", line 90, in import_module
    return _bootstrap._gcd_import(name[level:], package, level)
           ^^^^^^^^^^^^^^^^^^^^^^^^^^^^^^^^^^^^^^^^^^^^^^^^^^^^
  File "<frozen importlib._bootstrap>", line 1387, in _gcd_import
  File "<frozen importlib._bootstrap>", line 1360, in _find_and_load
  File "<frozen importlib._bootstrap>", line 1324, in _find_and_load_unlocked
ModuleNotFoundError: No module named 'education'

/Users/user/Documents/resturantOS/frappe-bench/env/lib/python3.12/site-packages/rq/worker.py:1302: DeprecationWarning: This process (pid=27389) is multi-threaded, use of fork() may lead to deadlocks in the child.
  child_pid = os.fork()
2025-09-28 01:12:35,234 [Job hrms.localhost||fd1dbfe5-8bcb-47f0-8806-018c19dfd8bb]: exception raised while executing (frappe.utils.background_jobs.execute_job)
Traceback (most recent call last):
  File "/Users/user/Documents/resturantOS/frappe-bench/env/lib/python3.12/site-packages/rq/worker.py", line 1643, in perform_job
    return_value = job.perform()
                   ^^^^^^^^^^^^^
  File "/Users/user/Documents/resturantOS/frappe-bench/env/lib/python3.12/site-packages/rq/job.py", line 1359, in perform
    self._result = self._execute()
                   ^^^^^^^^^^^^^^^
  File "/Users/user/Documents/resturantOS/frappe-bench/env/lib/python3.12/site-packages/rq/job.py", line 1393, in _execute
    result = self.func(*self.args, **self.kwargs)
             ^^^^^^^^^^^^^^^^^^^^^^^^^^^^^^^^^^^^
  File "/Users/user/Documents/resturantOS/frappe-bench/apps/frappe/frappe/utils/background_jobs.py", line 243, in execute_job
    frappe.init(site, force=True)
  File "/Users/user/Documents/resturantOS/frappe-bench/apps/frappe/frappe/__init__.py", line 208, in init
    setup_module_map(include_all_apps=not (frappe.request or frappe.job or frappe.flags.in_migrate))
  File "/Users/user/Documents/resturantOS/frappe-bench/apps/frappe/frappe/__init__.py", line 1040, in setup_module_map
    for module in get_module_list(app):
                  ^^^^^^^^^^^^^^^^^^^^
  File "/Users/user/Documents/resturantOS/frappe-bench/apps/frappe/frappe/__init__.py", line 881, in get_module_list
    return get_file_items(get_app_path(app_name, "modules.txt"))
                          ^^^^^^^^^^^^^^^^^^^^^^^^^^^^^^^^^^^^^
  File "/Users/user/Documents/resturantOS/frappe-bench/apps/frappe/frappe/__init__.py", line 846, in get_app_path
    return get_pymodule_path(app_name, *joins)
           ^^^^^^^^^^^^^^^^^^^^^^^^^^^^^^^^^^^
  File "/Users/user/Documents/resturantOS/frappe-bench/apps/frappe/frappe/__init__.py", line 876, in get_pymodule_path
    return abspath(join(dirname(get_module(scrub(modulename)).__file__ or ""), *joins))
                                ^^^^^^^^^^^^^^^^^^^^^^^^^^^^^
  File "/Users/user/Documents/resturantOS/frappe-bench/apps/frappe/frappe/__init__.py", line 817, in get_module
    return importlib.import_module(modulename)
           ^^^^^^^^^^^^^^^^^^^^^^^^^^^^^^^^^^^
  File "/usr/local/Cellar/python@3.12/3.12.11_1/Frameworks/Python.framework/Versions/3.12/lib/python3.12/importlib/__init__.py", line 90, in import_module
    return _bootstrap._gcd_import(name[level:], package, level)
           ^^^^^^^^^^^^^^^^^^^^^^^^^^^^^^^^^^^^^^^^^^^^^^^^^^^^
  File "<frozen importlib._bootstrap>", line 1387, in _gcd_import
  File "<frozen importlib._bootstrap>", line 1360, in _find_and_load
  File "<frozen importlib._bootstrap>", line 1324, in _find_and_load_unlocked
ModuleNotFoundError: No module named 'education'

/Users/user/Documents/resturantOS/frappe-bench/env/lib/python3.12/site-packages/rq/worker.py:1302: DeprecationWarning: This process (pid=27389) is multi-threaded, use of fork() may lead to deadlocks in the child.
  child_pid = os.fork()
2025-09-28 01:12:35,268 [Job hrms.localhost||690df5f9-d844-4010-9e0f-b8e6165fe787]: exception raised while executing (frappe.utils.background_jobs.execute_job)
Traceback (most recent call last):
  File "/Users/user/Documents/resturantOS/frappe-bench/env/lib/python3.12/site-packages/rq/worker.py", line 1643, in perform_job
    return_value = job.perform()
                   ^^^^^^^^^^^^^
  File "/Users/user/Documents/resturantOS/frappe-bench/env/lib/python3.12/site-packages/rq/job.py", line 1359, in perform
    self._result = self._execute()
                   ^^^^^^^^^^^^^^^
  File "/Users/user/Documents/resturantOS/frappe-bench/env/lib/python3.12/site-packages/rq/job.py", line 1393, in _execute
    result = self.func(*self.args, **self.kwargs)
             ^^^^^^^^^^^^^^^^^^^^^^^^^^^^^^^^^^^^
  File "/Users/user/Documents/resturantOS/frappe-bench/apps/frappe/frappe/utils/background_jobs.py", line 243, in execute_job
    frappe.init(site, force=True)
  File "/Users/user/Documents/resturantOS/frappe-bench/apps/frappe/frappe/__init__.py", line 208, in init
    setup_module_map(include_all_apps=not (frappe.request or frappe.job or frappe.flags.in_migrate))
  File "/Users/user/Documents/resturantOS/frappe-bench/apps/frappe/frappe/__init__.py", line 1040, in setup_module_map
    for module in get_module_list(app):
                  ^^^^^^^^^^^^^^^^^^^^
  File "/Users/user/Documents/resturantOS/frappe-bench/apps/frappe/frappe/__init__.py", line 881, in get_module_list
    return get_file_items(get_app_path(app_name, "modules.txt"))
                          ^^^^^^^^^^^^^^^^^^^^^^^^^^^^^^^^^^^^^
  File "/Users/user/Documents/resturantOS/frappe-bench/apps/frappe/frappe/__init__.py", line 846, in get_app_path
    return get_pymodule_path(app_name, *joins)
           ^^^^^^^^^^^^^^^^^^^^^^^^^^^^^^^^^^^
  File "/Users/user/Documents/resturantOS/frappe-bench/apps/frappe/frappe/__init__.py", line 876, in get_pymodule_path
    return abspath(join(dirname(get_module(scrub(modulename)).__file__ or ""), *joins))
                                ^^^^^^^^^^^^^^^^^^^^^^^^^^^^^
  File "/Users/user/Documents/resturantOS/frappe-bench/apps/frappe/frappe/__init__.py", line 817, in get_module
    return importlib.import_module(modulename)
           ^^^^^^^^^^^^^^^^^^^^^^^^^^^^^^^^^^^
  File "/usr/local/Cellar/python@3.12/3.12.11_1/Frameworks/Python.framework/Versions/3.12/lib/python3.12/importlib/__init__.py", line 90, in import_module
    return _bootstrap._gcd_import(name[level:], package, level)
           ^^^^^^^^^^^^^^^^^^^^^^^^^^^^^^^^^^^^^^^^^^^^^^^^^^^^
  File "<frozen importlib._bootstrap>", line 1387, in _gcd_import
  File "<frozen importlib._bootstrap>", line 1360, in _find_and_load
  File "<frozen importlib._bootstrap>", line 1324, in _find_and_load_unlocked
ModuleNotFoundError: No module named 'education'

/Users/user/Documents/resturantOS/frappe-bench/env/lib/python3.12/site-packages/rq/worker.py:1302: DeprecationWarning: This process (pid=27389) is multi-threaded, use of fork() may lead to deadlocks in the child.
  child_pid = os.fork()
2025-09-28 01:12:35,301 [Job hrms.localhost||75b9e6a9-2bb9-402e-89d6-6e141ea028da]: exception raised while executing (frappe.utils.background_jobs.execute_job)
Traceback (most recent call last):
  File "/Users/user/Documents/resturantOS/frappe-bench/env/lib/python3.12/site-packages/rq/worker.py", line 1643, in perform_job
    return_value = job.perform()
                   ^^^^^^^^^^^^^
  File "/Users/user/Documents/resturantOS/frappe-bench/env/lib/python3.12/site-packages/rq/job.py", line 1359, in perform
    self._result = self._execute()
                   ^^^^^^^^^^^^^^^
  File "/Users/user/Documents/resturantOS/frappe-bench/env/lib/python3.12/site-packages/rq/job.py", line 1393, in _execute
    result = self.func(*self.args, **self.kwargs)
             ^^^^^^^^^^^^^^^^^^^^^^^^^^^^^^^^^^^^
  File "/Users/user/Documents/resturantOS/frappe-bench/apps/frappe/frappe/utils/background_jobs.py", line 243, in execute_job
    frappe.init(site, force=True)
  File "/Users/user/Documents/resturantOS/frappe-bench/apps/frappe/frappe/__init__.py", line 208, in init
    setup_module_map(include_all_apps=not (frappe.request or frappe.job or frappe.flags.in_migrate))
  File "/Users/user/Documents/resturantOS/frappe-bench/apps/frappe/frappe/__init__.py", line 1040, in setup_module_map
    for module in get_module_list(app):
                  ^^^^^^^^^^^^^^^^^^^^
  File "/Users/user/Documents/resturantOS/frappe-bench/apps/frappe/frappe/__init__.py", line 881, in get_module_list
    return get_file_items(get_app_path(app_name, "modules.txt"))
                          ^^^^^^^^^^^^^^^^^^^^^^^^^^^^^^^^^^^^^
  File "/Users/user/Documents/resturantOS/frappe-bench/apps/frappe/frappe/__init__.py", line 846, in get_app_path
    return get_pymodule_path(app_name, *joins)
           ^^^^^^^^^^^^^^^^^^^^^^^^^^^^^^^^^^^
  File "/Users/user/Documents/resturantOS/frappe-bench/apps/frappe/frappe/__init__.py", line 876, in get_pymodule_path
    return abspath(join(dirname(get_module(scrub(modulename)).__file__ or ""), *joins))
                                ^^^^^^^^^^^^^^^^^^^^^^^^^^^^^
  File "/Users/user/Documents/resturantOS/frappe-bench/apps/frappe/frappe/__init__.py", line 817, in get_module
    return importlib.import_module(modulename)
           ^^^^^^^^^^^^^^^^^^^^^^^^^^^^^^^^^^^
  File "/usr/local/Cellar/python@3.12/3.12.11_1/Frameworks/Python.framework/Versions/3.12/lib/python3.12/importlib/__init__.py", line 90, in import_module
    return _bootstrap._gcd_import(name[level:], package, level)
           ^^^^^^^^^^^^^^^^^^^^^^^^^^^^^^^^^^^^^^^^^^^^^^^^^^^^
  File "<frozen importlib._bootstrap>", line 1387, in _gcd_import
  File "<frozen importlib._bootstrap>", line 1360, in _find_and_load
  File "<frozen importlib._bootstrap>", line 1324, in _find_and_load_unlocked
ModuleNotFoundError: No module named 'education'

/Users/user/Documents/resturantOS/frappe-bench/env/lib/python3.12/site-packages/rq/worker.py:1302: DeprecationWarning: This process (pid=27389) is multi-threaded, use of fork() may lead to deadlocks in the child.
  child_pid = os.fork()
2025-09-28 01:12:35,333 [Job hrms.localhost||f27ff5de-c808-4647-86b9-8b1866d63be6]: exception raised while executing (frappe.utils.background_jobs.execute_job)
Traceback (most recent call last):
  File "/Users/user/Documents/resturantOS/frappe-bench/env/lib/python3.12/site-packages/rq/worker.py", line 1643, in perform_job
    return_value = job.perform()
                   ^^^^^^^^^^^^^
  File "/Users/user/Documents/resturantOS/frappe-bench/env/lib/python3.12/site-packages/rq/job.py", line 1359, in perform
    self._result = self._execute()
                   ^^^^^^^^^^^^^^^
  File "/Users/user/Documents/resturantOS/frappe-bench/env/lib/python3.12/site-packages/rq/job.py", line 1393, in _execute
    result = self.func(*self.args, **self.kwargs)
             ^^^^^^^^^^^^^^^^^^^^^^^^^^^^^^^^^^^^
  File "/Users/user/Documents/resturantOS/frappe-bench/apps/frappe/frappe/utils/background_jobs.py", line 243, in execute_job
    frappe.init(site, force=True)
  File "/Users/user/Documents/resturantOS/frappe-bench/apps/frappe/frappe/__init__.py", line 208, in init
    setup_module_map(include_all_apps=not (frappe.request or frappe.job or frappe.flags.in_migrate))
  File "/Users/user/Documents/resturantOS/frappe-bench/apps/frappe/frappe/__init__.py", line 1040, in setup_module_map
    for module in get_module_list(app):
                  ^^^^^^^^^^^^^^^^^^^^
  File "/Users/user/Documents/resturantOS/frappe-bench/apps/frappe/frappe/__init__.py", line 881, in get_module_list
    return get_file_items(get_app_path(app_name, "modules.txt"))
                          ^^^^^^^^^^^^^^^^^^^^^^^^^^^^^^^^^^^^^
  File "/Users/user/Documents/resturantOS/frappe-bench/apps/frappe/frappe/__init__.py", line 846, in get_app_path
    return get_pymodule_path(app_name, *joins)
           ^^^^^^^^^^^^^^^^^^^^^^^^^^^^^^^^^^^
  File "/Users/user/Documents/resturantOS/frappe-bench/apps/frappe/frappe/__init__.py", line 876, in get_pymodule_path
    return abspath(join(dirname(get_module(scrub(modulename)).__file__ or ""), *joins))
                                ^^^^^^^^^^^^^^^^^^^^^^^^^^^^^
  File "/Users/user/Documents/resturantOS/frappe-bench/apps/frappe/frappe/__init__.py", line 817, in get_module
    return importlib.import_module(modulename)
           ^^^^^^^^^^^^^^^^^^^^^^^^^^^^^^^^^^^
  File "/usr/local/Cellar/python@3.12/3.12.11_1/Frameworks/Python.framework/Versions/3.12/lib/python3.12/importlib/__init__.py", line 90, in import_module
    return _bootstrap._gcd_import(name[level:], package, level)
           ^^^^^^^^^^^^^^^^^^^^^^^^^^^^^^^^^^^^^^^^^^^^^^^^^^^^
  File "<frozen importlib._bootstrap>", line 1387, in _gcd_import
  File "<frozen importlib._bootstrap>", line 1360, in _find_and_load
  File "<frozen importlib._bootstrap>", line 1324, in _find_and_load_unlocked
ModuleNotFoundError: No module named 'education'

/Users/user/Documents/resturantOS/frappe-bench/env/lib/python3.12/site-packages/rq/worker.py:1302: DeprecationWarning: This process (pid=27389) is multi-threaded, use of fork() may lead to deadlocks in the child.
  child_pid = os.fork()
2025-09-28 01:12:35,365 [Job hrms.localhost||81aed955-51f1-481d-9bc6-30b3d5829af0]: exception raised while executing (frappe.utils.background_jobs.execute_job)
Traceback (most recent call last):
  File "/Users/user/Documents/resturantOS/frappe-bench/env/lib/python3.12/site-packages/rq/worker.py", line 1643, in perform_job
    return_value = job.perform()
                   ^^^^^^^^^^^^^
  File "/Users/user/Documents/resturantOS/frappe-bench/env/lib/python3.12/site-packages/rq/job.py", line 1359, in perform
    self._result = self._execute()
                   ^^^^^^^^^^^^^^^
  File "/Users/user/Documents/resturantOS/frappe-bench/env/lib/python3.12/site-packages/rq/job.py", line 1393, in _execute
    result = self.func(*self.args, **self.kwargs)
             ^^^^^^^^^^^^^^^^^^^^^^^^^^^^^^^^^^^^
  File "/Users/user/Documents/resturantOS/frappe-bench/apps/frappe/frappe/utils/background_jobs.py", line 243, in execute_job
    frappe.init(site, force=True)
  File "/Users/user/Documents/resturantOS/frappe-bench/apps/frappe/frappe/__init__.py", line 208, in init
    setup_module_map(include_all_apps=not (frappe.request or frappe.job or frappe.flags.in_migrate))
  File "/Users/user/Documents/resturantOS/frappe-bench/apps/frappe/frappe/__init__.py", line 1040, in setup_module_map
    for module in get_module_list(app):
                  ^^^^^^^^^^^^^^^^^^^^
  File "/Users/user/Documents/resturantOS/frappe-bench/apps/frappe/frappe/__init__.py", line 881, in get_module_list
    return get_file_items(get_app_path(app_name, "modules.txt"))
                          ^^^^^^^^^^^^^^^^^^^^^^^^^^^^^^^^^^^^^
  File "/Users/user/Documents/resturantOS/frappe-bench/apps/frappe/frappe/__init__.py", line 846, in get_app_path
    return get_pymodule_path(app_name, *joins)
           ^^^^^^^^^^^^^^^^^^^^^^^^^^^^^^^^^^^
  File "/Users/user/Documents/resturantOS/frappe-bench/apps/frappe/frappe/__init__.py", line 876, in get_pymodule_path
    return abspath(join(dirname(get_module(scrub(modulename)).__file__ or ""), *joins))
                                ^^^^^^^^^^^^^^^^^^^^^^^^^^^^^
  File "/Users/user/Documents/resturantOS/frappe-bench/apps/frappe/frappe/__init__.py", line 817, in get_module
    return importlib.import_module(modulename)
           ^^^^^^^^^^^^^^^^^^^^^^^^^^^^^^^^^^^
  File "/usr/local/Cellar/python@3.12/3.12.11_1/Frameworks/Python.framework/Versions/3.12/lib/python3.12/importlib/__init__.py", line 90, in import_module
    return _bootstrap._gcd_import(name[level:], package, level)
           ^^^^^^^^^^^^^^^^^^^^^^^^^^^^^^^^^^^^^^^^^^^^^^^^^^^^
  File "<frozen importlib._bootstrap>", line 1387, in _gcd_import
  File "<frozen importlib._bootstrap>", line 1360, in _find_and_load
  File "<frozen importlib._bootstrap>", line 1324, in _find_and_load_unlocked
ModuleNotFoundError: No module named 'education'

/Users/user/Documents/resturantOS/frappe-bench/env/lib/python3.12/site-packages/rq/worker.py:1302: DeprecationWarning: This process (pid=27389) is multi-threaded, use of fork() may lead to deadlocks in the child.
  child_pid = os.fork()
2025-09-28 01:12:35,398 [Job hrms.localhost||b5548042-6aad-4565-9ba5-87589bc69488]: exception raised while executing (frappe.utils.background_jobs.execute_job)
Traceback (most recent call last):
  File "/Users/user/Documents/resturantOS/frappe-bench/env/lib/python3.12/site-packages/rq/worker.py", line 1643, in perform_job
    return_value = job.perform()
                   ^^^^^^^^^^^^^
  File "/Users/user/Documents/resturantOS/frappe-bench/env/lib/python3.12/site-packages/rq/job.py", line 1359, in perform
    self._result = self._execute()
                   ^^^^^^^^^^^^^^^
  File "/Users/user/Documents/resturantOS/frappe-bench/env/lib/python3.12/site-packages/rq/job.py", line 1393, in _execute
    result = self.func(*self.args, **self.kwargs)
             ^^^^^^^^^^^^^^^^^^^^^^^^^^^^^^^^^^^^
  File "/Users/user/Documents/resturantOS/frappe-bench/apps/frappe/frappe/utils/background_jobs.py", line 243, in execute_job
    frappe.init(site, force=True)
  File "/Users/user/Documents/resturantOS/frappe-bench/apps/frappe/frappe/__init__.py", line 208, in init
    setup_module_map(include_all_apps=not (frappe.request or frappe.job or frappe.flags.in_migrate))
  File "/Users/user/Documents/resturantOS/frappe-bench/apps/frappe/frappe/__init__.py", line 1040, in setup_module_map
    for module in get_module_list(app):
                  ^^^^^^^^^^^^^^^^^^^^
  File "/Users/user/Documents/resturantOS/frappe-bench/apps/frappe/frappe/__init__.py", line 881, in get_module_list
    return get_file_items(get_app_path(app_name, "modules.txt"))
                          ^^^^^^^^^^^^^^^^^^^^^^^^^^^^^^^^^^^^^
  File "/Users/user/Documents/resturantOS/frappe-bench/apps/frappe/frappe/__init__.py", line 846, in get_app_path
    return get_pymodule_path(app_name, *joins)
           ^^^^^^^^^^^^^^^^^^^^^^^^^^^^^^^^^^^
  File "/Users/user/Documents/resturantOS/frappe-bench/apps/frappe/frappe/__init__.py", line 876, in get_pymodule_path
    return abspath(join(dirname(get_module(scrub(modulename)).__file__ or ""), *joins))
                                ^^^^^^^^^^^^^^^^^^^^^^^^^^^^^
  File "/Users/user/Documents/resturantOS/frappe-bench/apps/frappe/frappe/__init__.py", line 817, in get_module
    return importlib.import_module(modulename)
           ^^^^^^^^^^^^^^^^^^^^^^^^^^^^^^^^^^^
  File "/usr/local/Cellar/python@3.12/3.12.11_1/Frameworks/Python.framework/Versions/3.12/lib/python3.12/importlib/__init__.py", line 90, in import_module
    return _bootstrap._gcd_import(name[level:], package, level)
           ^^^^^^^^^^^^^^^^^^^^^^^^^^^^^^^^^^^^^^^^^^^^^^^^^^^^
  File "<frozen importlib._bootstrap>", line 1387, in _gcd_import
  File "<frozen importlib._bootstrap>", line 1360, in _find_and_load
  File "<frozen importlib._bootstrap>", line 1324, in _find_and_load_unlocked
ModuleNotFoundError: No module named 'education'

/Users/user/Documents/resturantOS/frappe-bench/env/lib/python3.12/site-packages/rq/worker.py:1302: DeprecationWarning: This process (pid=27389) is multi-threaded, use of fork() may lead to deadlocks in the child.
  child_pid = os.fork()
2025-09-28 01:12:35,430 [Job hrms.localhost||1662ee89-b6f5-4db1-b4f2-0ad2a65a577b]: exception raised while executing (frappe.utils.background_jobs.execute_job)
Traceback (most recent call last):
  File "/Users/user/Documents/resturantOS/frappe-bench/env/lib/python3.12/site-packages/rq/worker.py", line 1643, in perform_job
    return_value = job.perform()
                   ^^^^^^^^^^^^^
  File "/Users/user/Documents/resturantOS/frappe-bench/env/lib/python3.12/site-packages/rq/job.py", line 1359, in perform
    self._result = self._execute()
                   ^^^^^^^^^^^^^^^
  File "/Users/user/Documents/resturantOS/frappe-bench/env/lib/python3.12/site-packages/rq/job.py", line 1393, in _execute
    result = self.func(*self.args, **self.kwargs)
             ^^^^^^^^^^^^^^^^^^^^^^^^^^^^^^^^^^^^
  File "/Users/user/Documents/resturantOS/frappe-bench/apps/frappe/frappe/utils/background_jobs.py", line 243, in execute_job
    frappe.init(site, force=True)
  File "/Users/user/Documents/resturantOS/frappe-bench/apps/frappe/frappe/__init__.py", line 208, in init
    setup_module_map(include_all_apps=not (frappe.request or frappe.job or frappe.flags.in_migrate))
  File "/Users/user/Documents/resturantOS/frappe-bench/apps/frappe/frappe/__init__.py", line 1040, in setup_module_map
    for module in get_module_list(app):
                  ^^^^^^^^^^^^^^^^^^^^
  File "/Users/user/Documents/resturantOS/frappe-bench/apps/frappe/frappe/__init__.py", line 881, in get_module_list
    return get_file_items(get_app_path(app_name, "modules.txt"))
                          ^^^^^^^^^^^^^^^^^^^^^^^^^^^^^^^^^^^^^
  File "/Users/user/Documents/resturantOS/frappe-bench/apps/frappe/frappe/__init__.py", line 846, in get_app_path
    return get_pymodule_path(app_name, *joins)
           ^^^^^^^^^^^^^^^^^^^^^^^^^^^^^^^^^^^
  File "/Users/user/Documents/resturantOS/frappe-bench/apps/frappe/frappe/__init__.py", line 876, in get_pymodule_path
    return abspath(join(dirname(get_module(scrub(modulename)).__file__ or ""), *joins))
                                ^^^^^^^^^^^^^^^^^^^^^^^^^^^^^
  File "/Users/user/Documents/resturantOS/frappe-bench/apps/frappe/frappe/__init__.py", line 817, in get_module
    return importlib.import_module(modulename)
           ^^^^^^^^^^^^^^^^^^^^^^^^^^^^^^^^^^^
  File "/usr/local/Cellar/python@3.12/3.12.11_1/Frameworks/Python.framework/Versions/3.12/lib/python3.12/importlib/__init__.py", line 90, in import_module
    return _bootstrap._gcd_import(name[level:], package, level)
           ^^^^^^^^^^^^^^^^^^^^^^^^^^^^^^^^^^^^^^^^^^^^^^^^^^^^
  File "<frozen importlib._bootstrap>", line 1387, in _gcd_import
  File "<frozen importlib._bootstrap>", line 1360, in _find_and_load
  File "<frozen importlib._bootstrap>", line 1324, in _find_and_load_unlocked
ModuleNotFoundError: No module named 'education'

/Users/user/Documents/resturantOS/frappe-bench/env/lib/python3.12/site-packages/rq/worker.py:1302: DeprecationWarning: This process (pid=27389) is multi-threaded, use of fork() may lead to deadlocks in the child.
  child_pid = os.fork()
2025-09-28 01:12:35,464 [Job hrms.localhost||e8e954ec-45ce-49d2-ba13-0a5b9e9070ee]: exception raised while executing (frappe.utils.background_jobs.execute_job)
Traceback (most recent call last):
  File "/Users/user/Documents/resturantOS/frappe-bench/env/lib/python3.12/site-packages/rq/worker.py", line 1643, in perform_job
    return_value = job.perform()
                   ^^^^^^^^^^^^^
  File "/Users/user/Documents/resturantOS/frappe-bench/env/lib/python3.12/site-packages/rq/job.py", line 1359, in perform
    self._result = self._execute()
                   ^^^^^^^^^^^^^^^
  File "/Users/user/Documents/resturantOS/frappe-bench/env/lib/python3.12/site-packages/rq/job.py", line 1393, in _execute
    result = self.func(*self.args, **self.kwargs)
             ^^^^^^^^^^^^^^^^^^^^^^^^^^^^^^^^^^^^
  File "/Users/user/Documents/resturantOS/frappe-bench/apps/frappe/frappe/utils/background_jobs.py", line 243, in execute_job
    frappe.init(site, force=True)
  File "/Users/user/Documents/resturantOS/frappe-bench/apps/frappe/frappe/__init__.py", line 208, in init
    setup_module_map(include_all_apps=not (frappe.request or frappe.job or frappe.flags.in_migrate))
  File "/Users/user/Documents/resturantOS/frappe-bench/apps/frappe/frappe/__init__.py", line 1040, in setup_module_map
    for module in get_module_list(app):
                  ^^^^^^^^^^^^^^^^^^^^
  File "/Users/user/Documents/resturantOS/frappe-bench/apps/frappe/frappe/__init__.py", line 881, in get_module_list
    return get_file_items(get_app_path(app_name, "modules.txt"))
                          ^^^^^^^^^^^^^^^^^^^^^^^^^^^^^^^^^^^^^
  File "/Users/user/Documents/resturantOS/frappe-bench/apps/frappe/frappe/__init__.py", line 846, in get_app_path
    return get_pymodule_path(app_name, *joins)
           ^^^^^^^^^^^^^^^^^^^^^^^^^^^^^^^^^^^
  File "/Users/user/Documents/resturantOS/frappe-bench/apps/frappe/frappe/__init__.py", line 876, in get_pymodule_path
    return abspath(join(dirname(get_module(scrub(modulename)).__file__ or ""), *joins))
                                ^^^^^^^^^^^^^^^^^^^^^^^^^^^^^
  File "/Users/user/Documents/resturantOS/frappe-bench/apps/frappe/frappe/__init__.py", line 817, in get_module
    return importlib.import_module(modulename)
           ^^^^^^^^^^^^^^^^^^^^^^^^^^^^^^^^^^^
  File "/usr/local/Cellar/python@3.12/3.12.11_1/Frameworks/Python.framework/Versions/3.12/lib/python3.12/importlib/__init__.py", line 90, in import_module
    return _bootstrap._gcd_import(name[level:], package, level)
           ^^^^^^^^^^^^^^^^^^^^^^^^^^^^^^^^^^^^^^^^^^^^^^^^^^^^
  File "<frozen importlib._bootstrap>", line 1387, in _gcd_import
  File "<frozen importlib._bootstrap>", line 1360, in _find_and_load
  File "<frozen importlib._bootstrap>", line 1324, in _find_and_load_unlocked
ModuleNotFoundError: No module named 'education'

/Users/user/Documents/resturantOS/frappe-bench/env/lib/python3.12/site-packages/rq/worker.py:1302: DeprecationWarning: This process (pid=27389) is multi-threaded, use of fork() may lead to deadlocks in the child.
  child_pid = os.fork()
2025-09-28 01:12:35,496 [Job hrms.localhost||2f25f969-b684-4075-91fb-5b9b53d40c6b]: exception raised while executing (frappe.utils.background_jobs.execute_job)
Traceback (most recent call last):
  File "/Users/user/Documents/resturantOS/frappe-bench/env/lib/python3.12/site-packages/rq/worker.py", line 1643, in perform_job
    return_value = job.perform()
                   ^^^^^^^^^^^^^
  File "/Users/user/Documents/resturantOS/frappe-bench/env/lib/python3.12/site-packages/rq/job.py", line 1359, in perform
    self._result = self._execute()
                   ^^^^^^^^^^^^^^^
  File "/Users/user/Documents/resturantOS/frappe-bench/env/lib/python3.12/site-packages/rq/job.py", line 1393, in _execute
    result = self.func(*self.args, **self.kwargs)
             ^^^^^^^^^^^^^^^^^^^^^^^^^^^^^^^^^^^^
  File "/Users/user/Documents/resturantOS/frappe-bench/apps/frappe/frappe/utils/background_jobs.py", line 243, in execute_job
    frappe.init(site, force=True)
  File "/Users/user/Documents/resturantOS/frappe-bench/apps/frappe/frappe/__init__.py", line 208, in init
    setup_module_map(include_all_apps=not (frappe.request or frappe.job or frappe.flags.in_migrate))
  File "/Users/user/Documents/resturantOS/frappe-bench/apps/frappe/frappe/__init__.py", line 1040, in setup_module_map
    for module in get_module_list(app):
                  ^^^^^^^^^^^^^^^^^^^^
  File "/Users/user/Documents/resturantOS/frappe-bench/apps/frappe/frappe/__init__.py", line 881, in get_module_list
    return get_file_items(get_app_path(app_name, "modules.txt"))
                          ^^^^^^^^^^^^^^^^^^^^^^^^^^^^^^^^^^^^^
  File "/Users/user/Documents/resturantOS/frappe-bench/apps/frappe/frappe/__init__.py", line 846, in get_app_path
    return get_pymodule_path(app_name, *joins)
           ^^^^^^^^^^^^^^^^^^^^^^^^^^^^^^^^^^^
  File "/Users/user/Documents/resturantOS/frappe-bench/apps/frappe/frappe/__init__.py", line 876, in get_pymodule_path
    return abspath(join(dirname(get_module(scrub(modulename)).__file__ or ""), *joins))
                                ^^^^^^^^^^^^^^^^^^^^^^^^^^^^^
  File "/Users/user/Documents/resturantOS/frappe-bench/apps/frappe/frappe/__init__.py", line 817, in get_module
    return importlib.import_module(modulename)
           ^^^^^^^^^^^^^^^^^^^^^^^^^^^^^^^^^^^
  File "/usr/local/Cellar/python@3.12/3.12.11_1/Frameworks/Python.framework/Versions/3.12/lib/python3.12/importlib/__init__.py", line 90, in import_module
    return _bootstrap._gcd_import(name[level:], package, level)
           ^^^^^^^^^^^^^^^^^^^^^^^^^^^^^^^^^^^^^^^^^^^^^^^^^^^^
  File "<frozen importlib._bootstrap>", line 1387, in _gcd_import
  File "<frozen importlib._bootstrap>", line 1360, in _find_and_load
  File "<frozen importlib._bootstrap>", line 1324, in _find_and_load_unlocked
ModuleNotFoundError: No module named 'education'

/Users/user/Documents/resturantOS/frappe-bench/env/lib/python3.12/site-packages/rq/worker.py:1302: DeprecationWarning: This process (pid=27389) is multi-threaded, use of fork() may lead to deadlocks in the child.
  child_pid = os.fork()
2025-09-28 01:12:35,528 [Job hrms.localhost||36ece79a-6290-41e8-9497-3b4fde511112]: exception raised while executing (frappe.utils.background_jobs.execute_job)
Traceback (most recent call last):
  File "/Users/user/Documents/resturantOS/frappe-bench/env/lib/python3.12/site-packages/rq/worker.py", line 1643, in perform_job
    return_value = job.perform()
                   ^^^^^^^^^^^^^
  File "/Users/user/Documents/resturantOS/frappe-bench/env/lib/python3.12/site-packages/rq/job.py", line 1359, in perform
    self._result = self._execute()
                   ^^^^^^^^^^^^^^^
  File "/Users/user/Documents/resturantOS/frappe-bench/env/lib/python3.12/site-packages/rq/job.py", line 1393, in _execute
    result = self.func(*self.args, **self.kwargs)
             ^^^^^^^^^^^^^^^^^^^^^^^^^^^^^^^^^^^^
  File "/Users/user/Documents/resturantOS/frappe-bench/apps/frappe/frappe/utils/background_jobs.py", line 243, in execute_job
    frappe.init(site, force=True)
  File "/Users/user/Documents/resturantOS/frappe-bench/apps/frappe/frappe/__init__.py", line 208, in init
    setup_module_map(include_all_apps=not (frappe.request or frappe.job or frappe.flags.in_migrate))
  File "/Users/user/Documents/resturantOS/frappe-bench/apps/frappe/frappe/__init__.py", line 1040, in setup_module_map
    for module in get_module_list(app):
                  ^^^^^^^^^^^^^^^^^^^^
  File "/Users/user/Documents/resturantOS/frappe-bench/apps/frappe/frappe/__init__.py", line 881, in get_module_list
    return get_file_items(get_app_path(app_name, "modules.txt"))
                          ^^^^^^^^^^^^^^^^^^^^^^^^^^^^^^^^^^^^^
  File "/Users/user/Documents/resturantOS/frappe-bench/apps/frappe/frappe/__init__.py", line 846, in get_app_path
    return get_pymodule_path(app_name, *joins)
           ^^^^^^^^^^^^^^^^^^^^^^^^^^^^^^^^^^^
  File "/Users/user/Documents/resturantOS/frappe-bench/apps/frappe/frappe/__init__.py", line 876, in get_pymodule_path
    return abspath(join(dirname(get_module(scrub(modulename)).__file__ or ""), *joins))
                                ^^^^^^^^^^^^^^^^^^^^^^^^^^^^^
  File "/Users/user/Documents/resturantOS/frappe-bench/apps/frappe/frappe/__init__.py", line 817, in get_module
    return importlib.import_module(modulename)
           ^^^^^^^^^^^^^^^^^^^^^^^^^^^^^^^^^^^
  File "/usr/local/Cellar/python@3.12/3.12.11_1/Frameworks/Python.framework/Versions/3.12/lib/python3.12/importlib/__init__.py", line 90, in import_module
    return _bootstrap._gcd_import(name[level:], package, level)
           ^^^^^^^^^^^^^^^^^^^^^^^^^^^^^^^^^^^^^^^^^^^^^^^^^^^^
  File "<frozen importlib._bootstrap>", line 1387, in _gcd_import
  File "<frozen importlib._bootstrap>", line 1360, in _find_and_load
  File "<frozen importlib._bootstrap>", line 1324, in _find_and_load_unlocked
ModuleNotFoundError: No module named 'education'

/Users/user/Documents/resturantOS/frappe-bench/env/lib/python3.12/site-packages/rq/worker.py:1302: DeprecationWarning: This process (pid=27389) is multi-threaded, use of fork() may lead to deadlocks in the child.
  child_pid = os.fork()
2025-09-28 01:12:35,560 [Job hrms.localhost||df633af8-c49c-4d8c-8de4-210806677462]: exception raised while executing (frappe.utils.background_jobs.execute_job)
Traceback (most recent call last):
  File "/Users/user/Documents/resturantOS/frappe-bench/env/lib/python3.12/site-packages/rq/worker.py", line 1643, in perform_job
    return_value = job.perform()
                   ^^^^^^^^^^^^^
  File "/Users/user/Documents/resturantOS/frappe-bench/env/lib/python3.12/site-packages/rq/job.py", line 1359, in perform
    self._result = self._execute()
                   ^^^^^^^^^^^^^^^
  File "/Users/user/Documents/resturantOS/frappe-bench/env/lib/python3.12/site-packages/rq/job.py", line 1393, in _execute
    result = self.func(*self.args, **self.kwargs)
             ^^^^^^^^^^^^^^^^^^^^^^^^^^^^^^^^^^^^
  File "/Users/user/Documents/resturantOS/frappe-bench/apps/frappe/frappe/utils/background_jobs.py", line 243, in execute_job
    frappe.init(site, force=True)
  File "/Users/user/Documents/resturantOS/frappe-bench/apps/frappe/frappe/__init__.py", line 208, in init
    setup_module_map(include_all_apps=not (frappe.request or frappe.job or frappe.flags.in_migrate))
  File "/Users/user/Documents/resturantOS/frappe-bench/apps/frappe/frappe/__init__.py", line 1040, in setup_module_map
    for module in get_module_list(app):
                  ^^^^^^^^^^^^^^^^^^^^
  File "/Users/user/Documents/resturantOS/frappe-bench/apps/frappe/frappe/__init__.py", line 881, in get_module_list
    return get_file_items(get_app_path(app_name, "modules.txt"))
                          ^^^^^^^^^^^^^^^^^^^^^^^^^^^^^^^^^^^^^
  File "/Users/user/Documents/resturantOS/frappe-bench/apps/frappe/frappe/__init__.py", line 846, in get_app_path
    return get_pymodule_path(app_name, *joins)
           ^^^^^^^^^^^^^^^^^^^^^^^^^^^^^^^^^^^
  File "/Users/user/Documents/resturantOS/frappe-bench/apps/frappe/frappe/__init__.py", line 876, in get_pymodule_path
    return abspath(join(dirname(get_module(scrub(modulename)).__file__ or ""), *joins))
                                ^^^^^^^^^^^^^^^^^^^^^^^^^^^^^
  File "/Users/user/Documents/resturantOS/frappe-bench/apps/frappe/frappe/__init__.py", line 817, in get_module
    return importlib.import_module(modulename)
           ^^^^^^^^^^^^^^^^^^^^^^^^^^^^^^^^^^^
  File "/usr/local/Cellar/python@3.12/3.12.11_1/Frameworks/Python.framework/Versions/3.12/lib/python3.12/importlib/__init__.py", line 90, in import_module
    return _bootstrap._gcd_import(name[level:], package, level)
           ^^^^^^^^^^^^^^^^^^^^^^^^^^^^^^^^^^^^^^^^^^^^^^^^^^^^
  File "<frozen importlib._bootstrap>", line 1387, in _gcd_import
  File "<frozen importlib._bootstrap>", line 1360, in _find_and_load
  File "<frozen importlib._bootstrap>", line 1324, in _find_and_load_unlocked
ModuleNotFoundError: No module named 'education'

/Users/user/Documents/resturantOS/frappe-bench/env/lib/python3.12/site-packages/rq/worker.py:1302: DeprecationWarning: This process (pid=27389) is multi-threaded, use of fork() may lead to deadlocks in the child.
  child_pid = os.fork()
2025-09-28 01:12:35,592 [Job hrms.localhost||deba176a-78c9-40f3-b787-53978294d982]: exception raised while executing (frappe.utils.background_jobs.execute_job)
Traceback (most recent call last):
  File "/Users/user/Documents/resturantOS/frappe-bench/env/lib/python3.12/site-packages/rq/worker.py", line 1643, in perform_job
    return_value = job.perform()
                   ^^^^^^^^^^^^^
  File "/Users/user/Documents/resturantOS/frappe-bench/env/lib/python3.12/site-packages/rq/job.py", line 1359, in perform
    self._result = self._execute()
                   ^^^^^^^^^^^^^^^
  File "/Users/user/Documents/resturantOS/frappe-bench/env/lib/python3.12/site-packages/rq/job.py", line 1393, in _execute
    result = self.func(*self.args, **self.kwargs)
             ^^^^^^^^^^^^^^^^^^^^^^^^^^^^^^^^^^^^
  File "/Users/user/Documents/resturantOS/frappe-bench/apps/frappe/frappe/utils/background_jobs.py", line 243, in execute_job
    frappe.init(site, force=True)
  File "/Users/user/Documents/resturantOS/frappe-bench/apps/frappe/frappe/__init__.py", line 208, in init
    setup_module_map(include_all_apps=not (frappe.request or frappe.job or frappe.flags.in_migrate))
  File "/Users/user/Documents/resturantOS/frappe-bench/apps/frappe/frappe/__init__.py", line 1040, in setup_module_map
    for module in get_module_list(app):
                  ^^^^^^^^^^^^^^^^^^^^
  File "/Users/user/Documents/resturantOS/frappe-bench/apps/frappe/frappe/__init__.py", line 881, in get_module_list
    return get_file_items(get_app_path(app_name, "modules.txt"))
                          ^^^^^^^^^^^^^^^^^^^^^^^^^^^^^^^^^^^^^
  File "/Users/user/Documents/resturantOS/frappe-bench/apps/frappe/frappe/__init__.py", line 846, in get_app_path
    return get_pymodule_path(app_name, *joins)
           ^^^^^^^^^^^^^^^^^^^^^^^^^^^^^^^^^^^
  File "/Users/user/Documents/resturantOS/frappe-bench/apps/frappe/frappe/__init__.py", line 876, in get_pymodule_path
    return abspath(join(dirname(get_module(scrub(modulename)).__file__ or ""), *joins))
                                ^^^^^^^^^^^^^^^^^^^^^^^^^^^^^
  File "/Users/user/Documents/resturantOS/frappe-bench/apps/frappe/frappe/__init__.py", line 817, in get_module
    return importlib.import_module(modulename)
           ^^^^^^^^^^^^^^^^^^^^^^^^^^^^^^^^^^^
  File "/usr/local/Cellar/python@3.12/3.12.11_1/Frameworks/Python.framework/Versions/3.12/lib/python3.12/importlib/__init__.py", line 90, in import_module
    return _bootstrap._gcd_import(name[level:], package, level)
           ^^^^^^^^^^^^^^^^^^^^^^^^^^^^^^^^^^^^^^^^^^^^^^^^^^^^
  File "<frozen importlib._bootstrap>", line 1387, in _gcd_import
  File "<frozen importlib._bootstrap>", line 1360, in _find_and_load
  File "<frozen importlib._bootstrap>", line 1324, in _find_and_load_unlocked
ModuleNotFoundError: No module named 'education'

/Users/user/Documents/resturantOS/frappe-bench/env/lib/python3.12/site-packages/rq/worker.py:1302: DeprecationWarning: This process (pid=27389) is multi-threaded, use of fork() may lead to deadlocks in the child.
  child_pid = os.fork()
2025-09-28 01:12:35,623 [Job hrms.localhost||23bf6fe2-6055-4f99-951b-a2519b8690df]: exception raised while executing (frappe.utils.background_jobs.execute_job)
Traceback (most recent call last):
  File "/Users/user/Documents/resturantOS/frappe-bench/env/lib/python3.12/site-packages/rq/worker.py", line 1643, in perform_job
    return_value = job.perform()
                   ^^^^^^^^^^^^^
  File "/Users/user/Documents/resturantOS/frappe-bench/env/lib/python3.12/site-packages/rq/job.py", line 1359, in perform
    self._result = self._execute()
                   ^^^^^^^^^^^^^^^
  File "/Users/user/Documents/resturantOS/frappe-bench/env/lib/python3.12/site-packages/rq/job.py", line 1393, in _execute
    result = self.func(*self.args, **self.kwargs)
             ^^^^^^^^^^^^^^^^^^^^^^^^^^^^^^^^^^^^
  File "/Users/user/Documents/resturantOS/frappe-bench/apps/frappe/frappe/utils/background_jobs.py", line 243, in execute_job
    frappe.init(site, force=True)
  File "/Users/user/Documents/resturantOS/frappe-bench/apps/frappe/frappe/__init__.py", line 208, in init
    setup_module_map(include_all_apps=not (frappe.request or frappe.job or frappe.flags.in_migrate))
  File "/Users/user/Documents/resturantOS/frappe-bench/apps/frappe/frappe/__init__.py", line 1040, in setup_module_map
    for module in get_module_list(app):
                  ^^^^^^^^^^^^^^^^^^^^
  File "/Users/user/Documents/resturantOS/frappe-bench/apps/frappe/frappe/__init__.py", line 881, in get_module_list
    return get_file_items(get_app_path(app_name, "modules.txt"))
                          ^^^^^^^^^^^^^^^^^^^^^^^^^^^^^^^^^^^^^
  File "/Users/user/Documents/resturantOS/frappe-bench/apps/frappe/frappe/__init__.py", line 846, in get_app_path
    return get_pymodule_path(app_name, *joins)
           ^^^^^^^^^^^^^^^^^^^^^^^^^^^^^^^^^^^
  File "/Users/user/Documents/resturantOS/frappe-bench/apps/frappe/frappe/__init__.py", line 876, in get_pymodule_path
    return abspath(join(dirname(get_module(scrub(modulename)).__file__ or ""), *joins))
                                ^^^^^^^^^^^^^^^^^^^^^^^^^^^^^
  File "/Users/user/Documents/resturantOS/frappe-bench/apps/frappe/frappe/__init__.py", line 817, in get_module
    return importlib.import_module(modulename)
           ^^^^^^^^^^^^^^^^^^^^^^^^^^^^^^^^^^^
  File "/usr/local/Cellar/python@3.12/3.12.11_1/Frameworks/Python.framework/Versions/3.12/lib/python3.12/importlib/__init__.py", line 90, in import_module
    return _bootstrap._gcd_import(name[level:], package, level)
           ^^^^^^^^^^^^^^^^^^^^^^^^^^^^^^^^^^^^^^^^^^^^^^^^^^^^
  File "<frozen importlib._bootstrap>", line 1387, in _gcd_import
  File "<frozen importlib._bootstrap>", line 1360, in _find_and_load
  File "<frozen importlib._bootstrap>", line 1324, in _find_and_load_unlocked
ModuleNotFoundError: No module named 'education'

/Users/user/Documents/resturantOS/frappe-bench/env/lib/python3.12/site-packages/rq/worker.py:1302: DeprecationWarning: This process (pid=27389) is multi-threaded, use of fork() may lead to deadlocks in the child.
  child_pid = os.fork()
2025-09-28 01:12:35,655 [Job hrms.localhost||0ed6aced-de53-4215-ad27-c723e56c31d7]: exception raised while executing (frappe.utils.background_jobs.execute_job)
Traceback (most recent call last):
  File "/Users/user/Documents/resturantOS/frappe-bench/env/lib/python3.12/site-packages/rq/worker.py", line 1643, in perform_job
    return_value = job.perform()
                   ^^^^^^^^^^^^^
  File "/Users/user/Documents/resturantOS/frappe-bench/env/lib/python3.12/site-packages/rq/job.py", line 1359, in perform
    self._result = self._execute()
                   ^^^^^^^^^^^^^^^
  File "/Users/user/Documents/resturantOS/frappe-bench/env/lib/python3.12/site-packages/rq/job.py", line 1393, in _execute
    result = self.func(*self.args, **self.kwargs)
             ^^^^^^^^^^^^^^^^^^^^^^^^^^^^^^^^^^^^
  File "/Users/user/Documents/resturantOS/frappe-bench/apps/frappe/frappe/utils/background_jobs.py", line 243, in execute_job
    frappe.init(site, force=True)
  File "/Users/user/Documents/resturantOS/frappe-bench/apps/frappe/frappe/__init__.py", line 208, in init
    setup_module_map(include_all_apps=not (frappe.request or frappe.job or frappe.flags.in_migrate))
  File "/Users/user/Documents/resturantOS/frappe-bench/apps/frappe/frappe/__init__.py", line 1040, in setup_module_map
    for module in get_module_list(app):
                  ^^^^^^^^^^^^^^^^^^^^
  File "/Users/user/Documents/resturantOS/frappe-bench/apps/frappe/frappe/__init__.py", line 881, in get_module_list
    return get_file_items(get_app_path(app_name, "modules.txt"))
                          ^^^^^^^^^^^^^^^^^^^^^^^^^^^^^^^^^^^^^
  File "/Users/user/Documents/resturantOS/frappe-bench/apps/frappe/frappe/__init__.py", line 846, in get_app_path
    return get_pymodule_path(app_name, *joins)
           ^^^^^^^^^^^^^^^^^^^^^^^^^^^^^^^^^^^
  File "/Users/user/Documents/resturantOS/frappe-bench/apps/frappe/frappe/__init__.py", line 876, in get_pymodule_path
    return abspath(join(dirname(get_module(scrub(modulename)).__file__ or ""), *joins))
                                ^^^^^^^^^^^^^^^^^^^^^^^^^^^^^
  File "/Users/user/Documents/resturantOS/frappe-bench/apps/frappe/frappe/__init__.py", line 817, in get_module
    return importlib.import_module(modulename)
           ^^^^^^^^^^^^^^^^^^^^^^^^^^^^^^^^^^^
  File "/usr/local/Cellar/python@3.12/3.12.11_1/Frameworks/Python.framework/Versions/3.12/lib/python3.12/importlib/__init__.py", line 90, in import_module
    return _bootstrap._gcd_import(name[level:], package, level)
           ^^^^^^^^^^^^^^^^^^^^^^^^^^^^^^^^^^^^^^^^^^^^^^^^^^^^
  File "<frozen importlib._bootstrap>", line 1387, in _gcd_import
  File "<frozen importlib._bootstrap>", line 1360, in _find_and_load
  File "<frozen importlib._bootstrap>", line 1324, in _find_and_load_unlocked
ModuleNotFoundError: No module named 'education'

/Users/user/Documents/resturantOS/frappe-bench/env/lib/python3.12/site-packages/rq/worker.py:1302: DeprecationWarning: This process (pid=27389) is multi-threaded, use of fork() may lead to deadlocks in the child.
  child_pid = os.fork()
2025-09-28 01:12:35,687 [Job hrms.localhost||71852dc8-fa18-4825-9611-f7e96a47bc6c]: exception raised while executing (frappe.utils.background_jobs.execute_job)
Traceback (most recent call last):
  File "/Users/user/Documents/resturantOS/frappe-bench/env/lib/python3.12/site-packages/rq/worker.py", line 1643, in perform_job
    return_value = job.perform()
                   ^^^^^^^^^^^^^
  File "/Users/user/Documents/resturantOS/frappe-bench/env/lib/python3.12/site-packages/rq/job.py", line 1359, in perform
    self._result = self._execute()
                   ^^^^^^^^^^^^^^^
  File "/Users/user/Documents/resturantOS/frappe-bench/env/lib/python3.12/site-packages/rq/job.py", line 1393, in _execute
    result = self.func(*self.args, **self.kwargs)
             ^^^^^^^^^^^^^^^^^^^^^^^^^^^^^^^^^^^^
  File "/Users/user/Documents/resturantOS/frappe-bench/apps/frappe/frappe/utils/background_jobs.py", line 243, in execute_job
    frappe.init(site, force=True)
  File "/Users/user/Documents/resturantOS/frappe-bench/apps/frappe/frappe/__init__.py", line 208, in init
    setup_module_map(include_all_apps=not (frappe.request or frappe.job or frappe.flags.in_migrate))
  File "/Users/user/Documents/resturantOS/frappe-bench/apps/frappe/frappe/__init__.py", line 1040, in setup_module_map
    for module in get_module_list(app):
                  ^^^^^^^^^^^^^^^^^^^^
  File "/Users/user/Documents/resturantOS/frappe-bench/apps/frappe/frappe/__init__.py", line 881, in get_module_list
    return get_file_items(get_app_path(app_name, "modules.txt"))
                          ^^^^^^^^^^^^^^^^^^^^^^^^^^^^^^^^^^^^^
  File "/Users/user/Documents/resturantOS/frappe-bench/apps/frappe/frappe/__init__.py", line 846, in get_app_path
    return get_pymodule_path(app_name, *joins)
           ^^^^^^^^^^^^^^^^^^^^^^^^^^^^^^^^^^^
  File "/Users/user/Documents/resturantOS/frappe-bench/apps/frappe/frappe/__init__.py", line 876, in get_pymodule_path
    return abspath(join(dirname(get_module(scrub(modulename)).__file__ or ""), *joins))
                                ^^^^^^^^^^^^^^^^^^^^^^^^^^^^^
  File "/Users/user/Documents/resturantOS/frappe-bench/apps/frappe/frappe/__init__.py", line 817, in get_module
    return importlib.import_module(modulename)
           ^^^^^^^^^^^^^^^^^^^^^^^^^^^^^^^^^^^
  File "/usr/local/Cellar/python@3.12/3.12.11_1/Frameworks/Python.framework/Versions/3.12/lib/python3.12/importlib/__init__.py", line 90, in import_module
    return _bootstrap._gcd_import(name[level:], package, level)
           ^^^^^^^^^^^^^^^^^^^^^^^^^^^^^^^^^^^^^^^^^^^^^^^^^^^^
  File "<frozen importlib._bootstrap>", line 1387, in _gcd_import
  File "<frozen importlib._bootstrap>", line 1360, in _find_and_load
  File "<frozen importlib._bootstrap>", line 1324, in _find_and_load_unlocked
ModuleNotFoundError: No module named 'education'

/Users/user/Documents/resturantOS/frappe-bench/env/lib/python3.12/site-packages/rq/worker.py:1302: DeprecationWarning: This process (pid=27389) is multi-threaded, use of fork() may lead to deadlocks in the child.
  child_pid = os.fork()
2025-09-28 01:12:35,718 [Job hrms.localhost||b5990b81-36e1-4d64-b4b0-985fde37717c]: exception raised while executing (frappe.utils.background_jobs.execute_job)
Traceback (most recent call last):
  File "/Users/user/Documents/resturantOS/frappe-bench/env/lib/python3.12/site-packages/rq/worker.py", line 1643, in perform_job
    return_value = job.perform()
                   ^^^^^^^^^^^^^
  File "/Users/user/Documents/resturantOS/frappe-bench/env/lib/python3.12/site-packages/rq/job.py", line 1359, in perform
    self._result = self._execute()
                   ^^^^^^^^^^^^^^^
  File "/Users/user/Documents/resturantOS/frappe-bench/env/lib/python3.12/site-packages/rq/job.py", line 1393, in _execute
    result = self.func(*self.args, **self.kwargs)
             ^^^^^^^^^^^^^^^^^^^^^^^^^^^^^^^^^^^^
  File "/Users/user/Documents/resturantOS/frappe-bench/apps/frappe/frappe/utils/background_jobs.py", line 243, in execute_job
    frappe.init(site, force=True)
  File "/Users/user/Documents/resturantOS/frappe-bench/apps/frappe/frappe/__init__.py", line 208, in init
    setup_module_map(include_all_apps=not (frappe.request or frappe.job or frappe.flags.in_migrate))
  File "/Users/user/Documents/resturantOS/frappe-bench/apps/frappe/frappe/__init__.py", line 1040, in setup_module_map
    for module in get_module_list(app):
                  ^^^^^^^^^^^^^^^^^^^^
  File "/Users/user/Documents/resturantOS/frappe-bench/apps/frappe/frappe/__init__.py", line 881, in get_module_list
    return get_file_items(get_app_path(app_name, "modules.txt"))
                          ^^^^^^^^^^^^^^^^^^^^^^^^^^^^^^^^^^^^^
  File "/Users/user/Documents/resturantOS/frappe-bench/apps/frappe/frappe/__init__.py", line 846, in get_app_path
    return get_pymodule_path(app_name, *joins)
           ^^^^^^^^^^^^^^^^^^^^^^^^^^^^^^^^^^^
  File "/Users/user/Documents/resturantOS/frappe-bench/apps/frappe/frappe/__init__.py", line 876, in get_pymodule_path
    return abspath(join(dirname(get_module(scrub(modulename)).__file__ or ""), *joins))
                                ^^^^^^^^^^^^^^^^^^^^^^^^^^^^^
  File "/Users/user/Documents/resturantOS/frappe-bench/apps/frappe/frappe/__init__.py", line 817, in get_module
    return importlib.import_module(modulename)
           ^^^^^^^^^^^^^^^^^^^^^^^^^^^^^^^^^^^
  File "/usr/local/Cellar/python@3.12/3.12.11_1/Frameworks/Python.framework/Versions/3.12/lib/python3.12/importlib/__init__.py", line 90, in import_module
    return _bootstrap._gcd_import(name[level:], package, level)
           ^^^^^^^^^^^^^^^^^^^^^^^^^^^^^^^^^^^^^^^^^^^^^^^^^^^^
  File "<frozen importlib._bootstrap>", line 1387, in _gcd_import
  File "<frozen importlib._bootstrap>", line 1360, in _find_and_load
  File "<frozen importlib._bootstrap>", line 1324, in _find_and_load_unlocked
ModuleNotFoundError: No module named 'education'

/Users/user/Documents/resturantOS/frappe-bench/env/lib/python3.12/site-packages/rq/worker.py:1302: DeprecationWarning: This process (pid=27389) is multi-threaded, use of fork() may lead to deadlocks in the child.
  child_pid = os.fork()
2025-09-28 01:12:35,749 [Job hrms.localhost||2720ee99-f42f-4e56-824d-f68fcafeb7f8]: exception raised while executing (frappe.utils.background_jobs.execute_job)
Traceback (most recent call last):
  File "/Users/user/Documents/resturantOS/frappe-bench/env/lib/python3.12/site-packages/rq/worker.py", line 1643, in perform_job
    return_value = job.perform()
                   ^^^^^^^^^^^^^
  File "/Users/user/Documents/resturantOS/frappe-bench/env/lib/python3.12/site-packages/rq/job.py", line 1359, in perform
    self._result = self._execute()
                   ^^^^^^^^^^^^^^^
  File "/Users/user/Documents/resturantOS/frappe-bench/env/lib/python3.12/site-packages/rq/job.py", line 1393, in _execute
    result = self.func(*self.args, **self.kwargs)
             ^^^^^^^^^^^^^^^^^^^^^^^^^^^^^^^^^^^^
  File "/Users/user/Documents/resturantOS/frappe-bench/apps/frappe/frappe/utils/background_jobs.py", line 243, in execute_job
    frappe.init(site, force=True)
  File "/Users/user/Documents/resturantOS/frappe-bench/apps/frappe/frappe/__init__.py", line 208, in init
    setup_module_map(include_all_apps=not (frappe.request or frappe.job or frappe.flags.in_migrate))
  File "/Users/user/Documents/resturantOS/frappe-bench/apps/frappe/frappe/__init__.py", line 1040, in setup_module_map
    for module in get_module_list(app):
                  ^^^^^^^^^^^^^^^^^^^^
  File "/Users/user/Documents/resturantOS/frappe-bench/apps/frappe/frappe/__init__.py", line 881, in get_module_list
    return get_file_items(get_app_path(app_name, "modules.txt"))
                          ^^^^^^^^^^^^^^^^^^^^^^^^^^^^^^^^^^^^^
  File "/Users/user/Documents/resturantOS/frappe-bench/apps/frappe/frappe/__init__.py", line 846, in get_app_path
    return get_pymodule_path(app_name, *joins)
           ^^^^^^^^^^^^^^^^^^^^^^^^^^^^^^^^^^^
  File "/Users/user/Documents/resturantOS/frappe-bench/apps/frappe/frappe/__init__.py", line 876, in get_pymodule_path
    return abspath(join(dirname(get_module(scrub(modulename)).__file__ or ""), *joins))
                                ^^^^^^^^^^^^^^^^^^^^^^^^^^^^^
  File "/Users/user/Documents/resturantOS/frappe-bench/apps/frappe/frappe/__init__.py", line 817, in get_module
    return importlib.import_module(modulename)
           ^^^^^^^^^^^^^^^^^^^^^^^^^^^^^^^^^^^
  File "/usr/local/Cellar/python@3.12/3.12.11_1/Frameworks/Python.framework/Versions/3.12/lib/python3.12/importlib/__init__.py", line 90, in import_module
    return _bootstrap._gcd_import(name[level:], package, level)
           ^^^^^^^^^^^^^^^^^^^^^^^^^^^^^^^^^^^^^^^^^^^^^^^^^^^^
  File "<frozen importlib._bootstrap>", line 1387, in _gcd_import
  File "<frozen importlib._bootstrap>", line 1360, in _find_and_load
  File "<frozen importlib._bootstrap>", line 1324, in _find_and_load_unlocked
ModuleNotFoundError: No module named 'education'

/Users/user/Documents/resturantOS/frappe-bench/env/lib/python3.12/site-packages/rq/worker.py:1302: DeprecationWarning: This process (pid=27389) is multi-threaded, use of fork() may lead to deadlocks in the child.
  child_pid = os.fork()
2025-09-28 01:12:35,781 [Job hrms.localhost||9b40eabf-da12-4177-88bc-1a052ba7bd10]: exception raised while executing (frappe.utils.background_jobs.execute_job)
Traceback (most recent call last):
  File "/Users/user/Documents/resturantOS/frappe-bench/env/lib/python3.12/site-packages/rq/worker.py", line 1643, in perform_job
    return_value = job.perform()
                   ^^^^^^^^^^^^^
  File "/Users/user/Documents/resturantOS/frappe-bench/env/lib/python3.12/site-packages/rq/job.py", line 1359, in perform
    self._result = self._execute()
                   ^^^^^^^^^^^^^^^
  File "/Users/user/Documents/resturantOS/frappe-bench/env/lib/python3.12/site-packages/rq/job.py", line 1393, in _execute
    result = self.func(*self.args, **self.kwargs)
             ^^^^^^^^^^^^^^^^^^^^^^^^^^^^^^^^^^^^
  File "/Users/user/Documents/resturantOS/frappe-bench/apps/frappe/frappe/utils/background_jobs.py", line 243, in execute_job
    frappe.init(site, force=True)
  File "/Users/user/Documents/resturantOS/frappe-bench/apps/frappe/frappe/__init__.py", line 208, in init
    setup_module_map(include_all_apps=not (frappe.request or frappe.job or frappe.flags.in_migrate))
  File "/Users/user/Documents/resturantOS/frappe-bench/apps/frappe/frappe/__init__.py", line 1040, in setup_module_map
    for module in get_module_list(app):
                  ^^^^^^^^^^^^^^^^^^^^
  File "/Users/user/Documents/resturantOS/frappe-bench/apps/frappe/frappe/__init__.py", line 881, in get_module_list
    return get_file_items(get_app_path(app_name, "modules.txt"))
                          ^^^^^^^^^^^^^^^^^^^^^^^^^^^^^^^^^^^^^
  File "/Users/user/Documents/resturantOS/frappe-bench/apps/frappe/frappe/__init__.py", line 846, in get_app_path
    return get_pymodule_path(app_name, *joins)
           ^^^^^^^^^^^^^^^^^^^^^^^^^^^^^^^^^^^
  File "/Users/user/Documents/resturantOS/frappe-bench/apps/frappe/frappe/__init__.py", line 876, in get_pymodule_path
    return abspath(join(dirname(get_module(scrub(modulename)).__file__ or ""), *joins))
                                ^^^^^^^^^^^^^^^^^^^^^^^^^^^^^
  File "/Users/user/Documents/resturantOS/frappe-bench/apps/frappe/frappe/__init__.py", line 817, in get_module
    return importlib.import_module(modulename)
           ^^^^^^^^^^^^^^^^^^^^^^^^^^^^^^^^^^^
  File "/usr/local/Cellar/python@3.12/3.12.11_1/Frameworks/Python.framework/Versions/3.12/lib/python3.12/importlib/__init__.py", line 90, in import_module
    return _bootstrap._gcd_import(name[level:], package, level)
           ^^^^^^^^^^^^^^^^^^^^^^^^^^^^^^^^^^^^^^^^^^^^^^^^^^^^
  File "<frozen importlib._bootstrap>", line 1387, in _gcd_import
  File "<frozen importlib._bootstrap>", line 1360, in _find_and_load
  File "<frozen importlib._bootstrap>", line 1324, in _find_and_load_unlocked
ModuleNotFoundError: No module named 'education'

/Users/user/Documents/resturantOS/frappe-bench/env/lib/python3.12/site-packages/rq/worker.py:1302: DeprecationWarning: This process (pid=27389) is multi-threaded, use of fork() may lead to deadlocks in the child.
  child_pid = os.fork()
2025-09-28 01:12:35,812 [Job hrms.localhost||169ec594-38b4-4e68-8343-e8b454c293e0]: exception raised while executing (frappe.utils.background_jobs.execute_job)
Traceback (most recent call last):
  File "/Users/user/Documents/resturantOS/frappe-bench/env/lib/python3.12/site-packages/rq/worker.py", line 1643, in perform_job
    return_value = job.perform()
                   ^^^^^^^^^^^^^
  File "/Users/user/Documents/resturantOS/frappe-bench/env/lib/python3.12/site-packages/rq/job.py", line 1359, in perform
    self._result = self._execute()
                   ^^^^^^^^^^^^^^^
  File "/Users/user/Documents/resturantOS/frappe-bench/env/lib/python3.12/site-packages/rq/job.py", line 1393, in _execute
    result = self.func(*self.args, **self.kwargs)
             ^^^^^^^^^^^^^^^^^^^^^^^^^^^^^^^^^^^^
  File "/Users/user/Documents/resturantOS/frappe-bench/apps/frappe/frappe/utils/background_jobs.py", line 243, in execute_job
    frappe.init(site, force=True)
  File "/Users/user/Documents/resturantOS/frappe-bench/apps/frappe/frappe/__init__.py", line 208, in init
    setup_module_map(include_all_apps=not (frappe.request or frappe.job or frappe.flags.in_migrate))
  File "/Users/user/Documents/resturantOS/frappe-bench/apps/frappe/frappe/__init__.py", line 1040, in setup_module_map
    for module in get_module_list(app):
                  ^^^^^^^^^^^^^^^^^^^^
  File "/Users/user/Documents/resturantOS/frappe-bench/apps/frappe/frappe/__init__.py", line 881, in get_module_list
    return get_file_items(get_app_path(app_name, "modules.txt"))
                          ^^^^^^^^^^^^^^^^^^^^^^^^^^^^^^^^^^^^^
  File "/Users/user/Documents/resturantOS/frappe-bench/apps/frappe/frappe/__init__.py", line 846, in get_app_path
    return get_pymodule_path(app_name, *joins)
           ^^^^^^^^^^^^^^^^^^^^^^^^^^^^^^^^^^^
  File "/Users/user/Documents/resturantOS/frappe-bench/apps/frappe/frappe/__init__.py", line 876, in get_pymodule_path
    return abspath(join(dirname(get_module(scrub(modulename)).__file__ or ""), *joins))
                                ^^^^^^^^^^^^^^^^^^^^^^^^^^^^^
  File "/Users/user/Documents/resturantOS/frappe-bench/apps/frappe/frappe/__init__.py", line 817, in get_module
    return importlib.import_module(modulename)
           ^^^^^^^^^^^^^^^^^^^^^^^^^^^^^^^^^^^
  File "/usr/local/Cellar/python@3.12/3.12.11_1/Frameworks/Python.framework/Versions/3.12/lib/python3.12/importlib/__init__.py", line 90, in import_module
    return _bootstrap._gcd_import(name[level:], package, level)
           ^^^^^^^^^^^^^^^^^^^^^^^^^^^^^^^^^^^^^^^^^^^^^^^^^^^^
  File "<frozen importlib._bootstrap>", line 1387, in _gcd_import
  File "<frozen importlib._bootstrap>", line 1360, in _find_and_load
  File "<frozen importlib._bootstrap>", line 1324, in _find_and_load_unlocked
ModuleNotFoundError: No module named 'education'

/Users/user/Documents/resturantOS/frappe-bench/env/lib/python3.12/site-packages/rq/worker.py:1302: DeprecationWarning: This process (pid=27389) is multi-threaded, use of fork() may lead to deadlocks in the child.
  child_pid = os.fork()
2025-09-28 01:12:35,843 [Job hrms.localhost||dbd646fc-87b1-4ec7-93e0-c69ea07b3ae8]: exception raised while executing (frappe.utils.background_jobs.execute_job)
Traceback (most recent call last):
  File "/Users/user/Documents/resturantOS/frappe-bench/env/lib/python3.12/site-packages/rq/worker.py", line 1643, in perform_job
    return_value = job.perform()
                   ^^^^^^^^^^^^^
  File "/Users/user/Documents/resturantOS/frappe-bench/env/lib/python3.12/site-packages/rq/job.py", line 1359, in perform
    self._result = self._execute()
                   ^^^^^^^^^^^^^^^
  File "/Users/user/Documents/resturantOS/frappe-bench/env/lib/python3.12/site-packages/rq/job.py", line 1393, in _execute
    result = self.func(*self.args, **self.kwargs)
             ^^^^^^^^^^^^^^^^^^^^^^^^^^^^^^^^^^^^
  File "/Users/user/Documents/resturantOS/frappe-bench/apps/frappe/frappe/utils/background_jobs.py", line 243, in execute_job
    frappe.init(site, force=True)
  File "/Users/user/Documents/resturantOS/frappe-bench/apps/frappe/frappe/__init__.py", line 208, in init
    setup_module_map(include_all_apps=not (frappe.request or frappe.job or frappe.flags.in_migrate))
  File "/Users/user/Documents/resturantOS/frappe-bench/apps/frappe/frappe/__init__.py", line 1040, in setup_module_map
    for module in get_module_list(app):
                  ^^^^^^^^^^^^^^^^^^^^
  File "/Users/user/Documents/resturantOS/frappe-bench/apps/frappe/frappe/__init__.py", line 881, in get_module_list
    return get_file_items(get_app_path(app_name, "modules.txt"))
                          ^^^^^^^^^^^^^^^^^^^^^^^^^^^^^^^^^^^^^
  File "/Users/user/Documents/resturantOS/frappe-bench/apps/frappe/frappe/__init__.py", line 846, in get_app_path
    return get_pymodule_path(app_name, *joins)
           ^^^^^^^^^^^^^^^^^^^^^^^^^^^^^^^^^^^
  File "/Users/user/Documents/resturantOS/frappe-bench/apps/frappe/frappe/__init__.py", line 876, in get_pymodule_path
    return abspath(join(dirname(get_module(scrub(modulename)).__file__ or ""), *joins))
                                ^^^^^^^^^^^^^^^^^^^^^^^^^^^^^
  File "/Users/user/Documents/resturantOS/frappe-bench/apps/frappe/frappe/__init__.py", line 817, in get_module
    return importlib.import_module(modulename)
           ^^^^^^^^^^^^^^^^^^^^^^^^^^^^^^^^^^^
  File "/usr/local/Cellar/python@3.12/3.12.11_1/Frameworks/Python.framework/Versions/3.12/lib/python3.12/importlib/__init__.py", line 90, in import_module
    return _bootstrap._gcd_import(name[level:], package, level)
           ^^^^^^^^^^^^^^^^^^^^^^^^^^^^^^^^^^^^^^^^^^^^^^^^^^^^
  File "<frozen importlib._bootstrap>", line 1387, in _gcd_import
  File "<frozen importlib._bootstrap>", line 1360, in _find_and_load
  File "<frozen importlib._bootstrap>", line 1324, in _find_and_load_unlocked
ModuleNotFoundError: No module named 'education'

/Users/user/Documents/resturantOS/frappe-bench/env/lib/python3.12/site-packages/rq/worker.py:1302: DeprecationWarning: This process (pid=27389) is multi-threaded, use of fork() may lead to deadlocks in the child.
  child_pid = os.fork()
2025-09-28 01:12:35,877 [Job hrms.localhost||b20d8988-db1a-4296-9f44-d9ccacff1242]: exception raised while executing (frappe.utils.background_jobs.execute_job)
Traceback (most recent call last):
  File "/Users/user/Documents/resturantOS/frappe-bench/env/lib/python3.12/site-packages/rq/worker.py", line 1643, in perform_job
    return_value = job.perform()
                   ^^^^^^^^^^^^^
  File "/Users/user/Documents/resturantOS/frappe-bench/env/lib/python3.12/site-packages/rq/job.py", line 1359, in perform
    self._result = self._execute()
                   ^^^^^^^^^^^^^^^
  File "/Users/user/Documents/resturantOS/frappe-bench/env/lib/python3.12/site-packages/rq/job.py", line 1393, in _execute
    result = self.func(*self.args, **self.kwargs)
             ^^^^^^^^^^^^^^^^^^^^^^^^^^^^^^^^^^^^
  File "/Users/user/Documents/resturantOS/frappe-bench/apps/frappe/frappe/utils/background_jobs.py", line 243, in execute_job
    frappe.init(site, force=True)
  File "/Users/user/Documents/resturantOS/frappe-bench/apps/frappe/frappe/__init__.py", line 208, in init
    setup_module_map(include_all_apps=not (frappe.request or frappe.job or frappe.flags.in_migrate))
  File "/Users/user/Documents/resturantOS/frappe-bench/apps/frappe/frappe/__init__.py", line 1040, in setup_module_map
    for module in get_module_list(app):
                  ^^^^^^^^^^^^^^^^^^^^
  File "/Users/user/Documents/resturantOS/frappe-bench/apps/frappe/frappe/__init__.py", line 881, in get_module_list
    return get_file_items(get_app_path(app_name, "modules.txt"))
                          ^^^^^^^^^^^^^^^^^^^^^^^^^^^^^^^^^^^^^
  File "/Users/user/Documents/resturantOS/frappe-bench/apps/frappe/frappe/__init__.py", line 846, in get_app_path
    return get_pymodule_path(app_name, *joins)
           ^^^^^^^^^^^^^^^^^^^^^^^^^^^^^^^^^^^
  File "/Users/user/Documents/resturantOS/frappe-bench/apps/frappe/frappe/__init__.py", line 876, in get_pymodule_path
    return abspath(join(dirname(get_module(scrub(modulename)).__file__ or ""), *joins))
                                ^^^^^^^^^^^^^^^^^^^^^^^^^^^^^
  File "/Users/user/Documents/resturantOS/frappe-bench/apps/frappe/frappe/__init__.py", line 817, in get_module
    return importlib.import_module(modulename)
           ^^^^^^^^^^^^^^^^^^^^^^^^^^^^^^^^^^^
  File "/usr/local/Cellar/python@3.12/3.12.11_1/Frameworks/Python.framework/Versions/3.12/lib/python3.12/importlib/__init__.py", line 90, in import_module
    return _bootstrap._gcd_import(name[level:], package, level)
           ^^^^^^^^^^^^^^^^^^^^^^^^^^^^^^^^^^^^^^^^^^^^^^^^^^^^
  File "<frozen importlib._bootstrap>", line 1387, in _gcd_import
  File "<frozen importlib._bootstrap>", line 1360, in _find_and_load
  File "<frozen importlib._bootstrap>", line 1324, in _find_and_load_unlocked
ModuleNotFoundError: No module named 'education'

/Users/user/Documents/resturantOS/frappe-bench/env/lib/python3.12/site-packages/rq/worker.py:1302: DeprecationWarning: This process (pid=27389) is multi-threaded, use of fork() may lead to deadlocks in the child.
  child_pid = os.fork()
2025-09-28 01:12:35,910 [Job hrms.localhost||76320769-efd1-4630-8713-217aa7043d62]: exception raised while executing (frappe.utils.background_jobs.execute_job)
Traceback (most recent call last):
  File "/Users/user/Documents/resturantOS/frappe-bench/env/lib/python3.12/site-packages/rq/worker.py", line 1643, in perform_job
    return_value = job.perform()
                   ^^^^^^^^^^^^^
  File "/Users/user/Documents/resturantOS/frappe-bench/env/lib/python3.12/site-packages/rq/job.py", line 1359, in perform
    self._result = self._execute()
                   ^^^^^^^^^^^^^^^
  File "/Users/user/Documents/resturantOS/frappe-bench/env/lib/python3.12/site-packages/rq/job.py", line 1393, in _execute
    result = self.func(*self.args, **self.kwargs)
             ^^^^^^^^^^^^^^^^^^^^^^^^^^^^^^^^^^^^
  File "/Users/user/Documents/resturantOS/frappe-bench/apps/frappe/frappe/utils/background_jobs.py", line 243, in execute_job
    frappe.init(site, force=True)
  File "/Users/user/Documents/resturantOS/frappe-bench/apps/frappe/frappe/__init__.py", line 208, in init
    setup_module_map(include_all_apps=not (frappe.request or frappe.job or frappe.flags.in_migrate))
  File "/Users/user/Documents/resturantOS/frappe-bench/apps/frappe/frappe/__init__.py", line 1040, in setup_module_map
    for module in get_module_list(app):
                  ^^^^^^^^^^^^^^^^^^^^
  File "/Users/user/Documents/resturantOS/frappe-bench/apps/frappe/frappe/__init__.py", line 881, in get_module_list
    return get_file_items(get_app_path(app_name, "modules.txt"))
                          ^^^^^^^^^^^^^^^^^^^^^^^^^^^^^^^^^^^^^
  File "/Users/user/Documents/resturantOS/frappe-bench/apps/frappe/frappe/__init__.py", line 846, in get_app_path
    return get_pymodule_path(app_name, *joins)
           ^^^^^^^^^^^^^^^^^^^^^^^^^^^^^^^^^^^
  File "/Users/user/Documents/resturantOS/frappe-bench/apps/frappe/frappe/__init__.py", line 876, in get_pymodule_path
    return abspath(join(dirname(get_module(scrub(modulename)).__file__ or ""), *joins))
                                ^^^^^^^^^^^^^^^^^^^^^^^^^^^^^
  File "/Users/user/Documents/resturantOS/frappe-bench/apps/frappe/frappe/__init__.py", line 817, in get_module
    return importlib.import_module(modulename)
           ^^^^^^^^^^^^^^^^^^^^^^^^^^^^^^^^^^^
  File "/usr/local/Cellar/python@3.12/3.12.11_1/Frameworks/Python.framework/Versions/3.12/lib/python3.12/importlib/__init__.py", line 90, in import_module
    return _bootstrap._gcd_import(name[level:], package, level)
           ^^^^^^^^^^^^^^^^^^^^^^^^^^^^^^^^^^^^^^^^^^^^^^^^^^^^
  File "<frozen importlib._bootstrap>", line 1387, in _gcd_import
  File "<frozen importlib._bootstrap>", line 1360, in _find_and_load
  File "<frozen importlib._bootstrap>", line 1324, in _find_and_load_unlocked
ModuleNotFoundError: No module named 'education'

/Users/user/Documents/resturantOS/frappe-bench/env/lib/python3.12/site-packages/rq/worker.py:1302: DeprecationWarning: This process (pid=27389) is multi-threaded, use of fork() may lead to deadlocks in the child.
  child_pid = os.fork()
2025-09-28 01:12:35,942 [Job hrms.localhost||38248f28-a72b-426e-8c49-8b7a28d3f794]: exception raised while executing (frappe.utils.background_jobs.execute_job)
Traceback (most recent call last):
  File "/Users/user/Documents/resturantOS/frappe-bench/env/lib/python3.12/site-packages/rq/worker.py", line 1643, in perform_job
    return_value = job.perform()
                   ^^^^^^^^^^^^^
  File "/Users/user/Documents/resturantOS/frappe-bench/env/lib/python3.12/site-packages/rq/job.py", line 1359, in perform
    self._result = self._execute()
                   ^^^^^^^^^^^^^^^
  File "/Users/user/Documents/resturantOS/frappe-bench/env/lib/python3.12/site-packages/rq/job.py", line 1393, in _execute
    result = self.func(*self.args, **self.kwargs)
             ^^^^^^^^^^^^^^^^^^^^^^^^^^^^^^^^^^^^
  File "/Users/user/Documents/resturantOS/frappe-bench/apps/frappe/frappe/utils/background_jobs.py", line 243, in execute_job
    frappe.init(site, force=True)
  File "/Users/user/Documents/resturantOS/frappe-bench/apps/frappe/frappe/__init__.py", line 208, in init
    setup_module_map(include_all_apps=not (frappe.request or frappe.job or frappe.flags.in_migrate))
  File "/Users/user/Documents/resturantOS/frappe-bench/apps/frappe/frappe/__init__.py", line 1040, in setup_module_map
    for module in get_module_list(app):
                  ^^^^^^^^^^^^^^^^^^^^
  File "/Users/user/Documents/resturantOS/frappe-bench/apps/frappe/frappe/__init__.py", line 881, in get_module_list
    return get_file_items(get_app_path(app_name, "modules.txt"))
                          ^^^^^^^^^^^^^^^^^^^^^^^^^^^^^^^^^^^^^
  File "/Users/user/Documents/resturantOS/frappe-bench/apps/frappe/frappe/__init__.py", line 846, in get_app_path
    return get_pymodule_path(app_name, *joins)
           ^^^^^^^^^^^^^^^^^^^^^^^^^^^^^^^^^^^
  File "/Users/user/Documents/resturantOS/frappe-bench/apps/frappe/frappe/__init__.py", line 876, in get_pymodule_path
    return abspath(join(dirname(get_module(scrub(modulename)).__file__ or ""), *joins))
                                ^^^^^^^^^^^^^^^^^^^^^^^^^^^^^
  File "/Users/user/Documents/resturantOS/frappe-bench/apps/frappe/frappe/__init__.py", line 817, in get_module
    return importlib.import_module(modulename)
           ^^^^^^^^^^^^^^^^^^^^^^^^^^^^^^^^^^^
  File "/usr/local/Cellar/python@3.12/3.12.11_1/Frameworks/Python.framework/Versions/3.12/lib/python3.12/importlib/__init__.py", line 90, in import_module
    return _bootstrap._gcd_import(name[level:], package, level)
           ^^^^^^^^^^^^^^^^^^^^^^^^^^^^^^^^^^^^^^^^^^^^^^^^^^^^
  File "<frozen importlib._bootstrap>", line 1387, in _gcd_import
  File "<frozen importlib._bootstrap>", line 1360, in _find_and_load
  File "<frozen importlib._bootstrap>", line 1324, in _find_and_load_unlocked
ModuleNotFoundError: No module named 'education'

/Users/user/Documents/resturantOS/frappe-bench/env/lib/python3.12/site-packages/rq/worker.py:1302: DeprecationWarning: This process (pid=27389) is multi-threaded, use of fork() may lead to deadlocks in the child.
  child_pid = os.fork()
2025-09-28 01:12:35,975 [Job hrms.localhost||def67836-ee03-4c83-ba6f-8f9ebebceb09]: exception raised while executing (frappe.utils.background_jobs.execute_job)
Traceback (most recent call last):
  File "/Users/user/Documents/resturantOS/frappe-bench/env/lib/python3.12/site-packages/rq/worker.py", line 1643, in perform_job
    return_value = job.perform()
                   ^^^^^^^^^^^^^
  File "/Users/user/Documents/resturantOS/frappe-bench/env/lib/python3.12/site-packages/rq/job.py", line 1359, in perform
    self._result = self._execute()
                   ^^^^^^^^^^^^^^^
  File "/Users/user/Documents/resturantOS/frappe-bench/env/lib/python3.12/site-packages/rq/job.py", line 1393, in _execute
    result = self.func(*self.args, **self.kwargs)
             ^^^^^^^^^^^^^^^^^^^^^^^^^^^^^^^^^^^^
  File "/Users/user/Documents/resturantOS/frappe-bench/apps/frappe/frappe/utils/background_jobs.py", line 243, in execute_job
    frappe.init(site, force=True)
  File "/Users/user/Documents/resturantOS/frappe-bench/apps/frappe/frappe/__init__.py", line 208, in init
    setup_module_map(include_all_apps=not (frappe.request or frappe.job or frappe.flags.in_migrate))
  File "/Users/user/Documents/resturantOS/frappe-bench/apps/frappe/frappe/__init__.py", line 1040, in setup_module_map
    for module in get_module_list(app):
                  ^^^^^^^^^^^^^^^^^^^^
  File "/Users/user/Documents/resturantOS/frappe-bench/apps/frappe/frappe/__init__.py", line 881, in get_module_list
    return get_file_items(get_app_path(app_name, "modules.txt"))
                          ^^^^^^^^^^^^^^^^^^^^^^^^^^^^^^^^^^^^^
  File "/Users/user/Documents/resturantOS/frappe-bench/apps/frappe/frappe/__init__.py", line 846, in get_app_path
    return get_pymodule_path(app_name, *joins)
           ^^^^^^^^^^^^^^^^^^^^^^^^^^^^^^^^^^^
  File "/Users/user/Documents/resturantOS/frappe-bench/apps/frappe/frappe/__init__.py", line 876, in get_pymodule_path
    return abspath(join(dirname(get_module(scrub(modulename)).__file__ or ""), *joins))
                                ^^^^^^^^^^^^^^^^^^^^^^^^^^^^^
  File "/Users/user/Documents/resturantOS/frappe-bench/apps/frappe/frappe/__init__.py", line 817, in get_module
    return importlib.import_module(modulename)
           ^^^^^^^^^^^^^^^^^^^^^^^^^^^^^^^^^^^
  File "/usr/local/Cellar/python@3.12/3.12.11_1/Frameworks/Python.framework/Versions/3.12/lib/python3.12/importlib/__init__.py", line 90, in import_module
    return _bootstrap._gcd_import(name[level:], package, level)
           ^^^^^^^^^^^^^^^^^^^^^^^^^^^^^^^^^^^^^^^^^^^^^^^^^^^^
  File "<frozen importlib._bootstrap>", line 1387, in _gcd_import
  File "<frozen importlib._bootstrap>", line 1360, in _find_and_load
  File "<frozen importlib._bootstrap>", line 1324, in _find_and_load_unlocked
ModuleNotFoundError: No module named 'education'

/Users/user/Documents/resturantOS/frappe-bench/env/lib/python3.12/site-packages/rq/worker.py:1302: DeprecationWarning: This process (pid=27389) is multi-threaded, use of fork() may lead to deadlocks in the child.
  child_pid = os.fork()
2025-09-28 01:12:36,007 [Job hrms.localhost||ff5a1645-0d61-41d5-b73d-38599e6bfef4]: exception raised while executing (frappe.utils.background_jobs.execute_job)
Traceback (most recent call last):
  File "/Users/user/Documents/resturantOS/frappe-bench/env/lib/python3.12/site-packages/rq/worker.py", line 1643, in perform_job
    return_value = job.perform()
                   ^^^^^^^^^^^^^
  File "/Users/user/Documents/resturantOS/frappe-bench/env/lib/python3.12/site-packages/rq/job.py", line 1359, in perform
    self._result = self._execute()
                   ^^^^^^^^^^^^^^^
  File "/Users/user/Documents/resturantOS/frappe-bench/env/lib/python3.12/site-packages/rq/job.py", line 1393, in _execute
    result = self.func(*self.args, **self.kwargs)
             ^^^^^^^^^^^^^^^^^^^^^^^^^^^^^^^^^^^^
  File "/Users/user/Documents/resturantOS/frappe-bench/apps/frappe/frappe/utils/background_jobs.py", line 243, in execute_job
    frappe.init(site, force=True)
  File "/Users/user/Documents/resturantOS/frappe-bench/apps/frappe/frappe/__init__.py", line 208, in init
    setup_module_map(include_all_apps=not (frappe.request or frappe.job or frappe.flags.in_migrate))
  File "/Users/user/Documents/resturantOS/frappe-bench/apps/frappe/frappe/__init__.py", line 1040, in setup_module_map
    for module in get_module_list(app):
                  ^^^^^^^^^^^^^^^^^^^^
  File "/Users/user/Documents/resturantOS/frappe-bench/apps/frappe/frappe/__init__.py", line 881, in get_module_list
    return get_file_items(get_app_path(app_name, "modules.txt"))
                          ^^^^^^^^^^^^^^^^^^^^^^^^^^^^^^^^^^^^^
  File "/Users/user/Documents/resturantOS/frappe-bench/apps/frappe/frappe/__init__.py", line 846, in get_app_path
    return get_pymodule_path(app_name, *joins)
           ^^^^^^^^^^^^^^^^^^^^^^^^^^^^^^^^^^^
  File "/Users/user/Documents/resturantOS/frappe-bench/apps/frappe/frappe/__init__.py", line 876, in get_pymodule_path
    return abspath(join(dirname(get_module(scrub(modulename)).__file__ or ""), *joins))
                                ^^^^^^^^^^^^^^^^^^^^^^^^^^^^^
  File "/Users/user/Documents/resturantOS/frappe-bench/apps/frappe/frappe/__init__.py", line 817, in get_module
    return importlib.import_module(modulename)
           ^^^^^^^^^^^^^^^^^^^^^^^^^^^^^^^^^^^
  File "/usr/local/Cellar/python@3.12/3.12.11_1/Frameworks/Python.framework/Versions/3.12/lib/python3.12/importlib/__init__.py", line 90, in import_module
    return _bootstrap._gcd_import(name[level:], package, level)
           ^^^^^^^^^^^^^^^^^^^^^^^^^^^^^^^^^^^^^^^^^^^^^^^^^^^^
  File "<frozen importlib._bootstrap>", line 1387, in _gcd_import
  File "<frozen importlib._bootstrap>", line 1360, in _find_and_load
  File "<frozen importlib._bootstrap>", line 1324, in _find_and_load_unlocked
ModuleNotFoundError: No module named 'education'

/Users/user/Documents/resturantOS/frappe-bench/env/lib/python3.12/site-packages/rq/worker.py:1302: DeprecationWarning: This process (pid=27389) is multi-threaded, use of fork() may lead to deadlocks in the child.
  child_pid = os.fork()
2025-09-28 01:12:36,039 [Job hrms.localhost||8753adc1-85a5-4700-b436-a3a196a17487]: exception raised while executing (frappe.utils.background_jobs.execute_job)
Traceback (most recent call last):
  File "/Users/user/Documents/resturantOS/frappe-bench/env/lib/python3.12/site-packages/rq/worker.py", line 1643, in perform_job
    return_value = job.perform()
                   ^^^^^^^^^^^^^
  File "/Users/user/Documents/resturantOS/frappe-bench/env/lib/python3.12/site-packages/rq/job.py", line 1359, in perform
    self._result = self._execute()
                   ^^^^^^^^^^^^^^^
  File "/Users/user/Documents/resturantOS/frappe-bench/env/lib/python3.12/site-packages/rq/job.py", line 1393, in _execute
    result = self.func(*self.args, **self.kwargs)
             ^^^^^^^^^^^^^^^^^^^^^^^^^^^^^^^^^^^^
  File "/Users/user/Documents/resturantOS/frappe-bench/apps/frappe/frappe/utils/background_jobs.py", line 243, in execute_job
    frappe.init(site, force=True)
  File "/Users/user/Documents/resturantOS/frappe-bench/apps/frappe/frappe/__init__.py", line 208, in init
    setup_module_map(include_all_apps=not (frappe.request or frappe.job or frappe.flags.in_migrate))
  File "/Users/user/Documents/resturantOS/frappe-bench/apps/frappe/frappe/__init__.py", line 1040, in setup_module_map
    for module in get_module_list(app):
                  ^^^^^^^^^^^^^^^^^^^^
  File "/Users/user/Documents/resturantOS/frappe-bench/apps/frappe/frappe/__init__.py", line 881, in get_module_list
    return get_file_items(get_app_path(app_name, "modules.txt"))
                          ^^^^^^^^^^^^^^^^^^^^^^^^^^^^^^^^^^^^^
  File "/Users/user/Documents/resturantOS/frappe-bench/apps/frappe/frappe/__init__.py", line 846, in get_app_path
    return get_pymodule_path(app_name, *joins)
           ^^^^^^^^^^^^^^^^^^^^^^^^^^^^^^^^^^^
  File "/Users/user/Documents/resturantOS/frappe-bench/apps/frappe/frappe/__init__.py", line 876, in get_pymodule_path
    return abspath(join(dirname(get_module(scrub(modulename)).__file__ or ""), *joins))
                                ^^^^^^^^^^^^^^^^^^^^^^^^^^^^^
  File "/Users/user/Documents/resturantOS/frappe-bench/apps/frappe/frappe/__init__.py", line 817, in get_module
    return importlib.import_module(modulename)
           ^^^^^^^^^^^^^^^^^^^^^^^^^^^^^^^^^^^
  File "/usr/local/Cellar/python@3.12/3.12.11_1/Frameworks/Python.framework/Versions/3.12/lib/python3.12/importlib/__init__.py", line 90, in import_module
    return _bootstrap._gcd_import(name[level:], package, level)
           ^^^^^^^^^^^^^^^^^^^^^^^^^^^^^^^^^^^^^^^^^^^^^^^^^^^^
  File "<frozen importlib._bootstrap>", line 1387, in _gcd_import
  File "<frozen importlib._bootstrap>", line 1360, in _find_and_load
  File "<frozen importlib._bootstrap>", line 1324, in _find_and_load_unlocked
ModuleNotFoundError: No module named 'education'

/Users/user/Documents/resturantOS/frappe-bench/env/lib/python3.12/site-packages/rq/worker.py:1302: DeprecationWarning: This process (pid=27389) is multi-threaded, use of fork() may lead to deadlocks in the child.
  child_pid = os.fork()
2025-09-28 01:12:36,074 [Job hrms.localhost||dd4ca832-aab5-4c63-ac02-477f4326c6a9]: exception raised while executing (frappe.utils.background_jobs.execute_job)
Traceback (most recent call last):
  File "/Users/user/Documents/resturantOS/frappe-bench/env/lib/python3.12/site-packages/rq/worker.py", line 1643, in perform_job
    return_value = job.perform()
                   ^^^^^^^^^^^^^
  File "/Users/user/Documents/resturantOS/frappe-bench/env/lib/python3.12/site-packages/rq/job.py", line 1359, in perform
    self._result = self._execute()
                   ^^^^^^^^^^^^^^^
  File "/Users/user/Documents/resturantOS/frappe-bench/env/lib/python3.12/site-packages/rq/job.py", line 1393, in _execute
    result = self.func(*self.args, **self.kwargs)
             ^^^^^^^^^^^^^^^^^^^^^^^^^^^^^^^^^^^^
  File "/Users/user/Documents/resturantOS/frappe-bench/apps/frappe/frappe/utils/background_jobs.py", line 243, in execute_job
    frappe.init(site, force=True)
  File "/Users/user/Documents/resturantOS/frappe-bench/apps/frappe/frappe/__init__.py", line 208, in init
    setup_module_map(include_all_apps=not (frappe.request or frappe.job or frappe.flags.in_migrate))
  File "/Users/user/Documents/resturantOS/frappe-bench/apps/frappe/frappe/__init__.py", line 1040, in setup_module_map
    for module in get_module_list(app):
                  ^^^^^^^^^^^^^^^^^^^^
  File "/Users/user/Documents/resturantOS/frappe-bench/apps/frappe/frappe/__init__.py", line 881, in get_module_list
    return get_file_items(get_app_path(app_name, "modules.txt"))
                          ^^^^^^^^^^^^^^^^^^^^^^^^^^^^^^^^^^^^^
  File "/Users/user/Documents/resturantOS/frappe-bench/apps/frappe/frappe/__init__.py", line 846, in get_app_path
    return get_pymodule_path(app_name, *joins)
           ^^^^^^^^^^^^^^^^^^^^^^^^^^^^^^^^^^^
  File "/Users/user/Documents/resturantOS/frappe-bench/apps/frappe/frappe/__init__.py", line 876, in get_pymodule_path
    return abspath(join(dirname(get_module(scrub(modulename)).__file__ or ""), *joins))
                                ^^^^^^^^^^^^^^^^^^^^^^^^^^^^^
  File "/Users/user/Documents/resturantOS/frappe-bench/apps/frappe/frappe/__init__.py", line 817, in get_module
    return importlib.import_module(modulename)
           ^^^^^^^^^^^^^^^^^^^^^^^^^^^^^^^^^^^
  File "/usr/local/Cellar/python@3.12/3.12.11_1/Frameworks/Python.framework/Versions/3.12/lib/python3.12/importlib/__init__.py", line 90, in import_module
    return _bootstrap._gcd_import(name[level:], package, level)
           ^^^^^^^^^^^^^^^^^^^^^^^^^^^^^^^^^^^^^^^^^^^^^^^^^^^^
  File "<frozen importlib._bootstrap>", line 1387, in _gcd_import
  File "<frozen importlib._bootstrap>", line 1360, in _find_and_load
  File "<frozen importlib._bootstrap>", line 1324, in _find_and_load_unlocked
ModuleNotFoundError: No module named 'education'

/Users/user/Documents/resturantOS/frappe-bench/env/lib/python3.12/site-packages/rq/worker.py:1302: DeprecationWarning: This process (pid=27389) is multi-threaded, use of fork() may lead to deadlocks in the child.
  child_pid = os.fork()
2025-09-28 01:12:36,107 [Job hrms.localhost||e0434bbd-fbee-4cae-929c-a590343eb229]: exception raised while executing (frappe.utils.background_jobs.execute_job)
Traceback (most recent call last):
  File "/Users/user/Documents/resturantOS/frappe-bench/env/lib/python3.12/site-packages/rq/worker.py", line 1643, in perform_job
    return_value = job.perform()
                   ^^^^^^^^^^^^^
  File "/Users/user/Documents/resturantOS/frappe-bench/env/lib/python3.12/site-packages/rq/job.py", line 1359, in perform
    self._result = self._execute()
                   ^^^^^^^^^^^^^^^
  File "/Users/user/Documents/resturantOS/frappe-bench/env/lib/python3.12/site-packages/rq/job.py", line 1393, in _execute
    result = self.func(*self.args, **self.kwargs)
             ^^^^^^^^^^^^^^^^^^^^^^^^^^^^^^^^^^^^
  File "/Users/user/Documents/resturantOS/frappe-bench/apps/frappe/frappe/utils/background_jobs.py", line 243, in execute_job
    frappe.init(site, force=True)
  File "/Users/user/Documents/resturantOS/frappe-bench/apps/frappe/frappe/__init__.py", line 208, in init
    setup_module_map(include_all_apps=not (frappe.request or frappe.job or frappe.flags.in_migrate))
  File "/Users/user/Documents/resturantOS/frappe-bench/apps/frappe/frappe/__init__.py", line 1040, in setup_module_map
    for module in get_module_list(app):
                  ^^^^^^^^^^^^^^^^^^^^
  File "/Users/user/Documents/resturantOS/frappe-bench/apps/frappe/frappe/__init__.py", line 881, in get_module_list
    return get_file_items(get_app_path(app_name, "modules.txt"))
                          ^^^^^^^^^^^^^^^^^^^^^^^^^^^^^^^^^^^^^
  File "/Users/user/Documents/resturantOS/frappe-bench/apps/frappe/frappe/__init__.py", line 846, in get_app_path
    return get_pymodule_path(app_name, *joins)
           ^^^^^^^^^^^^^^^^^^^^^^^^^^^^^^^^^^^
  File "/Users/user/Documents/resturantOS/frappe-bench/apps/frappe/frappe/__init__.py", line 876, in get_pymodule_path
    return abspath(join(dirname(get_module(scrub(modulename)).__file__ or ""), *joins))
                                ^^^^^^^^^^^^^^^^^^^^^^^^^^^^^
  File "/Users/user/Documents/resturantOS/frappe-bench/apps/frappe/frappe/__init__.py", line 817, in get_module
    return importlib.import_module(modulename)
           ^^^^^^^^^^^^^^^^^^^^^^^^^^^^^^^^^^^
  File "/usr/local/Cellar/python@3.12/3.12.11_1/Frameworks/Python.framework/Versions/3.12/lib/python3.12/importlib/__init__.py", line 90, in import_module
    return _bootstrap._gcd_import(name[level:], package, level)
           ^^^^^^^^^^^^^^^^^^^^^^^^^^^^^^^^^^^^^^^^^^^^^^^^^^^^
  File "<frozen importlib._bootstrap>", line 1387, in _gcd_import
  File "<frozen importlib._bootstrap>", line 1360, in _find_and_load
  File "<frozen importlib._bootstrap>", line 1324, in _find_and_load_unlocked
ModuleNotFoundError: No module named 'education'

/Users/user/Documents/resturantOS/frappe-bench/env/lib/python3.12/site-packages/rq/worker.py:1302: DeprecationWarning: This process (pid=27389) is multi-threaded, use of fork() may lead to deadlocks in the child.
  child_pid = os.fork()
2025-09-28 01:12:36,138 [Job hrms.localhost||0b1aacac-ab54-4c33-b8a8-88e836441c64]: exception raised while executing (frappe.utils.background_jobs.execute_job)
Traceback (most recent call last):
  File "/Users/user/Documents/resturantOS/frappe-bench/env/lib/python3.12/site-packages/rq/worker.py", line 1643, in perform_job
    return_value = job.perform()
                   ^^^^^^^^^^^^^
  File "/Users/user/Documents/resturantOS/frappe-bench/env/lib/python3.12/site-packages/rq/job.py", line 1359, in perform
    self._result = self._execute()
                   ^^^^^^^^^^^^^^^
  File "/Users/user/Documents/resturantOS/frappe-bench/env/lib/python3.12/site-packages/rq/job.py", line 1393, in _execute
    result = self.func(*self.args, **self.kwargs)
             ^^^^^^^^^^^^^^^^^^^^^^^^^^^^^^^^^^^^
  File "/Users/user/Documents/resturantOS/frappe-bench/apps/frappe/frappe/utils/background_jobs.py", line 243, in execute_job
    frappe.init(site, force=True)
  File "/Users/user/Documents/resturantOS/frappe-bench/apps/frappe/frappe/__init__.py", line 208, in init
    setup_module_map(include_all_apps=not (frappe.request or frappe.job or frappe.flags.in_migrate))
  File "/Users/user/Documents/resturantOS/frappe-bench/apps/frappe/frappe/__init__.py", line 1040, in setup_module_map
    for module in get_module_list(app):
                  ^^^^^^^^^^^^^^^^^^^^
  File "/Users/user/Documents/resturantOS/frappe-bench/apps/frappe/frappe/__init__.py", line 881, in get_module_list
    return get_file_items(get_app_path(app_name, "modules.txt"))
                          ^^^^^^^^^^^^^^^^^^^^^^^^^^^^^^^^^^^^^
  File "/Users/user/Documents/resturantOS/frappe-bench/apps/frappe/frappe/__init__.py", line 846, in get_app_path
    return get_pymodule_path(app_name, *joins)
           ^^^^^^^^^^^^^^^^^^^^^^^^^^^^^^^^^^^
  File "/Users/user/Documents/resturantOS/frappe-bench/apps/frappe/frappe/__init__.py", line 876, in get_pymodule_path
    return abspath(join(dirname(get_module(scrub(modulename)).__file__ or ""), *joins))
                                ^^^^^^^^^^^^^^^^^^^^^^^^^^^^^
  File "/Users/user/Documents/resturantOS/frappe-bench/apps/frappe/frappe/__init__.py", line 817, in get_module
    return importlib.import_module(modulename)
           ^^^^^^^^^^^^^^^^^^^^^^^^^^^^^^^^^^^
  File "/usr/local/Cellar/python@3.12/3.12.11_1/Frameworks/Python.framework/Versions/3.12/lib/python3.12/importlib/__init__.py", line 90, in import_module
    return _bootstrap._gcd_import(name[level:], package, level)
           ^^^^^^^^^^^^^^^^^^^^^^^^^^^^^^^^^^^^^^^^^^^^^^^^^^^^
  File "<frozen importlib._bootstrap>", line 1387, in _gcd_import
  File "<frozen importlib._bootstrap>", line 1360, in _find_and_load
  File "<frozen importlib._bootstrap>", line 1324, in _find_and_load_unlocked
ModuleNotFoundError: No module named 'education'

/Users/user/Documents/resturantOS/frappe-bench/env/lib/python3.12/site-packages/rq/worker.py:1302: DeprecationWarning: This process (pid=27389) is multi-threaded, use of fork() may lead to deadlocks in the child.
  child_pid = os.fork()
2025-09-28 01:12:36,172 [Job hrms.localhost||0b5e7cde-d990-460f-b031-ad0753d77ba0]: exception raised while executing (frappe.utils.background_jobs.execute_job)
Traceback (most recent call last):
  File "/Users/user/Documents/resturantOS/frappe-bench/env/lib/python3.12/site-packages/rq/worker.py", line 1643, in perform_job
    return_value = job.perform()
                   ^^^^^^^^^^^^^
  File "/Users/user/Documents/resturantOS/frappe-bench/env/lib/python3.12/site-packages/rq/job.py", line 1359, in perform
    self._result = self._execute()
                   ^^^^^^^^^^^^^^^
  File "/Users/user/Documents/resturantOS/frappe-bench/env/lib/python3.12/site-packages/rq/job.py", line 1393, in _execute
    result = self.func(*self.args, **self.kwargs)
             ^^^^^^^^^^^^^^^^^^^^^^^^^^^^^^^^^^^^
  File "/Users/user/Documents/resturantOS/frappe-bench/apps/frappe/frappe/utils/background_jobs.py", line 243, in execute_job
    frappe.init(site, force=True)
  File "/Users/user/Documents/resturantOS/frappe-bench/apps/frappe/frappe/__init__.py", line 208, in init
    setup_module_map(include_all_apps=not (frappe.request or frappe.job or frappe.flags.in_migrate))
  File "/Users/user/Documents/resturantOS/frappe-bench/apps/frappe/frappe/__init__.py", line 1040, in setup_module_map
    for module in get_module_list(app):
                  ^^^^^^^^^^^^^^^^^^^^
  File "/Users/user/Documents/resturantOS/frappe-bench/apps/frappe/frappe/__init__.py", line 881, in get_module_list
    return get_file_items(get_app_path(app_name, "modules.txt"))
                          ^^^^^^^^^^^^^^^^^^^^^^^^^^^^^^^^^^^^^
  File "/Users/user/Documents/resturantOS/frappe-bench/apps/frappe/frappe/__init__.py", line 846, in get_app_path
    return get_pymodule_path(app_name, *joins)
           ^^^^^^^^^^^^^^^^^^^^^^^^^^^^^^^^^^^
  File "/Users/user/Documents/resturantOS/frappe-bench/apps/frappe/frappe/__init__.py", line 876, in get_pymodule_path
    return abspath(join(dirname(get_module(scrub(modulename)).__file__ or ""), *joins))
                                ^^^^^^^^^^^^^^^^^^^^^^^^^^^^^
  File "/Users/user/Documents/resturantOS/frappe-bench/apps/frappe/frappe/__init__.py", line 817, in get_module
    return importlib.import_module(modulename)
           ^^^^^^^^^^^^^^^^^^^^^^^^^^^^^^^^^^^
  File "/usr/local/Cellar/python@3.12/3.12.11_1/Frameworks/Python.framework/Versions/3.12/lib/python3.12/importlib/__init__.py", line 90, in import_module
    return _bootstrap._gcd_import(name[level:], package, level)
           ^^^^^^^^^^^^^^^^^^^^^^^^^^^^^^^^^^^^^^^^^^^^^^^^^^^^
  File "<frozen importlib._bootstrap>", line 1387, in _gcd_import
  File "<frozen importlib._bootstrap>", line 1360, in _find_and_load
  File "<frozen importlib._bootstrap>", line 1324, in _find_and_load_unlocked
ModuleNotFoundError: No module named 'education'

/Users/user/Documents/resturantOS/frappe-bench/env/lib/python3.12/site-packages/rq/worker.py:1302: DeprecationWarning: This process (pid=27389) is multi-threaded, use of fork() may lead to deadlocks in the child.
  child_pid = os.fork()
2025-09-28 01:12:36,205 [Job hrms.localhost||0847b14c-9bda-430a-b305-3d0e880188d1]: exception raised while executing (frappe.utils.background_jobs.execute_job)
Traceback (most recent call last):
  File "/Users/user/Documents/resturantOS/frappe-bench/env/lib/python3.12/site-packages/rq/worker.py", line 1643, in perform_job
    return_value = job.perform()
                   ^^^^^^^^^^^^^
  File "/Users/user/Documents/resturantOS/frappe-bench/env/lib/python3.12/site-packages/rq/job.py", line 1359, in perform
    self._result = self._execute()
                   ^^^^^^^^^^^^^^^
  File "/Users/user/Documents/resturantOS/frappe-bench/env/lib/python3.12/site-packages/rq/job.py", line 1393, in _execute
    result = self.func(*self.args, **self.kwargs)
             ^^^^^^^^^^^^^^^^^^^^^^^^^^^^^^^^^^^^
  File "/Users/user/Documents/resturantOS/frappe-bench/apps/frappe/frappe/utils/background_jobs.py", line 243, in execute_job
    frappe.init(site, force=True)
  File "/Users/user/Documents/resturantOS/frappe-bench/apps/frappe/frappe/__init__.py", line 208, in init
    setup_module_map(include_all_apps=not (frappe.request or frappe.job or frappe.flags.in_migrate))
  File "/Users/user/Documents/resturantOS/frappe-bench/apps/frappe/frappe/__init__.py", line 1040, in setup_module_map
    for module in get_module_list(app):
                  ^^^^^^^^^^^^^^^^^^^^
  File "/Users/user/Documents/resturantOS/frappe-bench/apps/frappe/frappe/__init__.py", line 881, in get_module_list
    return get_file_items(get_app_path(app_name, "modules.txt"))
                          ^^^^^^^^^^^^^^^^^^^^^^^^^^^^^^^^^^^^^
  File "/Users/user/Documents/resturantOS/frappe-bench/apps/frappe/frappe/__init__.py", line 846, in get_app_path
    return get_pymodule_path(app_name, *joins)
           ^^^^^^^^^^^^^^^^^^^^^^^^^^^^^^^^^^^
  File "/Users/user/Documents/resturantOS/frappe-bench/apps/frappe/frappe/__init__.py", line 876, in get_pymodule_path
    return abspath(join(dirname(get_module(scrub(modulename)).__file__ or ""), *joins))
                                ^^^^^^^^^^^^^^^^^^^^^^^^^^^^^
  File "/Users/user/Documents/resturantOS/frappe-bench/apps/frappe/frappe/__init__.py", line 817, in get_module
    return importlib.import_module(modulename)
           ^^^^^^^^^^^^^^^^^^^^^^^^^^^^^^^^^^^
  File "/usr/local/Cellar/python@3.12/3.12.11_1/Frameworks/Python.framework/Versions/3.12/lib/python3.12/importlib/__init__.py", line 90, in import_module
    return _bootstrap._gcd_import(name[level:], package, level)
           ^^^^^^^^^^^^^^^^^^^^^^^^^^^^^^^^^^^^^^^^^^^^^^^^^^^^
  File "<frozen importlib._bootstrap>", line 1387, in _gcd_import
  File "<frozen importlib._bootstrap>", line 1360, in _find_and_load
  File "<frozen importlib._bootstrap>", line 1324, in _find_and_load_unlocked
ModuleNotFoundError: No module named 'education'

/Users/user/Documents/resturantOS/frappe-bench/env/lib/python3.12/site-packages/rq/worker.py:1302: DeprecationWarning: This process (pid=27389) is multi-threaded, use of fork() may lead to deadlocks in the child.
  child_pid = os.fork()
2025-09-28 01:12:36,238 [Job hrms.localhost||b6fcceb7-eb42-4368-a898-db1140c4233e]: exception raised while executing (frappe.utils.background_jobs.execute_job)
Traceback (most recent call last):
  File "/Users/user/Documents/resturantOS/frappe-bench/env/lib/python3.12/site-packages/rq/worker.py", line 1643, in perform_job
    return_value = job.perform()
                   ^^^^^^^^^^^^^
  File "/Users/user/Documents/resturantOS/frappe-bench/env/lib/python3.12/site-packages/rq/job.py", line 1359, in perform
    self._result = self._execute()
                   ^^^^^^^^^^^^^^^
  File "/Users/user/Documents/resturantOS/frappe-bench/env/lib/python3.12/site-packages/rq/job.py", line 1393, in _execute
    result = self.func(*self.args, **self.kwargs)
             ^^^^^^^^^^^^^^^^^^^^^^^^^^^^^^^^^^^^
  File "/Users/user/Documents/resturantOS/frappe-bench/apps/frappe/frappe/utils/background_jobs.py", line 243, in execute_job
    frappe.init(site, force=True)
  File "/Users/user/Documents/resturantOS/frappe-bench/apps/frappe/frappe/__init__.py", line 208, in init
    setup_module_map(include_all_apps=not (frappe.request or frappe.job or frappe.flags.in_migrate))
  File "/Users/user/Documents/resturantOS/frappe-bench/apps/frappe/frappe/__init__.py", line 1040, in setup_module_map
    for module in get_module_list(app):
                  ^^^^^^^^^^^^^^^^^^^^
  File "/Users/user/Documents/resturantOS/frappe-bench/apps/frappe/frappe/__init__.py", line 881, in get_module_list
    return get_file_items(get_app_path(app_name, "modules.txt"))
                          ^^^^^^^^^^^^^^^^^^^^^^^^^^^^^^^^^^^^^
  File "/Users/user/Documents/resturantOS/frappe-bench/apps/frappe/frappe/__init__.py", line 846, in get_app_path
    return get_pymodule_path(app_name, *joins)
           ^^^^^^^^^^^^^^^^^^^^^^^^^^^^^^^^^^^
  File "/Users/user/Documents/resturantOS/frappe-bench/apps/frappe/frappe/__init__.py", line 876, in get_pymodule_path
    return abspath(join(dirname(get_module(scrub(modulename)).__file__ or ""), *joins))
                                ^^^^^^^^^^^^^^^^^^^^^^^^^^^^^
  File "/Users/user/Documents/resturantOS/frappe-bench/apps/frappe/frappe/__init__.py", line 817, in get_module
    return importlib.import_module(modulename)
           ^^^^^^^^^^^^^^^^^^^^^^^^^^^^^^^^^^^
  File "/usr/local/Cellar/python@3.12/3.12.11_1/Frameworks/Python.framework/Versions/3.12/lib/python3.12/importlib/__init__.py", line 90, in import_module
    return _bootstrap._gcd_import(name[level:], package, level)
           ^^^^^^^^^^^^^^^^^^^^^^^^^^^^^^^^^^^^^^^^^^^^^^^^^^^^
  File "<frozen importlib._bootstrap>", line 1387, in _gcd_import
  File "<frozen importlib._bootstrap>", line 1360, in _find_and_load
  File "<frozen importlib._bootstrap>", line 1324, in _find_and_load_unlocked
ModuleNotFoundError: No module named 'education'

/Users/user/Documents/resturantOS/frappe-bench/env/lib/python3.12/site-packages/rq/worker.py:1302: DeprecationWarning: This process (pid=27389) is multi-threaded, use of fork() may lead to deadlocks in the child.
  child_pid = os.fork()
2025-09-28 01:12:36,272 [Job hrms.localhost||54acbbb1-d153-4f90-ad07-0393c3abd0f8]: exception raised while executing (frappe.utils.background_jobs.execute_job)
Traceback (most recent call last):
  File "/Users/user/Documents/resturantOS/frappe-bench/env/lib/python3.12/site-packages/rq/worker.py", line 1643, in perform_job
    return_value = job.perform()
                   ^^^^^^^^^^^^^
  File "/Users/user/Documents/resturantOS/frappe-bench/env/lib/python3.12/site-packages/rq/job.py", line 1359, in perform
    self._result = self._execute()
                   ^^^^^^^^^^^^^^^
  File "/Users/user/Documents/resturantOS/frappe-bench/env/lib/python3.12/site-packages/rq/job.py", line 1393, in _execute
    result = self.func(*self.args, **self.kwargs)
             ^^^^^^^^^^^^^^^^^^^^^^^^^^^^^^^^^^^^
  File "/Users/user/Documents/resturantOS/frappe-bench/apps/frappe/frappe/utils/background_jobs.py", line 243, in execute_job
    frappe.init(site, force=True)
  File "/Users/user/Documents/resturantOS/frappe-bench/apps/frappe/frappe/__init__.py", line 208, in init
    setup_module_map(include_all_apps=not (frappe.request or frappe.job or frappe.flags.in_migrate))
  File "/Users/user/Documents/resturantOS/frappe-bench/apps/frappe/frappe/__init__.py", line 1040, in setup_module_map
    for module in get_module_list(app):
                  ^^^^^^^^^^^^^^^^^^^^
  File "/Users/user/Documents/resturantOS/frappe-bench/apps/frappe/frappe/__init__.py", line 881, in get_module_list
    return get_file_items(get_app_path(app_name, "modules.txt"))
                          ^^^^^^^^^^^^^^^^^^^^^^^^^^^^^^^^^^^^^
  File "/Users/user/Documents/resturantOS/frappe-bench/apps/frappe/frappe/__init__.py", line 846, in get_app_path
    return get_pymodule_path(app_name, *joins)
           ^^^^^^^^^^^^^^^^^^^^^^^^^^^^^^^^^^^
  File "/Users/user/Documents/resturantOS/frappe-bench/apps/frappe/frappe/__init__.py", line 876, in get_pymodule_path
    return abspath(join(dirname(get_module(scrub(modulename)).__file__ or ""), *joins))
                                ^^^^^^^^^^^^^^^^^^^^^^^^^^^^^
  File "/Users/user/Documents/resturantOS/frappe-bench/apps/frappe/frappe/__init__.py", line 817, in get_module
    return importlib.import_module(modulename)
           ^^^^^^^^^^^^^^^^^^^^^^^^^^^^^^^^^^^
  File "/usr/local/Cellar/python@3.12/3.12.11_1/Frameworks/Python.framework/Versions/3.12/lib/python3.12/importlib/__init__.py", line 90, in import_module
    return _bootstrap._gcd_import(name[level:], package, level)
           ^^^^^^^^^^^^^^^^^^^^^^^^^^^^^^^^^^^^^^^^^^^^^^^^^^^^
  File "<frozen importlib._bootstrap>", line 1387, in _gcd_import
  File "<frozen importlib._bootstrap>", line 1360, in _find_and_load
  File "<frozen importlib._bootstrap>", line 1324, in _find_and_load_unlocked
ModuleNotFoundError: No module named 'education'

/Users/user/Documents/resturantOS/frappe-bench/env/lib/python3.12/site-packages/rq/worker.py:1302: DeprecationWarning: This process (pid=27389) is multi-threaded, use of fork() may lead to deadlocks in the child.
  child_pid = os.fork()
2025-09-28 01:12:36,306 [Job hrms.localhost||8ba1e00c-f5d3-491f-b4e8-2cba2dd37053]: exception raised while executing (frappe.utils.background_jobs.execute_job)
Traceback (most recent call last):
  File "/Users/user/Documents/resturantOS/frappe-bench/env/lib/python3.12/site-packages/rq/worker.py", line 1643, in perform_job
    return_value = job.perform()
                   ^^^^^^^^^^^^^
  File "/Users/user/Documents/resturantOS/frappe-bench/env/lib/python3.12/site-packages/rq/job.py", line 1359, in perform
    self._result = self._execute()
                   ^^^^^^^^^^^^^^^
  File "/Users/user/Documents/resturantOS/frappe-bench/env/lib/python3.12/site-packages/rq/job.py", line 1393, in _execute
    result = self.func(*self.args, **self.kwargs)
             ^^^^^^^^^^^^^^^^^^^^^^^^^^^^^^^^^^^^
  File "/Users/user/Documents/resturantOS/frappe-bench/apps/frappe/frappe/utils/background_jobs.py", line 243, in execute_job
    frappe.init(site, force=True)
  File "/Users/user/Documents/resturantOS/frappe-bench/apps/frappe/frappe/__init__.py", line 208, in init
    setup_module_map(include_all_apps=not (frappe.request or frappe.job or frappe.flags.in_migrate))
  File "/Users/user/Documents/resturantOS/frappe-bench/apps/frappe/frappe/__init__.py", line 1040, in setup_module_map
    for module in get_module_list(app):
                  ^^^^^^^^^^^^^^^^^^^^
  File "/Users/user/Documents/resturantOS/frappe-bench/apps/frappe/frappe/__init__.py", line 881, in get_module_list
    return get_file_items(get_app_path(app_name, "modules.txt"))
                          ^^^^^^^^^^^^^^^^^^^^^^^^^^^^^^^^^^^^^
  File "/Users/user/Documents/resturantOS/frappe-bench/apps/frappe/frappe/__init__.py", line 846, in get_app_path
    return get_pymodule_path(app_name, *joins)
           ^^^^^^^^^^^^^^^^^^^^^^^^^^^^^^^^^^^
  File "/Users/user/Documents/resturantOS/frappe-bench/apps/frappe/frappe/__init__.py", line 876, in get_pymodule_path
    return abspath(join(dirname(get_module(scrub(modulename)).__file__ or ""), *joins))
                                ^^^^^^^^^^^^^^^^^^^^^^^^^^^^^
  File "/Users/user/Documents/resturantOS/frappe-bench/apps/frappe/frappe/__init__.py", line 817, in get_module
    return importlib.import_module(modulename)
           ^^^^^^^^^^^^^^^^^^^^^^^^^^^^^^^^^^^
  File "/usr/local/Cellar/python@3.12/3.12.11_1/Frameworks/Python.framework/Versions/3.12/lib/python3.12/importlib/__init__.py", line 90, in import_module
    return _bootstrap._gcd_import(name[level:], package, level)
           ^^^^^^^^^^^^^^^^^^^^^^^^^^^^^^^^^^^^^^^^^^^^^^^^^^^^
  File "<frozen importlib._bootstrap>", line 1387, in _gcd_import
  File "<frozen importlib._bootstrap>", line 1360, in _find_and_load
  File "<frozen importlib._bootstrap>", line 1324, in _find_and_load_unlocked
ModuleNotFoundError: No module named 'education'

/Users/user/Documents/resturantOS/frappe-bench/env/lib/python3.12/site-packages/rq/worker.py:1302: DeprecationWarning: This process (pid=27389) is multi-threaded, use of fork() may lead to deadlocks in the child.
  child_pid = os.fork()
2025-09-28 01:12:36,338 [Job hrms.localhost||6e8b285d-7920-4d4e-bda2-8eb3476b5b32]: exception raised while executing (frappe.utils.background_jobs.execute_job)
Traceback (most recent call last):
  File "/Users/user/Documents/resturantOS/frappe-bench/env/lib/python3.12/site-packages/rq/worker.py", line 1643, in perform_job
    return_value = job.perform()
                   ^^^^^^^^^^^^^
  File "/Users/user/Documents/resturantOS/frappe-bench/env/lib/python3.12/site-packages/rq/job.py", line 1359, in perform
    self._result = self._execute()
                   ^^^^^^^^^^^^^^^
  File "/Users/user/Documents/resturantOS/frappe-bench/env/lib/python3.12/site-packages/rq/job.py", line 1393, in _execute
    result = self.func(*self.args, **self.kwargs)
             ^^^^^^^^^^^^^^^^^^^^^^^^^^^^^^^^^^^^
  File "/Users/user/Documents/resturantOS/frappe-bench/apps/frappe/frappe/utils/background_jobs.py", line 243, in execute_job
    frappe.init(site, force=True)
  File "/Users/user/Documents/resturantOS/frappe-bench/apps/frappe/frappe/__init__.py", line 208, in init
    setup_module_map(include_all_apps=not (frappe.request or frappe.job or frappe.flags.in_migrate))
  File "/Users/user/Documents/resturantOS/frappe-bench/apps/frappe/frappe/__init__.py", line 1040, in setup_module_map
    for module in get_module_list(app):
                  ^^^^^^^^^^^^^^^^^^^^
  File "/Users/user/Documents/resturantOS/frappe-bench/apps/frappe/frappe/__init__.py", line 881, in get_module_list
    return get_file_items(get_app_path(app_name, "modules.txt"))
                          ^^^^^^^^^^^^^^^^^^^^^^^^^^^^^^^^^^^^^
  File "/Users/user/Documents/resturantOS/frappe-bench/apps/frappe/frappe/__init__.py", line 846, in get_app_path
    return get_pymodule_path(app_name, *joins)
           ^^^^^^^^^^^^^^^^^^^^^^^^^^^^^^^^^^^
  File "/Users/user/Documents/resturantOS/frappe-bench/apps/frappe/frappe/__init__.py", line 876, in get_pymodule_path
    return abspath(join(dirname(get_module(scrub(modulename)).__file__ or ""), *joins))
                                ^^^^^^^^^^^^^^^^^^^^^^^^^^^^^
  File "/Users/user/Documents/resturantOS/frappe-bench/apps/frappe/frappe/__init__.py", line 817, in get_module
    return importlib.import_module(modulename)
           ^^^^^^^^^^^^^^^^^^^^^^^^^^^^^^^^^^^
  File "/usr/local/Cellar/python@3.12/3.12.11_1/Frameworks/Python.framework/Versions/3.12/lib/python3.12/importlib/__init__.py", line 90, in import_module
    return _bootstrap._gcd_import(name[level:], package, level)
           ^^^^^^^^^^^^^^^^^^^^^^^^^^^^^^^^^^^^^^^^^^^^^^^^^^^^
  File "<frozen importlib._bootstrap>", line 1387, in _gcd_import
  File "<frozen importlib._bootstrap>", line 1360, in _find_and_load
  File "<frozen importlib._bootstrap>", line 1324, in _find_and_load_unlocked
ModuleNotFoundError: No module named 'education'

/Users/user/Documents/resturantOS/frappe-bench/env/lib/python3.12/site-packages/rq/worker.py:1302: DeprecationWarning: This process (pid=27389) is multi-threaded, use of fork() may lead to deadlocks in the child.
  child_pid = os.fork()
2025-09-28 01:12:36,372 [Job hrms.localhost||84b03d26-1237-42a9-a450-dc36b0c91d15]: exception raised while executing (frappe.utils.background_jobs.execute_job)
Traceback (most recent call last):
  File "/Users/user/Documents/resturantOS/frappe-bench/env/lib/python3.12/site-packages/rq/worker.py", line 1643, in perform_job
    return_value = job.perform()
                   ^^^^^^^^^^^^^
  File "/Users/user/Documents/resturantOS/frappe-bench/env/lib/python3.12/site-packages/rq/job.py", line 1359, in perform
    self._result = self._execute()
                   ^^^^^^^^^^^^^^^
  File "/Users/user/Documents/resturantOS/frappe-bench/env/lib/python3.12/site-packages/rq/job.py", line 1393, in _execute
    result = self.func(*self.args, **self.kwargs)
             ^^^^^^^^^^^^^^^^^^^^^^^^^^^^^^^^^^^^
  File "/Users/user/Documents/resturantOS/frappe-bench/apps/frappe/frappe/utils/background_jobs.py", line 243, in execute_job
    frappe.init(site, force=True)
  File "/Users/user/Documents/resturantOS/frappe-bench/apps/frappe/frappe/__init__.py", line 208, in init
    setup_module_map(include_all_apps=not (frappe.request or frappe.job or frappe.flags.in_migrate))
  File "/Users/user/Documents/resturantOS/frappe-bench/apps/frappe/frappe/__init__.py", line 1040, in setup_module_map
    for module in get_module_list(app):
                  ^^^^^^^^^^^^^^^^^^^^
  File "/Users/user/Documents/resturantOS/frappe-bench/apps/frappe/frappe/__init__.py", line 881, in get_module_list
    return get_file_items(get_app_path(app_name, "modules.txt"))
                          ^^^^^^^^^^^^^^^^^^^^^^^^^^^^^^^^^^^^^
  File "/Users/user/Documents/resturantOS/frappe-bench/apps/frappe/frappe/__init__.py", line 846, in get_app_path
    return get_pymodule_path(app_name, *joins)
           ^^^^^^^^^^^^^^^^^^^^^^^^^^^^^^^^^^^
  File "/Users/user/Documents/resturantOS/frappe-bench/apps/frappe/frappe/__init__.py", line 876, in get_pymodule_path
    return abspath(join(dirname(get_module(scrub(modulename)).__file__ or ""), *joins))
                                ^^^^^^^^^^^^^^^^^^^^^^^^^^^^^
  File "/Users/user/Documents/resturantOS/frappe-bench/apps/frappe/frappe/__init__.py", line 817, in get_module
    return importlib.import_module(modulename)
           ^^^^^^^^^^^^^^^^^^^^^^^^^^^^^^^^^^^
  File "/usr/local/Cellar/python@3.12/3.12.11_1/Frameworks/Python.framework/Versions/3.12/lib/python3.12/importlib/__init__.py", line 90, in import_module
    return _bootstrap._gcd_import(name[level:], package, level)
           ^^^^^^^^^^^^^^^^^^^^^^^^^^^^^^^^^^^^^^^^^^^^^^^^^^^^
  File "<frozen importlib._bootstrap>", line 1387, in _gcd_import
  File "<frozen importlib._bootstrap>", line 1360, in _find_and_load
  File "<frozen importlib._bootstrap>", line 1324, in _find_and_load_unlocked
ModuleNotFoundError: No module named 'education'

/Users/user/Documents/resturantOS/frappe-bench/env/lib/python3.12/site-packages/rq/worker.py:1302: DeprecationWarning: This process (pid=27389) is multi-threaded, use of fork() may lead to deadlocks in the child.
  child_pid = os.fork()
2025-09-28 01:12:36,404 [Job hrms.localhost||989694da-ca7b-4c24-8e98-aff456c22b74]: exception raised while executing (frappe.utils.background_jobs.execute_job)
Traceback (most recent call last):
  File "/Users/user/Documents/resturantOS/frappe-bench/env/lib/python3.12/site-packages/rq/worker.py", line 1643, in perform_job
    return_value = job.perform()
                   ^^^^^^^^^^^^^
  File "/Users/user/Documents/resturantOS/frappe-bench/env/lib/python3.12/site-packages/rq/job.py", line 1359, in perform
    self._result = self._execute()
                   ^^^^^^^^^^^^^^^
  File "/Users/user/Documents/resturantOS/frappe-bench/env/lib/python3.12/site-packages/rq/job.py", line 1393, in _execute
    result = self.func(*self.args, **self.kwargs)
             ^^^^^^^^^^^^^^^^^^^^^^^^^^^^^^^^^^^^
  File "/Users/user/Documents/resturantOS/frappe-bench/apps/frappe/frappe/utils/background_jobs.py", line 243, in execute_job
    frappe.init(site, force=True)
  File "/Users/user/Documents/resturantOS/frappe-bench/apps/frappe/frappe/__init__.py", line 208, in init
    setup_module_map(include_all_apps=not (frappe.request or frappe.job or frappe.flags.in_migrate))
  File "/Users/user/Documents/resturantOS/frappe-bench/apps/frappe/frappe/__init__.py", line 1040, in setup_module_map
    for module in get_module_list(app):
                  ^^^^^^^^^^^^^^^^^^^^
  File "/Users/user/Documents/resturantOS/frappe-bench/apps/frappe/frappe/__init__.py", line 881, in get_module_list
    return get_file_items(get_app_path(app_name, "modules.txt"))
                          ^^^^^^^^^^^^^^^^^^^^^^^^^^^^^^^^^^^^^
  File "/Users/user/Documents/resturantOS/frappe-bench/apps/frappe/frappe/__init__.py", line 846, in get_app_path
    return get_pymodule_path(app_name, *joins)
           ^^^^^^^^^^^^^^^^^^^^^^^^^^^^^^^^^^^
  File "/Users/user/Documents/resturantOS/frappe-bench/apps/frappe/frappe/__init__.py", line 876, in get_pymodule_path
    return abspath(join(dirname(get_module(scrub(modulename)).__file__ or ""), *joins))
                                ^^^^^^^^^^^^^^^^^^^^^^^^^^^^^
  File "/Users/user/Documents/resturantOS/frappe-bench/apps/frappe/frappe/__init__.py", line 817, in get_module
    return importlib.import_module(modulename)
           ^^^^^^^^^^^^^^^^^^^^^^^^^^^^^^^^^^^
  File "/usr/local/Cellar/python@3.12/3.12.11_1/Frameworks/Python.framework/Versions/3.12/lib/python3.12/importlib/__init__.py", line 90, in import_module
    return _bootstrap._gcd_import(name[level:], package, level)
           ^^^^^^^^^^^^^^^^^^^^^^^^^^^^^^^^^^^^^^^^^^^^^^^^^^^^
  File "<frozen importlib._bootstrap>", line 1387, in _gcd_import
  File "<frozen importlib._bootstrap>", line 1360, in _find_and_load
  File "<frozen importlib._bootstrap>", line 1324, in _find_and_load_unlocked
ModuleNotFoundError: No module named 'education'

/Users/user/Documents/resturantOS/frappe-bench/env/lib/python3.12/site-packages/rq/worker.py:1302: DeprecationWarning: This process (pid=27389) is multi-threaded, use of fork() may lead to deadlocks in the child.
  child_pid = os.fork()
2025-09-28 01:12:36,436 [Job hrms.localhost||0e442c16-12fa-4614-b474-ae3000f46b12]: exception raised while executing (frappe.utils.background_jobs.execute_job)
Traceback (most recent call last):
  File "/Users/user/Documents/resturantOS/frappe-bench/env/lib/python3.12/site-packages/rq/worker.py", line 1643, in perform_job
    return_value = job.perform()
                   ^^^^^^^^^^^^^
  File "/Users/user/Documents/resturantOS/frappe-bench/env/lib/python3.12/site-packages/rq/job.py", line 1359, in perform
    self._result = self._execute()
                   ^^^^^^^^^^^^^^^
  File "/Users/user/Documents/resturantOS/frappe-bench/env/lib/python3.12/site-packages/rq/job.py", line 1393, in _execute
    result = self.func(*self.args, **self.kwargs)
             ^^^^^^^^^^^^^^^^^^^^^^^^^^^^^^^^^^^^
  File "/Users/user/Documents/resturantOS/frappe-bench/apps/frappe/frappe/utils/background_jobs.py", line 243, in execute_job
    frappe.init(site, force=True)
  File "/Users/user/Documents/resturantOS/frappe-bench/apps/frappe/frappe/__init__.py", line 208, in init
    setup_module_map(include_all_apps=not (frappe.request or frappe.job or frappe.flags.in_migrate))
  File "/Users/user/Documents/resturantOS/frappe-bench/apps/frappe/frappe/__init__.py", line 1040, in setup_module_map
    for module in get_module_list(app):
                  ^^^^^^^^^^^^^^^^^^^^
  File "/Users/user/Documents/resturantOS/frappe-bench/apps/frappe/frappe/__init__.py", line 881, in get_module_list
    return get_file_items(get_app_path(app_name, "modules.txt"))
                          ^^^^^^^^^^^^^^^^^^^^^^^^^^^^^^^^^^^^^
  File "/Users/user/Documents/resturantOS/frappe-bench/apps/frappe/frappe/__init__.py", line 846, in get_app_path
    return get_pymodule_path(app_name, *joins)
           ^^^^^^^^^^^^^^^^^^^^^^^^^^^^^^^^^^^
  File "/Users/user/Documents/resturantOS/frappe-bench/apps/frappe/frappe/__init__.py", line 876, in get_pymodule_path
    return abspath(join(dirname(get_module(scrub(modulename)).__file__ or ""), *joins))
                                ^^^^^^^^^^^^^^^^^^^^^^^^^^^^^
  File "/Users/user/Documents/resturantOS/frappe-bench/apps/frappe/frappe/__init__.py", line 817, in get_module
    return importlib.import_module(modulename)
           ^^^^^^^^^^^^^^^^^^^^^^^^^^^^^^^^^^^
  File "/usr/local/Cellar/python@3.12/3.12.11_1/Frameworks/Python.framework/Versions/3.12/lib/python3.12/importlib/__init__.py", line 90, in import_module
    return _bootstrap._gcd_import(name[level:], package, level)
           ^^^^^^^^^^^^^^^^^^^^^^^^^^^^^^^^^^^^^^^^^^^^^^^^^^^^
  File "<frozen importlib._bootstrap>", line 1387, in _gcd_import
  File "<frozen importlib._bootstrap>", line 1360, in _find_and_load
  File "<frozen importlib._bootstrap>", line 1324, in _find_and_load_unlocked
ModuleNotFoundError: No module named 'education'

/Users/user/Documents/resturantOS/frappe-bench/env/lib/python3.12/site-packages/rq/worker.py:1302: DeprecationWarning: This process (pid=27389) is multi-threaded, use of fork() may lead to deadlocks in the child.
  child_pid = os.fork()
2025-09-28 01:12:36,470 [Job hrms.localhost||7a9372fd-21d3-47fd-a7f7-ad7a31c751df]: exception raised while executing (frappe.utils.background_jobs.execute_job)
Traceback (most recent call last):
  File "/Users/user/Documents/resturantOS/frappe-bench/env/lib/python3.12/site-packages/rq/worker.py", line 1643, in perform_job
    return_value = job.perform()
                   ^^^^^^^^^^^^^
  File "/Users/user/Documents/resturantOS/frappe-bench/env/lib/python3.12/site-packages/rq/job.py", line 1359, in perform
    self._result = self._execute()
                   ^^^^^^^^^^^^^^^
  File "/Users/user/Documents/resturantOS/frappe-bench/env/lib/python3.12/site-packages/rq/job.py", line 1393, in _execute
    result = self.func(*self.args, **self.kwargs)
             ^^^^^^^^^^^^^^^^^^^^^^^^^^^^^^^^^^^^
  File "/Users/user/Documents/resturantOS/frappe-bench/apps/frappe/frappe/utils/background_jobs.py", line 243, in execute_job
    frappe.init(site, force=True)
  File "/Users/user/Documents/resturantOS/frappe-bench/apps/frappe/frappe/__init__.py", line 208, in init
    setup_module_map(include_all_apps=not (frappe.request or frappe.job or frappe.flags.in_migrate))
  File "/Users/user/Documents/resturantOS/frappe-bench/apps/frappe/frappe/__init__.py", line 1040, in setup_module_map
    for module in get_module_list(app):
                  ^^^^^^^^^^^^^^^^^^^^
  File "/Users/user/Documents/resturantOS/frappe-bench/apps/frappe/frappe/__init__.py", line 881, in get_module_list
    return get_file_items(get_app_path(app_name, "modules.txt"))
                          ^^^^^^^^^^^^^^^^^^^^^^^^^^^^^^^^^^^^^
  File "/Users/user/Documents/resturantOS/frappe-bench/apps/frappe/frappe/__init__.py", line 846, in get_app_path
    return get_pymodule_path(app_name, *joins)
           ^^^^^^^^^^^^^^^^^^^^^^^^^^^^^^^^^^^
  File "/Users/user/Documents/resturantOS/frappe-bench/apps/frappe/frappe/__init__.py", line 876, in get_pymodule_path
    return abspath(join(dirname(get_module(scrub(modulename)).__file__ or ""), *joins))
                                ^^^^^^^^^^^^^^^^^^^^^^^^^^^^^
  File "/Users/user/Documents/resturantOS/frappe-bench/apps/frappe/frappe/__init__.py", line 817, in get_module
    return importlib.import_module(modulename)
           ^^^^^^^^^^^^^^^^^^^^^^^^^^^^^^^^^^^
  File "/usr/local/Cellar/python@3.12/3.12.11_1/Frameworks/Python.framework/Versions/3.12/lib/python3.12/importlib/__init__.py", line 90, in import_module
    return _bootstrap._gcd_import(name[level:], package, level)
           ^^^^^^^^^^^^^^^^^^^^^^^^^^^^^^^^^^^^^^^^^^^^^^^^^^^^
  File "<frozen importlib._bootstrap>", line 1387, in _gcd_import
  File "<frozen importlib._bootstrap>", line 1360, in _find_and_load
  File "<frozen importlib._bootstrap>", line 1324, in _find_and_load_unlocked
ModuleNotFoundError: No module named 'education'

/Users/user/Documents/resturantOS/frappe-bench/env/lib/python3.12/site-packages/rq/worker.py:1302: DeprecationWarning: This process (pid=27389) is multi-threaded, use of fork() may lead to deadlocks in the child.
  child_pid = os.fork()
2025-09-28 01:12:36,504 [Job hrms.localhost||aa6ec396-8c23-40b3-b1ac-950589acfbf8]: exception raised while executing (frappe.utils.background_jobs.execute_job)
Traceback (most recent call last):
  File "/Users/user/Documents/resturantOS/frappe-bench/env/lib/python3.12/site-packages/rq/worker.py", line 1643, in perform_job
    return_value = job.perform()
                   ^^^^^^^^^^^^^
  File "/Users/user/Documents/resturantOS/frappe-bench/env/lib/python3.12/site-packages/rq/job.py", line 1359, in perform
    self._result = self._execute()
                   ^^^^^^^^^^^^^^^
  File "/Users/user/Documents/resturantOS/frappe-bench/env/lib/python3.12/site-packages/rq/job.py", line 1393, in _execute
    result = self.func(*self.args, **self.kwargs)
             ^^^^^^^^^^^^^^^^^^^^^^^^^^^^^^^^^^^^
  File "/Users/user/Documents/resturantOS/frappe-bench/apps/frappe/frappe/utils/background_jobs.py", line 243, in execute_job
    frappe.init(site, force=True)
  File "/Users/user/Documents/resturantOS/frappe-bench/apps/frappe/frappe/__init__.py", line 208, in init
    setup_module_map(include_all_apps=not (frappe.request or frappe.job or frappe.flags.in_migrate))
  File "/Users/user/Documents/resturantOS/frappe-bench/apps/frappe/frappe/__init__.py", line 1040, in setup_module_map
    for module in get_module_list(app):
                  ^^^^^^^^^^^^^^^^^^^^
  File "/Users/user/Documents/resturantOS/frappe-bench/apps/frappe/frappe/__init__.py", line 881, in get_module_list
    return get_file_items(get_app_path(app_name, "modules.txt"))
                          ^^^^^^^^^^^^^^^^^^^^^^^^^^^^^^^^^^^^^
  File "/Users/user/Documents/resturantOS/frappe-bench/apps/frappe/frappe/__init__.py", line 846, in get_app_path
    return get_pymodule_path(app_name, *joins)
           ^^^^^^^^^^^^^^^^^^^^^^^^^^^^^^^^^^^
  File "/Users/user/Documents/resturantOS/frappe-bench/apps/frappe/frappe/__init__.py", line 876, in get_pymodule_path
    return abspath(join(dirname(get_module(scrub(modulename)).__file__ or ""), *joins))
                                ^^^^^^^^^^^^^^^^^^^^^^^^^^^^^
  File "/Users/user/Documents/resturantOS/frappe-bench/apps/frappe/frappe/__init__.py", line 817, in get_module
    return importlib.import_module(modulename)
           ^^^^^^^^^^^^^^^^^^^^^^^^^^^^^^^^^^^
  File "/usr/local/Cellar/python@3.12/3.12.11_1/Frameworks/Python.framework/Versions/3.12/lib/python3.12/importlib/__init__.py", line 90, in import_module
    return _bootstrap._gcd_import(name[level:], package, level)
           ^^^^^^^^^^^^^^^^^^^^^^^^^^^^^^^^^^^^^^^^^^^^^^^^^^^^
  File "<frozen importlib._bootstrap>", line 1387, in _gcd_import
  File "<frozen importlib._bootstrap>", line 1360, in _find_and_load
  File "<frozen importlib._bootstrap>", line 1324, in _find_and_load_unlocked
ModuleNotFoundError: No module named 'education'

/Users/user/Documents/resturantOS/frappe-bench/env/lib/python3.12/site-packages/rq/worker.py:1302: DeprecationWarning: This process (pid=27389) is multi-threaded, use of fork() may lead to deadlocks in the child.
  child_pid = os.fork()
2025-09-28 01:12:36,544 [Job hrms.localhost||d9790307-659b-4b73-a9c6-d71b92eda314]: exception raised while executing (frappe.utils.background_jobs.execute_job)
Traceback (most recent call last):
  File "/Users/user/Documents/resturantOS/frappe-bench/env/lib/python3.12/site-packages/rq/worker.py", line 1643, in perform_job
    return_value = job.perform()
                   ^^^^^^^^^^^^^
  File "/Users/user/Documents/resturantOS/frappe-bench/env/lib/python3.12/site-packages/rq/job.py", line 1359, in perform
    self._result = self._execute()
                   ^^^^^^^^^^^^^^^
  File "/Users/user/Documents/resturantOS/frappe-bench/env/lib/python3.12/site-packages/rq/job.py", line 1393, in _execute
    result = self.func(*self.args, **self.kwargs)
             ^^^^^^^^^^^^^^^^^^^^^^^^^^^^^^^^^^^^
  File "/Users/user/Documents/resturantOS/frappe-bench/apps/frappe/frappe/utils/background_jobs.py", line 243, in execute_job
    frappe.init(site, force=True)
  File "/Users/user/Documents/resturantOS/frappe-bench/apps/frappe/frappe/__init__.py", line 208, in init
    setup_module_map(include_all_apps=not (frappe.request or frappe.job or frappe.flags.in_migrate))
  File "/Users/user/Documents/resturantOS/frappe-bench/apps/frappe/frappe/__init__.py", line 1040, in setup_module_map
    for module in get_module_list(app):
                  ^^^^^^^^^^^^^^^^^^^^
  File "/Users/user/Documents/resturantOS/frappe-bench/apps/frappe/frappe/__init__.py", line 881, in get_module_list
    return get_file_items(get_app_path(app_name, "modules.txt"))
                          ^^^^^^^^^^^^^^^^^^^^^^^^^^^^^^^^^^^^^
  File "/Users/user/Documents/resturantOS/frappe-bench/apps/frappe/frappe/__init__.py", line 846, in get_app_path
    return get_pymodule_path(app_name, *joins)
           ^^^^^^^^^^^^^^^^^^^^^^^^^^^^^^^^^^^
  File "/Users/user/Documents/resturantOS/frappe-bench/apps/frappe/frappe/__init__.py", line 876, in get_pymodule_path
    return abspath(join(dirname(get_module(scrub(modulename)).__file__ or ""), *joins))
                                ^^^^^^^^^^^^^^^^^^^^^^^^^^^^^
  File "/Users/user/Documents/resturantOS/frappe-bench/apps/frappe/frappe/__init__.py", line 817, in get_module
    return importlib.import_module(modulename)
           ^^^^^^^^^^^^^^^^^^^^^^^^^^^^^^^^^^^
  File "/usr/local/Cellar/python@3.12/3.12.11_1/Frameworks/Python.framework/Versions/3.12/lib/python3.12/importlib/__init__.py", line 90, in import_module
    return _bootstrap._gcd_import(name[level:], package, level)
           ^^^^^^^^^^^^^^^^^^^^^^^^^^^^^^^^^^^^^^^^^^^^^^^^^^^^
  File "<frozen importlib._bootstrap>", line 1387, in _gcd_import
  File "<frozen importlib._bootstrap>", line 1360, in _find_and_load
  File "<frozen importlib._bootstrap>", line 1324, in _find_and_load_unlocked
ModuleNotFoundError: No module named 'education'

/Users/user/Documents/resturantOS/frappe-bench/env/lib/python3.12/site-packages/rq/worker.py:1302: DeprecationWarning: This process (pid=27389) is multi-threaded, use of fork() may lead to deadlocks in the child.
  child_pid = os.fork()
2025-09-28 01:12:36,584 [Job hrms.localhost||cec72846-28f3-478f-8ae4-0a2dcab44a6b]: exception raised while executing (frappe.utils.background_jobs.execute_job)
Traceback (most recent call last):
  File "/Users/user/Documents/resturantOS/frappe-bench/env/lib/python3.12/site-packages/rq/worker.py", line 1643, in perform_job
    return_value = job.perform()
                   ^^^^^^^^^^^^^
  File "/Users/user/Documents/resturantOS/frappe-bench/env/lib/python3.12/site-packages/rq/job.py", line 1359, in perform
    self._result = self._execute()
                   ^^^^^^^^^^^^^^^
  File "/Users/user/Documents/resturantOS/frappe-bench/env/lib/python3.12/site-packages/rq/job.py", line 1393, in _execute
    result = self.func(*self.args, **self.kwargs)
             ^^^^^^^^^^^^^^^^^^^^^^^^^^^^^^^^^^^^
  File "/Users/user/Documents/resturantOS/frappe-bench/apps/frappe/frappe/utils/background_jobs.py", line 243, in execute_job
    frappe.init(site, force=True)
  File "/Users/user/Documents/resturantOS/frappe-bench/apps/frappe/frappe/__init__.py", line 208, in init
    setup_module_map(include_all_apps=not (frappe.request or frappe.job or frappe.flags.in_migrate))
  File "/Users/user/Documents/resturantOS/frappe-bench/apps/frappe/frappe/__init__.py", line 1040, in setup_module_map
    for module in get_module_list(app):
                  ^^^^^^^^^^^^^^^^^^^^
  File "/Users/user/Documents/resturantOS/frappe-bench/apps/frappe/frappe/__init__.py", line 881, in get_module_list
    return get_file_items(get_app_path(app_name, "modules.txt"))
                          ^^^^^^^^^^^^^^^^^^^^^^^^^^^^^^^^^^^^^
  File "/Users/user/Documents/resturantOS/frappe-bench/apps/frappe/frappe/__init__.py", line 846, in get_app_path
    return get_pymodule_path(app_name, *joins)
           ^^^^^^^^^^^^^^^^^^^^^^^^^^^^^^^^^^^
  File "/Users/user/Documents/resturantOS/frappe-bench/apps/frappe/frappe/__init__.py", line 876, in get_pymodule_path
    return abspath(join(dirname(get_module(scrub(modulename)).__file__ or ""), *joins))
                                ^^^^^^^^^^^^^^^^^^^^^^^^^^^^^
  File "/Users/user/Documents/resturantOS/frappe-bench/apps/frappe/frappe/__init__.py", line 817, in get_module
    return importlib.import_module(modulename)
           ^^^^^^^^^^^^^^^^^^^^^^^^^^^^^^^^^^^
  File "/usr/local/Cellar/python@3.12/3.12.11_1/Frameworks/Python.framework/Versions/3.12/lib/python3.12/importlib/__init__.py", line 90, in import_module
    return _bootstrap._gcd_import(name[level:], package, level)
           ^^^^^^^^^^^^^^^^^^^^^^^^^^^^^^^^^^^^^^^^^^^^^^^^^^^^
  File "<frozen importlib._bootstrap>", line 1387, in _gcd_import
  File "<frozen importlib._bootstrap>", line 1360, in _find_and_load
  File "<frozen importlib._bootstrap>", line 1324, in _find_and_load_unlocked
ModuleNotFoundError: No module named 'education'

/Users/user/Documents/resturantOS/frappe-bench/env/lib/python3.12/site-packages/rq/worker.py:1302: DeprecationWarning: This process (pid=27389) is multi-threaded, use of fork() may lead to deadlocks in the child.
  child_pid = os.fork()
2025-09-28 01:12:36,621 [Job hrms.localhost||2763c208-4969-47ee-bf52-e7ef42e050f2]: exception raised while executing (frappe.utils.background_jobs.execute_job)
Traceback (most recent call last):
  File "/Users/user/Documents/resturantOS/frappe-bench/env/lib/python3.12/site-packages/rq/worker.py", line 1643, in perform_job
    return_value = job.perform()
                   ^^^^^^^^^^^^^
  File "/Users/user/Documents/resturantOS/frappe-bench/env/lib/python3.12/site-packages/rq/job.py", line 1359, in perform
    self._result = self._execute()
                   ^^^^^^^^^^^^^^^
  File "/Users/user/Documents/resturantOS/frappe-bench/env/lib/python3.12/site-packages/rq/job.py", line 1393, in _execute
    result = self.func(*self.args, **self.kwargs)
             ^^^^^^^^^^^^^^^^^^^^^^^^^^^^^^^^^^^^
  File "/Users/user/Documents/resturantOS/frappe-bench/apps/frappe/frappe/utils/background_jobs.py", line 243, in execute_job
    frappe.init(site, force=True)
  File "/Users/user/Documents/resturantOS/frappe-bench/apps/frappe/frappe/__init__.py", line 208, in init
    setup_module_map(include_all_apps=not (frappe.request or frappe.job or frappe.flags.in_migrate))
  File "/Users/user/Documents/resturantOS/frappe-bench/apps/frappe/frappe/__init__.py", line 1040, in setup_module_map
    for module in get_module_list(app):
                  ^^^^^^^^^^^^^^^^^^^^
  File "/Users/user/Documents/resturantOS/frappe-bench/apps/frappe/frappe/__init__.py", line 881, in get_module_list
    return get_file_items(get_app_path(app_name, "modules.txt"))
                          ^^^^^^^^^^^^^^^^^^^^^^^^^^^^^^^^^^^^^
  File "/Users/user/Documents/resturantOS/frappe-bench/apps/frappe/frappe/__init__.py", line 846, in get_app_path
    return get_pymodule_path(app_name, *joins)
           ^^^^^^^^^^^^^^^^^^^^^^^^^^^^^^^^^^^
  File "/Users/user/Documents/resturantOS/frappe-bench/apps/frappe/frappe/__init__.py", line 876, in get_pymodule_path
    return abspath(join(dirname(get_module(scrub(modulename)).__file__ or ""), *joins))
                                ^^^^^^^^^^^^^^^^^^^^^^^^^^^^^
  File "/Users/user/Documents/resturantOS/frappe-bench/apps/frappe/frappe/__init__.py", line 817, in get_module
    return importlib.import_module(modulename)
           ^^^^^^^^^^^^^^^^^^^^^^^^^^^^^^^^^^^
  File "/usr/local/Cellar/python@3.12/3.12.11_1/Frameworks/Python.framework/Versions/3.12/lib/python3.12/importlib/__init__.py", line 90, in import_module
    return _bootstrap._gcd_import(name[level:], package, level)
           ^^^^^^^^^^^^^^^^^^^^^^^^^^^^^^^^^^^^^^^^^^^^^^^^^^^^
  File "<frozen importlib._bootstrap>", line 1387, in _gcd_import
  File "<frozen importlib._bootstrap>", line 1360, in _find_and_load
  File "<frozen importlib._bootstrap>", line 1324, in _find_and_load_unlocked
ModuleNotFoundError: No module named 'education'

/Users/user/Documents/resturantOS/frappe-bench/env/lib/python3.12/site-packages/rq/worker.py:1302: DeprecationWarning: This process (pid=27389) is multi-threaded, use of fork() may lead to deadlocks in the child.
  child_pid = os.fork()
2025-09-28 01:17:44,691 [Job education.localhost||42cf5727-2245-4809-b896-5950ced8bdd4]: exception raised while executing (frappe.utils.background_jobs.execute_job)
Traceback (most recent call last):
  File "/Users/user/Documents/resturantOS/frappe-bench/env/lib/python3.12/site-packages/rq/worker.py", line 1643, in perform_job
    return_value = job.perform()
                   ^^^^^^^^^^^^^
  File "/Users/user/Documents/resturantOS/frappe-bench/env/lib/python3.12/site-packages/rq/job.py", line 1359, in perform
    self._result = self._execute()
                   ^^^^^^^^^^^^^^^
  File "/Users/user/Documents/resturantOS/frappe-bench/env/lib/python3.12/site-packages/rq/job.py", line 1393, in _execute
    result = self.func(*self.args, **self.kwargs)
             ^^^^^^^^^^^^^^^^^^^^^^^^^^^^^^^^^^^^
  File "/Users/user/Documents/resturantOS/frappe-bench/apps/frappe/frappe/utils/background_jobs.py", line 243, in execute_job
    frappe.init(site, force=True)
  File "/Users/user/Documents/resturantOS/frappe-bench/apps/frappe/frappe/__init__.py", line 208, in init
    setup_module_map(include_all_apps=not (frappe.request or frappe.job or frappe.flags.in_migrate))
  File "/Users/user/Documents/resturantOS/frappe-bench/apps/frappe/frappe/__init__.py", line 1040, in setup_module_map
    for module in get_module_list(app):
                  ^^^^^^^^^^^^^^^^^^^^
  File "/Users/user/Documents/resturantOS/frappe-bench/apps/frappe/frappe/__init__.py", line 881, in get_module_list
    return get_file_items(get_app_path(app_name, "modules.txt"))
                          ^^^^^^^^^^^^^^^^^^^^^^^^^^^^^^^^^^^^^
  File "/Users/user/Documents/resturantOS/frappe-bench/apps/frappe/frappe/__init__.py", line 846, in get_app_path
    return get_pymodule_path(app_name, *joins)
           ^^^^^^^^^^^^^^^^^^^^^^^^^^^^^^^^^^^
  File "/Users/user/Documents/resturantOS/frappe-bench/apps/frappe/frappe/__init__.py", line 876, in get_pymodule_path
    return abspath(join(dirname(get_module(scrub(modulename)).__file__ or ""), *joins))
                                ^^^^^^^^^^^^^^^^^^^^^^^^^^^^^
  File "/Users/user/Documents/resturantOS/frappe-bench/apps/frappe/frappe/__init__.py", line 817, in get_module
    return importlib.import_module(modulename)
           ^^^^^^^^^^^^^^^^^^^^^^^^^^^^^^^^^^^
  File "/usr/local/Cellar/python@3.12/3.12.11_1/Frameworks/Python.framework/Versions/3.12/lib/python3.12/importlib/__init__.py", line 90, in import_module
    return _bootstrap._gcd_import(name[level:], package, level)
           ^^^^^^^^^^^^^^^^^^^^^^^^^^^^^^^^^^^^^^^^^^^^^^^^^^^^
  File "<frozen importlib._bootstrap>", line 1387, in _gcd_import
  File "<frozen importlib._bootstrap>", line 1360, in _find_and_load
  File "<frozen importlib._bootstrap>", line 1324, in _find_and_load_unlocked
ModuleNotFoundError: No module named 'education'

/Users/user/Documents/resturantOS/frappe-bench/env/lib/python3.12/site-packages/rq/worker.py:1302: DeprecationWarning: This process (pid=27389) is multi-threaded, use of fork() may lead to deadlocks in the child.
  child_pid = os.fork()
2025-09-28 01:17:44,722 [Job education.localhost||56475592-9170-43b3-b5fb-6eeeeeceafc0]: exception raised while executing (frappe.utils.background_jobs.execute_job)
Traceback (most recent call last):
  File "/Users/user/Documents/resturantOS/frappe-bench/env/lib/python3.12/site-packages/rq/worker.py", line 1643, in perform_job
    return_value = job.perform()
                   ^^^^^^^^^^^^^
  File "/Users/user/Documents/resturantOS/frappe-bench/env/lib/python3.12/site-packages/rq/job.py", line 1359, in perform
    self._result = self._execute()
                   ^^^^^^^^^^^^^^^
  File "/Users/user/Documents/resturantOS/frappe-bench/env/lib/python3.12/site-packages/rq/job.py", line 1393, in _execute
    result = self.func(*self.args, **self.kwargs)
             ^^^^^^^^^^^^^^^^^^^^^^^^^^^^^^^^^^^^
  File "/Users/user/Documents/resturantOS/frappe-bench/apps/frappe/frappe/utils/background_jobs.py", line 243, in execute_job
    frappe.init(site, force=True)
  File "/Users/user/Documents/resturantOS/frappe-bench/apps/frappe/frappe/__init__.py", line 208, in init
    setup_module_map(include_all_apps=not (frappe.request or frappe.job or frappe.flags.in_migrate))
  File "/Users/user/Documents/resturantOS/frappe-bench/apps/frappe/frappe/__init__.py", line 1040, in setup_module_map
    for module in get_module_list(app):
                  ^^^^^^^^^^^^^^^^^^^^
  File "/Users/user/Documents/resturantOS/frappe-bench/apps/frappe/frappe/__init__.py", line 881, in get_module_list
    return get_file_items(get_app_path(app_name, "modules.txt"))
                          ^^^^^^^^^^^^^^^^^^^^^^^^^^^^^^^^^^^^^
  File "/Users/user/Documents/resturantOS/frappe-bench/apps/frappe/frappe/__init__.py", line 846, in get_app_path
    return get_pymodule_path(app_name, *joins)
           ^^^^^^^^^^^^^^^^^^^^^^^^^^^^^^^^^^^
  File "/Users/user/Documents/resturantOS/frappe-bench/apps/frappe/frappe/__init__.py", line 876, in get_pymodule_path
    return abspath(join(dirname(get_module(scrub(modulename)).__file__ or ""), *joins))
                                ^^^^^^^^^^^^^^^^^^^^^^^^^^^^^
  File "/Users/user/Documents/resturantOS/frappe-bench/apps/frappe/frappe/__init__.py", line 817, in get_module
    return importlib.import_module(modulename)
           ^^^^^^^^^^^^^^^^^^^^^^^^^^^^^^^^^^^
  File "/usr/local/Cellar/python@3.12/3.12.11_1/Frameworks/Python.framework/Versions/3.12/lib/python3.12/importlib/__init__.py", line 90, in import_module
    return _bootstrap._gcd_import(name[level:], package, level)
           ^^^^^^^^^^^^^^^^^^^^^^^^^^^^^^^^^^^^^^^^^^^^^^^^^^^^
  File "<frozen importlib._bootstrap>", line 1387, in _gcd_import
  File "<frozen importlib._bootstrap>", line 1360, in _find_and_load
  File "<frozen importlib._bootstrap>", line 1324, in _find_and_load_unlocked
ModuleNotFoundError: No module named 'education'

/Users/user/Documents/resturantOS/frappe-bench/env/lib/python3.12/site-packages/rq/worker.py:1302: DeprecationWarning: This process (pid=27389) is multi-threaded, use of fork() may lead to deadlocks in the child.
  child_pid = os.fork()
2025-09-28 01:17:44,755 [Job education.localhost||9c717c69-153e-4b7e-85be-d29afd9b458f]: exception raised while executing (frappe.utils.background_jobs.execute_job)
Traceback (most recent call last):
  File "/Users/user/Documents/resturantOS/frappe-bench/env/lib/python3.12/site-packages/rq/worker.py", line 1643, in perform_job
    return_value = job.perform()
                   ^^^^^^^^^^^^^
  File "/Users/user/Documents/resturantOS/frappe-bench/env/lib/python3.12/site-packages/rq/job.py", line 1359, in perform
    self._result = self._execute()
                   ^^^^^^^^^^^^^^^
  File "/Users/user/Documents/resturantOS/frappe-bench/env/lib/python3.12/site-packages/rq/job.py", line 1393, in _execute
    result = self.func(*self.args, **self.kwargs)
             ^^^^^^^^^^^^^^^^^^^^^^^^^^^^^^^^^^^^
  File "/Users/user/Documents/resturantOS/frappe-bench/apps/frappe/frappe/utils/background_jobs.py", line 243, in execute_job
    frappe.init(site, force=True)
  File "/Users/user/Documents/resturantOS/frappe-bench/apps/frappe/frappe/__init__.py", line 208, in init
    setup_module_map(include_all_apps=not (frappe.request or frappe.job or frappe.flags.in_migrate))
  File "/Users/user/Documents/resturantOS/frappe-bench/apps/frappe/frappe/__init__.py", line 1040, in setup_module_map
    for module in get_module_list(app):
                  ^^^^^^^^^^^^^^^^^^^^
  File "/Users/user/Documents/resturantOS/frappe-bench/apps/frappe/frappe/__init__.py", line 881, in get_module_list
    return get_file_items(get_app_path(app_name, "modules.txt"))
                          ^^^^^^^^^^^^^^^^^^^^^^^^^^^^^^^^^^^^^
  File "/Users/user/Documents/resturantOS/frappe-bench/apps/frappe/frappe/__init__.py", line 846, in get_app_path
    return get_pymodule_path(app_name, *joins)
           ^^^^^^^^^^^^^^^^^^^^^^^^^^^^^^^^^^^
  File "/Users/user/Documents/resturantOS/frappe-bench/apps/frappe/frappe/__init__.py", line 876, in get_pymodule_path
    return abspath(join(dirname(get_module(scrub(modulename)).__file__ or ""), *joins))
                                ^^^^^^^^^^^^^^^^^^^^^^^^^^^^^
  File "/Users/user/Documents/resturantOS/frappe-bench/apps/frappe/frappe/__init__.py", line 817, in get_module
    return importlib.import_module(modulename)
           ^^^^^^^^^^^^^^^^^^^^^^^^^^^^^^^^^^^
  File "/usr/local/Cellar/python@3.12/3.12.11_1/Frameworks/Python.framework/Versions/3.12/lib/python3.12/importlib/__init__.py", line 90, in import_module
    return _bootstrap._gcd_import(name[level:], package, level)
           ^^^^^^^^^^^^^^^^^^^^^^^^^^^^^^^^^^^^^^^^^^^^^^^^^^^^
  File "<frozen importlib._bootstrap>", line 1387, in _gcd_import
  File "<frozen importlib._bootstrap>", line 1360, in _find_and_load
  File "<frozen importlib._bootstrap>", line 1324, in _find_and_load_unlocked
ModuleNotFoundError: No module named 'education'

/Users/user/Documents/resturantOS/frappe-bench/env/lib/python3.12/site-packages/rq/worker.py:1302: DeprecationWarning: This process (pid=27389) is multi-threaded, use of fork() may lead to deadlocks in the child.
  child_pid = os.fork()
2025-09-28 01:17:44,796 [Job education.localhost||2d01c62c-22cc-46a7-81cf-3d1441ec43de]: exception raised while executing (frappe.utils.background_jobs.execute_job)
Traceback (most recent call last):
  File "/Users/user/Documents/resturantOS/frappe-bench/env/lib/python3.12/site-packages/rq/worker.py", line 1643, in perform_job
    return_value = job.perform()
                   ^^^^^^^^^^^^^
  File "/Users/user/Documents/resturantOS/frappe-bench/env/lib/python3.12/site-packages/rq/job.py", line 1359, in perform
    self._result = self._execute()
                   ^^^^^^^^^^^^^^^
  File "/Users/user/Documents/resturantOS/frappe-bench/env/lib/python3.12/site-packages/rq/job.py", line 1393, in _execute
    result = self.func(*self.args, **self.kwargs)
             ^^^^^^^^^^^^^^^^^^^^^^^^^^^^^^^^^^^^
  File "/Users/user/Documents/resturantOS/frappe-bench/apps/frappe/frappe/utils/background_jobs.py", line 243, in execute_job
    frappe.init(site, force=True)
  File "/Users/user/Documents/resturantOS/frappe-bench/apps/frappe/frappe/__init__.py", line 208, in init
    setup_module_map(include_all_apps=not (frappe.request or frappe.job or frappe.flags.in_migrate))
  File "/Users/user/Documents/resturantOS/frappe-bench/apps/frappe/frappe/__init__.py", line 1040, in setup_module_map
    for module in get_module_list(app):
                  ^^^^^^^^^^^^^^^^^^^^
  File "/Users/user/Documents/resturantOS/frappe-bench/apps/frappe/frappe/__init__.py", line 881, in get_module_list
    return get_file_items(get_app_path(app_name, "modules.txt"))
                          ^^^^^^^^^^^^^^^^^^^^^^^^^^^^^^^^^^^^^
  File "/Users/user/Documents/resturantOS/frappe-bench/apps/frappe/frappe/__init__.py", line 846, in get_app_path
    return get_pymodule_path(app_name, *joins)
           ^^^^^^^^^^^^^^^^^^^^^^^^^^^^^^^^^^^
  File "/Users/user/Documents/resturantOS/frappe-bench/apps/frappe/frappe/__init__.py", line 876, in get_pymodule_path
    return abspath(join(dirname(get_module(scrub(modulename)).__file__ or ""), *joins))
                                ^^^^^^^^^^^^^^^^^^^^^^^^^^^^^
  File "/Users/user/Documents/resturantOS/frappe-bench/apps/frappe/frappe/__init__.py", line 817, in get_module
    return importlib.import_module(modulename)
           ^^^^^^^^^^^^^^^^^^^^^^^^^^^^^^^^^^^
  File "/usr/local/Cellar/python@3.12/3.12.11_1/Frameworks/Python.framework/Versions/3.12/lib/python3.12/importlib/__init__.py", line 90, in import_module
    return _bootstrap._gcd_import(name[level:], package, level)
           ^^^^^^^^^^^^^^^^^^^^^^^^^^^^^^^^^^^^^^^^^^^^^^^^^^^^
  File "<frozen importlib._bootstrap>", line 1387, in _gcd_import
  File "<frozen importlib._bootstrap>", line 1360, in _find_and_load
  File "<frozen importlib._bootstrap>", line 1324, in _find_and_load_unlocked
ModuleNotFoundError: No module named 'education'

/Users/user/Documents/resturantOS/frappe-bench/env/lib/python3.12/site-packages/rq/worker.py:1302: DeprecationWarning: This process (pid=27389) is multi-threaded, use of fork() may lead to deadlocks in the child.
  child_pid = os.fork()
2025-09-28 01:17:44,837 [Job education.localhost||a7f8a3ff-5d30-4c60-81de-0772487750eb]: exception raised while executing (frappe.utils.background_jobs.execute_job)
Traceback (most recent call last):
  File "/Users/user/Documents/resturantOS/frappe-bench/env/lib/python3.12/site-packages/rq/worker.py", line 1643, in perform_job
    return_value = job.perform()
                   ^^^^^^^^^^^^^
  File "/Users/user/Documents/resturantOS/frappe-bench/env/lib/python3.12/site-packages/rq/job.py", line 1359, in perform
    self._result = self._execute()
                   ^^^^^^^^^^^^^^^
  File "/Users/user/Documents/resturantOS/frappe-bench/env/lib/python3.12/site-packages/rq/job.py", line 1393, in _execute
    result = self.func(*self.args, **self.kwargs)
             ^^^^^^^^^^^^^^^^^^^^^^^^^^^^^^^^^^^^
  File "/Users/user/Documents/resturantOS/frappe-bench/apps/frappe/frappe/utils/background_jobs.py", line 243, in execute_job
    frappe.init(site, force=True)
  File "/Users/user/Documents/resturantOS/frappe-bench/apps/frappe/frappe/__init__.py", line 208, in init
    setup_module_map(include_all_apps=not (frappe.request or frappe.job or frappe.flags.in_migrate))
  File "/Users/user/Documents/resturantOS/frappe-bench/apps/frappe/frappe/__init__.py", line 1040, in setup_module_map
    for module in get_module_list(app):
                  ^^^^^^^^^^^^^^^^^^^^
  File "/Users/user/Documents/resturantOS/frappe-bench/apps/frappe/frappe/__init__.py", line 881, in get_module_list
    return get_file_items(get_app_path(app_name, "modules.txt"))
                          ^^^^^^^^^^^^^^^^^^^^^^^^^^^^^^^^^^^^^
  File "/Users/user/Documents/resturantOS/frappe-bench/apps/frappe/frappe/__init__.py", line 846, in get_app_path
    return get_pymodule_path(app_name, *joins)
           ^^^^^^^^^^^^^^^^^^^^^^^^^^^^^^^^^^^
  File "/Users/user/Documents/resturantOS/frappe-bench/apps/frappe/frappe/__init__.py", line 876, in get_pymodule_path
    return abspath(join(dirname(get_module(scrub(modulename)).__file__ or ""), *joins))
                                ^^^^^^^^^^^^^^^^^^^^^^^^^^^^^
  File "/Users/user/Documents/resturantOS/frappe-bench/apps/frappe/frappe/__init__.py", line 817, in get_module
    return importlib.import_module(modulename)
           ^^^^^^^^^^^^^^^^^^^^^^^^^^^^^^^^^^^
  File "/usr/local/Cellar/python@3.12/3.12.11_1/Frameworks/Python.framework/Versions/3.12/lib/python3.12/importlib/__init__.py", line 90, in import_module
    return _bootstrap._gcd_import(name[level:], package, level)
           ^^^^^^^^^^^^^^^^^^^^^^^^^^^^^^^^^^^^^^^^^^^^^^^^^^^^
  File "<frozen importlib._bootstrap>", line 1387, in _gcd_import
  File "<frozen importlib._bootstrap>", line 1360, in _find_and_load
  File "<frozen importlib._bootstrap>", line 1324, in _find_and_load_unlocked
ModuleNotFoundError: No module named 'education'

/Users/user/Documents/resturantOS/frappe-bench/env/lib/python3.12/site-packages/rq/worker.py:1302: DeprecationWarning: This process (pid=27389) is multi-threaded, use of fork() may lead to deadlocks in the child.
  child_pid = os.fork()
2025-09-28 01:17:44,880 [Job education.localhost||fd509b11-ea8e-4d52-9ae8-fddeb7fc0423]: exception raised while executing (frappe.utils.background_jobs.execute_job)
Traceback (most recent call last):
  File "/Users/user/Documents/resturantOS/frappe-bench/env/lib/python3.12/site-packages/rq/worker.py", line 1643, in perform_job
    return_value = job.perform()
                   ^^^^^^^^^^^^^
  File "/Users/user/Documents/resturantOS/frappe-bench/env/lib/python3.12/site-packages/rq/job.py", line 1359, in perform
    self._result = self._execute()
                   ^^^^^^^^^^^^^^^
  File "/Users/user/Documents/resturantOS/frappe-bench/env/lib/python3.12/site-packages/rq/job.py", line 1393, in _execute
    result = self.func(*self.args, **self.kwargs)
             ^^^^^^^^^^^^^^^^^^^^^^^^^^^^^^^^^^^^
  File "/Users/user/Documents/resturantOS/frappe-bench/apps/frappe/frappe/utils/background_jobs.py", line 243, in execute_job
    frappe.init(site, force=True)
  File "/Users/user/Documents/resturantOS/frappe-bench/apps/frappe/frappe/__init__.py", line 208, in init
    setup_module_map(include_all_apps=not (frappe.request or frappe.job or frappe.flags.in_migrate))
  File "/Users/user/Documents/resturantOS/frappe-bench/apps/frappe/frappe/__init__.py", line 1040, in setup_module_map
    for module in get_module_list(app):
                  ^^^^^^^^^^^^^^^^^^^^
  File "/Users/user/Documents/resturantOS/frappe-bench/apps/frappe/frappe/__init__.py", line 881, in get_module_list
    return get_file_items(get_app_path(app_name, "modules.txt"))
                          ^^^^^^^^^^^^^^^^^^^^^^^^^^^^^^^^^^^^^
  File "/Users/user/Documents/resturantOS/frappe-bench/apps/frappe/frappe/__init__.py", line 846, in get_app_path
    return get_pymodule_path(app_name, *joins)
           ^^^^^^^^^^^^^^^^^^^^^^^^^^^^^^^^^^^
  File "/Users/user/Documents/resturantOS/frappe-bench/apps/frappe/frappe/__init__.py", line 876, in get_pymodule_path
    return abspath(join(dirname(get_module(scrub(modulename)).__file__ or ""), *joins))
                                ^^^^^^^^^^^^^^^^^^^^^^^^^^^^^
  File "/Users/user/Documents/resturantOS/frappe-bench/apps/frappe/frappe/__init__.py", line 817, in get_module
    return importlib.import_module(modulename)
           ^^^^^^^^^^^^^^^^^^^^^^^^^^^^^^^^^^^
  File "/usr/local/Cellar/python@3.12/3.12.11_1/Frameworks/Python.framework/Versions/3.12/lib/python3.12/importlib/__init__.py", line 90, in import_module
    return _bootstrap._gcd_import(name[level:], package, level)
           ^^^^^^^^^^^^^^^^^^^^^^^^^^^^^^^^^^^^^^^^^^^^^^^^^^^^
  File "<frozen importlib._bootstrap>", line 1387, in _gcd_import
  File "<frozen importlib._bootstrap>", line 1360, in _find_and_load
  File "<frozen importlib._bootstrap>", line 1324, in _find_and_load_unlocked
ModuleNotFoundError: No module named 'education'

/Users/user/Documents/resturantOS/frappe-bench/env/lib/python3.12/site-packages/rq/worker.py:1302: DeprecationWarning: This process (pid=27389) is multi-threaded, use of fork() may lead to deadlocks in the child.
  child_pid = os.fork()
2025-09-28 01:17:44,924 [Job education.localhost||954c1337-24a7-456b-87cf-9105ff9e4a8c]: exception raised while executing (frappe.utils.background_jobs.execute_job)
Traceback (most recent call last):
  File "/Users/user/Documents/resturantOS/frappe-bench/env/lib/python3.12/site-packages/rq/worker.py", line 1643, in perform_job
    return_value = job.perform()
                   ^^^^^^^^^^^^^
  File "/Users/user/Documents/resturantOS/frappe-bench/env/lib/python3.12/site-packages/rq/job.py", line 1359, in perform
    self._result = self._execute()
                   ^^^^^^^^^^^^^^^
  File "/Users/user/Documents/resturantOS/frappe-bench/env/lib/python3.12/site-packages/rq/job.py", line 1393, in _execute
    result = self.func(*self.args, **self.kwargs)
             ^^^^^^^^^^^^^^^^^^^^^^^^^^^^^^^^^^^^
  File "/Users/user/Documents/resturantOS/frappe-bench/apps/frappe/frappe/utils/background_jobs.py", line 243, in execute_job
    frappe.init(site, force=True)
  File "/Users/user/Documents/resturantOS/frappe-bench/apps/frappe/frappe/__init__.py", line 208, in init
    setup_module_map(include_all_apps=not (frappe.request or frappe.job or frappe.flags.in_migrate))
  File "/Users/user/Documents/resturantOS/frappe-bench/apps/frappe/frappe/__init__.py", line 1040, in setup_module_map
    for module in get_module_list(app):
                  ^^^^^^^^^^^^^^^^^^^^
  File "/Users/user/Documents/resturantOS/frappe-bench/apps/frappe/frappe/__init__.py", line 881, in get_module_list
    return get_file_items(get_app_path(app_name, "modules.txt"))
                          ^^^^^^^^^^^^^^^^^^^^^^^^^^^^^^^^^^^^^
  File "/Users/user/Documents/resturantOS/frappe-bench/apps/frappe/frappe/__init__.py", line 846, in get_app_path
    return get_pymodule_path(app_name, *joins)
           ^^^^^^^^^^^^^^^^^^^^^^^^^^^^^^^^^^^
  File "/Users/user/Documents/resturantOS/frappe-bench/apps/frappe/frappe/__init__.py", line 876, in get_pymodule_path
    return abspath(join(dirname(get_module(scrub(modulename)).__file__ or ""), *joins))
                                ^^^^^^^^^^^^^^^^^^^^^^^^^^^^^
  File "/Users/user/Documents/resturantOS/frappe-bench/apps/frappe/frappe/__init__.py", line 817, in get_module
    return importlib.import_module(modulename)
           ^^^^^^^^^^^^^^^^^^^^^^^^^^^^^^^^^^^
  File "/usr/local/Cellar/python@3.12/3.12.11_1/Frameworks/Python.framework/Versions/3.12/lib/python3.12/importlib/__init__.py", line 90, in import_module
    return _bootstrap._gcd_import(name[level:], package, level)
           ^^^^^^^^^^^^^^^^^^^^^^^^^^^^^^^^^^^^^^^^^^^^^^^^^^^^
  File "<frozen importlib._bootstrap>", line 1387, in _gcd_import
  File "<frozen importlib._bootstrap>", line 1360, in _find_and_load
  File "<frozen importlib._bootstrap>", line 1324, in _find_and_load_unlocked
ModuleNotFoundError: No module named 'education'

/Users/user/Documents/resturantOS/frappe-bench/env/lib/python3.12/site-packages/rq/worker.py:1302: DeprecationWarning: This process (pid=27389) is multi-threaded, use of fork() may lead to deadlocks in the child.
  child_pid = os.fork()
2025-09-28 01:17:44,956 [Job education.localhost||504d5f42-7a2d-42ad-ad53-6906fbb48442]: exception raised while executing (frappe.utils.background_jobs.execute_job)
Traceback (most recent call last):
  File "/Users/user/Documents/resturantOS/frappe-bench/env/lib/python3.12/site-packages/rq/worker.py", line 1643, in perform_job
    return_value = job.perform()
                   ^^^^^^^^^^^^^
  File "/Users/user/Documents/resturantOS/frappe-bench/env/lib/python3.12/site-packages/rq/job.py", line 1359, in perform
    self._result = self._execute()
                   ^^^^^^^^^^^^^^^
  File "/Users/user/Documents/resturantOS/frappe-bench/env/lib/python3.12/site-packages/rq/job.py", line 1393, in _execute
    result = self.func(*self.args, **self.kwargs)
             ^^^^^^^^^^^^^^^^^^^^^^^^^^^^^^^^^^^^
  File "/Users/user/Documents/resturantOS/frappe-bench/apps/frappe/frappe/utils/background_jobs.py", line 243, in execute_job
    frappe.init(site, force=True)
  File "/Users/user/Documents/resturantOS/frappe-bench/apps/frappe/frappe/__init__.py", line 208, in init
    setup_module_map(include_all_apps=not (frappe.request or frappe.job or frappe.flags.in_migrate))
  File "/Users/user/Documents/resturantOS/frappe-bench/apps/frappe/frappe/__init__.py", line 1040, in setup_module_map
    for module in get_module_list(app):
                  ^^^^^^^^^^^^^^^^^^^^
  File "/Users/user/Documents/resturantOS/frappe-bench/apps/frappe/frappe/__init__.py", line 881, in get_module_list
    return get_file_items(get_app_path(app_name, "modules.txt"))
                          ^^^^^^^^^^^^^^^^^^^^^^^^^^^^^^^^^^^^^
  File "/Users/user/Documents/resturantOS/frappe-bench/apps/frappe/frappe/__init__.py", line 846, in get_app_path
    return get_pymodule_path(app_name, *joins)
           ^^^^^^^^^^^^^^^^^^^^^^^^^^^^^^^^^^^
  File "/Users/user/Documents/resturantOS/frappe-bench/apps/frappe/frappe/__init__.py", line 876, in get_pymodule_path
    return abspath(join(dirname(get_module(scrub(modulename)).__file__ or ""), *joins))
                                ^^^^^^^^^^^^^^^^^^^^^^^^^^^^^
  File "/Users/user/Documents/resturantOS/frappe-bench/apps/frappe/frappe/__init__.py", line 817, in get_module
    return importlib.import_module(modulename)
           ^^^^^^^^^^^^^^^^^^^^^^^^^^^^^^^^^^^
  File "/usr/local/Cellar/python@3.12/3.12.11_1/Frameworks/Python.framework/Versions/3.12/lib/python3.12/importlib/__init__.py", line 90, in import_module
    return _bootstrap._gcd_import(name[level:], package, level)
           ^^^^^^^^^^^^^^^^^^^^^^^^^^^^^^^^^^^^^^^^^^^^^^^^^^^^
  File "<frozen importlib._bootstrap>", line 1387, in _gcd_import
  File "<frozen importlib._bootstrap>", line 1360, in _find_and_load
  File "<frozen importlib._bootstrap>", line 1324, in _find_and_load_unlocked
ModuleNotFoundError: No module named 'education'

/Users/user/Documents/resturantOS/frappe-bench/env/lib/python3.12/site-packages/rq/worker.py:1302: DeprecationWarning: This process (pid=27389) is multi-threaded, use of fork() may lead to deadlocks in the child.
  child_pid = os.fork()
2025-09-28 01:17:44,991 [Job education.localhost||424a5b3c-1e8c-4ca5-bcbc-4183c80fd43f]: exception raised while executing (frappe.utils.background_jobs.execute_job)
Traceback (most recent call last):
  File "/Users/user/Documents/resturantOS/frappe-bench/env/lib/python3.12/site-packages/rq/worker.py", line 1643, in perform_job
    return_value = job.perform()
                   ^^^^^^^^^^^^^
  File "/Users/user/Documents/resturantOS/frappe-bench/env/lib/python3.12/site-packages/rq/job.py", line 1359, in perform
    self._result = self._execute()
                   ^^^^^^^^^^^^^^^
  File "/Users/user/Documents/resturantOS/frappe-bench/env/lib/python3.12/site-packages/rq/job.py", line 1393, in _execute
    result = self.func(*self.args, **self.kwargs)
             ^^^^^^^^^^^^^^^^^^^^^^^^^^^^^^^^^^^^
  File "/Users/user/Documents/resturantOS/frappe-bench/apps/frappe/frappe/utils/background_jobs.py", line 243, in execute_job
    frappe.init(site, force=True)
  File "/Users/user/Documents/resturantOS/frappe-bench/apps/frappe/frappe/__init__.py", line 208, in init
    setup_module_map(include_all_apps=not (frappe.request or frappe.job or frappe.flags.in_migrate))
  File "/Users/user/Documents/resturantOS/frappe-bench/apps/frappe/frappe/__init__.py", line 1040, in setup_module_map
    for module in get_module_list(app):
                  ^^^^^^^^^^^^^^^^^^^^
  File "/Users/user/Documents/resturantOS/frappe-bench/apps/frappe/frappe/__init__.py", line 881, in get_module_list
    return get_file_items(get_app_path(app_name, "modules.txt"))
                          ^^^^^^^^^^^^^^^^^^^^^^^^^^^^^^^^^^^^^
  File "/Users/user/Documents/resturantOS/frappe-bench/apps/frappe/frappe/__init__.py", line 846, in get_app_path
    return get_pymodule_path(app_name, *joins)
           ^^^^^^^^^^^^^^^^^^^^^^^^^^^^^^^^^^^
  File "/Users/user/Documents/resturantOS/frappe-bench/apps/frappe/frappe/__init__.py", line 876, in get_pymodule_path
    return abspath(join(dirname(get_module(scrub(modulename)).__file__ or ""), *joins))
                                ^^^^^^^^^^^^^^^^^^^^^^^^^^^^^
  File "/Users/user/Documents/resturantOS/frappe-bench/apps/frappe/frappe/__init__.py", line 817, in get_module
    return importlib.import_module(modulename)
           ^^^^^^^^^^^^^^^^^^^^^^^^^^^^^^^^^^^
  File "/usr/local/Cellar/python@3.12/3.12.11_1/Frameworks/Python.framework/Versions/3.12/lib/python3.12/importlib/__init__.py", line 90, in import_module
    return _bootstrap._gcd_import(name[level:], package, level)
           ^^^^^^^^^^^^^^^^^^^^^^^^^^^^^^^^^^^^^^^^^^^^^^^^^^^^
  File "<frozen importlib._bootstrap>", line 1387, in _gcd_import
  File "<frozen importlib._bootstrap>", line 1360, in _find_and_load
  File "<frozen importlib._bootstrap>", line 1324, in _find_and_load_unlocked
ModuleNotFoundError: No module named 'education'

/Users/user/Documents/resturantOS/frappe-bench/env/lib/python3.12/site-packages/rq/worker.py:1302: DeprecationWarning: This process (pid=27389) is multi-threaded, use of fork() may lead to deadlocks in the child.
  child_pid = os.fork()
2025-09-28 01:17:45,022 [Job education.localhost||fa2bce67-78e9-4e1f-a4c1-f0700bf08fa3]: exception raised while executing (frappe.utils.background_jobs.execute_job)
Traceback (most recent call last):
  File "/Users/user/Documents/resturantOS/frappe-bench/env/lib/python3.12/site-packages/rq/worker.py", line 1643, in perform_job
    return_value = job.perform()
                   ^^^^^^^^^^^^^
  File "/Users/user/Documents/resturantOS/frappe-bench/env/lib/python3.12/site-packages/rq/job.py", line 1359, in perform
    self._result = self._execute()
                   ^^^^^^^^^^^^^^^
  File "/Users/user/Documents/resturantOS/frappe-bench/env/lib/python3.12/site-packages/rq/job.py", line 1393, in _execute
    result = self.func(*self.args, **self.kwargs)
             ^^^^^^^^^^^^^^^^^^^^^^^^^^^^^^^^^^^^
  File "/Users/user/Documents/resturantOS/frappe-bench/apps/frappe/frappe/utils/background_jobs.py", line 243, in execute_job
    frappe.init(site, force=True)
  File "/Users/user/Documents/resturantOS/frappe-bench/apps/frappe/frappe/__init__.py", line 208, in init
    setup_module_map(include_all_apps=not (frappe.request or frappe.job or frappe.flags.in_migrate))
  File "/Users/user/Documents/resturantOS/frappe-bench/apps/frappe/frappe/__init__.py", line 1040, in setup_module_map
    for module in get_module_list(app):
                  ^^^^^^^^^^^^^^^^^^^^
  File "/Users/user/Documents/resturantOS/frappe-bench/apps/frappe/frappe/__init__.py", line 881, in get_module_list
    return get_file_items(get_app_path(app_name, "modules.txt"))
                          ^^^^^^^^^^^^^^^^^^^^^^^^^^^^^^^^^^^^^
  File "/Users/user/Documents/resturantOS/frappe-bench/apps/frappe/frappe/__init__.py", line 846, in get_app_path
    return get_pymodule_path(app_name, *joins)
           ^^^^^^^^^^^^^^^^^^^^^^^^^^^^^^^^^^^
  File "/Users/user/Documents/resturantOS/frappe-bench/apps/frappe/frappe/__init__.py", line 876, in get_pymodule_path
    return abspath(join(dirname(get_module(scrub(modulename)).__file__ or ""), *joins))
                                ^^^^^^^^^^^^^^^^^^^^^^^^^^^^^
  File "/Users/user/Documents/resturantOS/frappe-bench/apps/frappe/frappe/__init__.py", line 817, in get_module
    return importlib.import_module(modulename)
           ^^^^^^^^^^^^^^^^^^^^^^^^^^^^^^^^^^^
  File "/usr/local/Cellar/python@3.12/3.12.11_1/Frameworks/Python.framework/Versions/3.12/lib/python3.12/importlib/__init__.py", line 90, in import_module
    return _bootstrap._gcd_import(name[level:], package, level)
           ^^^^^^^^^^^^^^^^^^^^^^^^^^^^^^^^^^^^^^^^^^^^^^^^^^^^
  File "<frozen importlib._bootstrap>", line 1387, in _gcd_import
  File "<frozen importlib._bootstrap>", line 1360, in _find_and_load
  File "<frozen importlib._bootstrap>", line 1324, in _find_and_load_unlocked
ModuleNotFoundError: No module named 'education'

/Users/user/Documents/resturantOS/frappe-bench/env/lib/python3.12/site-packages/rq/worker.py:1302: DeprecationWarning: This process (pid=27389) is multi-threaded, use of fork() may lead to deadlocks in the child.
  child_pid = os.fork()
2025-09-28 01:17:45,056 [Job education.localhost||0432a6e0-91f9-4634-992d-34efca2d0380]: exception raised while executing (frappe.utils.background_jobs.execute_job)
Traceback (most recent call last):
  File "/Users/user/Documents/resturantOS/frappe-bench/env/lib/python3.12/site-packages/rq/worker.py", line 1643, in perform_job
    return_value = job.perform()
                   ^^^^^^^^^^^^^
  File "/Users/user/Documents/resturantOS/frappe-bench/env/lib/python3.12/site-packages/rq/job.py", line 1359, in perform
    self._result = self._execute()
                   ^^^^^^^^^^^^^^^
  File "/Users/user/Documents/resturantOS/frappe-bench/env/lib/python3.12/site-packages/rq/job.py", line 1393, in _execute
    result = self.func(*self.args, **self.kwargs)
             ^^^^^^^^^^^^^^^^^^^^^^^^^^^^^^^^^^^^
  File "/Users/user/Documents/resturantOS/frappe-bench/apps/frappe/frappe/utils/background_jobs.py", line 243, in execute_job
    frappe.init(site, force=True)
  File "/Users/user/Documents/resturantOS/frappe-bench/apps/frappe/frappe/__init__.py", line 208, in init
    setup_module_map(include_all_apps=not (frappe.request or frappe.job or frappe.flags.in_migrate))
  File "/Users/user/Documents/resturantOS/frappe-bench/apps/frappe/frappe/__init__.py", line 1040, in setup_module_map
    for module in get_module_list(app):
                  ^^^^^^^^^^^^^^^^^^^^
  File "/Users/user/Documents/resturantOS/frappe-bench/apps/frappe/frappe/__init__.py", line 881, in get_module_list
    return get_file_items(get_app_path(app_name, "modules.txt"))
                          ^^^^^^^^^^^^^^^^^^^^^^^^^^^^^^^^^^^^^
  File "/Users/user/Documents/resturantOS/frappe-bench/apps/frappe/frappe/__init__.py", line 846, in get_app_path
    return get_pymodule_path(app_name, *joins)
           ^^^^^^^^^^^^^^^^^^^^^^^^^^^^^^^^^^^
  File "/Users/user/Documents/resturantOS/frappe-bench/apps/frappe/frappe/__init__.py", line 876, in get_pymodule_path
    return abspath(join(dirname(get_module(scrub(modulename)).__file__ or ""), *joins))
                                ^^^^^^^^^^^^^^^^^^^^^^^^^^^^^
  File "/Users/user/Documents/resturantOS/frappe-bench/apps/frappe/frappe/__init__.py", line 817, in get_module
    return importlib.import_module(modulename)
           ^^^^^^^^^^^^^^^^^^^^^^^^^^^^^^^^^^^
  File "/usr/local/Cellar/python@3.12/3.12.11_1/Frameworks/Python.framework/Versions/3.12/lib/python3.12/importlib/__init__.py", line 90, in import_module
    return _bootstrap._gcd_import(name[level:], package, level)
           ^^^^^^^^^^^^^^^^^^^^^^^^^^^^^^^^^^^^^^^^^^^^^^^^^^^^
  File "<frozen importlib._bootstrap>", line 1387, in _gcd_import
  File "<frozen importlib._bootstrap>", line 1360, in _find_and_load
  File "<frozen importlib._bootstrap>", line 1324, in _find_and_load_unlocked
ModuleNotFoundError: No module named 'education'

2025-09-28 10:13:07,954 Could not connect to Redis instance: Error 61 connecting to 127.0.0.1:11000. Connection refused. Retrying in 2 seconds...
2025-09-28 10:14:34,467 Could not connect to Redis instance: Error 61 connecting to 127.0.0.1:11000. Connection refused. Retrying in 2 seconds...
/Users/user/Documents/resturantOS/frappe-bench/env/lib/python3.12/site-packages/rq/worker.py:1302: DeprecationWarning: This process (pid=78576) is multi-threaded, use of fork() may lead to deadlocks in the child.
  child_pid = os.fork()
/Users/user/Documents/resturantOS/frappe-bench/env/lib/python3.12/site-packages/passlib/utils/__init__.py:854: DeprecationWarning: 'crypt' is deprecated and slated for removal in Python 3.13
  from crypt import crypt as _crypt
/Users/user/Documents/resturantOS/frappe-bench/env/lib/python3.12/site-packages/rq/worker.py:1302: DeprecationWarning: This process (pid=78576) is multi-threaded, use of fork() may lead to deadlocks in the child.
  child_pid = os.fork()
/Users/user/Documents/resturantOS/frappe-bench/env/lib/python3.12/site-packages/passlib/utils/__init__.py:854: DeprecationWarning: 'crypt' is deprecated and slated for removal in Python 3.13
  from crypt import crypt as _crypt
/Users/user/Documents/resturantOS/frappe-bench/env/lib/python3.12/site-packages/rq/worker.py:1302: DeprecationWarning: This process (pid=78576) is multi-threaded, use of fork() may lead to deadlocks in the child.
  child_pid = os.fork()
/Users/user/Documents/resturantOS/frappe-bench/env/lib/python3.12/site-packages/passlib/utils/__init__.py:854: DeprecationWarning: 'crypt' is deprecated and slated for removal in Python 3.13
  from crypt import crypt as _crypt
/Users/user/Documents/resturantOS/frappe-bench/env/lib/python3.12/site-packages/rq/worker.py:1302: DeprecationWarning: This process (pid=78576) is multi-threaded, use of fork() may lead to deadlocks in the child.
  child_pid = os.fork()
/Users/user/Documents/resturantOS/frappe-bench/env/lib/python3.12/site-packages/passlib/utils/__init__.py:854: DeprecationWarning: 'crypt' is deprecated and slated for removal in Python 3.13
  from crypt import crypt as _crypt
/Users/user/Documents/resturantOS/frappe-bench/env/lib/python3.12/site-packages/rq/worker.py:1302: DeprecationWarning: This process (pid=78576) is multi-threaded, use of fork() may lead to deadlocks in the child.
  child_pid = os.fork()
/Users/user/Documents/resturantOS/frappe-bench/env/lib/python3.12/site-packages/passlib/utils/__init__.py:854: DeprecationWarning: 'crypt' is deprecated and slated for removal in Python 3.13
  from crypt import crypt as _crypt
/Users/user/Documents/resturantOS/frappe-bench/env/lib/python3.12/site-packages/rq/worker.py:1302: DeprecationWarning: This process (pid=78576) is multi-threaded, use of fork() may lead to deadlocks in the child.
  child_pid = os.fork()
/Users/user/Documents/resturantOS/frappe-bench/env/lib/python3.12/site-packages/passlib/utils/__init__.py:854: DeprecationWarning: 'crypt' is deprecated and slated for removal in Python 3.13
  from crypt import crypt as _crypt
/Users/user/Documents/resturantOS/frappe-bench/env/lib/python3.12/site-packages/rq/worker.py:1302: DeprecationWarning: This process (pid=78576) is multi-threaded, use of fork() may lead to deadlocks in the child.
  child_pid = os.fork()
/Users/user/Documents/resturantOS/frappe-bench/env/lib/python3.12/site-packages/passlib/utils/__init__.py:854: DeprecationWarning: 'crypt' is deprecated and slated for removal in Python 3.13
  from crypt import crypt as _crypt
/Users/user/Documents/resturantOS/frappe-bench/env/lib/python3.12/site-packages/rq/worker.py:1302: DeprecationWarning: This process (pid=78576) is multi-threaded, use of fork() may lead to deadlocks in the child.
  child_pid = os.fork()
/Users/user/Documents/resturantOS/frappe-bench/env/lib/python3.12/site-packages/passlib/utils/__init__.py:854: DeprecationWarning: 'crypt' is deprecated and slated for removal in Python 3.13
  from crypt import crypt as _crypt
/Users/user/Documents/resturantOS/frappe-bench/env/lib/python3.12/site-packages/rq/worker.py:1302: DeprecationWarning: This process (pid=78576) is multi-threaded, use of fork() may lead to deadlocks in the child.
  child_pid = os.fork()
/Users/user/Documents/resturantOS/frappe-bench/env/lib/python3.12/site-packages/passlib/utils/__init__.py:854: DeprecationWarning: 'crypt' is deprecated and slated for removal in Python 3.13
  from crypt import crypt as _crypt
/Users/user/Documents/resturantOS/frappe-bench/env/lib/python3.12/site-packages/rq/worker.py:1302: DeprecationWarning: This process (pid=78576) is multi-threaded, use of fork() may lead to deadlocks in the child.
  child_pid = os.fork()
/Users/user/Documents/resturantOS/frappe-bench/env/lib/python3.12/site-packages/passlib/utils/__init__.py:854: DeprecationWarning: 'crypt' is deprecated and slated for removal in Python 3.13
  from crypt import crypt as _crypt
/Users/user/Documents/resturantOS/frappe-bench/env/lib/python3.12/site-packages/rq/worker.py:1302: DeprecationWarning: This process (pid=78576) is multi-threaded, use of fork() may lead to deadlocks in the child.
  child_pid = os.fork()
/Users/user/Documents/resturantOS/frappe-bench/env/lib/python3.12/site-packages/passlib/utils/__init__.py:854: DeprecationWarning: 'crypt' is deprecated and slated for removal in Python 3.13
  from crypt import crypt as _crypt
/Users/user/Documents/resturantOS/frappe-bench/env/lib/python3.12/site-packages/rq/worker.py:1302: DeprecationWarning: This process (pid=78576) is multi-threaded, use of fork() may lead to deadlocks in the child.
  child_pid = os.fork()
/Users/user/Documents/resturantOS/frappe-bench/env/lib/python3.12/site-packages/passlib/utils/__init__.py:854: DeprecationWarning: 'crypt' is deprecated and slated for removal in Python 3.13
  from crypt import crypt as _crypt
/Users/user/Documents/resturantOS/frappe-bench/env/lib/python3.12/site-packages/rq/worker.py:1302: DeprecationWarning: This process (pid=78576) is multi-threaded, use of fork() may lead to deadlocks in the child.
  child_pid = os.fork()
/Users/user/Documents/resturantOS/frappe-bench/env/lib/python3.12/site-packages/passlib/utils/__init__.py:854: DeprecationWarning: 'crypt' is deprecated and slated for removal in Python 3.13
  from crypt import crypt as _crypt
/Users/user/Documents/resturantOS/frappe-bench/env/lib/python3.12/site-packages/rq/worker.py:1302: DeprecationWarning: This process (pid=78576) is multi-threaded, use of fork() may lead to deadlocks in the child.
  child_pid = os.fork()
/Users/user/Documents/resturantOS/frappe-bench/env/lib/python3.12/site-packages/passlib/utils/__init__.py:854: DeprecationWarning: 'crypt' is deprecated and slated for removal in Python 3.13
  from crypt import crypt as _crypt
/Users/user/Documents/resturantOS/frappe-bench/env/lib/python3.12/site-packages/rq/worker.py:1302: DeprecationWarning: This process (pid=78576) is multi-threaded, use of fork() may lead to deadlocks in the child.
  child_pid = os.fork()
/Users/user/Documents/resturantOS/frappe-bench/env/lib/python3.12/site-packages/passlib/utils/__init__.py:854: DeprecationWarning: 'crypt' is deprecated and slated for removal in Python 3.13
  from crypt import crypt as _crypt
/Users/user/Documents/resturantOS/frappe-bench/env/lib/python3.12/site-packages/rq/worker.py:1302: DeprecationWarning: This process (pid=78576) is multi-threaded, use of fork() may lead to deadlocks in the child.
  child_pid = os.fork()
/Users/user/Documents/resturantOS/frappe-bench/env/lib/python3.12/site-packages/passlib/utils/__init__.py:854: DeprecationWarning: 'crypt' is deprecated and slated for removal in Python 3.13
  from crypt import crypt as _crypt
/Users/user/Documents/resturantOS/frappe-bench/env/lib/python3.12/site-packages/rq/worker.py:1302: DeprecationWarning: This process (pid=78576) is multi-threaded, use of fork() may lead to deadlocks in the child.
  child_pid = os.fork()
/Users/user/Documents/resturantOS/frappe-bench/env/lib/python3.12/site-packages/passlib/utils/__init__.py:854: DeprecationWarning: 'crypt' is deprecated and slated for removal in Python 3.13
  from crypt import crypt as _crypt
/Users/user/Documents/resturantOS/frappe-bench/env/lib/python3.12/site-packages/rq/worker.py:1302: DeprecationWarning: This process (pid=78576) is multi-threaded, use of fork() may lead to deadlocks in the child.
  child_pid = os.fork()
/Users/user/Documents/resturantOS/frappe-bench/env/lib/python3.12/site-packages/passlib/utils/__init__.py:854: DeprecationWarning: 'crypt' is deprecated and slated for removal in Python 3.13
  from crypt import crypt as _crypt
/Users/user/Documents/resturantOS/frappe-bench/env/lib/python3.12/site-packages/rq/worker.py:1302: DeprecationWarning: This process (pid=78576) is multi-threaded, use of fork() may lead to deadlocks in the child.
  child_pid = os.fork()
/Users/user/Documents/resturantOS/frappe-bench/env/lib/python3.12/site-packages/passlib/utils/__init__.py:854: DeprecationWarning: 'crypt' is deprecated and slated for removal in Python 3.13
  from crypt import crypt as _crypt
/Users/user/Documents/resturantOS/frappe-bench/env/lib/python3.12/site-packages/rq/worker.py:1302: DeprecationWarning: This process (pid=78576) is multi-threaded, use of fork() may lead to deadlocks in the child.
  child_pid = os.fork()
/Users/user/Documents/resturantOS/frappe-bench/env/lib/python3.12/site-packages/passlib/utils/__init__.py:854: DeprecationWarning: 'crypt' is deprecated and slated for removal in Python 3.13
  from crypt import crypt as _crypt
/Users/user/Documents/resturantOS/frappe-bench/env/lib/python3.12/site-packages/rq/worker.py:1302: DeprecationWarning: This process (pid=78576) is multi-threaded, use of fork() may lead to deadlocks in the child.
  child_pid = os.fork()
/Users/user/Documents/resturantOS/frappe-bench/env/lib/python3.12/site-packages/passlib/utils/__init__.py:854: DeprecationWarning: 'crypt' is deprecated and slated for removal in Python 3.13
  from crypt import crypt as _crypt
/Users/user/Documents/resturantOS/frappe-bench/env/lib/python3.12/site-packages/rq/worker.py:1302: DeprecationWarning: This process (pid=78576) is multi-threaded, use of fork() may lead to deadlocks in the child.
  child_pid = os.fork()
/Users/user/Documents/resturantOS/frappe-bench/env/lib/python3.12/site-packages/passlib/utils/__init__.py:854: DeprecationWarning: 'crypt' is deprecated and slated for removal in Python 3.13
  from crypt import crypt as _crypt
/Users/user/Documents/resturantOS/frappe-bench/env/lib/python3.12/site-packages/rq/worker.py:1302: DeprecationWarning: This process (pid=78576) is multi-threaded, use of fork() may lead to deadlocks in the child.
  child_pid = os.fork()
/Users/user/Documents/resturantOS/frappe-bench/env/lib/python3.12/site-packages/passlib/utils/__init__.py:854: DeprecationWarning: 'crypt' is deprecated and slated for removal in Python 3.13
  from crypt import crypt as _crypt
/Users/user/Documents/resturantOS/frappe-bench/env/lib/python3.12/site-packages/rq/worker.py:1302: DeprecationWarning: This process (pid=78576) is multi-threaded, use of fork() may lead to deadlocks in the child.
  child_pid = os.fork()
/Users/user/Documents/resturantOS/frappe-bench/env/lib/python3.12/site-packages/passlib/utils/__init__.py:854: DeprecationWarning: 'crypt' is deprecated and slated for removal in Python 3.13
  from crypt import crypt as _crypt
/Users/user/Documents/resturantOS/frappe-bench/env/lib/python3.12/site-packages/rq/worker.py:1302: DeprecationWarning: This process (pid=78576) is multi-threaded, use of fork() may lead to deadlocks in the child.
  child_pid = os.fork()
/Users/user/Documents/resturantOS/frappe-bench/env/lib/python3.12/site-packages/passlib/utils/__init__.py:854: DeprecationWarning: 'crypt' is deprecated and slated for removal in Python 3.13
  from crypt import crypt as _crypt
/Users/user/Documents/resturantOS/frappe-bench/env/lib/python3.12/site-packages/rq/worker.py:1302: DeprecationWarning: This process (pid=78576) is multi-threaded, use of fork() may lead to deadlocks in the child.
  child_pid = os.fork()
/Users/user/Documents/resturantOS/frappe-bench/env/lib/python3.12/site-packages/passlib/utils/__init__.py:854: DeprecationWarning: 'crypt' is deprecated and slated for removal in Python 3.13
  from crypt import crypt as _crypt
/Users/user/Documents/resturantOS/frappe-bench/env/lib/python3.12/site-packages/rq/worker.py:1302: DeprecationWarning: This process (pid=78576) is multi-threaded, use of fork() may lead to deadlocks in the child.
  child_pid = os.fork()
/Users/user/Documents/resturantOS/frappe-bench/env/lib/python3.12/site-packages/passlib/utils/__init__.py:854: DeprecationWarning: 'crypt' is deprecated and slated for removal in Python 3.13
  from crypt import crypt as _crypt
/Users/user/Documents/resturantOS/frappe-bench/env/lib/python3.12/site-packages/rq/worker.py:1302: DeprecationWarning: This process (pid=78576) is multi-threaded, use of fork() may lead to deadlocks in the child.
  child_pid = os.fork()
/Users/user/Documents/resturantOS/frappe-bench/env/lib/python3.12/site-packages/passlib/utils/__init__.py:854: DeprecationWarning: 'crypt' is deprecated and slated for removal in Python 3.13
  from crypt import crypt as _crypt
/Users/user/Documents/resturantOS/frappe-bench/env/lib/python3.12/site-packages/rq/worker.py:1302: DeprecationWarning: This process (pid=78576) is multi-threaded, use of fork() may lead to deadlocks in the child.
  child_pid = os.fork()
/Users/user/Documents/resturantOS/frappe-bench/env/lib/python3.12/site-packages/passlib/utils/__init__.py:854: DeprecationWarning: 'crypt' is deprecated and slated for removal in Python 3.13
  from crypt import crypt as _crypt
/Users/user/Documents/resturantOS/frappe-bench/env/lib/python3.12/site-packages/rq/worker.py:1302: DeprecationWarning: This process (pid=78576) is multi-threaded, use of fork() may lead to deadlocks in the child.
  child_pid = os.fork()
/Users/user/Documents/resturantOS/frappe-bench/env/lib/python3.12/site-packages/passlib/utils/__init__.py:854: DeprecationWarning: 'crypt' is deprecated and slated for removal in Python 3.13
  from crypt import crypt as _crypt
/Users/user/Documents/resturantOS/frappe-bench/env/lib/python3.12/site-packages/rq/worker.py:1302: DeprecationWarning: This process (pid=78576) is multi-threaded, use of fork() may lead to deadlocks in the child.
  child_pid = os.fork()
/Users/user/Documents/resturantOS/frappe-bench/env/lib/python3.12/site-packages/passlib/utils/__init__.py:854: DeprecationWarning: 'crypt' is deprecated and slated for removal in Python 3.13
  from crypt import crypt as _crypt
/Users/user/Documents/resturantOS/frappe-bench/env/lib/python3.12/site-packages/rq/worker.py:1302: DeprecationWarning: This process (pid=78576) is multi-threaded, use of fork() may lead to deadlocks in the child.
  child_pid = os.fork()
/Users/user/Documents/resturantOS/frappe-bench/env/lib/python3.12/site-packages/passlib/utils/__init__.py:854: DeprecationWarning: 'crypt' is deprecated and slated for removal in Python 3.13
  from crypt import crypt as _crypt
/Users/user/Documents/resturantOS/frappe-bench/env/lib/python3.12/site-packages/rq/worker.py:1302: DeprecationWarning: This process (pid=78576) is multi-threaded, use of fork() may lead to deadlocks in the child.
  child_pid = os.fork()
/Users/user/Documents/resturantOS/frappe-bench/env/lib/python3.12/site-packages/passlib/utils/__init__.py:854: DeprecationWarning: 'crypt' is deprecated and slated for removal in Python 3.13
  from crypt import crypt as _crypt
/Users/user/Documents/resturantOS/frappe-bench/env/lib/python3.12/site-packages/rq/worker.py:1302: DeprecationWarning: This process (pid=78576) is multi-threaded, use of fork() may lead to deadlocks in the child.
  child_pid = os.fork()
/Users/user/Documents/resturantOS/frappe-bench/env/lib/python3.12/site-packages/passlib/utils/__init__.py:854: DeprecationWarning: 'crypt' is deprecated and slated for removal in Python 3.13
  from crypt import crypt as _crypt
/Users/user/Documents/resturantOS/frappe-bench/env/lib/python3.12/site-packages/rq/worker.py:1302: DeprecationWarning: This process (pid=78576) is multi-threaded, use of fork() may lead to deadlocks in the child.
  child_pid = os.fork()
/Users/user/Documents/resturantOS/frappe-bench/env/lib/python3.12/site-packages/passlib/utils/__init__.py:854: DeprecationWarning: 'crypt' is deprecated and slated for removal in Python 3.13
  from crypt import crypt as _crypt
/Users/user/Documents/resturantOS/frappe-bench/env/lib/python3.12/site-packages/rq/worker.py:1302: DeprecationWarning: This process (pid=78576) is multi-threaded, use of fork() may lead to deadlocks in the child.
  child_pid = os.fork()
/Users/user/Documents/resturantOS/frappe-bench/env/lib/python3.12/site-packages/passlib/utils/__init__.py:854: DeprecationWarning: 'crypt' is deprecated and slated for removal in Python 3.13
  from crypt import crypt as _crypt
/Users/user/Documents/resturantOS/frappe-bench/env/lib/python3.12/site-packages/rq/worker.py:1302: DeprecationWarning: This process (pid=78576) is multi-threaded, use of fork() may lead to deadlocks in the child.
  child_pid = os.fork()
/Users/user/Documents/resturantOS/frappe-bench/env/lib/python3.12/site-packages/passlib/utils/__init__.py:854: DeprecationWarning: 'crypt' is deprecated and slated for removal in Python 3.13
  from crypt import crypt as _crypt
/Users/user/Documents/resturantOS/frappe-bench/env/lib/python3.12/site-packages/rq/worker.py:1302: DeprecationWarning: This process (pid=78576) is multi-threaded, use of fork() may lead to deadlocks in the child.
  child_pid = os.fork()
/Users/user/Documents/resturantOS/frappe-bench/env/lib/python3.12/site-packages/passlib/utils/__init__.py:854: DeprecationWarning: 'crypt' is deprecated and slated for removal in Python 3.13
  from crypt import crypt as _crypt
/Users/user/Documents/resturantOS/frappe-bench/env/lib/python3.12/site-packages/rq/worker.py:1302: DeprecationWarning: This process (pid=78576) is multi-threaded, use of fork() may lead to deadlocks in the child.
  child_pid = os.fork()
/Users/user/Documents/resturantOS/frappe-bench/env/lib/python3.12/site-packages/passlib/utils/__init__.py:854: DeprecationWarning: 'crypt' is deprecated and slated for removal in Python 3.13
  from crypt import crypt as _crypt
/Users/user/Documents/resturantOS/frappe-bench/env/lib/python3.12/site-packages/rq/worker.py:1302: DeprecationWarning: This process (pid=78576) is multi-threaded, use of fork() may lead to deadlocks in the child.
  child_pid = os.fork()
/Users/user/Documents/resturantOS/frappe-bench/env/lib/python3.12/site-packages/passlib/utils/__init__.py:854: DeprecationWarning: 'crypt' is deprecated and slated for removal in Python 3.13
  from crypt import crypt as _crypt
/Users/user/Documents/resturantOS/frappe-bench/env/lib/python3.12/site-packages/rq/worker.py:1302: DeprecationWarning: This process (pid=78576) is multi-threaded, use of fork() may lead to deadlocks in the child.
  child_pid = os.fork()
/Users/user/Documents/resturantOS/frappe-bench/env/lib/python3.12/site-packages/passlib/utils/__init__.py:854: DeprecationWarning: 'crypt' is deprecated and slated for removal in Python 3.13
  from crypt import crypt as _crypt
/Users/user/Documents/resturantOS/frappe-bench/env/lib/python3.12/site-packages/rq/worker.py:1302: DeprecationWarning: This process (pid=78576) is multi-threaded, use of fork() may lead to deadlocks in the child.
  child_pid = os.fork()
/Users/user/Documents/resturantOS/frappe-bench/env/lib/python3.12/site-packages/passlib/utils/__init__.py:854: DeprecationWarning: 'crypt' is deprecated and slated for removal in Python 3.13
  from crypt import crypt as _crypt
/Users/user/Documents/resturantOS/frappe-bench/env/lib/python3.12/site-packages/rq/worker.py:1302: DeprecationWarning: This process (pid=78576) is multi-threaded, use of fork() may lead to deadlocks in the child.
  child_pid = os.fork()
/Users/user/Documents/resturantOS/frappe-bench/env/lib/python3.12/site-packages/passlib/utils/__init__.py:854: DeprecationWarning: 'crypt' is deprecated and slated for removal in Python 3.13
  from crypt import crypt as _crypt
/Users/user/Documents/resturantOS/frappe-bench/env/lib/python3.12/site-packages/rq/worker.py:1302: DeprecationWarning: This process (pid=78576) is multi-threaded, use of fork() may lead to deadlocks in the child.
  child_pid = os.fork()
/Users/user/Documents/resturantOS/frappe-bench/env/lib/python3.12/site-packages/passlib/utils/__init__.py:854: DeprecationWarning: 'crypt' is deprecated and slated for removal in Python 3.13
  from crypt import crypt as _crypt
/Users/user/Documents/resturantOS/frappe-bench/env/lib/python3.12/site-packages/rq/worker.py:1302: DeprecationWarning: This process (pid=78576) is multi-threaded, use of fork() may lead to deadlocks in the child.
  child_pid = os.fork()
/Users/user/Documents/resturantOS/frappe-bench/env/lib/python3.12/site-packages/passlib/utils/__init__.py:854: DeprecationWarning: 'crypt' is deprecated and slated for removal in Python 3.13
  from crypt import crypt as _crypt
/Users/user/Documents/resturantOS/frappe-bench/env/lib/python3.12/site-packages/rq/worker.py:1302: DeprecationWarning: This process (pid=78576) is multi-threaded, use of fork() may lead to deadlocks in the child.
  child_pid = os.fork()
/Users/user/Documents/resturantOS/frappe-bench/env/lib/python3.12/site-packages/passlib/utils/__init__.py:854: DeprecationWarning: 'crypt' is deprecated and slated for removal in Python 3.13
  from crypt import crypt as _crypt
/Users/user/Documents/resturantOS/frappe-bench/env/lib/python3.12/site-packages/rq/worker.py:1302: DeprecationWarning: This process (pid=78576) is multi-threaded, use of fork() may lead to deadlocks in the child.
  child_pid = os.fork()
/Users/user/Documents/resturantOS/frappe-bench/env/lib/python3.12/site-packages/passlib/utils/__init__.py:854: DeprecationWarning: 'crypt' is deprecated and slated for removal in Python 3.13
  from crypt import crypt as _crypt
/Users/user/Documents/resturantOS/frappe-bench/env/lib/python3.12/site-packages/rq/worker.py:1302: DeprecationWarning: This process (pid=78576) is multi-threaded, use of fork() may lead to deadlocks in the child.
  child_pid = os.fork()
/Users/user/Documents/resturantOS/frappe-bench/env/lib/python3.12/site-packages/passlib/utils/__init__.py:854: DeprecationWarning: 'crypt' is deprecated and slated for removal in Python 3.13
  from crypt import crypt as _crypt
/Users/user/Documents/resturantOS/frappe-bench/env/lib/python3.12/site-packages/rq/worker.py:1302: DeprecationWarning: This process (pid=78576) is multi-threaded, use of fork() may lead to deadlocks in the child.
  child_pid = os.fork()
/Users/user/Documents/resturantOS/frappe-bench/env/lib/python3.12/site-packages/passlib/utils/__init__.py:854: DeprecationWarning: 'crypt' is deprecated and slated for removal in Python 3.13
  from crypt import crypt as _crypt
/Users/user/Documents/resturantOS/frappe-bench/env/lib/python3.12/site-packages/rq/worker.py:1302: DeprecationWarning: This process (pid=78576) is multi-threaded, use of fork() may lead to deadlocks in the child.
  child_pid = os.fork()
/Users/user/Documents/resturantOS/frappe-bench/env/lib/python3.12/site-packages/passlib/utils/__init__.py:854: DeprecationWarning: 'crypt' is deprecated and slated for removal in Python 3.13
  from crypt import crypt as _crypt
/Users/user/Documents/resturantOS/frappe-bench/env/lib/python3.12/site-packages/rq/worker.py:1302: DeprecationWarning: This process (pid=78576) is multi-threaded, use of fork() may lead to deadlocks in the child.
  child_pid = os.fork()
/Users/user/Documents/resturantOS/frappe-bench/env/lib/python3.12/site-packages/passlib/utils/__init__.py:854: DeprecationWarning: 'crypt' is deprecated and slated for removal in Python 3.13
  from crypt import crypt as _crypt
/Users/user/Documents/resturantOS/frappe-bench/env/lib/python3.12/site-packages/rq/worker.py:1302: DeprecationWarning: This process (pid=78576) is multi-threaded, use of fork() may lead to deadlocks in the child.
  child_pid = os.fork()
/Users/user/Documents/resturantOS/frappe-bench/env/lib/python3.12/site-packages/passlib/utils/__init__.py:854: DeprecationWarning: 'crypt' is deprecated and slated for removal in Python 3.13
  from crypt import crypt as _crypt
/Users/user/Documents/resturantOS/frappe-bench/env/lib/python3.12/site-packages/rq/worker.py:1302: DeprecationWarning: This process (pid=78576) is multi-threaded, use of fork() may lead to deadlocks in the child.
  child_pid = os.fork()
/Users/user/Documents/resturantOS/frappe-bench/env/lib/python3.12/site-packages/passlib/utils/__init__.py:854: DeprecationWarning: 'crypt' is deprecated and slated for removal in Python 3.13
  from crypt import crypt as _crypt
/Users/user/Documents/resturantOS/frappe-bench/env/lib/python3.12/site-packages/rq/worker.py:1302: DeprecationWarning: This process (pid=78576) is multi-threaded, use of fork() may lead to deadlocks in the child.
  child_pid = os.fork()
/Users/user/Documents/resturantOS/frappe-bench/env/lib/python3.12/site-packages/passlib/utils/__init__.py:854: DeprecationWarning: 'crypt' is deprecated and slated for removal in Python 3.13
  from crypt import crypt as _crypt
/Users/user/Documents/resturantOS/frappe-bench/env/lib/python3.12/site-packages/rq/worker.py:1302: DeprecationWarning: This process (pid=78576) is multi-threaded, use of fork() may lead to deadlocks in the child.
  child_pid = os.fork()
/Users/user/Documents/resturantOS/frappe-bench/env/lib/python3.12/site-packages/passlib/utils/__init__.py:854: DeprecationWarning: 'crypt' is deprecated and slated for removal in Python 3.13
  from crypt import crypt as _crypt
/Users/user/Documents/resturantOS/frappe-bench/env/lib/python3.12/site-packages/rq/worker.py:1302: DeprecationWarning: This process (pid=78576) is multi-threaded, use of fork() may lead to deadlocks in the child.
  child_pid = os.fork()
/Users/user/Documents/resturantOS/frappe-bench/env/lib/python3.12/site-packages/passlib/utils/__init__.py:854: DeprecationWarning: 'crypt' is deprecated and slated for removal in Python 3.13
  from crypt import crypt as _crypt
/Users/user/Documents/resturantOS/frappe-bench/env/lib/python3.12/site-packages/rq/worker.py:1302: DeprecationWarning: This process (pid=78576) is multi-threaded, use of fork() may lead to deadlocks in the child.
  child_pid = os.fork()
/Users/user/Documents/resturantOS/frappe-bench/env/lib/python3.12/site-packages/passlib/utils/__init__.py:854: DeprecationWarning: 'crypt' is deprecated and slated for removal in Python 3.13
  from crypt import crypt as _crypt
/Users/user/Documents/resturantOS/frappe-bench/env/lib/python3.12/site-packages/rq/worker.py:1302: DeprecationWarning: This process (pid=78576) is multi-threaded, use of fork() may lead to deadlocks in the child.
  child_pid = os.fork()
/Users/user/Documents/resturantOS/frappe-bench/env/lib/python3.12/site-packages/passlib/utils/__init__.py:854: DeprecationWarning: 'crypt' is deprecated and slated for removal in Python 3.13
  from crypt import crypt as _crypt
/Users/user/Documents/resturantOS/frappe-bench/env/lib/python3.12/site-packages/rq/worker.py:1302: DeprecationWarning: This process (pid=78576) is multi-threaded, use of fork() may lead to deadlocks in the child.
  child_pid = os.fork()
/Users/user/Documents/resturantOS/frappe-bench/env/lib/python3.12/site-packages/passlib/utils/__init__.py:854: DeprecationWarning: 'crypt' is deprecated and slated for removal in Python 3.13
  from crypt import crypt as _crypt
/Users/user/Documents/resturantOS/frappe-bench/env/lib/python3.12/site-packages/rq/worker.py:1302: DeprecationWarning: This process (pid=78576) is multi-threaded, use of fork() may lead to deadlocks in the child.
  child_pid = os.fork()
/Users/user/Documents/resturantOS/frappe-bench/env/lib/python3.12/site-packages/passlib/utils/__init__.py:854: DeprecationWarning: 'crypt' is deprecated and slated for removal in Python 3.13
  from crypt import crypt as _crypt
/Users/user/Documents/resturantOS/frappe-bench/env/lib/python3.12/site-packages/rq/worker.py:1302: DeprecationWarning: This process (pid=78576) is multi-threaded, use of fork() may lead to deadlocks in the child.
  child_pid = os.fork()
/Users/user/Documents/resturantOS/frappe-bench/env/lib/python3.12/site-packages/passlib/utils/__init__.py:854: DeprecationWarning: 'crypt' is deprecated and slated for removal in Python 3.13
  from crypt import crypt as _crypt
/Users/user/Documents/resturantOS/frappe-bench/env/lib/python3.12/site-packages/rq/worker.py:1302: DeprecationWarning: This process (pid=78576) is multi-threaded, use of fork() may lead to deadlocks in the child.
  child_pid = os.fork()
/Users/user/Documents/resturantOS/frappe-bench/env/lib/python3.12/site-packages/passlib/utils/__init__.py:854: DeprecationWarning: 'crypt' is deprecated and slated for removal in Python 3.13
  from crypt import crypt as _crypt
/Users/user/Documents/resturantOS/frappe-bench/env/lib/python3.12/site-packages/rq/worker.py:1302: DeprecationWarning: This process (pid=78576) is multi-threaded, use of fork() may lead to deadlocks in the child.
  child_pid = os.fork()
/Users/user/Documents/resturantOS/frappe-bench/env/lib/python3.12/site-packages/passlib/utils/__init__.py:854: DeprecationWarning: 'crypt' is deprecated and slated for removal in Python 3.13
  from crypt import crypt as _crypt
/Users/user/Documents/resturantOS/frappe-bench/env/lib/python3.12/site-packages/rq/worker.py:1302: DeprecationWarning: This process (pid=78576) is multi-threaded, use of fork() may lead to deadlocks in the child.
  child_pid = os.fork()
/Users/user/Documents/resturantOS/frappe-bench/env/lib/python3.12/site-packages/passlib/utils/__init__.py:854: DeprecationWarning: 'crypt' is deprecated and slated for removal in Python 3.13
  from crypt import crypt as _crypt
/Users/user/Documents/resturantOS/frappe-bench/env/lib/python3.12/site-packages/rq/worker.py:1302: DeprecationWarning: This process (pid=78576) is multi-threaded, use of fork() may lead to deadlocks in the child.
  child_pid = os.fork()
/Users/user/Documents/resturantOS/frappe-bench/env/lib/python3.12/site-packages/passlib/utils/__init__.py:854: DeprecationWarning: 'crypt' is deprecated and slated for removal in Python 3.13
  from crypt import crypt as _crypt
/Users/user/Documents/resturantOS/frappe-bench/env/lib/python3.12/site-packages/rq/worker.py:1302: DeprecationWarning: This process (pid=78576) is multi-threaded, use of fork() may lead to deadlocks in the child.
  child_pid = os.fork()
/Users/user/Documents/resturantOS/frappe-bench/env/lib/python3.12/site-packages/passlib/utils/__init__.py:854: DeprecationWarning: 'crypt' is deprecated and slated for removal in Python 3.13
  from crypt import crypt as _crypt
/Users/user/Documents/resturantOS/frappe-bench/env/lib/python3.12/site-packages/rq/worker.py:1302: DeprecationWarning: This process (pid=78576) is multi-threaded, use of fork() may lead to deadlocks in the child.
  child_pid = os.fork()
/Users/user/Documents/resturantOS/frappe-bench/env/lib/python3.12/site-packages/passlib/utils/__init__.py:854: DeprecationWarning: 'crypt' is deprecated and slated for removal in Python 3.13
  from crypt import crypt as _crypt
/Users/user/Documents/resturantOS/frappe-bench/env/lib/python3.12/site-packages/rq/worker.py:1302: DeprecationWarning: This process (pid=78576) is multi-threaded, use of fork() may lead to deadlocks in the child.
  child_pid = os.fork()
/Users/user/Documents/resturantOS/frappe-bench/env/lib/python3.12/site-packages/passlib/utils/__init__.py:854: DeprecationWarning: 'crypt' is deprecated and slated for removal in Python 3.13
  from crypt import crypt as _crypt
/Users/user/Documents/resturantOS/frappe-bench/env/lib/python3.12/site-packages/rq/worker.py:1302: DeprecationWarning: This process (pid=78576) is multi-threaded, use of fork() may lead to deadlocks in the child.
  child_pid = os.fork()
/Users/user/Documents/resturantOS/frappe-bench/env/lib/python3.12/site-packages/passlib/utils/__init__.py:854: DeprecationWarning: 'crypt' is deprecated and slated for removal in Python 3.13
  from crypt import crypt as _crypt
/Users/user/Documents/resturantOS/frappe-bench/env/lib/python3.12/site-packages/rq/worker.py:1302: DeprecationWarning: This process (pid=78576) is multi-threaded, use of fork() may lead to deadlocks in the child.
  child_pid = os.fork()
/Users/user/Documents/resturantOS/frappe-bench/env/lib/python3.12/site-packages/passlib/utils/__init__.py:854: DeprecationWarning: 'crypt' is deprecated and slated for removal in Python 3.13
  from crypt import crypt as _crypt
/Users/user/Documents/resturantOS/frappe-bench/env/lib/python3.12/site-packages/rq/worker.py:1302: DeprecationWarning: This process (pid=78576) is multi-threaded, use of fork() may lead to deadlocks in the child.
  child_pid = os.fork()
/Users/user/Documents/resturantOS/frappe-bench/env/lib/python3.12/site-packages/passlib/utils/__init__.py:854: DeprecationWarning: 'crypt' is deprecated and slated for removal in Python 3.13
  from crypt import crypt as _crypt
/Users/user/Documents/resturantOS/frappe-bench/env/lib/python3.12/site-packages/rq/worker.py:1302: DeprecationWarning: This process (pid=78576) is multi-threaded, use of fork() may lead to deadlocks in the child.
  child_pid = os.fork()
/Users/user/Documents/resturantOS/frappe-bench/env/lib/python3.12/site-packages/passlib/utils/__init__.py:854: DeprecationWarning: 'crypt' is deprecated and slated for removal in Python 3.13
  from crypt import crypt as _crypt
/Users/user/Documents/resturantOS/frappe-bench/env/lib/python3.12/site-packages/rq/worker.py:1302: DeprecationWarning: This process (pid=78576) is multi-threaded, use of fork() may lead to deadlocks in the child.
  child_pid = os.fork()
/Users/user/Documents/resturantOS/frappe-bench/env/lib/python3.12/site-packages/passlib/utils/__init__.py:854: DeprecationWarning: 'crypt' is deprecated and slated for removal in Python 3.13
  from crypt import crypt as _crypt
/Users/user/Documents/resturantOS/frappe-bench/env/lib/python3.12/site-packages/rq/worker.py:1302: DeprecationWarning: This process (pid=78576) is multi-threaded, use of fork() may lead to deadlocks in the child.
  child_pid = os.fork()
/Users/user/Documents/resturantOS/frappe-bench/env/lib/python3.12/site-packages/passlib/utils/__init__.py:854: DeprecationWarning: 'crypt' is deprecated and slated for removal in Python 3.13
  from crypt import crypt as _crypt
/Users/user/Documents/resturantOS/frappe-bench/env/lib/python3.12/site-packages/rq/worker.py:1302: DeprecationWarning: This process (pid=78576) is multi-threaded, use of fork() may lead to deadlocks in the child.
  child_pid = os.fork()
/Users/user/Documents/resturantOS/frappe-bench/env/lib/python3.12/site-packages/passlib/utils/__init__.py:854: DeprecationWarning: 'crypt' is deprecated and slated for removal in Python 3.13
  from crypt import crypt as _crypt
/Users/user/Documents/resturantOS/frappe-bench/env/lib/python3.12/site-packages/rq/worker.py:1302: DeprecationWarning: This process (pid=78576) is multi-threaded, use of fork() may lead to deadlocks in the child.
  child_pid = os.fork()
/Users/user/Documents/resturantOS/frappe-bench/env/lib/python3.12/site-packages/passlib/utils/__init__.py:854: DeprecationWarning: 'crypt' is deprecated and slated for removal in Python 3.13
  from crypt import crypt as _crypt
/Users/user/Documents/resturantOS/frappe-bench/env/lib/python3.12/site-packages/rq/worker.py:1302: DeprecationWarning: This process (pid=78576) is multi-threaded, use of fork() may lead to deadlocks in the child.
  child_pid = os.fork()
/Users/user/Documents/resturantOS/frappe-bench/env/lib/python3.12/site-packages/passlib/utils/__init__.py:854: DeprecationWarning: 'crypt' is deprecated and slated for removal in Python 3.13
  from crypt import crypt as _crypt
/Users/user/Documents/resturantOS/frappe-bench/env/lib/python3.12/site-packages/rq/worker.py:1302: DeprecationWarning: This process (pid=78576) is multi-threaded, use of fork() may lead to deadlocks in the child.
  child_pid = os.fork()
/Users/user/Documents/resturantOS/frappe-bench/env/lib/python3.12/site-packages/passlib/utils/__init__.py:854: DeprecationWarning: 'crypt' is deprecated and slated for removal in Python 3.13
  from crypt import crypt as _crypt
/Users/user/Documents/resturantOS/frappe-bench/env/lib/python3.12/site-packages/rq/worker.py:1302: DeprecationWarning: This process (pid=78576) is multi-threaded, use of fork() may lead to deadlocks in the child.
  child_pid = os.fork()
/Users/user/Documents/resturantOS/frappe-bench/env/lib/python3.12/site-packages/passlib/utils/__init__.py:854: DeprecationWarning: 'crypt' is deprecated and slated for removal in Python 3.13
  from crypt import crypt as _crypt
/Users/user/Documents/resturantOS/frappe-bench/env/lib/python3.12/site-packages/rq/worker.py:1302: DeprecationWarning: This process (pid=78576) is multi-threaded, use of fork() may lead to deadlocks in the child.
  child_pid = os.fork()
/Users/user/Documents/resturantOS/frappe-bench/env/lib/python3.12/site-packages/passlib/utils/__init__.py:854: DeprecationWarning: 'crypt' is deprecated and slated for removal in Python 3.13
  from crypt import crypt as _crypt
/Users/user/Documents/resturantOS/frappe-bench/env/lib/python3.12/site-packages/rq/worker.py:1302: DeprecationWarning: This process (pid=78576) is multi-threaded, use of fork() may lead to deadlocks in the child.
  child_pid = os.fork()
/Users/user/Documents/resturantOS/frappe-bench/env/lib/python3.12/site-packages/passlib/utils/__init__.py:854: DeprecationWarning: 'crypt' is deprecated and slated for removal in Python 3.13
  from crypt import crypt as _crypt
/Users/user/Documents/resturantOS/frappe-bench/env/lib/python3.12/site-packages/rq/worker.py:1302: DeprecationWarning: This process (pid=78576) is multi-threaded, use of fork() may lead to deadlocks in the child.
  child_pid = os.fork()
/Users/user/Documents/resturantOS/frappe-bench/env/lib/python3.12/site-packages/passlib/utils/__init__.py:854: DeprecationWarning: 'crypt' is deprecated and slated for removal in Python 3.13
  from crypt import crypt as _crypt
/Users/user/Documents/resturantOS/frappe-bench/env/lib/python3.12/site-packages/rq/worker.py:1302: DeprecationWarning: This process (pid=78576) is multi-threaded, use of fork() may lead to deadlocks in the child.
  child_pid = os.fork()
/Users/user/Documents/resturantOS/frappe-bench/env/lib/python3.12/site-packages/passlib/utils/__init__.py:854: DeprecationWarning: 'crypt' is deprecated and slated for removal in Python 3.13
  from crypt import crypt as _crypt
/Users/user/Documents/resturantOS/frappe-bench/env/lib/python3.12/site-packages/rq/worker.py:1302: DeprecationWarning: This process (pid=78576) is multi-threaded, use of fork() may lead to deadlocks in the child.
  child_pid = os.fork()
/Users/user/Documents/resturantOS/frappe-bench/env/lib/python3.12/site-packages/passlib/utils/__init__.py:854: DeprecationWarning: 'crypt' is deprecated and slated for removal in Python 3.13
  from crypt import crypt as _crypt
/Users/user/Documents/resturantOS/frappe-bench/env/lib/python3.12/site-packages/rq/worker.py:1302: DeprecationWarning: This process (pid=78576) is multi-threaded, use of fork() may lead to deadlocks in the child.
  child_pid = os.fork()
/Users/user/Documents/resturantOS/frappe-bench/env/lib/python3.12/site-packages/passlib/utils/__init__.py:854: DeprecationWarning: 'crypt' is deprecated and slated for removal in Python 3.13
  from crypt import crypt as _crypt
/Users/user/Documents/resturantOS/frappe-bench/env/lib/python3.12/site-packages/rq/worker.py:1302: DeprecationWarning: This process (pid=78576) is multi-threaded, use of fork() may lead to deadlocks in the child.
  child_pid = os.fork()
/Users/user/Documents/resturantOS/frappe-bench/env/lib/python3.12/site-packages/passlib/utils/__init__.py:854: DeprecationWarning: 'crypt' is deprecated and slated for removal in Python 3.13
  from crypt import crypt as _crypt
/Users/user/Documents/resturantOS/frappe-bench/env/lib/python3.12/site-packages/rq/worker.py:1302: DeprecationWarning: This process (pid=78576) is multi-threaded, use of fork() may lead to deadlocks in the child.
  child_pid = os.fork()
/Users/user/Documents/resturantOS/frappe-bench/env/lib/python3.12/site-packages/passlib/utils/__init__.py:854: DeprecationWarning: 'crypt' is deprecated and slated for removal in Python 3.13
  from crypt import crypt as _crypt
/Users/user/Documents/resturantOS/frappe-bench/env/lib/python3.12/site-packages/rq/worker.py:1302: DeprecationWarning: This process (pid=78576) is multi-threaded, use of fork() may lead to deadlocks in the child.
  child_pid = os.fork()
/Users/user/Documents/resturantOS/frappe-bench/env/lib/python3.12/site-packages/passlib/utils/__init__.py:854: DeprecationWarning: 'crypt' is deprecated and slated for removal in Python 3.13
  from crypt import crypt as _crypt
/Users/user/Documents/resturantOS/frappe-bench/env/lib/python3.12/site-packages/rq/worker.py:1302: DeprecationWarning: This process (pid=78576) is multi-threaded, use of fork() may lead to deadlocks in the child.
  child_pid = os.fork()
/Users/user/Documents/resturantOS/frappe-bench/env/lib/python3.12/site-packages/passlib/utils/__init__.py:854: DeprecationWarning: 'crypt' is deprecated and slated for removal in Python 3.13
  from crypt import crypt as _crypt
/Users/user/Documents/resturantOS/frappe-bench/env/lib/python3.12/site-packages/rq/worker.py:1302: DeprecationWarning: This process (pid=78576) is multi-threaded, use of fork() may lead to deadlocks in the child.
  child_pid = os.fork()
/Users/user/Documents/resturantOS/frappe-bench/env/lib/python3.12/site-packages/passlib/utils/__init__.py:854: DeprecationWarning: 'crypt' is deprecated and slated for removal in Python 3.13
  from crypt import crypt as _crypt
/Users/user/Documents/resturantOS/frappe-bench/env/lib/python3.12/site-packages/rq/worker.py:1302: DeprecationWarning: This process (pid=78576) is multi-threaded, use of fork() may lead to deadlocks in the child.
  child_pid = os.fork()
/Users/user/Documents/resturantOS/frappe-bench/env/lib/python3.12/site-packages/passlib/utils/__init__.py:854: DeprecationWarning: 'crypt' is deprecated and slated for removal in Python 3.13
  from crypt import crypt as _crypt
/Users/user/Documents/resturantOS/frappe-bench/env/lib/python3.12/site-packages/rq/worker.py:1302: DeprecationWarning: This process (pid=78576) is multi-threaded, use of fork() may lead to deadlocks in the child.
  child_pid = os.fork()
/Users/user/Documents/resturantOS/frappe-bench/env/lib/python3.12/site-packages/passlib/utils/__init__.py:854: DeprecationWarning: 'crypt' is deprecated and slated for removal in Python 3.13
  from crypt import crypt as _crypt
/Users/user/Documents/resturantOS/frappe-bench/env/lib/python3.12/site-packages/rq/worker.py:1302: DeprecationWarning: This process (pid=78576) is multi-threaded, use of fork() may lead to deadlocks in the child.
  child_pid = os.fork()
/Users/user/Documents/resturantOS/frappe-bench/env/lib/python3.12/site-packages/passlib/utils/__init__.py:854: DeprecationWarning: 'crypt' is deprecated and slated for removal in Python 3.13
  from crypt import crypt as _crypt
/Users/user/Documents/resturantOS/frappe-bench/env/lib/python3.12/site-packages/rq/worker.py:1302: DeprecationWarning: This process (pid=78576) is multi-threaded, use of fork() may lead to deadlocks in the child.
  child_pid = os.fork()
/Users/user/Documents/resturantOS/frappe-bench/env/lib/python3.12/site-packages/passlib/utils/__init__.py:854: DeprecationWarning: 'crypt' is deprecated and slated for removal in Python 3.13
  from crypt import crypt as _crypt
/Users/user/Documents/resturantOS/frappe-bench/env/lib/python3.12/site-packages/rq/worker.py:1302: DeprecationWarning: This process (pid=78576) is multi-threaded, use of fork() may lead to deadlocks in the child.
  child_pid = os.fork()
/Users/user/Documents/resturantOS/frappe-bench/env/lib/python3.12/site-packages/passlib/utils/__init__.py:854: DeprecationWarning: 'crypt' is deprecated and slated for removal in Python 3.13
  from crypt import crypt as _crypt
/Users/user/Documents/resturantOS/frappe-bench/env/lib/python3.12/site-packages/rq/worker.py:1302: DeprecationWarning: This process (pid=78576) is multi-threaded, use of fork() may lead to deadlocks in the child.
  child_pid = os.fork()
/Users/user/Documents/resturantOS/frappe-bench/env/lib/python3.12/site-packages/passlib/utils/__init__.py:854: DeprecationWarning: 'crypt' is deprecated and slated for removal in Python 3.13
  from crypt import crypt as _crypt
/Users/user/Documents/resturantOS/frappe-bench/env/lib/python3.12/site-packages/rq/worker.py:1302: DeprecationWarning: This process (pid=78576) is multi-threaded, use of fork() may lead to deadlocks in the child.
  child_pid = os.fork()
/Users/user/Documents/resturantOS/frappe-bench/env/lib/python3.12/site-packages/passlib/utils/__init__.py:854: DeprecationWarning: 'crypt' is deprecated and slated for removal in Python 3.13
  from crypt import crypt as _crypt
/Users/user/Documents/resturantOS/frappe-bench/env/lib/python3.12/site-packages/rq/worker.py:1302: DeprecationWarning: This process (pid=78576) is multi-threaded, use of fork() may lead to deadlocks in the child.
  child_pid = os.fork()
/Users/user/Documents/resturantOS/frappe-bench/env/lib/python3.12/site-packages/passlib/utils/__init__.py:854: DeprecationWarning: 'crypt' is deprecated and slated for removal in Python 3.13
  from crypt import crypt as _crypt
/Users/user/Documents/resturantOS/frappe-bench/env/lib/python3.12/site-packages/rq/worker.py:1302: DeprecationWarning: This process (pid=78576) is multi-threaded, use of fork() may lead to deadlocks in the child.
  child_pid = os.fork()
/Users/user/Documents/resturantOS/frappe-bench/env/lib/python3.12/site-packages/passlib/utils/__init__.py:854: DeprecationWarning: 'crypt' is deprecated and slated for removal in Python 3.13
  from crypt import crypt as _crypt
/Users/user/Documents/resturantOS/frappe-bench/env/lib/python3.12/site-packages/rq/worker.py:1302: DeprecationWarning: This process (pid=78576) is multi-threaded, use of fork() may lead to deadlocks in the child.
  child_pid = os.fork()
/Users/user/Documents/resturantOS/frappe-bench/env/lib/python3.12/site-packages/passlib/utils/__init__.py:854: DeprecationWarning: 'crypt' is deprecated and slated for removal in Python 3.13
  from crypt import crypt as _crypt
/Users/user/Documents/resturantOS/frappe-bench/env/lib/python3.12/site-packages/rq/worker.py:1302: DeprecationWarning: This process (pid=78576) is multi-threaded, use of fork() may lead to deadlocks in the child.
  child_pid = os.fork()
/Users/user/Documents/resturantOS/frappe-bench/env/lib/python3.12/site-packages/passlib/utils/__init__.py:854: DeprecationWarning: 'crypt' is deprecated and slated for removal in Python 3.13
  from crypt import crypt as _crypt
/Users/user/Documents/resturantOS/frappe-bench/env/lib/python3.12/site-packages/rq/worker.py:1302: DeprecationWarning: This process (pid=78576) is multi-threaded, use of fork() may lead to deadlocks in the child.
  child_pid = os.fork()
/Users/user/Documents/resturantOS/frappe-bench/env/lib/python3.12/site-packages/passlib/utils/__init__.py:854: DeprecationWarning: 'crypt' is deprecated and slated for removal in Python 3.13
  from crypt import crypt as _crypt
/Users/user/Documents/resturantOS/frappe-bench/env/lib/python3.12/site-packages/rq/worker.py:1302: DeprecationWarning: This process (pid=78576) is multi-threaded, use of fork() may lead to deadlocks in the child.
  child_pid = os.fork()
/Users/user/Documents/resturantOS/frappe-bench/env/lib/python3.12/site-packages/passlib/utils/__init__.py:854: DeprecationWarning: 'crypt' is deprecated and slated for removal in Python 3.13
  from crypt import crypt as _crypt
/Users/user/Documents/resturantOS/frappe-bench/env/lib/python3.12/site-packages/rq/worker.py:1302: DeprecationWarning: This process (pid=78576) is multi-threaded, use of fork() may lead to deadlocks in the child.
  child_pid = os.fork()
/Users/user/Documents/resturantOS/frappe-bench/env/lib/python3.12/site-packages/passlib/utils/__init__.py:854: DeprecationWarning: 'crypt' is deprecated and slated for removal in Python 3.13
  from crypt import crypt as _crypt
/Users/user/Documents/resturantOS/frappe-bench/env/lib/python3.12/site-packages/rq/worker.py:1302: DeprecationWarning: This process (pid=78576) is multi-threaded, use of fork() may lead to deadlocks in the child.
  child_pid = os.fork()
/Users/user/Documents/resturantOS/frappe-bench/env/lib/python3.12/site-packages/passlib/utils/__init__.py:854: DeprecationWarning: 'crypt' is deprecated and slated for removal in Python 3.13
  from crypt import crypt as _crypt
/Users/user/Documents/resturantOS/frappe-bench/env/lib/python3.12/site-packages/rq/worker.py:1302: DeprecationWarning: This process (pid=78576) is multi-threaded, use of fork() may lead to deadlocks in the child.
  child_pid = os.fork()
/Users/user/Documents/resturantOS/frappe-bench/env/lib/python3.12/site-packages/passlib/utils/__init__.py:854: DeprecationWarning: 'crypt' is deprecated and slated for removal in Python 3.13
  from crypt import crypt as _crypt
/Users/user/Documents/resturantOS/frappe-bench/env/lib/python3.12/site-packages/rq/worker.py:1302: DeprecationWarning: This process (pid=78576) is multi-threaded, use of fork() may lead to deadlocks in the child.
  child_pid = os.fork()
/Users/user/Documents/resturantOS/frappe-bench/env/lib/python3.12/site-packages/passlib/utils/__init__.py:854: DeprecationWarning: 'crypt' is deprecated and slated for removal in Python 3.13
  from crypt import crypt as _crypt
/Users/user/Documents/resturantOS/frappe-bench/env/lib/python3.12/site-packages/rq/worker.py:1302: DeprecationWarning: This process (pid=78576) is multi-threaded, use of fork() may lead to deadlocks in the child.
  child_pid = os.fork()
/Users/user/Documents/resturantOS/frappe-bench/env/lib/python3.12/site-packages/passlib/utils/__init__.py:854: DeprecationWarning: 'crypt' is deprecated and slated for removal in Python 3.13
  from crypt import crypt as _crypt
/Users/user/Documents/resturantOS/frappe-bench/env/lib/python3.12/site-packages/rq/worker.py:1302: DeprecationWarning: This process (pid=78576) is multi-threaded, use of fork() may lead to deadlocks in the child.
  child_pid = os.fork()
/Users/user/Documents/resturantOS/frappe-bench/env/lib/python3.12/site-packages/passlib/utils/__init__.py:854: DeprecationWarning: 'crypt' is deprecated and slated for removal in Python 3.13
  from crypt import crypt as _crypt
/Users/user/Documents/resturantOS/frappe-bench/env/lib/python3.12/site-packages/rq/worker.py:1302: DeprecationWarning: This process (pid=78576) is multi-threaded, use of fork() may lead to deadlocks in the child.
  child_pid = os.fork()
/Users/user/Documents/resturantOS/frappe-bench/env/lib/python3.12/site-packages/passlib/utils/__init__.py:854: DeprecationWarning: 'crypt' is deprecated and slated for removal in Python 3.13
  from crypt import crypt as _crypt
/Users/user/Documents/resturantOS/frappe-bench/env/lib/python3.12/site-packages/rq/worker.py:1302: DeprecationWarning: This process (pid=78576) is multi-threaded, use of fork() may lead to deadlocks in the child.
  child_pid = os.fork()
/Users/user/Documents/resturantOS/frappe-bench/env/lib/python3.12/site-packages/passlib/utils/__init__.py:854: DeprecationWarning: 'crypt' is deprecated and slated for removal in Python 3.13
  from crypt import crypt as _crypt
/Users/user/Documents/resturantOS/frappe-bench/env/lib/python3.12/site-packages/rq/worker.py:1302: DeprecationWarning: This process (pid=78576) is multi-threaded, use of fork() may lead to deadlocks in the child.
  child_pid = os.fork()
/Users/user/Documents/resturantOS/frappe-bench/env/lib/python3.12/site-packages/passlib/utils/__init__.py:854: DeprecationWarning: 'crypt' is deprecated and slated for removal in Python 3.13
  from crypt import crypt as _crypt
/Users/user/Documents/resturantOS/frappe-bench/env/lib/python3.12/site-packages/rq/worker.py:1302: DeprecationWarning: This process (pid=78576) is multi-threaded, use of fork() may lead to deadlocks in the child.
  child_pid = os.fork()
/Users/user/Documents/resturantOS/frappe-bench/env/lib/python3.12/site-packages/passlib/utils/__init__.py:854: DeprecationWarning: 'crypt' is deprecated and slated for removal in Python 3.13
  from crypt import crypt as _crypt
/Users/user/Documents/resturantOS/frappe-bench/env/lib/python3.12/site-packages/rq/worker.py:1302: DeprecationWarning: This process (pid=78576) is multi-threaded, use of fork() may lead to deadlocks in the child.
  child_pid = os.fork()
/Users/user/Documents/resturantOS/frappe-bench/env/lib/python3.12/site-packages/passlib/utils/__init__.py:854: DeprecationWarning: 'crypt' is deprecated and slated for removal in Python 3.13
  from crypt import crypt as _crypt
/Users/user/Documents/resturantOS/frappe-bench/env/lib/python3.12/site-packages/rq/worker.py:1302: DeprecationWarning: This process (pid=78576) is multi-threaded, use of fork() may lead to deadlocks in the child.
  child_pid = os.fork()
/Users/user/Documents/resturantOS/frappe-bench/env/lib/python3.12/site-packages/passlib/utils/__init__.py:854: DeprecationWarning: 'crypt' is deprecated and slated for removal in Python 3.13
  from crypt import crypt as _crypt
/Users/user/Documents/resturantOS/frappe-bench/env/lib/python3.12/site-packages/rq/worker.py:1302: DeprecationWarning: This process (pid=78576) is multi-threaded, use of fork() may lead to deadlocks in the child.
  child_pid = os.fork()
/Users/user/Documents/resturantOS/frappe-bench/env/lib/python3.12/site-packages/passlib/utils/__init__.py:854: DeprecationWarning: 'crypt' is deprecated and slated for removal in Python 3.13
  from crypt import crypt as _crypt
/Users/user/Documents/resturantOS/frappe-bench/env/lib/python3.12/site-packages/rq/worker.py:1302: DeprecationWarning: This process (pid=78576) is multi-threaded, use of fork() may lead to deadlocks in the child.
  child_pid = os.fork()
/Users/user/Documents/resturantOS/frappe-bench/env/lib/python3.12/site-packages/passlib/utils/__init__.py:854: DeprecationWarning: 'crypt' is deprecated and slated for removal in Python 3.13
  from crypt import crypt as _crypt
/Users/user/Documents/resturantOS/frappe-bench/env/lib/python3.12/site-packages/rq/worker.py:1302: DeprecationWarning: This process (pid=78576) is multi-threaded, use of fork() may lead to deadlocks in the child.
  child_pid = os.fork()
/Users/user/Documents/resturantOS/frappe-bench/env/lib/python3.12/site-packages/passlib/utils/__init__.py:854: DeprecationWarning: 'crypt' is deprecated and slated for removal in Python 3.13
  from crypt import crypt as _crypt
/Users/user/Documents/resturantOS/frappe-bench/env/lib/python3.12/site-packages/rq/worker.py:1302: DeprecationWarning: This process (pid=78576) is multi-threaded, use of fork() may lead to deadlocks in the child.
  child_pid = os.fork()
/Users/user/Documents/resturantOS/frappe-bench/env/lib/python3.12/site-packages/passlib/utils/__init__.py:854: DeprecationWarning: 'crypt' is deprecated and slated for removal in Python 3.13
  from crypt import crypt as _crypt
/Users/user/Documents/resturantOS/frappe-bench/env/lib/python3.12/site-packages/rq/worker.py:1302: DeprecationWarning: This process (pid=78576) is multi-threaded, use of fork() may lead to deadlocks in the child.
  child_pid = os.fork()
/Users/user/Documents/resturantOS/frappe-bench/env/lib/python3.12/site-packages/passlib/utils/__init__.py:854: DeprecationWarning: 'crypt' is deprecated and slated for removal in Python 3.13
  from crypt import crypt as _crypt
/Users/user/Documents/resturantOS/frappe-bench/env/lib/python3.12/site-packages/rq/worker.py:1302: DeprecationWarning: This process (pid=78576) is multi-threaded, use of fork() may lead to deadlocks in the child.
  child_pid = os.fork()
/Users/user/Documents/resturantOS/frappe-bench/env/lib/python3.12/site-packages/passlib/utils/__init__.py:854: DeprecationWarning: 'crypt' is deprecated and slated for removal in Python 3.13
  from crypt import crypt as _crypt
/Users/user/Documents/resturantOS/frappe-bench/env/lib/python3.12/site-packages/rq/worker.py:1302: DeprecationWarning: This process (pid=78576) is multi-threaded, use of fork() may lead to deadlocks in the child.
  child_pid = os.fork()
/Users/user/Documents/resturantOS/frappe-bench/env/lib/python3.12/site-packages/passlib/utils/__init__.py:854: DeprecationWarning: 'crypt' is deprecated and slated for removal in Python 3.13
  from crypt import crypt as _crypt
/Users/user/Documents/resturantOS/frappe-bench/env/lib/python3.12/site-packages/rq/worker.py:1302: DeprecationWarning: This process (pid=78576) is multi-threaded, use of fork() may lead to deadlocks in the child.
  child_pid = os.fork()
/Users/user/Documents/resturantOS/frappe-bench/env/lib/python3.12/site-packages/passlib/utils/__init__.py:854: DeprecationWarning: 'crypt' is deprecated and slated for removal in Python 3.13
  from crypt import crypt as _crypt
/Users/user/Documents/resturantOS/frappe-bench/env/lib/python3.12/site-packages/rq/worker.py:1302: DeprecationWarning: This process (pid=78576) is multi-threaded, use of fork() may lead to deadlocks in the child.
  child_pid = os.fork()
/Users/user/Documents/resturantOS/frappe-bench/env/lib/python3.12/site-packages/passlib/utils/__init__.py:854: DeprecationWarning: 'crypt' is deprecated and slated for removal in Python 3.13
  from crypt import crypt as _crypt
/Users/user/Documents/resturantOS/frappe-bench/env/lib/python3.12/site-packages/rq/worker.py:1302: DeprecationWarning: This process (pid=78576) is multi-threaded, use of fork() may lead to deadlocks in the child.
  child_pid = os.fork()
/Users/user/Documents/resturantOS/frappe-bench/env/lib/python3.12/site-packages/passlib/utils/__init__.py:854: DeprecationWarning: 'crypt' is deprecated and slated for removal in Python 3.13
  from crypt import crypt as _crypt
/Users/user/Documents/resturantOS/frappe-bench/env/lib/python3.12/site-packages/rq/worker.py:1302: DeprecationWarning: This process (pid=78576) is multi-threaded, use of fork() may lead to deadlocks in the child.
  child_pid = os.fork()
/Users/user/Documents/resturantOS/frappe-bench/env/lib/python3.12/site-packages/passlib/utils/__init__.py:854: DeprecationWarning: 'crypt' is deprecated and slated for removal in Python 3.13
  from crypt import crypt as _crypt
/Users/user/Documents/resturantOS/frappe-bench/env/lib/python3.12/site-packages/rq/worker.py:1302: DeprecationWarning: This process (pid=78576) is multi-threaded, use of fork() may lead to deadlocks in the child.
  child_pid = os.fork()
/Users/user/Documents/resturantOS/frappe-bench/env/lib/python3.12/site-packages/passlib/utils/__init__.py:854: DeprecationWarning: 'crypt' is deprecated and slated for removal in Python 3.13
  from crypt import crypt as _crypt
/Users/user/Documents/resturantOS/frappe-bench/env/lib/python3.12/site-packages/rq/worker.py:1302: DeprecationWarning: This process (pid=78576) is multi-threaded, use of fork() may lead to deadlocks in the child.
  child_pid = os.fork()
/Users/user/Documents/resturantOS/frappe-bench/env/lib/python3.12/site-packages/passlib/utils/__init__.py:854: DeprecationWarning: 'crypt' is deprecated and slated for removal in Python 3.13
  from crypt import crypt as _crypt
/Users/user/Documents/resturantOS/frappe-bench/env/lib/python3.12/site-packages/rq/worker.py:1302: DeprecationWarning: This process (pid=78576) is multi-threaded, use of fork() may lead to deadlocks in the child.
  child_pid = os.fork()
/Users/user/Documents/resturantOS/frappe-bench/env/lib/python3.12/site-packages/passlib/utils/__init__.py:854: DeprecationWarning: 'crypt' is deprecated and slated for removal in Python 3.13
  from crypt import crypt as _crypt
/Users/user/Documents/resturantOS/frappe-bench/env/lib/python3.12/site-packages/rq/worker.py:1302: DeprecationWarning: This process (pid=78576) is multi-threaded, use of fork() may lead to deadlocks in the child.
  child_pid = os.fork()
/Users/user/Documents/resturantOS/frappe-bench/env/lib/python3.12/site-packages/passlib/utils/__init__.py:854: DeprecationWarning: 'crypt' is deprecated and slated for removal in Python 3.13
  from crypt import crypt as _crypt
/Users/user/Documents/resturantOS/frappe-bench/env/lib/python3.12/site-packages/rq/worker.py:1302: DeprecationWarning: This process (pid=78576) is multi-threaded, use of fork() may lead to deadlocks in the child.
  child_pid = os.fork()
/Users/user/Documents/resturantOS/frappe-bench/env/lib/python3.12/site-packages/passlib/utils/__init__.py:854: DeprecationWarning: 'crypt' is deprecated and slated for removal in Python 3.13
  from crypt import crypt as _crypt
/Users/user/Documents/resturantOS/frappe-bench/env/lib/python3.12/site-packages/rq/worker.py:1302: DeprecationWarning: This process (pid=78576) is multi-threaded, use of fork() may lead to deadlocks in the child.
  child_pid = os.fork()
/Users/user/Documents/resturantOS/frappe-bench/env/lib/python3.12/site-packages/passlib/utils/__init__.py:854: DeprecationWarning: 'crypt' is deprecated and slated for removal in Python 3.13
  from crypt import crypt as _crypt
/Users/user/Documents/resturantOS/frappe-bench/env/lib/python3.12/site-packages/rq/worker.py:1302: DeprecationWarning: This process (pid=78576) is multi-threaded, use of fork() may lead to deadlocks in the child.
  child_pid = os.fork()
/Users/user/Documents/resturantOS/frappe-bench/env/lib/python3.12/site-packages/passlib/utils/__init__.py:854: DeprecationWarning: 'crypt' is deprecated and slated for removal in Python 3.13
  from crypt import crypt as _crypt
/Users/user/Documents/resturantOS/frappe-bench/env/lib/python3.12/site-packages/rq/worker.py:1302: DeprecationWarning: This process (pid=78576) is multi-threaded, use of fork() may lead to deadlocks in the child.
  child_pid = os.fork()
/Users/user/Documents/resturantOS/frappe-bench/env/lib/python3.12/site-packages/passlib/utils/__init__.py:854: DeprecationWarning: 'crypt' is deprecated and slated for removal in Python 3.13
  from crypt import crypt as _crypt
/Users/user/Documents/resturantOS/frappe-bench/env/lib/python3.12/site-packages/rq/worker.py:1302: DeprecationWarning: This process (pid=78576) is multi-threaded, use of fork() may lead to deadlocks in the child.
  child_pid = os.fork()
/Users/user/Documents/resturantOS/frappe-bench/env/lib/python3.12/site-packages/passlib/utils/__init__.py:854: DeprecationWarning: 'crypt' is deprecated and slated for removal in Python 3.13
  from crypt import crypt as _crypt
/Users/user/Documents/resturantOS/frappe-bench/env/lib/python3.12/site-packages/rq/worker.py:1302: DeprecationWarning: This process (pid=78576) is multi-threaded, use of fork() may lead to deadlocks in the child.
  child_pid = os.fork()
/Users/user/Documents/resturantOS/frappe-bench/env/lib/python3.12/site-packages/passlib/utils/__init__.py:854: DeprecationWarning: 'crypt' is deprecated and slated for removal in Python 3.13
  from crypt import crypt as _crypt
/Users/user/Documents/resturantOS/frappe-bench/env/lib/python3.12/site-packages/rq/worker.py:1302: DeprecationWarning: This process (pid=78576) is multi-threaded, use of fork() may lead to deadlocks in the child.
  child_pid = os.fork()
/Users/user/Documents/resturantOS/frappe-bench/env/lib/python3.12/site-packages/passlib/utils/__init__.py:854: DeprecationWarning: 'crypt' is deprecated and slated for removal in Python 3.13
  from crypt import crypt as _crypt
/Users/user/Documents/resturantOS/frappe-bench/env/lib/python3.12/site-packages/rq/worker.py:1302: DeprecationWarning: This process (pid=78576) is multi-threaded, use of fork() may lead to deadlocks in the child.
  child_pid = os.fork()
/Users/user/Documents/resturantOS/frappe-bench/env/lib/python3.12/site-packages/passlib/utils/__init__.py:854: DeprecationWarning: 'crypt' is deprecated and slated for removal in Python 3.13
  from crypt import crypt as _crypt
/Users/user/Documents/resturantOS/frappe-bench/env/lib/python3.12/site-packages/rq/worker.py:1302: DeprecationWarning: This process (pid=78576) is multi-threaded, use of fork() may lead to deadlocks in the child.
  child_pid = os.fork()
/Users/user/Documents/resturantOS/frappe-bench/env/lib/python3.12/site-packages/passlib/utils/__init__.py:854: DeprecationWarning: 'crypt' is deprecated and slated for removal in Python 3.13
  from crypt import crypt as _crypt
/Users/user/Documents/resturantOS/frappe-bench/env/lib/python3.12/site-packages/rq/worker.py:1302: DeprecationWarning: This process (pid=78576) is multi-threaded, use of fork() may lead to deadlocks in the child.
  child_pid = os.fork()
/Users/user/Documents/resturantOS/frappe-bench/env/lib/python3.12/site-packages/passlib/utils/__init__.py:854: DeprecationWarning: 'crypt' is deprecated and slated for removal in Python 3.13
  from crypt import crypt as _crypt
/Users/user/Documents/resturantOS/frappe-bench/env/lib/python3.12/site-packages/rq/worker.py:1302: DeprecationWarning: This process (pid=78576) is multi-threaded, use of fork() may lead to deadlocks in the child.
  child_pid = os.fork()
/Users/user/Documents/resturantOS/frappe-bench/env/lib/python3.12/site-packages/passlib/utils/__init__.py:854: DeprecationWarning: 'crypt' is deprecated and slated for removal in Python 3.13
  from crypt import crypt as _crypt
/Users/user/Documents/resturantOS/frappe-bench/env/lib/python3.12/site-packages/rq/worker.py:1302: DeprecationWarning: This process (pid=78576) is multi-threaded, use of fork() may lead to deadlocks in the child.
  child_pid = os.fork()
/Users/user/Documents/resturantOS/frappe-bench/env/lib/python3.12/site-packages/passlib/utils/__init__.py:854: DeprecationWarning: 'crypt' is deprecated and slated for removal in Python 3.13
  from crypt import crypt as _crypt
/Users/user/Documents/resturantOS/frappe-bench/env/lib/python3.12/site-packages/rq/worker.py:1302: DeprecationWarning: This process (pid=78576) is multi-threaded, use of fork() may lead to deadlocks in the child.
  child_pid = os.fork()
/Users/user/Documents/resturantOS/frappe-bench/env/lib/python3.12/site-packages/passlib/utils/__init__.py:854: DeprecationWarning: 'crypt' is deprecated and slated for removal in Python 3.13
  from crypt import crypt as _crypt
/Users/user/Documents/resturantOS/frappe-bench/env/lib/python3.12/site-packages/rq/worker.py:1302: DeprecationWarning: This process (pid=78576) is multi-threaded, use of fork() may lead to deadlocks in the child.
  child_pid = os.fork()
/Users/user/Documents/resturantOS/frappe-bench/env/lib/python3.12/site-packages/passlib/utils/__init__.py:854: DeprecationWarning: 'crypt' is deprecated and slated for removal in Python 3.13
  from crypt import crypt as _crypt
/Users/user/Documents/resturantOS/frappe-bench/env/lib/python3.12/site-packages/rq/worker.py:1302: DeprecationWarning: This process (pid=78576) is multi-threaded, use of fork() may lead to deadlocks in the child.
  child_pid = os.fork()
/Users/user/Documents/resturantOS/frappe-bench/env/lib/python3.12/site-packages/passlib/utils/__init__.py:854: DeprecationWarning: 'crypt' is deprecated and slated for removal in Python 3.13
  from crypt import crypt as _crypt
/Users/user/Documents/resturantOS/frappe-bench/env/lib/python3.12/site-packages/rq/worker.py:1302: DeprecationWarning: This process (pid=78576) is multi-threaded, use of fork() may lead to deadlocks in the child.
  child_pid = os.fork()
/Users/user/Documents/resturantOS/frappe-bench/env/lib/python3.12/site-packages/passlib/utils/__init__.py:854: DeprecationWarning: 'crypt' is deprecated and slated for removal in Python 3.13
  from crypt import crypt as _crypt
/Users/user/Documents/resturantOS/frappe-bench/env/lib/python3.12/site-packages/rq/worker.py:1302: DeprecationWarning: This process (pid=78576) is multi-threaded, use of fork() may lead to deadlocks in the child.
  child_pid = os.fork()
/Users/user/Documents/resturantOS/frappe-bench/env/lib/python3.12/site-packages/passlib/utils/__init__.py:854: DeprecationWarning: 'crypt' is deprecated and slated for removal in Python 3.13
  from crypt import crypt as _crypt
/Users/user/Documents/resturantOS/frappe-bench/env/lib/python3.12/site-packages/rq/worker.py:1302: DeprecationWarning: This process (pid=78576) is multi-threaded, use of fork() may lead to deadlocks in the child.
  child_pid = os.fork()
/Users/user/Documents/resturantOS/frappe-bench/env/lib/python3.12/site-packages/passlib/utils/__init__.py:854: DeprecationWarning: 'crypt' is deprecated and slated for removal in Python 3.13
  from crypt import crypt as _crypt
/Users/user/Documents/resturantOS/frappe-bench/env/lib/python3.12/site-packages/rq/worker.py:1302: DeprecationWarning: This process (pid=78576) is multi-threaded, use of fork() may lead to deadlocks in the child.
  child_pid = os.fork()
/Users/user/Documents/resturantOS/frappe-bench/env/lib/python3.12/site-packages/passlib/utils/__init__.py:854: DeprecationWarning: 'crypt' is deprecated and slated for removal in Python 3.13
  from crypt import crypt as _crypt
/Users/user/Documents/resturantOS/frappe-bench/env/lib/python3.12/site-packages/rq/worker.py:1302: DeprecationWarning: This process (pid=78576) is multi-threaded, use of fork() may lead to deadlocks in the child.
  child_pid = os.fork()
/Users/user/Documents/resturantOS/frappe-bench/env/lib/python3.12/site-packages/passlib/utils/__init__.py:854: DeprecationWarning: 'crypt' is deprecated and slated for removal in Python 3.13
  from crypt import crypt as _crypt
/Users/user/Documents/resturantOS/frappe-bench/env/lib/python3.12/site-packages/rq/worker.py:1302: DeprecationWarning: This process (pid=78576) is multi-threaded, use of fork() may lead to deadlocks in the child.
  child_pid = os.fork()
/Users/user/Documents/resturantOS/frappe-bench/env/lib/python3.12/site-packages/passlib/utils/__init__.py:854: DeprecationWarning: 'crypt' is deprecated and slated for removal in Python 3.13
  from crypt import crypt as _crypt
/Users/user/Documents/resturantOS/frappe-bench/env/lib/python3.12/site-packages/rq/worker.py:1302: DeprecationWarning: This process (pid=78576) is multi-threaded, use of fork() may lead to deadlocks in the child.
  child_pid = os.fork()
/Users/user/Documents/resturantOS/frappe-bench/env/lib/python3.12/site-packages/passlib/utils/__init__.py:854: DeprecationWarning: 'crypt' is deprecated and slated for removal in Python 3.13
  from crypt import crypt as _crypt
/Users/user/Documents/resturantOS/frappe-bench/env/lib/python3.12/site-packages/rq/worker.py:1302: DeprecationWarning: This process (pid=78576) is multi-threaded, use of fork() may lead to deadlocks in the child.
  child_pid = os.fork()
/Users/user/Documents/resturantOS/frappe-bench/env/lib/python3.12/site-packages/passlib/utils/__init__.py:854: DeprecationWarning: 'crypt' is deprecated and slated for removal in Python 3.13
  from crypt import crypt as _crypt
/Users/user/Documents/resturantOS/frappe-bench/env/lib/python3.12/site-packages/rq/worker.py:1302: DeprecationWarning: This process (pid=78576) is multi-threaded, use of fork() may lead to deadlocks in the child.
  child_pid = os.fork()
/Users/user/Documents/resturantOS/frappe-bench/env/lib/python3.12/site-packages/passlib/utils/__init__.py:854: DeprecationWarning: 'crypt' is deprecated and slated for removal in Python 3.13
  from crypt import crypt as _crypt
/Users/user/Documents/resturantOS/frappe-bench/env/lib/python3.12/site-packages/rq/worker.py:1302: DeprecationWarning: This process (pid=78576) is multi-threaded, use of fork() may lead to deadlocks in the child.
  child_pid = os.fork()
/Users/user/Documents/resturantOS/frappe-bench/env/lib/python3.12/site-packages/passlib/utils/__init__.py:854: DeprecationWarning: 'crypt' is deprecated and slated for removal in Python 3.13
  from crypt import crypt as _crypt
/Users/user/Documents/resturantOS/frappe-bench/env/lib/python3.12/site-packages/rq/worker.py:1302: DeprecationWarning: This process (pid=78576) is multi-threaded, use of fork() may lead to deadlocks in the child.
  child_pid = os.fork()
/Users/user/Documents/resturantOS/frappe-bench/env/lib/python3.12/site-packages/passlib/utils/__init__.py:854: DeprecationWarning: 'crypt' is deprecated and slated for removal in Python 3.13
  from crypt import crypt as _crypt
/Users/user/Documents/resturantOS/frappe-bench/env/lib/python3.12/site-packages/rq/worker.py:1302: DeprecationWarning: This process (pid=78576) is multi-threaded, use of fork() may lead to deadlocks in the child.
  child_pid = os.fork()
/Users/user/Documents/resturantOS/frappe-bench/env/lib/python3.12/site-packages/passlib/utils/__init__.py:854: DeprecationWarning: 'crypt' is deprecated and slated for removal in Python 3.13
  from crypt import crypt as _crypt
/Users/user/Documents/resturantOS/frappe-bench/env/lib/python3.12/site-packages/rq/worker.py:1302: DeprecationWarning: This process (pid=78576) is multi-threaded, use of fork() may lead to deadlocks in the child.
  child_pid = os.fork()
/Users/user/Documents/resturantOS/frappe-bench/env/lib/python3.12/site-packages/passlib/utils/__init__.py:854: DeprecationWarning: 'crypt' is deprecated and slated for removal in Python 3.13
  from crypt import crypt as _crypt
/Users/user/Documents/resturantOS/frappe-bench/env/lib/python3.12/site-packages/rq/worker.py:1302: DeprecationWarning: This process (pid=78576) is multi-threaded, use of fork() may lead to deadlocks in the child.
  child_pid = os.fork()
/Users/user/Documents/resturantOS/frappe-bench/env/lib/python3.12/site-packages/passlib/utils/__init__.py:854: DeprecationWarning: 'crypt' is deprecated and slated for removal in Python 3.13
  from crypt import crypt as _crypt
/Users/user/Documents/resturantOS/frappe-bench/env/lib/python3.12/site-packages/rq/worker.py:1302: DeprecationWarning: This process (pid=78576) is multi-threaded, use of fork() may lead to deadlocks in the child.
  child_pid = os.fork()
/Users/user/Documents/resturantOS/frappe-bench/env/lib/python3.12/site-packages/passlib/utils/__init__.py:854: DeprecationWarning: 'crypt' is deprecated and slated for removal in Python 3.13
  from crypt import crypt as _crypt
/Users/user/Documents/resturantOS/frappe-bench/env/lib/python3.12/site-packages/rq/worker.py:1302: DeprecationWarning: This process (pid=78576) is multi-threaded, use of fork() may lead to deadlocks in the child.
  child_pid = os.fork()
/Users/user/Documents/resturantOS/frappe-bench/env/lib/python3.12/site-packages/passlib/utils/__init__.py:854: DeprecationWarning: 'crypt' is deprecated and slated for removal in Python 3.13
  from crypt import crypt as _crypt
/Users/user/Documents/resturantOS/frappe-bench/env/lib/python3.12/site-packages/rq/worker.py:1302: DeprecationWarning: This process (pid=78576) is multi-threaded, use of fork() may lead to deadlocks in the child.
  child_pid = os.fork()
/Users/user/Documents/resturantOS/frappe-bench/env/lib/python3.12/site-packages/passlib/utils/__init__.py:854: DeprecationWarning: 'crypt' is deprecated and slated for removal in Python 3.13
  from crypt import crypt as _crypt
/Users/user/Documents/resturantOS/frappe-bench/env/lib/python3.12/site-packages/rq/worker.py:1302: DeprecationWarning: This process (pid=78576) is multi-threaded, use of fork() may lead to deadlocks in the child.
  child_pid = os.fork()
/Users/user/Documents/resturantOS/frappe-bench/env/lib/python3.12/site-packages/passlib/utils/__init__.py:854: DeprecationWarning: 'crypt' is deprecated and slated for removal in Python 3.13
  from crypt import crypt as _crypt
/Users/user/Documents/resturantOS/frappe-bench/env/lib/python3.12/site-packages/rq/worker.py:1302: DeprecationWarning: This process (pid=78576) is multi-threaded, use of fork() may lead to deadlocks in the child.
  child_pid = os.fork()
/Users/user/Documents/resturantOS/frappe-bench/env/lib/python3.12/site-packages/passlib/utils/__init__.py:854: DeprecationWarning: 'crypt' is deprecated and slated for removal in Python 3.13
  from crypt import crypt as _crypt
/Users/user/Documents/resturantOS/frappe-bench/env/lib/python3.12/site-packages/rq/worker.py:1302: DeprecationWarning: This process (pid=78576) is multi-threaded, use of fork() may lead to deadlocks in the child.
  child_pid = os.fork()
/Users/user/Documents/resturantOS/frappe-bench/env/lib/python3.12/site-packages/passlib/utils/__init__.py:854: DeprecationWarning: 'crypt' is deprecated and slated for removal in Python 3.13
  from crypt import crypt as _crypt
/Users/user/Documents/resturantOS/frappe-bench/env/lib/python3.12/site-packages/rq/worker.py:1302: DeprecationWarning: This process (pid=78576) is multi-threaded, use of fork() may lead to deadlocks in the child.
  child_pid = os.fork()
/Users/user/Documents/resturantOS/frappe-bench/env/lib/python3.12/site-packages/passlib/utils/__init__.py:854: DeprecationWarning: 'crypt' is deprecated and slated for removal in Python 3.13
  from crypt import crypt as _crypt
/Users/user/Documents/resturantOS/frappe-bench/env/lib/python3.12/site-packages/rq/worker.py:1302: DeprecationWarning: This process (pid=78576) is multi-threaded, use of fork() may lead to deadlocks in the child.
  child_pid = os.fork()
/Users/user/Documents/resturantOS/frappe-bench/env/lib/python3.12/site-packages/passlib/utils/__init__.py:854: DeprecationWarning: 'crypt' is deprecated and slated for removal in Python 3.13
  from crypt import crypt as _crypt
/Users/user/Documents/resturantOS/frappe-bench/env/lib/python3.12/site-packages/rq/worker.py:1302: DeprecationWarning: This process (pid=78576) is multi-threaded, use of fork() may lead to deadlocks in the child.
  child_pid = os.fork()
/Users/user/Documents/resturantOS/frappe-bench/env/lib/python3.12/site-packages/passlib/utils/__init__.py:854: DeprecationWarning: 'crypt' is deprecated and slated for removal in Python 3.13
  from crypt import crypt as _crypt
/Users/user/Documents/resturantOS/frappe-bench/env/lib/python3.12/site-packages/rq/worker.py:1302: DeprecationWarning: This process (pid=78576) is multi-threaded, use of fork() may lead to deadlocks in the child.
  child_pid = os.fork()
/Users/user/Documents/resturantOS/frappe-bench/env/lib/python3.12/site-packages/passlib/utils/__init__.py:854: DeprecationWarning: 'crypt' is deprecated and slated for removal in Python 3.13
  from crypt import crypt as _crypt
/Users/user/Documents/resturantOS/frappe-bench/env/lib/python3.12/site-packages/rq/worker.py:1302: DeprecationWarning: This process (pid=78576) is multi-threaded, use of fork() may lead to deadlocks in the child.
  child_pid = os.fork()
/Users/user/Documents/resturantOS/frappe-bench/env/lib/python3.12/site-packages/passlib/utils/__init__.py:854: DeprecationWarning: 'crypt' is deprecated and slated for removal in Python 3.13
  from crypt import crypt as _crypt
/Users/user/Documents/resturantOS/frappe-bench/env/lib/python3.12/site-packages/rq/worker.py:1302: DeprecationWarning: This process (pid=78576) is multi-threaded, use of fork() may lead to deadlocks in the child.
  child_pid = os.fork()
/Users/user/Documents/resturantOS/frappe-bench/env/lib/python3.12/site-packages/passlib/utils/__init__.py:854: DeprecationWarning: 'crypt' is deprecated and slated for removal in Python 3.13
  from crypt import crypt as _crypt
/Users/user/Documents/resturantOS/frappe-bench/env/lib/python3.12/site-packages/rq/worker.py:1302: DeprecationWarning: This process (pid=78576) is multi-threaded, use of fork() may lead to deadlocks in the child.
  child_pid = os.fork()
/Users/user/Documents/resturantOS/frappe-bench/env/lib/python3.12/site-packages/passlib/utils/__init__.py:854: DeprecationWarning: 'crypt' is deprecated and slated for removal in Python 3.13
  from crypt import crypt as _crypt
/Users/user/Documents/resturantOS/frappe-bench/env/lib/python3.12/site-packages/rq/worker.py:1302: DeprecationWarning: This process (pid=78576) is multi-threaded, use of fork() may lead to deadlocks in the child.
  child_pid = os.fork()
/Users/user/Documents/resturantOS/frappe-bench/env/lib/python3.12/site-packages/passlib/utils/__init__.py:854: DeprecationWarning: 'crypt' is deprecated and slated for removal in Python 3.13
  from crypt import crypt as _crypt
/Users/user/Documents/resturantOS/frappe-bench/env/lib/python3.12/site-packages/rq/worker.py:1302: DeprecationWarning: This process (pid=78576) is multi-threaded, use of fork() may lead to deadlocks in the child.
  child_pid = os.fork()
/Users/user/Documents/resturantOS/frappe-bench/env/lib/python3.12/site-packages/passlib/utils/__init__.py:854: DeprecationWarning: 'crypt' is deprecated and slated for removal in Python 3.13
  from crypt import crypt as _crypt
/Users/user/Documents/resturantOS/frappe-bench/env/lib/python3.12/site-packages/rq/worker.py:1302: DeprecationWarning: This process (pid=78576) is multi-threaded, use of fork() may lead to deadlocks in the child.
  child_pid = os.fork()
/Users/user/Documents/resturantOS/frappe-bench/env/lib/python3.12/site-packages/passlib/utils/__init__.py:854: DeprecationWarning: 'crypt' is deprecated and slated for removal in Python 3.13
  from crypt import crypt as _crypt
/Users/user/Documents/resturantOS/frappe-bench/env/lib/python3.12/site-packages/rq/worker.py:1302: DeprecationWarning: This process (pid=78576) is multi-threaded, use of fork() may lead to deadlocks in the child.
  child_pid = os.fork()
/Users/user/Documents/resturantOS/frappe-bench/env/lib/python3.12/site-packages/passlib/utils/__init__.py:854: DeprecationWarning: 'crypt' is deprecated and slated for removal in Python 3.13
  from crypt import crypt as _crypt
/Users/user/Documents/resturantOS/frappe-bench/env/lib/python3.12/site-packages/rq/worker.py:1302: DeprecationWarning: This process (pid=78576) is multi-threaded, use of fork() may lead to deadlocks in the child.
  child_pid = os.fork()
/Users/user/Documents/resturantOS/frappe-bench/env/lib/python3.12/site-packages/passlib/utils/__init__.py:854: DeprecationWarning: 'crypt' is deprecated and slated for removal in Python 3.13
  from crypt import crypt as _crypt
/Users/user/Documents/resturantOS/frappe-bench/env/lib/python3.12/site-packages/rq/worker.py:1302: DeprecationWarning: This process (pid=78576) is multi-threaded, use of fork() may lead to deadlocks in the child.
  child_pid = os.fork()
/Users/user/Documents/resturantOS/frappe-bench/env/lib/python3.12/site-packages/passlib/utils/__init__.py:854: DeprecationWarning: 'crypt' is deprecated and slated for removal in Python 3.13
  from crypt import crypt as _crypt
/Users/user/Documents/resturantOS/frappe-bench/env/lib/python3.12/site-packages/rq/worker.py:1302: DeprecationWarning: This process (pid=78576) is multi-threaded, use of fork() may lead to deadlocks in the child.
  child_pid = os.fork()
/Users/user/Documents/resturantOS/frappe-bench/env/lib/python3.12/site-packages/passlib/utils/__init__.py:854: DeprecationWarning: 'crypt' is deprecated and slated for removal in Python 3.13
  from crypt import crypt as _crypt
/Users/user/Documents/resturantOS/frappe-bench/env/lib/python3.12/site-packages/rq/worker.py:1302: DeprecationWarning: This process (pid=78576) is multi-threaded, use of fork() may lead to deadlocks in the child.
  child_pid = os.fork()
/Users/user/Documents/resturantOS/frappe-bench/env/lib/python3.12/site-packages/passlib/utils/__init__.py:854: DeprecationWarning: 'crypt' is deprecated and slated for removal in Python 3.13
  from crypt import crypt as _crypt
/Users/user/Documents/resturantOS/frappe-bench/env/lib/python3.12/site-packages/rq/worker.py:1302: DeprecationWarning: This process (pid=78576) is multi-threaded, use of fork() may lead to deadlocks in the child.
  child_pid = os.fork()
/Users/user/Documents/resturantOS/frappe-bench/env/lib/python3.12/site-packages/passlib/utils/__init__.py:854: DeprecationWarning: 'crypt' is deprecated and slated for removal in Python 3.13
  from crypt import crypt as _crypt
/Users/user/Documents/resturantOS/frappe-bench/env/lib/python3.12/site-packages/rq/worker.py:1302: DeprecationWarning: This process (pid=78576) is multi-threaded, use of fork() may lead to deadlocks in the child.
  child_pid = os.fork()
/Users/user/Documents/resturantOS/frappe-bench/env/lib/python3.12/site-packages/passlib/utils/__init__.py:854: DeprecationWarning: 'crypt' is deprecated and slated for removal in Python 3.13
  from crypt import crypt as _crypt
/Users/user/Documents/resturantOS/frappe-bench/env/lib/python3.12/site-packages/rq/worker.py:1302: DeprecationWarning: This process (pid=78576) is multi-threaded, use of fork() may lead to deadlocks in the child.
  child_pid = os.fork()
/Users/user/Documents/resturantOS/frappe-bench/env/lib/python3.12/site-packages/passlib/utils/__init__.py:854: DeprecationWarning: 'crypt' is deprecated and slated for removal in Python 3.13
  from crypt import crypt as _crypt
/Users/user/Documents/resturantOS/frappe-bench/env/lib/python3.12/site-packages/rq/worker.py:1302: DeprecationWarning: This process (pid=78576) is multi-threaded, use of fork() may lead to deadlocks in the child.
  child_pid = os.fork()
/Users/user/Documents/resturantOS/frappe-bench/env/lib/python3.12/site-packages/passlib/utils/__init__.py:854: DeprecationWarning: 'crypt' is deprecated and slated for removal in Python 3.13
  from crypt import crypt as _crypt
/Users/user/Documents/resturantOS/frappe-bench/env/lib/python3.12/site-packages/rq/worker.py:1302: DeprecationWarning: This process (pid=78576) is multi-threaded, use of fork() may lead to deadlocks in the child.
  child_pid = os.fork()
/Users/user/Documents/resturantOS/frappe-bench/env/lib/python3.12/site-packages/passlib/utils/__init__.py:854: DeprecationWarning: 'crypt' is deprecated and slated for removal in Python 3.13
  from crypt import crypt as _crypt
/Users/user/Documents/resturantOS/frappe-bench/env/lib/python3.12/site-packages/rq/worker.py:1302: DeprecationWarning: This process (pid=78576) is multi-threaded, use of fork() may lead to deadlocks in the child.
  child_pid = os.fork()
/Users/user/Documents/resturantOS/frappe-bench/env/lib/python3.12/site-packages/passlib/utils/__init__.py:854: DeprecationWarning: 'crypt' is deprecated and slated for removal in Python 3.13
  from crypt import crypt as _crypt
/Users/user/Documents/resturantOS/frappe-bench/env/lib/python3.12/site-packages/rq/worker.py:1302: DeprecationWarning: This process (pid=78576) is multi-threaded, use of fork() may lead to deadlocks in the child.
  child_pid = os.fork()
/Users/user/Documents/resturantOS/frappe-bench/env/lib/python3.12/site-packages/passlib/utils/__init__.py:854: DeprecationWarning: 'crypt' is deprecated and slated for removal in Python 3.13
  from crypt import crypt as _crypt
/Users/user/Documents/resturantOS/frappe-bench/env/lib/python3.12/site-packages/rq/worker.py:1302: DeprecationWarning: This process (pid=78576) is multi-threaded, use of fork() may lead to deadlocks in the child.
  child_pid = os.fork()
/Users/user/Documents/resturantOS/frappe-bench/env/lib/python3.12/site-packages/passlib/utils/__init__.py:854: DeprecationWarning: 'crypt' is deprecated and slated for removal in Python 3.13
  from crypt import crypt as _crypt
/Users/user/Documents/resturantOS/frappe-bench/env/lib/python3.12/site-packages/rq/worker.py:1302: DeprecationWarning: This process (pid=78576) is multi-threaded, use of fork() may lead to deadlocks in the child.
  child_pid = os.fork()
/Users/user/Documents/resturantOS/frappe-bench/env/lib/python3.12/site-packages/passlib/utils/__init__.py:854: DeprecationWarning: 'crypt' is deprecated and slated for removal in Python 3.13
  from crypt import crypt as _crypt
/Users/user/Documents/resturantOS/frappe-bench/env/lib/python3.12/site-packages/rq/worker.py:1302: DeprecationWarning: This process (pid=78576) is multi-threaded, use of fork() may lead to deadlocks in the child.
  child_pid = os.fork()
/Users/user/Documents/resturantOS/frappe-bench/env/lib/python3.12/site-packages/passlib/utils/__init__.py:854: DeprecationWarning: 'crypt' is deprecated and slated for removal in Python 3.13
  from crypt import crypt as _crypt
/Users/user/Documents/resturantOS/frappe-bench/env/lib/python3.12/site-packages/rq/worker.py:1302: DeprecationWarning: This process (pid=78576) is multi-threaded, use of fork() may lead to deadlocks in the child.
  child_pid = os.fork()
/Users/user/Documents/resturantOS/frappe-bench/env/lib/python3.12/site-packages/passlib/utils/__init__.py:854: DeprecationWarning: 'crypt' is deprecated and slated for removal in Python 3.13
  from crypt import crypt as _crypt
/Users/user/Documents/resturantOS/frappe-bench/env/lib/python3.12/site-packages/rq/worker.py:1302: DeprecationWarning: This process (pid=78576) is multi-threaded, use of fork() may lead to deadlocks in the child.
  child_pid = os.fork()
/Users/user/Documents/resturantOS/frappe-bench/env/lib/python3.12/site-packages/passlib/utils/__init__.py:854: DeprecationWarning: 'crypt' is deprecated and slated for removal in Python 3.13
  from crypt import crypt as _crypt
/Users/user/Documents/resturantOS/frappe-bench/env/lib/python3.12/site-packages/rq/worker.py:1302: DeprecationWarning: This process (pid=78576) is multi-threaded, use of fork() may lead to deadlocks in the child.
  child_pid = os.fork()
/Users/user/Documents/resturantOS/frappe-bench/env/lib/python3.12/site-packages/passlib/utils/__init__.py:854: DeprecationWarning: 'crypt' is deprecated and slated for removal in Python 3.13
  from crypt import crypt as _crypt
/Users/user/Documents/resturantOS/frappe-bench/env/lib/python3.12/site-packages/rq/worker.py:1302: DeprecationWarning: This process (pid=78576) is multi-threaded, use of fork() may lead to deadlocks in the child.
  child_pid = os.fork()
/Users/user/Documents/resturantOS/frappe-bench/env/lib/python3.12/site-packages/passlib/utils/__init__.py:854: DeprecationWarning: 'crypt' is deprecated and slated for removal in Python 3.13
  from crypt import crypt as _crypt
/Users/user/Documents/resturantOS/frappe-bench/env/lib/python3.12/site-packages/rq/worker.py:1302: DeprecationWarning: This process (pid=78576) is multi-threaded, use of fork() may lead to deadlocks in the child.
  child_pid = os.fork()
/Users/user/Documents/resturantOS/frappe-bench/env/lib/python3.12/site-packages/passlib/utils/__init__.py:854: DeprecationWarning: 'crypt' is deprecated and slated for removal in Python 3.13
  from crypt import crypt as _crypt
/Users/user/Documents/resturantOS/frappe-bench/env/lib/python3.12/site-packages/rq/worker.py:1302: DeprecationWarning: This process (pid=78576) is multi-threaded, use of fork() may lead to deadlocks in the child.
  child_pid = os.fork()
/Users/user/Documents/resturantOS/frappe-bench/env/lib/python3.12/site-packages/passlib/utils/__init__.py:854: DeprecationWarning: 'crypt' is deprecated and slated for removal in Python 3.13
  from crypt import crypt as _crypt
/Users/user/Documents/resturantOS/frappe-bench/env/lib/python3.12/site-packages/rq/worker.py:1302: DeprecationWarning: This process (pid=78576) is multi-threaded, use of fork() may lead to deadlocks in the child.
  child_pid = os.fork()
/Users/user/Documents/resturantOS/frappe-bench/env/lib/python3.12/site-packages/passlib/utils/__init__.py:854: DeprecationWarning: 'crypt' is deprecated and slated for removal in Python 3.13
  from crypt import crypt as _crypt
/Users/user/Documents/resturantOS/frappe-bench/env/lib/python3.12/site-packages/rq/worker.py:1302: DeprecationWarning: This process (pid=78576) is multi-threaded, use of fork() may lead to deadlocks in the child.
  child_pid = os.fork()
/Users/user/Documents/resturantOS/frappe-bench/env/lib/python3.12/site-packages/passlib/utils/__init__.py:854: DeprecationWarning: 'crypt' is deprecated and slated for removal in Python 3.13
  from crypt import crypt as _crypt
/Users/user/Documents/resturantOS/frappe-bench/env/lib/python3.12/site-packages/rq/worker.py:1302: DeprecationWarning: This process (pid=78576) is multi-threaded, use of fork() may lead to deadlocks in the child.
  child_pid = os.fork()
/Users/user/Documents/resturantOS/frappe-bench/env/lib/python3.12/site-packages/passlib/utils/__init__.py:854: DeprecationWarning: 'crypt' is deprecated and slated for removal in Python 3.13
  from crypt import crypt as _crypt
/Users/user/Documents/resturantOS/frappe-bench/env/lib/python3.12/site-packages/rq/worker.py:1302: DeprecationWarning: This process (pid=78576) is multi-threaded, use of fork() may lead to deadlocks in the child.
  child_pid = os.fork()
/Users/user/Documents/resturantOS/frappe-bench/env/lib/python3.12/site-packages/passlib/utils/__init__.py:854: DeprecationWarning: 'crypt' is deprecated and slated for removal in Python 3.13
  from crypt import crypt as _crypt
/Users/user/Documents/resturantOS/frappe-bench/env/lib/python3.12/site-packages/rq/worker.py:1302: DeprecationWarning: This process (pid=78576) is multi-threaded, use of fork() may lead to deadlocks in the child.
  child_pid = os.fork()
/Users/user/Documents/resturantOS/frappe-bench/env/lib/python3.12/site-packages/passlib/utils/__init__.py:854: DeprecationWarning: 'crypt' is deprecated and slated for removal in Python 3.13
  from crypt import crypt as _crypt
/Users/user/Documents/resturantOS/frappe-bench/env/lib/python3.12/site-packages/rq/worker.py:1302: DeprecationWarning: This process (pid=78576) is multi-threaded, use of fork() may lead to deadlocks in the child.
  child_pid = os.fork()
/Users/user/Documents/resturantOS/frappe-bench/env/lib/python3.12/site-packages/passlib/utils/__init__.py:854: DeprecationWarning: 'crypt' is deprecated and slated for removal in Python 3.13
  from crypt import crypt as _crypt
/Users/user/Documents/resturantOS/frappe-bench/env/lib/python3.12/site-packages/rq/worker.py:1302: DeprecationWarning: This process (pid=78576) is multi-threaded, use of fork() may lead to deadlocks in the child.
  child_pid = os.fork()
/Users/user/Documents/resturantOS/frappe-bench/env/lib/python3.12/site-packages/passlib/utils/__init__.py:854: DeprecationWarning: 'crypt' is deprecated and slated for removal in Python 3.13
  from crypt import crypt as _crypt
/Users/user/Documents/resturantOS/frappe-bench/env/lib/python3.12/site-packages/rq/worker.py:1302: DeprecationWarning: This process (pid=78576) is multi-threaded, use of fork() may lead to deadlocks in the child.
  child_pid = os.fork()
/Users/user/Documents/resturantOS/frappe-bench/env/lib/python3.12/site-packages/passlib/utils/__init__.py:854: DeprecationWarning: 'crypt' is deprecated and slated for removal in Python 3.13
  from crypt import crypt as _crypt
/Users/user/Documents/resturantOS/frappe-bench/env/lib/python3.12/site-packages/rq/worker.py:1302: DeprecationWarning: This process (pid=78576) is multi-threaded, use of fork() may lead to deadlocks in the child.
  child_pid = os.fork()
/Users/user/Documents/resturantOS/frappe-bench/env/lib/python3.12/site-packages/passlib/utils/__init__.py:854: DeprecationWarning: 'crypt' is deprecated and slated for removal in Python 3.13
  from crypt import crypt as _crypt
/Users/user/Documents/resturantOS/frappe-bench/env/lib/python3.12/site-packages/rq/worker.py:1302: DeprecationWarning: This process (pid=78576) is multi-threaded, use of fork() may lead to deadlocks in the child.
  child_pid = os.fork()
/Users/user/Documents/resturantOS/frappe-bench/env/lib/python3.12/site-packages/passlib/utils/__init__.py:854: DeprecationWarning: 'crypt' is deprecated and slated for removal in Python 3.13
  from crypt import crypt as _crypt
/Users/user/Documents/resturantOS/frappe-bench/env/lib/python3.12/site-packages/rq/worker.py:1302: DeprecationWarning: This process (pid=78576) is multi-threaded, use of fork() may lead to deadlocks in the child.
  child_pid = os.fork()
/Users/user/Documents/resturantOS/frappe-bench/env/lib/python3.12/site-packages/passlib/utils/__init__.py:854: DeprecationWarning: 'crypt' is deprecated and slated for removal in Python 3.13
  from crypt import crypt as _crypt
/Users/user/Documents/resturantOS/frappe-bench/env/lib/python3.12/site-packages/rq/worker.py:1302: DeprecationWarning: This process (pid=78576) is multi-threaded, use of fork() may lead to deadlocks in the child.
  child_pid = os.fork()
/Users/user/Documents/resturantOS/frappe-bench/env/lib/python3.12/site-packages/passlib/utils/__init__.py:854: DeprecationWarning: 'crypt' is deprecated and slated for removal in Python 3.13
  from crypt import crypt as _crypt
/Users/user/Documents/resturantOS/frappe-bench/env/lib/python3.12/site-packages/rq/worker.py:1302: DeprecationWarning: This process (pid=78576) is multi-threaded, use of fork() may lead to deadlocks in the child.
  child_pid = os.fork()
/Users/user/Documents/resturantOS/frappe-bench/env/lib/python3.12/site-packages/passlib/utils/__init__.py:854: DeprecationWarning: 'crypt' is deprecated and slated for removal in Python 3.13
  from crypt import crypt as _crypt
/Users/user/Documents/resturantOS/frappe-bench/env/lib/python3.12/site-packages/rq/worker.py:1302: DeprecationWarning: This process (pid=78576) is multi-threaded, use of fork() may lead to deadlocks in the child.
  child_pid = os.fork()
/Users/user/Documents/resturantOS/frappe-bench/env/lib/python3.12/site-packages/passlib/utils/__init__.py:854: DeprecationWarning: 'crypt' is deprecated and slated for removal in Python 3.13
  from crypt import crypt as _crypt
/Users/user/Documents/resturantOS/frappe-bench/env/lib/python3.12/site-packages/rq/worker.py:1302: DeprecationWarning: This process (pid=78576) is multi-threaded, use of fork() may lead to deadlocks in the child.
  child_pid = os.fork()
/Users/user/Documents/resturantOS/frappe-bench/env/lib/python3.12/site-packages/passlib/utils/__init__.py:854: DeprecationWarning: 'crypt' is deprecated and slated for removal in Python 3.13
  from crypt import crypt as _crypt
/Users/user/Documents/resturantOS/frappe-bench/env/lib/python3.12/site-packages/rq/worker.py:1302: DeprecationWarning: This process (pid=78576) is multi-threaded, use of fork() may lead to deadlocks in the child.
  child_pid = os.fork()
/Users/user/Documents/resturantOS/frappe-bench/env/lib/python3.12/site-packages/passlib/utils/__init__.py:854: DeprecationWarning: 'crypt' is deprecated and slated for removal in Python 3.13
  from crypt import crypt as _crypt
/Users/user/Documents/resturantOS/frappe-bench/env/lib/python3.12/site-packages/rq/worker.py:1302: DeprecationWarning: This process (pid=78576) is multi-threaded, use of fork() may lead to deadlocks in the child.
  child_pid = os.fork()
/Users/user/Documents/resturantOS/frappe-bench/env/lib/python3.12/site-packages/passlib/utils/__init__.py:854: DeprecationWarning: 'crypt' is deprecated and slated for removal in Python 3.13
  from crypt import crypt as _crypt
/Users/user/Documents/resturantOS/frappe-bench/env/lib/python3.12/site-packages/rq/worker.py:1302: DeprecationWarning: This process (pid=78576) is multi-threaded, use of fork() may lead to deadlocks in the child.
  child_pid = os.fork()
/Users/user/Documents/resturantOS/frappe-bench/env/lib/python3.12/site-packages/passlib/utils/__init__.py:854: DeprecationWarning: 'crypt' is deprecated and slated for removal in Python 3.13
  from crypt import crypt as _crypt
/Users/user/Documents/resturantOS/frappe-bench/env/lib/python3.12/site-packages/rq/worker.py:1302: DeprecationWarning: This process (pid=78576) is multi-threaded, use of fork() may lead to deadlocks in the child.
  child_pid = os.fork()
/Users/user/Documents/resturantOS/frappe-bench/env/lib/python3.12/site-packages/passlib/utils/__init__.py:854: DeprecationWarning: 'crypt' is deprecated and slated for removal in Python 3.13
  from crypt import crypt as _crypt
/Users/user/Documents/resturantOS/frappe-bench/env/lib/python3.12/site-packages/rq/worker.py:1302: DeprecationWarning: This process (pid=78576) is multi-threaded, use of fork() may lead to deadlocks in the child.
  child_pid = os.fork()
/Users/user/Documents/resturantOS/frappe-bench/env/lib/python3.12/site-packages/passlib/utils/__init__.py:854: DeprecationWarning: 'crypt' is deprecated and slated for removal in Python 3.13
  from crypt import crypt as _crypt
/Users/user/Documents/resturantOS/frappe-bench/env/lib/python3.12/site-packages/rq/worker.py:1302: DeprecationWarning: This process (pid=78576) is multi-threaded, use of fork() may lead to deadlocks in the child.
  child_pid = os.fork()
/Users/user/Documents/resturantOS/frappe-bench/env/lib/python3.12/site-packages/passlib/utils/__init__.py:854: DeprecationWarning: 'crypt' is deprecated and slated for removal in Python 3.13
  from crypt import crypt as _crypt
/Users/user/Documents/resturantOS/frappe-bench/env/lib/python3.12/site-packages/rq/worker.py:1302: DeprecationWarning: This process (pid=78576) is multi-threaded, use of fork() may lead to deadlocks in the child.
  child_pid = os.fork()
/Users/user/Documents/resturantOS/frappe-bench/env/lib/python3.12/site-packages/passlib/utils/__init__.py:854: DeprecationWarning: 'crypt' is deprecated and slated for removal in Python 3.13
  from crypt import crypt as _crypt
/Users/user/Documents/resturantOS/frappe-bench/env/lib/python3.12/site-packages/rq/worker.py:1302: DeprecationWarning: This process (pid=78576) is multi-threaded, use of fork() may lead to deadlocks in the child.
  child_pid = os.fork()
/Users/user/Documents/resturantOS/frappe-bench/env/lib/python3.12/site-packages/passlib/utils/__init__.py:854: DeprecationWarning: 'crypt' is deprecated and slated for removal in Python 3.13
  from crypt import crypt as _crypt
/Users/user/Documents/resturantOS/frappe-bench/env/lib/python3.12/site-packages/rq/worker.py:1302: DeprecationWarning: This process (pid=78576) is multi-threaded, use of fork() may lead to deadlocks in the child.
  child_pid = os.fork()
/Users/user/Documents/resturantOS/frappe-bench/env/lib/python3.12/site-packages/passlib/utils/__init__.py:854: DeprecationWarning: 'crypt' is deprecated and slated for removal in Python 3.13
  from crypt import crypt as _crypt
/Users/user/Documents/resturantOS/frappe-bench/env/lib/python3.12/site-packages/rq/worker.py:1302: DeprecationWarning: This process (pid=78576) is multi-threaded, use of fork() may lead to deadlocks in the child.
  child_pid = os.fork()
/Users/user/Documents/resturantOS/frappe-bench/env/lib/python3.12/site-packages/passlib/utils/__init__.py:854: DeprecationWarning: 'crypt' is deprecated and slated for removal in Python 3.13
  from crypt import crypt as _crypt
/Users/user/Documents/resturantOS/frappe-bench/env/lib/python3.12/site-packages/rq/worker.py:1302: DeprecationWarning: This process (pid=78576) is multi-threaded, use of fork() may lead to deadlocks in the child.
  child_pid = os.fork()
/Users/user/Documents/resturantOS/frappe-bench/env/lib/python3.12/site-packages/passlib/utils/__init__.py:854: DeprecationWarning: 'crypt' is deprecated and slated for removal in Python 3.13
  from crypt import crypt as _crypt
/Users/user/Documents/resturantOS/frappe-bench/env/lib/python3.12/site-packages/rq/worker.py:1302: DeprecationWarning: This process (pid=78576) is multi-threaded, use of fork() may lead to deadlocks in the child.
  child_pid = os.fork()
/Users/user/Documents/resturantOS/frappe-bench/env/lib/python3.12/site-packages/passlib/utils/__init__.py:854: DeprecationWarning: 'crypt' is deprecated and slated for removal in Python 3.13
  from crypt import crypt as _crypt
/Users/user/Documents/resturantOS/frappe-bench/env/lib/python3.12/site-packages/rq/worker.py:1302: DeprecationWarning: This process (pid=78576) is multi-threaded, use of fork() may lead to deadlocks in the child.
  child_pid = os.fork()
/Users/user/Documents/resturantOS/frappe-bench/env/lib/python3.12/site-packages/passlib/utils/__init__.py:854: DeprecationWarning: 'crypt' is deprecated and slated for removal in Python 3.13
  from crypt import crypt as _crypt
/Users/user/Documents/resturantOS/frappe-bench/env/lib/python3.12/site-packages/rq/worker.py:1302: DeprecationWarning: This process (pid=78576) is multi-threaded, use of fork() may lead to deadlocks in the child.
  child_pid = os.fork()
/Users/user/Documents/resturantOS/frappe-bench/env/lib/python3.12/site-packages/passlib/utils/__init__.py:854: DeprecationWarning: 'crypt' is deprecated and slated for removal in Python 3.13
  from crypt import crypt as _crypt
/Users/user/Documents/resturantOS/frappe-bench/env/lib/python3.12/site-packages/rq/worker.py:1302: DeprecationWarning: This process (pid=78576) is multi-threaded, use of fork() may lead to deadlocks in the child.
  child_pid = os.fork()
/Users/user/Documents/resturantOS/frappe-bench/env/lib/python3.12/site-packages/passlib/utils/__init__.py:854: DeprecationWarning: 'crypt' is deprecated and slated for removal in Python 3.13
  from crypt import crypt as _crypt
/Users/user/Documents/resturantOS/frappe-bench/env/lib/python3.12/site-packages/rq/worker.py:1302: DeprecationWarning: This process (pid=78576) is multi-threaded, use of fork() may lead to deadlocks in the child.
  child_pid = os.fork()
/Users/user/Documents/resturantOS/frappe-bench/env/lib/python3.12/site-packages/passlib/utils/__init__.py:854: DeprecationWarning: 'crypt' is deprecated and slated for removal in Python 3.13
  from crypt import crypt as _crypt
/Users/user/Documents/resturantOS/frappe-bench/env/lib/python3.12/site-packages/rq/worker.py:1302: DeprecationWarning: This process (pid=78576) is multi-threaded, use of fork() may lead to deadlocks in the child.
  child_pid = os.fork()
/Users/user/Documents/resturantOS/frappe-bench/env/lib/python3.12/site-packages/passlib/utils/__init__.py:854: DeprecationWarning: 'crypt' is deprecated and slated for removal in Python 3.13
  from crypt import crypt as _crypt
/Users/user/Documents/resturantOS/frappe-bench/env/lib/python3.12/site-packages/rq/worker.py:1302: DeprecationWarning: This process (pid=78576) is multi-threaded, use of fork() may lead to deadlocks in the child.
  child_pid = os.fork()
/Users/user/Documents/resturantOS/frappe-bench/env/lib/python3.12/site-packages/passlib/utils/__init__.py:854: DeprecationWarning: 'crypt' is deprecated and slated for removal in Python 3.13
  from crypt import crypt as _crypt
/Users/user/Documents/resturantOS/frappe-bench/env/lib/python3.12/site-packages/rq/worker.py:1302: DeprecationWarning: This process (pid=78576) is multi-threaded, use of fork() may lead to deadlocks in the child.
  child_pid = os.fork()
/Users/user/Documents/resturantOS/frappe-bench/env/lib/python3.12/site-packages/passlib/utils/__init__.py:854: DeprecationWarning: 'crypt' is deprecated and slated for removal in Python 3.13
  from crypt import crypt as _crypt
/Users/user/Documents/resturantOS/frappe-bench/env/lib/python3.12/site-packages/rq/worker.py:1302: DeprecationWarning: This process (pid=78576) is multi-threaded, use of fork() may lead to deadlocks in the child.
  child_pid = os.fork()
/Users/user/Documents/resturantOS/frappe-bench/env/lib/python3.12/site-packages/passlib/utils/__init__.py:854: DeprecationWarning: 'crypt' is deprecated and slated for removal in Python 3.13
  from crypt import crypt as _crypt
/Users/user/Documents/resturantOS/frappe-bench/env/lib/python3.12/site-packages/rq/worker.py:1302: DeprecationWarning: This process (pid=78576) is multi-threaded, use of fork() may lead to deadlocks in the child.
  child_pid = os.fork()
/Users/user/Documents/resturantOS/frappe-bench/env/lib/python3.12/site-packages/passlib/utils/__init__.py:854: DeprecationWarning: 'crypt' is deprecated and slated for removal in Python 3.13
  from crypt import crypt as _crypt
/Users/user/Documents/resturantOS/frappe-bench/env/lib/python3.12/site-packages/rq/worker.py:1302: DeprecationWarning: This process (pid=78576) is multi-threaded, use of fork() may lead to deadlocks in the child.
  child_pid = os.fork()
/Users/user/Documents/resturantOS/frappe-bench/env/lib/python3.12/site-packages/passlib/utils/__init__.py:854: DeprecationWarning: 'crypt' is deprecated and slated for removal in Python 3.13
  from crypt import crypt as _crypt
/Users/user/Documents/resturantOS/frappe-bench/env/lib/python3.12/site-packages/rq/worker.py:1302: DeprecationWarning: This process (pid=78576) is multi-threaded, use of fork() may lead to deadlocks in the child.
  child_pid = os.fork()
/Users/user/Documents/resturantOS/frappe-bench/env/lib/python3.12/site-packages/passlib/utils/__init__.py:854: DeprecationWarning: 'crypt' is deprecated and slated for removal in Python 3.13
  from crypt import crypt as _crypt
/Users/user/Documents/resturantOS/frappe-bench/env/lib/python3.12/site-packages/rq/worker.py:1302: DeprecationWarning: This process (pid=78576) is multi-threaded, use of fork() may lead to deadlocks in the child.
  child_pid = os.fork()
/Users/user/Documents/resturantOS/frappe-bench/env/lib/python3.12/site-packages/passlib/utils/__init__.py:854: DeprecationWarning: 'crypt' is deprecated and slated for removal in Python 3.13
  from crypt import crypt as _crypt
/Users/user/Documents/resturantOS/frappe-bench/env/lib/python3.12/site-packages/rq/worker.py:1302: DeprecationWarning: This process (pid=78576) is multi-threaded, use of fork() may lead to deadlocks in the child.
  child_pid = os.fork()
/Users/user/Documents/resturantOS/frappe-bench/env/lib/python3.12/site-packages/passlib/utils/__init__.py:854: DeprecationWarning: 'crypt' is deprecated and slated for removal in Python 3.13
  from crypt import crypt as _crypt
/Users/user/Documents/resturantOS/frappe-bench/env/lib/python3.12/site-packages/rq/worker.py:1302: DeprecationWarning: This process (pid=78576) is multi-threaded, use of fork() may lead to deadlocks in the child.
  child_pid = os.fork()
/Users/user/Documents/resturantOS/frappe-bench/env/lib/python3.12/site-packages/passlib/utils/__init__.py:854: DeprecationWarning: 'crypt' is deprecated and slated for removal in Python 3.13
  from crypt import crypt as _crypt
/Users/user/Documents/resturantOS/frappe-bench/env/lib/python3.12/site-packages/rq/worker.py:1302: DeprecationWarning: This process (pid=78576) is multi-threaded, use of fork() may lead to deadlocks in the child.
  child_pid = os.fork()
/Users/user/Documents/resturantOS/frappe-bench/env/lib/python3.12/site-packages/passlib/utils/__init__.py:854: DeprecationWarning: 'crypt' is deprecated and slated for removal in Python 3.13
  from crypt import crypt as _crypt
/Users/user/Documents/resturantOS/frappe-bench/env/lib/python3.12/site-packages/rq/worker.py:1302: DeprecationWarning: This process (pid=78576) is multi-threaded, use of fork() may lead to deadlocks in the child.
  child_pid = os.fork()
/Users/user/Documents/resturantOS/frappe-bench/env/lib/python3.12/site-packages/passlib/utils/__init__.py:854: DeprecationWarning: 'crypt' is deprecated and slated for removal in Python 3.13
  from crypt import crypt as _crypt
/Users/user/Documents/resturantOS/frappe-bench/env/lib/python3.12/site-packages/rq/worker.py:1302: DeprecationWarning: This process (pid=78576) is multi-threaded, use of fork() may lead to deadlocks in the child.
  child_pid = os.fork()
/Users/user/Documents/resturantOS/frappe-bench/env/lib/python3.12/site-packages/passlib/utils/__init__.py:854: DeprecationWarning: 'crypt' is deprecated and slated for removal in Python 3.13
  from crypt import crypt as _crypt
/Users/user/Documents/resturantOS/frappe-bench/env/lib/python3.12/site-packages/rq/worker.py:1302: DeprecationWarning: This process (pid=78576) is multi-threaded, use of fork() may lead to deadlocks in the child.
  child_pid = os.fork()
/Users/user/Documents/resturantOS/frappe-bench/env/lib/python3.12/site-packages/passlib/utils/__init__.py:854: DeprecationWarning: 'crypt' is deprecated and slated for removal in Python 3.13
  from crypt import crypt as _crypt
/Users/user/Documents/resturantOS/frappe-bench/env/lib/python3.12/site-packages/rq/worker.py:1302: DeprecationWarning: This process (pid=78576) is multi-threaded, use of fork() may lead to deadlocks in the child.
  child_pid = os.fork()
/Users/user/Documents/resturantOS/frappe-bench/env/lib/python3.12/site-packages/passlib/utils/__init__.py:854: DeprecationWarning: 'crypt' is deprecated and slated for removal in Python 3.13
  from crypt import crypt as _crypt
/Users/user/Documents/resturantOS/frappe-bench/env/lib/python3.12/site-packages/rq/worker.py:1302: DeprecationWarning: This process (pid=78576) is multi-threaded, use of fork() may lead to deadlocks in the child.
  child_pid = os.fork()
/Users/user/Documents/resturantOS/frappe-bench/env/lib/python3.12/site-packages/passlib/utils/__init__.py:854: DeprecationWarning: 'crypt' is deprecated and slated for removal in Python 3.13
  from crypt import crypt as _crypt
/Users/user/Documents/resturantOS/frappe-bench/env/lib/python3.12/site-packages/rq/worker.py:1302: DeprecationWarning: This process (pid=78576) is multi-threaded, use of fork() may lead to deadlocks in the child.
  child_pid = os.fork()
/Users/user/Documents/resturantOS/frappe-bench/env/lib/python3.12/site-packages/passlib/utils/__init__.py:854: DeprecationWarning: 'crypt' is deprecated and slated for removal in Python 3.13
  from crypt import crypt as _crypt
/Users/user/Documents/resturantOS/frappe-bench/env/lib/python3.12/site-packages/rq/worker.py:1302: DeprecationWarning: This process (pid=78576) is multi-threaded, use of fork() may lead to deadlocks in the child.
  child_pid = os.fork()
/Users/user/Documents/resturantOS/frappe-bench/env/lib/python3.12/site-packages/passlib/utils/__init__.py:854: DeprecationWarning: 'crypt' is deprecated and slated for removal in Python 3.13
  from crypt import crypt as _crypt
/Users/user/Documents/resturantOS/frappe-bench/env/lib/python3.12/site-packages/rq/worker.py:1302: DeprecationWarning: This process (pid=78576) is multi-threaded, use of fork() may lead to deadlocks in the child.
  child_pid = os.fork()
/Users/user/Documents/resturantOS/frappe-bench/env/lib/python3.12/site-packages/passlib/utils/__init__.py:854: DeprecationWarning: 'crypt' is deprecated and slated for removal in Python 3.13
  from crypt import crypt as _crypt
/Users/user/Documents/resturantOS/frappe-bench/env/lib/python3.12/site-packages/rq/worker.py:1302: DeprecationWarning: This process (pid=78576) is multi-threaded, use of fork() may lead to deadlocks in the child.
  child_pid = os.fork()
/Users/user/Documents/resturantOS/frappe-bench/env/lib/python3.12/site-packages/passlib/utils/__init__.py:854: DeprecationWarning: 'crypt' is deprecated and slated for removal in Python 3.13
  from crypt import crypt as _crypt
/Users/user/Documents/resturantOS/frappe-bench/env/lib/python3.12/site-packages/rq/worker.py:1302: DeprecationWarning: This process (pid=78576) is multi-threaded, use of fork() may lead to deadlocks in the child.
  child_pid = os.fork()
/Users/user/Documents/resturantOS/frappe-bench/env/lib/python3.12/site-packages/passlib/utils/__init__.py:854: DeprecationWarning: 'crypt' is deprecated and slated for removal in Python 3.13
  from crypt import crypt as _crypt
/Users/user/Documents/resturantOS/frappe-bench/env/lib/python3.12/site-packages/rq/worker.py:1302: DeprecationWarning: This process (pid=78576) is multi-threaded, use of fork() may lead to deadlocks in the child.
  child_pid = os.fork()
/Users/user/Documents/resturantOS/frappe-bench/env/lib/python3.12/site-packages/passlib/utils/__init__.py:854: DeprecationWarning: 'crypt' is deprecated and slated for removal in Python 3.13
  from crypt import crypt as _crypt
/Users/user/Documents/resturantOS/frappe-bench/env/lib/python3.12/site-packages/rq/worker.py:1302: DeprecationWarning: This process (pid=78576) is multi-threaded, use of fork() may lead to deadlocks in the child.
  child_pid = os.fork()
/Users/user/Documents/resturantOS/frappe-bench/env/lib/python3.12/site-packages/passlib/utils/__init__.py:854: DeprecationWarning: 'crypt' is deprecated and slated for removal in Python 3.13
  from crypt import crypt as _crypt
/Users/user/Documents/resturantOS/frappe-bench/env/lib/python3.12/site-packages/rq/worker.py:1302: DeprecationWarning: This process (pid=78576) is multi-threaded, use of fork() may lead to deadlocks in the child.
  child_pid = os.fork()
/Users/user/Documents/resturantOS/frappe-bench/env/lib/python3.12/site-packages/passlib/utils/__init__.py:854: DeprecationWarning: 'crypt' is deprecated and slated for removal in Python 3.13
  from crypt import crypt as _crypt
/Users/user/Documents/resturantOS/frappe-bench/env/lib/python3.12/site-packages/rq/worker.py:1302: DeprecationWarning: This process (pid=78576) is multi-threaded, use of fork() may lead to deadlocks in the child.
  child_pid = os.fork()
/Users/user/Documents/resturantOS/frappe-bench/env/lib/python3.12/site-packages/passlib/utils/__init__.py:854: DeprecationWarning: 'crypt' is deprecated and slated for removal in Python 3.13
  from crypt import crypt as _crypt
/Users/user/Documents/resturantOS/frappe-bench/env/lib/python3.12/site-packages/rq/worker.py:1302: DeprecationWarning: This process (pid=78576) is multi-threaded, use of fork() may lead to deadlocks in the child.
  child_pid = os.fork()
/Users/user/Documents/resturantOS/frappe-bench/env/lib/python3.12/site-packages/passlib/utils/__init__.py:854: DeprecationWarning: 'crypt' is deprecated and slated for removal in Python 3.13
  from crypt import crypt as _crypt
/Users/user/Documents/resturantOS/frappe-bench/env/lib/python3.12/site-packages/rq/worker.py:1302: DeprecationWarning: This process (pid=78576) is multi-threaded, use of fork() may lead to deadlocks in the child.
  child_pid = os.fork()
/Users/user/Documents/resturantOS/frappe-bench/env/lib/python3.12/site-packages/passlib/utils/__init__.py:854: DeprecationWarning: 'crypt' is deprecated and slated for removal in Python 3.13
  from crypt import crypt as _crypt
/Users/user/Documents/resturantOS/frappe-bench/env/lib/python3.12/site-packages/rq/worker.py:1302: DeprecationWarning: This process (pid=78576) is multi-threaded, use of fork() may lead to deadlocks in the child.
  child_pid = os.fork()
/Users/user/Documents/resturantOS/frappe-bench/env/lib/python3.12/site-packages/passlib/utils/__init__.py:854: DeprecationWarning: 'crypt' is deprecated and slated for removal in Python 3.13
  from crypt import crypt as _crypt
/Users/user/Documents/resturantOS/frappe-bench/env/lib/python3.12/site-packages/rq/worker.py:1302: DeprecationWarning: This process (pid=78576) is multi-threaded, use of fork() may lead to deadlocks in the child.
  child_pid = os.fork()
/Users/user/Documents/resturantOS/frappe-bench/env/lib/python3.12/site-packages/passlib/utils/__init__.py:854: DeprecationWarning: 'crypt' is deprecated and slated for removal in Python 3.13
  from crypt import crypt as _crypt
/Users/user/Documents/resturantOS/frappe-bench/env/lib/python3.12/site-packages/rq/worker.py:1302: DeprecationWarning: This process (pid=78576) is multi-threaded, use of fork() may lead to deadlocks in the child.
  child_pid = os.fork()
/Users/user/Documents/resturantOS/frappe-bench/env/lib/python3.12/site-packages/passlib/utils/__init__.py:854: DeprecationWarning: 'crypt' is deprecated and slated for removal in Python 3.13
  from crypt import crypt as _crypt
/Users/user/Documents/resturantOS/frappe-bench/env/lib/python3.12/site-packages/rq/worker.py:1302: DeprecationWarning: This process (pid=78576) is multi-threaded, use of fork() may lead to deadlocks in the child.
  child_pid = os.fork()
/Users/user/Documents/resturantOS/frappe-bench/env/lib/python3.12/site-packages/passlib/utils/__init__.py:854: DeprecationWarning: 'crypt' is deprecated and slated for removal in Python 3.13
  from crypt import crypt as _crypt
/Users/user/Documents/resturantOS/frappe-bench/env/lib/python3.12/site-packages/rq/worker.py:1302: DeprecationWarning: This process (pid=78576) is multi-threaded, use of fork() may lead to deadlocks in the child.
  child_pid = os.fork()
/Users/user/Documents/resturantOS/frappe-bench/env/lib/python3.12/site-packages/passlib/utils/__init__.py:854: DeprecationWarning: 'crypt' is deprecated and slated for removal in Python 3.13
  from crypt import crypt as _crypt
/Users/user/Documents/resturantOS/frappe-bench/env/lib/python3.12/site-packages/rq/worker.py:1302: DeprecationWarning: This process (pid=78576) is multi-threaded, use of fork() may lead to deadlocks in the child.
  child_pid = os.fork()
/Users/user/Documents/resturantOS/frappe-bench/env/lib/python3.12/site-packages/passlib/utils/__init__.py:854: DeprecationWarning: 'crypt' is deprecated and slated for removal in Python 3.13
  from crypt import crypt as _crypt
/Users/user/Documents/resturantOS/frappe-bench/env/lib/python3.12/site-packages/rq/worker.py:1302: DeprecationWarning: This process (pid=78576) is multi-threaded, use of fork() may lead to deadlocks in the child.
  child_pid = os.fork()
/Users/user/Documents/resturantOS/frappe-bench/env/lib/python3.12/site-packages/passlib/utils/__init__.py:854: DeprecationWarning: 'crypt' is deprecated and slated for removal in Python 3.13
  from crypt import crypt as _crypt
/Users/user/Documents/resturantOS/frappe-bench/env/lib/python3.12/site-packages/rq/worker.py:1302: DeprecationWarning: This process (pid=78576) is multi-threaded, use of fork() may lead to deadlocks in the child.
  child_pid = os.fork()
/Users/user/Documents/resturantOS/frappe-bench/env/lib/python3.12/site-packages/passlib/utils/__init__.py:854: DeprecationWarning: 'crypt' is deprecated and slated for removal in Python 3.13
  from crypt import crypt as _crypt
/Users/user/Documents/resturantOS/frappe-bench/env/lib/python3.12/site-packages/rq/worker.py:1302: DeprecationWarning: This process (pid=78576) is multi-threaded, use of fork() may lead to deadlocks in the child.
  child_pid = os.fork()
/Users/user/Documents/resturantOS/frappe-bench/env/lib/python3.12/site-packages/passlib/utils/__init__.py:854: DeprecationWarning: 'crypt' is deprecated and slated for removal in Python 3.13
  from crypt import crypt as _crypt
/Users/user/Documents/resturantOS/frappe-bench/env/lib/python3.12/site-packages/rq/worker.py:1302: DeprecationWarning: This process (pid=78576) is multi-threaded, use of fork() may lead to deadlocks in the child.
  child_pid = os.fork()
/Users/user/Documents/resturantOS/frappe-bench/env/lib/python3.12/site-packages/passlib/utils/__init__.py:854: DeprecationWarning: 'crypt' is deprecated and slated for removal in Python 3.13
  from crypt import crypt as _crypt
/Users/user/Documents/resturantOS/frappe-bench/env/lib/python3.12/site-packages/rq/worker.py:1302: DeprecationWarning: This process (pid=78576) is multi-threaded, use of fork() may lead to deadlocks in the child.
  child_pid = os.fork()
/Users/user/Documents/resturantOS/frappe-bench/env/lib/python3.12/site-packages/passlib/utils/__init__.py:854: DeprecationWarning: 'crypt' is deprecated and slated for removal in Python 3.13
  from crypt import crypt as _crypt
/Users/user/Documents/resturantOS/frappe-bench/env/lib/python3.12/site-packages/rq/worker.py:1302: DeprecationWarning: This process (pid=78576) is multi-threaded, use of fork() may lead to deadlocks in the child.
  child_pid = os.fork()
/Users/user/Documents/resturantOS/frappe-bench/env/lib/python3.12/site-packages/passlib/utils/__init__.py:854: DeprecationWarning: 'crypt' is deprecated and slated for removal in Python 3.13
  from crypt import crypt as _crypt
/Users/user/Documents/resturantOS/frappe-bench/env/lib/python3.12/site-packages/rq/worker.py:1302: DeprecationWarning: This process (pid=78576) is multi-threaded, use of fork() may lead to deadlocks in the child.
  child_pid = os.fork()
/Users/user/Documents/resturantOS/frappe-bench/env/lib/python3.12/site-packages/passlib/utils/__init__.py:854: DeprecationWarning: 'crypt' is deprecated and slated for removal in Python 3.13
  from crypt import crypt as _crypt
/Users/user/Documents/resturantOS/frappe-bench/env/lib/python3.12/site-packages/rq/worker.py:1302: DeprecationWarning: This process (pid=78576) is multi-threaded, use of fork() may lead to deadlocks in the child.
  child_pid = os.fork()
/Users/user/Documents/resturantOS/frappe-bench/env/lib/python3.12/site-packages/passlib/utils/__init__.py:854: DeprecationWarning: 'crypt' is deprecated and slated for removal in Python 3.13
  from crypt import crypt as _crypt
/Users/user/Documents/resturantOS/frappe-bench/env/lib/python3.12/site-packages/rq/worker.py:1302: DeprecationWarning: This process (pid=78576) is multi-threaded, use of fork() may lead to deadlocks in the child.
  child_pid = os.fork()
/Users/user/Documents/resturantOS/frappe-bench/env/lib/python3.12/site-packages/passlib/utils/__init__.py:854: DeprecationWarning: 'crypt' is deprecated and slated for removal in Python 3.13
  from crypt import crypt as _crypt
/Users/user/Documents/resturantOS/frappe-bench/env/lib/python3.12/site-packages/rq/worker.py:1302: DeprecationWarning: This process (pid=78576) is multi-threaded, use of fork() may lead to deadlocks in the child.
  child_pid = os.fork()
/Users/user/Documents/resturantOS/frappe-bench/env/lib/python3.12/site-packages/passlib/utils/__init__.py:854: DeprecationWarning: 'crypt' is deprecated and slated for removal in Python 3.13
  from crypt import crypt as _crypt
/Users/user/Documents/resturantOS/frappe-bench/env/lib/python3.12/site-packages/rq/worker.py:1302: DeprecationWarning: This process (pid=78576) is multi-threaded, use of fork() may lead to deadlocks in the child.
  child_pid = os.fork()
/Users/user/Documents/resturantOS/frappe-bench/env/lib/python3.12/site-packages/passlib/utils/__init__.py:854: DeprecationWarning: 'crypt' is deprecated and slated for removal in Python 3.13
  from crypt import crypt as _crypt
/Users/user/Documents/resturantOS/frappe-bench/env/lib/python3.12/site-packages/rq/worker.py:1302: DeprecationWarning: This process (pid=78576) is multi-threaded, use of fork() may lead to deadlocks in the child.
  child_pid = os.fork()
/Users/user/Documents/resturantOS/frappe-bench/env/lib/python3.12/site-packages/passlib/utils/__init__.py:854: DeprecationWarning: 'crypt' is deprecated and slated for removal in Python 3.13
  from crypt import crypt as _crypt
/Users/user/Documents/resturantOS/frappe-bench/env/lib/python3.12/site-packages/rq/worker.py:1302: DeprecationWarning: This process (pid=78576) is multi-threaded, use of fork() may lead to deadlocks in the child.
  child_pid = os.fork()
/Users/user/Documents/resturantOS/frappe-bench/env/lib/python3.12/site-packages/passlib/utils/__init__.py:854: DeprecationWarning: 'crypt' is deprecated and slated for removal in Python 3.13
  from crypt import crypt as _crypt
/Users/user/Documents/resturantOS/frappe-bench/env/lib/python3.12/site-packages/rq/worker.py:1302: DeprecationWarning: This process (pid=78576) is multi-threaded, use of fork() may lead to deadlocks in the child.
  child_pid = os.fork()
/Users/user/Documents/resturantOS/frappe-bench/env/lib/python3.12/site-packages/passlib/utils/__init__.py:854: DeprecationWarning: 'crypt' is deprecated and slated for removal in Python 3.13
  from crypt import crypt as _crypt
/Users/user/Documents/resturantOS/frappe-bench/env/lib/python3.12/site-packages/rq/worker.py:1302: DeprecationWarning: This process (pid=78576) is multi-threaded, use of fork() may lead to deadlocks in the child.
  child_pid = os.fork()
/Users/user/Documents/resturantOS/frappe-bench/env/lib/python3.12/site-packages/passlib/utils/__init__.py:854: DeprecationWarning: 'crypt' is deprecated and slated for removal in Python 3.13
  from crypt import crypt as _crypt
/Users/user/Documents/resturantOS/frappe-bench/env/lib/python3.12/site-packages/rq/worker.py:1302: DeprecationWarning: This process (pid=78576) is multi-threaded, use of fork() may lead to deadlocks in the child.
  child_pid = os.fork()
/Users/user/Documents/resturantOS/frappe-bench/env/lib/python3.12/site-packages/passlib/utils/__init__.py:854: DeprecationWarning: 'crypt' is deprecated and slated for removal in Python 3.13
  from crypt import crypt as _crypt
/Users/user/Documents/resturantOS/frappe-bench/env/lib/python3.12/site-packages/rq/worker.py:1302: DeprecationWarning: This process (pid=78576) is multi-threaded, use of fork() may lead to deadlocks in the child.
  child_pid = os.fork()
/Users/user/Documents/resturantOS/frappe-bench/env/lib/python3.12/site-packages/passlib/utils/__init__.py:854: DeprecationWarning: 'crypt' is deprecated and slated for removal in Python 3.13
  from crypt import crypt as _crypt
/Users/user/Documents/resturantOS/frappe-bench/env/lib/python3.12/site-packages/rq/worker.py:1302: DeprecationWarning: This process (pid=78576) is multi-threaded, use of fork() may lead to deadlocks in the child.
  child_pid = os.fork()
/Users/user/Documents/resturantOS/frappe-bench/env/lib/python3.12/site-packages/passlib/utils/__init__.py:854: DeprecationWarning: 'crypt' is deprecated and slated for removal in Python 3.13
  from crypt import crypt as _crypt
/Users/user/Documents/resturantOS/frappe-bench/env/lib/python3.12/site-packages/rq/worker.py:1302: DeprecationWarning: This process (pid=78576) is multi-threaded, use of fork() may lead to deadlocks in the child.
  child_pid = os.fork()
/Users/user/Documents/resturantOS/frappe-bench/env/lib/python3.12/site-packages/passlib/utils/__init__.py:854: DeprecationWarning: 'crypt' is deprecated and slated for removal in Python 3.13
  from crypt import crypt as _crypt
/Users/user/Documents/resturantOS/frappe-bench/env/lib/python3.12/site-packages/rq/worker.py:1302: DeprecationWarning: This process (pid=78576) is multi-threaded, use of fork() may lead to deadlocks in the child.
  child_pid = os.fork()
/Users/user/Documents/resturantOS/frappe-bench/env/lib/python3.12/site-packages/passlib/utils/__init__.py:854: DeprecationWarning: 'crypt' is deprecated and slated for removal in Python 3.13
  from crypt import crypt as _crypt
/Users/user/Documents/resturantOS/frappe-bench/env/lib/python3.12/site-packages/rq/worker.py:1302: DeprecationWarning: This process (pid=78576) is multi-threaded, use of fork() may lead to deadlocks in the child.
  child_pid = os.fork()
/Users/user/Documents/resturantOS/frappe-bench/env/lib/python3.12/site-packages/passlib/utils/__init__.py:854: DeprecationWarning: 'crypt' is deprecated and slated for removal in Python 3.13
  from crypt import crypt as _crypt
/Users/user/Documents/resturantOS/frappe-bench/env/lib/python3.12/site-packages/rq/worker.py:1302: DeprecationWarning: This process (pid=78576) is multi-threaded, use of fork() may lead to deadlocks in the child.
  child_pid = os.fork()
/Users/user/Documents/resturantOS/frappe-bench/env/lib/python3.12/site-packages/passlib/utils/__init__.py:854: DeprecationWarning: 'crypt' is deprecated and slated for removal in Python 3.13
  from crypt import crypt as _crypt
/Users/user/Documents/resturantOS/frappe-bench/env/lib/python3.12/site-packages/rq/worker.py:1302: DeprecationWarning: This process (pid=78576) is multi-threaded, use of fork() may lead to deadlocks in the child.
  child_pid = os.fork()
/Users/user/Documents/resturantOS/frappe-bench/env/lib/python3.12/site-packages/passlib/utils/__init__.py:854: DeprecationWarning: 'crypt' is deprecated and slated for removal in Python 3.13
  from crypt import crypt as _crypt
/Users/user/Documents/resturantOS/frappe-bench/env/lib/python3.12/site-packages/rq/worker.py:1302: DeprecationWarning: This process (pid=78576) is multi-threaded, use of fork() may lead to deadlocks in the child.
  child_pid = os.fork()
/Users/user/Documents/resturantOS/frappe-bench/env/lib/python3.12/site-packages/passlib/utils/__init__.py:854: DeprecationWarning: 'crypt' is deprecated and slated for removal in Python 3.13
  from crypt import crypt as _crypt
/Users/user/Documents/resturantOS/frappe-bench/env/lib/python3.12/site-packages/rq/worker.py:1302: DeprecationWarning: This process (pid=78576) is multi-threaded, use of fork() may lead to deadlocks in the child.
  child_pid = os.fork()
/Users/user/Documents/resturantOS/frappe-bench/env/lib/python3.12/site-packages/passlib/utils/__init__.py:854: DeprecationWarning: 'crypt' is deprecated and slated for removal in Python 3.13
  from crypt import crypt as _crypt
/Users/user/Documents/resturantOS/frappe-bench/env/lib/python3.12/site-packages/rq/worker.py:1302: DeprecationWarning: This process (pid=78576) is multi-threaded, use of fork() may lead to deadlocks in the child.
  child_pid = os.fork()
/Users/user/Documents/resturantOS/frappe-bench/env/lib/python3.12/site-packages/passlib/utils/__init__.py:854: DeprecationWarning: 'crypt' is deprecated and slated for removal in Python 3.13
  from crypt import crypt as _crypt
/Users/user/Documents/resturantOS/frappe-bench/env/lib/python3.12/site-packages/rq/worker.py:1302: DeprecationWarning: This process (pid=78576) is multi-threaded, use of fork() may lead to deadlocks in the child.
  child_pid = os.fork()
/Users/user/Documents/resturantOS/frappe-bench/env/lib/python3.12/site-packages/passlib/utils/__init__.py:854: DeprecationWarning: 'crypt' is deprecated and slated for removal in Python 3.13
  from crypt import crypt as _crypt
/Users/user/Documents/resturantOS/frappe-bench/env/lib/python3.12/site-packages/rq/worker.py:1302: DeprecationWarning: This process (pid=78576) is multi-threaded, use of fork() may lead to deadlocks in the child.
  child_pid = os.fork()
/Users/user/Documents/resturantOS/frappe-bench/env/lib/python3.12/site-packages/passlib/utils/__init__.py:854: DeprecationWarning: 'crypt' is deprecated and slated for removal in Python 3.13
  from crypt import crypt as _crypt
/Users/user/Documents/resturantOS/frappe-bench/env/lib/python3.12/site-packages/rq/worker.py:1302: DeprecationWarning: This process (pid=78576) is multi-threaded, use of fork() may lead to deadlocks in the child.
  child_pid = os.fork()
/Users/user/Documents/resturantOS/frappe-bench/env/lib/python3.12/site-packages/passlib/utils/__init__.py:854: DeprecationWarning: 'crypt' is deprecated and slated for removal in Python 3.13
  from crypt import crypt as _crypt
/Users/user/Documents/resturantOS/frappe-bench/env/lib/python3.12/site-packages/rq/worker.py:1302: DeprecationWarning: This process (pid=78576) is multi-threaded, use of fork() may lead to deadlocks in the child.
  child_pid = os.fork()
/Users/user/Documents/resturantOS/frappe-bench/env/lib/python3.12/site-packages/passlib/utils/__init__.py:854: DeprecationWarning: 'crypt' is deprecated and slated for removal in Python 3.13
  from crypt import crypt as _crypt
/Users/user/Documents/resturantOS/frappe-bench/env/lib/python3.12/site-packages/rq/worker.py:1302: DeprecationWarning: This process (pid=78576) is multi-threaded, use of fork() may lead to deadlocks in the child.
  child_pid = os.fork()
/Users/user/Documents/resturantOS/frappe-bench/env/lib/python3.12/site-packages/passlib/utils/__init__.py:854: DeprecationWarning: 'crypt' is deprecated and slated for removal in Python 3.13
  from crypt import crypt as _crypt
/Users/user/Documents/resturantOS/frappe-bench/env/lib/python3.12/site-packages/rq/worker.py:1302: DeprecationWarning: This process (pid=78576) is multi-threaded, use of fork() may lead to deadlocks in the child.
  child_pid = os.fork()
/Users/user/Documents/resturantOS/frappe-bench/env/lib/python3.12/site-packages/passlib/utils/__init__.py:854: DeprecationWarning: 'crypt' is deprecated and slated for removal in Python 3.13
  from crypt import crypt as _crypt
/Users/user/Documents/resturantOS/frappe-bench/env/lib/python3.12/site-packages/rq/worker.py:1302: DeprecationWarning: This process (pid=78576) is multi-threaded, use of fork() may lead to deadlocks in the child.
  child_pid = os.fork()
/Users/user/Documents/resturantOS/frappe-bench/env/lib/python3.12/site-packages/passlib/utils/__init__.py:854: DeprecationWarning: 'crypt' is deprecated and slated for removal in Python 3.13
  from crypt import crypt as _crypt
/Users/user/Documents/resturantOS/frappe-bench/env/lib/python3.12/site-packages/rq/worker.py:1302: DeprecationWarning: This process (pid=78576) is multi-threaded, use of fork() may lead to deadlocks in the child.
  child_pid = os.fork()
/Users/user/Documents/resturantOS/frappe-bench/env/lib/python3.12/site-packages/passlib/utils/__init__.py:854: DeprecationWarning: 'crypt' is deprecated and slated for removal in Python 3.13
  from crypt import crypt as _crypt
/Users/user/Documents/resturantOS/frappe-bench/env/lib/python3.12/site-packages/rq/worker.py:1302: DeprecationWarning: This process (pid=78576) is multi-threaded, use of fork() may lead to deadlocks in the child.
  child_pid = os.fork()
/Users/user/Documents/resturantOS/frappe-bench/env/lib/python3.12/site-packages/passlib/utils/__init__.py:854: DeprecationWarning: 'crypt' is deprecated and slated for removal in Python 3.13
  from crypt import crypt as _crypt
/Users/user/Documents/resturantOS/frappe-bench/env/lib/python3.12/site-packages/rq/worker.py:1302: DeprecationWarning: This process (pid=78576) is multi-threaded, use of fork() may lead to deadlocks in the child.
  child_pid = os.fork()
/Users/user/Documents/resturantOS/frappe-bench/env/lib/python3.12/site-packages/passlib/utils/__init__.py:854: DeprecationWarning: 'crypt' is deprecated and slated for removal in Python 3.13
  from crypt import crypt as _crypt
/Users/user/Documents/resturantOS/frappe-bench/env/lib/python3.12/site-packages/rq/worker.py:1302: DeprecationWarning: This process (pid=78576) is multi-threaded, use of fork() may lead to deadlocks in the child.
  child_pid = os.fork()
/Users/user/Documents/resturantOS/frappe-bench/env/lib/python3.12/site-packages/passlib/utils/__init__.py:854: DeprecationWarning: 'crypt' is deprecated and slated for removal in Python 3.13
  from crypt import crypt as _crypt
/Users/user/Documents/resturantOS/frappe-bench/env/lib/python3.12/site-packages/rq/worker.py:1302: DeprecationWarning: This process (pid=78576) is multi-threaded, use of fork() may lead to deadlocks in the child.
  child_pid = os.fork()
/Users/user/Documents/resturantOS/frappe-bench/env/lib/python3.12/site-packages/passlib/utils/__init__.py:854: DeprecationWarning: 'crypt' is deprecated and slated for removal in Python 3.13
  from crypt import crypt as _crypt
/Users/user/Documents/resturantOS/frappe-bench/env/lib/python3.12/site-packages/rq/worker.py:1302: DeprecationWarning: This process (pid=78576) is multi-threaded, use of fork() may lead to deadlocks in the child.
  child_pid = os.fork()
/Users/user/Documents/resturantOS/frappe-bench/env/lib/python3.12/site-packages/passlib/utils/__init__.py:854: DeprecationWarning: 'crypt' is deprecated and slated for removal in Python 3.13
  from crypt import crypt as _crypt
/Users/user/Documents/resturantOS/frappe-bench/env/lib/python3.12/site-packages/rq/worker.py:1302: DeprecationWarning: This process (pid=78576) is multi-threaded, use of fork() may lead to deadlocks in the child.
  child_pid = os.fork()
/Users/user/Documents/resturantOS/frappe-bench/env/lib/python3.12/site-packages/passlib/utils/__init__.py:854: DeprecationWarning: 'crypt' is deprecated and slated for removal in Python 3.13
  from crypt import crypt as _crypt
/Users/user/Documents/resturantOS/frappe-bench/env/lib/python3.12/site-packages/rq/worker.py:1302: DeprecationWarning: This process (pid=78576) is multi-threaded, use of fork() may lead to deadlocks in the child.
  child_pid = os.fork()
/Users/user/Documents/resturantOS/frappe-bench/env/lib/python3.12/site-packages/passlib/utils/__init__.py:854: DeprecationWarning: 'crypt' is deprecated and slated for removal in Python 3.13
  from crypt import crypt as _crypt
/Users/user/Documents/resturantOS/frappe-bench/env/lib/python3.12/site-packages/rq/worker.py:1302: DeprecationWarning: This process (pid=78576) is multi-threaded, use of fork() may lead to deadlocks in the child.
  child_pid = os.fork()
/Users/user/Documents/resturantOS/frappe-bench/env/lib/python3.12/site-packages/passlib/utils/__init__.py:854: DeprecationWarning: 'crypt' is deprecated and slated for removal in Python 3.13
  from crypt import crypt as _crypt
/Users/user/Documents/resturantOS/frappe-bench/env/lib/python3.12/site-packages/rq/worker.py:1302: DeprecationWarning: This process (pid=78576) is multi-threaded, use of fork() may lead to deadlocks in the child.
  child_pid = os.fork()
/Users/user/Documents/resturantOS/frappe-bench/env/lib/python3.12/site-packages/passlib/utils/__init__.py:854: DeprecationWarning: 'crypt' is deprecated and slated for removal in Python 3.13
  from crypt import crypt as _crypt
/Users/user/Documents/resturantOS/frappe-bench/env/lib/python3.12/site-packages/rq/worker.py:1302: DeprecationWarning: This process (pid=78576) is multi-threaded, use of fork() may lead to deadlocks in the child.
  child_pid = os.fork()
/Users/user/Documents/resturantOS/frappe-bench/env/lib/python3.12/site-packages/passlib/utils/__init__.py:854: DeprecationWarning: 'crypt' is deprecated and slated for removal in Python 3.13
  from crypt import crypt as _crypt
/Users/user/Documents/resturantOS/frappe-bench/env/lib/python3.12/site-packages/rq/worker.py:1302: DeprecationWarning: This process (pid=78576) is multi-threaded, use of fork() may lead to deadlocks in the child.
  child_pid = os.fork()
/Users/user/Documents/resturantOS/frappe-bench/env/lib/python3.12/site-packages/passlib/utils/__init__.py:854: DeprecationWarning: 'crypt' is deprecated and slated for removal in Python 3.13
  from crypt import crypt as _crypt
/Users/user/Documents/resturantOS/frappe-bench/env/lib/python3.12/site-packages/rq/worker.py:1302: DeprecationWarning: This process (pid=78576) is multi-threaded, use of fork() may lead to deadlocks in the child.
  child_pid = os.fork()
/Users/user/Documents/resturantOS/frappe-bench/env/lib/python3.12/site-packages/passlib/utils/__init__.py:854: DeprecationWarning: 'crypt' is deprecated and slated for removal in Python 3.13
  from crypt import crypt as _crypt
/Users/user/Documents/resturantOS/frappe-bench/env/lib/python3.12/site-packages/rq/worker.py:1302: DeprecationWarning: This process (pid=78576) is multi-threaded, use of fork() may lead to deadlocks in the child.
  child_pid = os.fork()
/Users/user/Documents/resturantOS/frappe-bench/env/lib/python3.12/site-packages/passlib/utils/__init__.py:854: DeprecationWarning: 'crypt' is deprecated and slated for removal in Python 3.13
  from crypt import crypt as _crypt
/Users/user/Documents/resturantOS/frappe-bench/env/lib/python3.12/site-packages/rq/worker.py:1302: DeprecationWarning: This process (pid=78576) is multi-threaded, use of fork() may lead to deadlocks in the child.
  child_pid = os.fork()
/Users/user/Documents/resturantOS/frappe-bench/env/lib/python3.12/site-packages/passlib/utils/__init__.py:854: DeprecationWarning: 'crypt' is deprecated and slated for removal in Python 3.13
  from crypt import crypt as _crypt
/Users/user/Documents/resturantOS/frappe-bench/env/lib/python3.12/site-packages/rq/worker.py:1302: DeprecationWarning: This process (pid=78576) is multi-threaded, use of fork() may lead to deadlocks in the child.
  child_pid = os.fork()
/Users/user/Documents/resturantOS/frappe-bench/env/lib/python3.12/site-packages/passlib/utils/__init__.py:854: DeprecationWarning: 'crypt' is deprecated and slated for removal in Python 3.13
  from crypt import crypt as _crypt
/Users/user/Documents/resturantOS/frappe-bench/env/lib/python3.12/site-packages/rq/worker.py:1302: DeprecationWarning: This process (pid=78576) is multi-threaded, use of fork() may lead to deadlocks in the child.
  child_pid = os.fork()
/Users/user/Documents/resturantOS/frappe-bench/env/lib/python3.12/site-packages/passlib/utils/__init__.py:854: DeprecationWarning: 'crypt' is deprecated and slated for removal in Python 3.13
  from crypt import crypt as _crypt
/Users/user/Documents/resturantOS/frappe-bench/env/lib/python3.12/site-packages/rq/worker.py:1302: DeprecationWarning: This process (pid=78576) is multi-threaded, use of fork() may lead to deadlocks in the child.
  child_pid = os.fork()
/Users/user/Documents/resturantOS/frappe-bench/env/lib/python3.12/site-packages/passlib/utils/__init__.py:854: DeprecationWarning: 'crypt' is deprecated and slated for removal in Python 3.13
  from crypt import crypt as _crypt
/Users/user/Documents/resturantOS/frappe-bench/env/lib/python3.12/site-packages/rq/worker.py:1302: DeprecationWarning: This process (pid=78576) is multi-threaded, use of fork() may lead to deadlocks in the child.
  child_pid = os.fork()
/Users/user/Documents/resturantOS/frappe-bench/env/lib/python3.12/site-packages/passlib/utils/__init__.py:854: DeprecationWarning: 'crypt' is deprecated and slated for removal in Python 3.13
  from crypt import crypt as _crypt
/Users/user/Documents/resturantOS/frappe-bench/env/lib/python3.12/site-packages/rq/worker.py:1302: DeprecationWarning: This process (pid=78576) is multi-threaded, use of fork() may lead to deadlocks in the child.
  child_pid = os.fork()
/Users/user/Documents/resturantOS/frappe-bench/env/lib/python3.12/site-packages/passlib/utils/__init__.py:854: DeprecationWarning: 'crypt' is deprecated and slated for removal in Python 3.13
  from crypt import crypt as _crypt
/Users/user/Documents/resturantOS/frappe-bench/env/lib/python3.12/site-packages/rq/worker.py:1302: DeprecationWarning: This process (pid=78576) is multi-threaded, use of fork() may lead to deadlocks in the child.
  child_pid = os.fork()
/Users/user/Documents/resturantOS/frappe-bench/env/lib/python3.12/site-packages/passlib/utils/__init__.py:854: DeprecationWarning: 'crypt' is deprecated and slated for removal in Python 3.13
  from crypt import crypt as _crypt
/Users/user/Documents/resturantOS/frappe-bench/env/lib/python3.12/site-packages/rq/worker.py:1302: DeprecationWarning: This process (pid=78576) is multi-threaded, use of fork() may lead to deadlocks in the child.
  child_pid = os.fork()
/Users/user/Documents/resturantOS/frappe-bench/env/lib/python3.12/site-packages/passlib/utils/__init__.py:854: DeprecationWarning: 'crypt' is deprecated and slated for removal in Python 3.13
  from crypt import crypt as _crypt
/Users/user/Documents/resturantOS/frappe-bench/env/lib/python3.12/site-packages/rq/worker.py:1302: DeprecationWarning: This process (pid=78576) is multi-threaded, use of fork() may lead to deadlocks in the child.
  child_pid = os.fork()
/Users/user/Documents/resturantOS/frappe-bench/env/lib/python3.12/site-packages/passlib/utils/__init__.py:854: DeprecationWarning: 'crypt' is deprecated and slated for removal in Python 3.13
  from crypt import crypt as _crypt
/Users/user/Documents/resturantOS/frappe-bench/env/lib/python3.12/site-packages/rq/worker.py:1302: DeprecationWarning: This process (pid=78576) is multi-threaded, use of fork() may lead to deadlocks in the child.
  child_pid = os.fork()
/Users/user/Documents/resturantOS/frappe-bench/env/lib/python3.12/site-packages/passlib/utils/__init__.py:854: DeprecationWarning: 'crypt' is deprecated and slated for removal in Python 3.13
  from crypt import crypt as _crypt
/Users/user/Documents/resturantOS/frappe-bench/env/lib/python3.12/site-packages/rq/worker.py:1302: DeprecationWarning: This process (pid=78576) is multi-threaded, use of fork() may lead to deadlocks in the child.
  child_pid = os.fork()
/Users/user/Documents/resturantOS/frappe-bench/env/lib/python3.12/site-packages/passlib/utils/__init__.py:854: DeprecationWarning: 'crypt' is deprecated and slated for removal in Python 3.13
  from crypt import crypt as _crypt
/Users/user/Documents/resturantOS/frappe-bench/env/lib/python3.12/site-packages/rq/worker.py:1302: DeprecationWarning: This process (pid=78576) is multi-threaded, use of fork() may lead to deadlocks in the child.
  child_pid = os.fork()
/Users/user/Documents/resturantOS/frappe-bench/env/lib/python3.12/site-packages/passlib/utils/__init__.py:854: DeprecationWarning: 'crypt' is deprecated and slated for removal in Python 3.13
  from crypt import crypt as _crypt
/Users/user/Documents/resturantOS/frappe-bench/env/lib/python3.12/site-packages/rq/worker.py:1302: DeprecationWarning: This process (pid=78576) is multi-threaded, use of fork() may lead to deadlocks in the child.
  child_pid = os.fork()
/Users/user/Documents/resturantOS/frappe-bench/env/lib/python3.12/site-packages/passlib/utils/__init__.py:854: DeprecationWarning: 'crypt' is deprecated and slated for removal in Python 3.13
  from crypt import crypt as _crypt
/Users/user/Documents/resturantOS/frappe-bench/env/lib/python3.12/site-packages/rq/worker.py:1302: DeprecationWarning: This process (pid=78576) is multi-threaded, use of fork() may lead to deadlocks in the child.
  child_pid = os.fork()
/Users/user/Documents/resturantOS/frappe-bench/env/lib/python3.12/site-packages/passlib/utils/__init__.py:854: DeprecationWarning: 'crypt' is deprecated and slated for removal in Python 3.13
  from crypt import crypt as _crypt
/Users/user/Documents/resturantOS/frappe-bench/env/lib/python3.12/site-packages/rq/worker.py:1302: DeprecationWarning: This process (pid=78576) is multi-threaded, use of fork() may lead to deadlocks in the child.
  child_pid = os.fork()
/Users/user/Documents/resturantOS/frappe-bench/env/lib/python3.12/site-packages/passlib/utils/__init__.py:854: DeprecationWarning: 'crypt' is deprecated and slated for removal in Python 3.13
  from crypt import crypt as _crypt
/Users/user/Documents/resturantOS/frappe-bench/env/lib/python3.12/site-packages/rq/worker.py:1302: DeprecationWarning: This process (pid=78576) is multi-threaded, use of fork() may lead to deadlocks in the child.
  child_pid = os.fork()
/Users/user/Documents/resturantOS/frappe-bench/env/lib/python3.12/site-packages/passlib/utils/__init__.py:854: DeprecationWarning: 'crypt' is deprecated and slated for removal in Python 3.13
  from crypt import crypt as _crypt
/Users/user/Documents/resturantOS/frappe-bench/env/lib/python3.12/site-packages/rq/worker.py:1302: DeprecationWarning: This process (pid=78576) is multi-threaded, use of fork() may lead to deadlocks in the child.
  child_pid = os.fork()
/Users/user/Documents/resturantOS/frappe-bench/env/lib/python3.12/site-packages/passlib/utils/__init__.py:854: DeprecationWarning: 'crypt' is deprecated and slated for removal in Python 3.13
  from crypt import crypt as _crypt
/Users/user/Documents/resturantOS/frappe-bench/env/lib/python3.12/site-packages/rq/worker.py:1302: DeprecationWarning: This process (pid=78576) is multi-threaded, use of fork() may lead to deadlocks in the child.
  child_pid = os.fork()
/Users/user/Documents/resturantOS/frappe-bench/env/lib/python3.12/site-packages/passlib/utils/__init__.py:854: DeprecationWarning: 'crypt' is deprecated and slated for removal in Python 3.13
  from crypt import crypt as _crypt
/Users/user/Documents/resturantOS/frappe-bench/env/lib/python3.12/site-packages/rq/worker.py:1302: DeprecationWarning: This process (pid=78576) is multi-threaded, use of fork() may lead to deadlocks in the child.
  child_pid = os.fork()
/Users/user/Documents/resturantOS/frappe-bench/env/lib/python3.12/site-packages/passlib/utils/__init__.py:854: DeprecationWarning: 'crypt' is deprecated and slated for removal in Python 3.13
  from crypt import crypt as _crypt
/Users/user/Documents/resturantOS/frappe-bench/env/lib/python3.12/site-packages/rq/worker.py:1302: DeprecationWarning: This process (pid=78576) is multi-threaded, use of fork() may lead to deadlocks in the child.
  child_pid = os.fork()
/Users/user/Documents/resturantOS/frappe-bench/env/lib/python3.12/site-packages/passlib/utils/__init__.py:854: DeprecationWarning: 'crypt' is deprecated and slated for removal in Python 3.13
  from crypt import crypt as _crypt
/Users/user/Documents/resturantOS/frappe-bench/env/lib/python3.12/site-packages/rq/worker.py:1302: DeprecationWarning: This process (pid=78576) is multi-threaded, use of fork() may lead to deadlocks in the child.
  child_pid = os.fork()
/Users/user/Documents/resturantOS/frappe-bench/env/lib/python3.12/site-packages/passlib/utils/__init__.py:854: DeprecationWarning: 'crypt' is deprecated and slated for removal in Python 3.13
  from crypt import crypt as _crypt
/Users/user/Documents/resturantOS/frappe-bench/env/lib/python3.12/site-packages/rq/worker.py:1302: DeprecationWarning: This process (pid=78576) is multi-threaded, use of fork() may lead to deadlocks in the child.
  child_pid = os.fork()
/Users/user/Documents/resturantOS/frappe-bench/env/lib/python3.12/site-packages/passlib/utils/__init__.py:854: DeprecationWarning: 'crypt' is deprecated and slated for removal in Python 3.13
  from crypt import crypt as _crypt
/Users/user/Documents/resturantOS/frappe-bench/env/lib/python3.12/site-packages/rq/worker.py:1302: DeprecationWarning: This process (pid=78576) is multi-threaded, use of fork() may lead to deadlocks in the child.
  child_pid = os.fork()
/Users/user/Documents/resturantOS/frappe-bench/env/lib/python3.12/site-packages/passlib/utils/__init__.py:854: DeprecationWarning: 'crypt' is deprecated and slated for removal in Python 3.13
  from crypt import crypt as _crypt
/Users/user/Documents/resturantOS/frappe-bench/env/lib/python3.12/site-packages/rq/worker.py:1302: DeprecationWarning: This process (pid=78576) is multi-threaded, use of fork() may lead to deadlocks in the child.
  child_pid = os.fork()
/Users/user/Documents/resturantOS/frappe-bench/env/lib/python3.12/site-packages/passlib/utils/__init__.py:854: DeprecationWarning: 'crypt' is deprecated and slated for removal in Python 3.13
  from crypt import crypt as _crypt
/Users/user/Documents/resturantOS/frappe-bench/env/lib/python3.12/site-packages/rq/worker.py:1302: DeprecationWarning: This process (pid=78576) is multi-threaded, use of fork() may lead to deadlocks in the child.
  child_pid = os.fork()
/Users/user/Documents/resturantOS/frappe-bench/env/lib/python3.12/site-packages/passlib/utils/__init__.py:854: DeprecationWarning: 'crypt' is deprecated and slated for removal in Python 3.13
  from crypt import crypt as _crypt
/Users/user/Documents/resturantOS/frappe-bench/env/lib/python3.12/site-packages/rq/worker.py:1302: DeprecationWarning: This process (pid=78576) is multi-threaded, use of fork() may lead to deadlocks in the child.
  child_pid = os.fork()
/Users/user/Documents/resturantOS/frappe-bench/env/lib/python3.12/site-packages/passlib/utils/__init__.py:854: DeprecationWarning: 'crypt' is deprecated and slated for removal in Python 3.13
  from crypt import crypt as _crypt
/Users/user/Documents/resturantOS/frappe-bench/env/lib/python3.12/site-packages/rq/worker.py:1302: DeprecationWarning: This process (pid=78576) is multi-threaded, use of fork() may lead to deadlocks in the child.
  child_pid = os.fork()
/Users/user/Documents/resturantOS/frappe-bench/env/lib/python3.12/site-packages/passlib/utils/__init__.py:854: DeprecationWarning: 'crypt' is deprecated and slated for removal in Python 3.13
  from crypt import crypt as _crypt
/Users/user/Documents/resturantOS/frappe-bench/env/lib/python3.12/site-packages/rq/worker.py:1302: DeprecationWarning: This process (pid=78576) is multi-threaded, use of fork() may lead to deadlocks in the child.
  child_pid = os.fork()
/Users/user/Documents/resturantOS/frappe-bench/env/lib/python3.12/site-packages/passlib/utils/__init__.py:854: DeprecationWarning: 'crypt' is deprecated and slated for removal in Python 3.13
  from crypt import crypt as _crypt
/Users/user/Documents/resturantOS/frappe-bench/env/lib/python3.12/site-packages/rq/worker.py:1302: DeprecationWarning: This process (pid=78576) is multi-threaded, use of fork() may lead to deadlocks in the child.
  child_pid = os.fork()
/Users/user/Documents/resturantOS/frappe-bench/env/lib/python3.12/site-packages/passlib/utils/__init__.py:854: DeprecationWarning: 'crypt' is deprecated and slated for removal in Python 3.13
  from crypt import crypt as _crypt
/Users/user/Documents/resturantOS/frappe-bench/env/lib/python3.12/site-packages/rq/worker.py:1302: DeprecationWarning: This process (pid=78576) is multi-threaded, use of fork() may lead to deadlocks in the child.
  child_pid = os.fork()
/Users/user/Documents/resturantOS/frappe-bench/env/lib/python3.12/site-packages/passlib/utils/__init__.py:854: DeprecationWarning: 'crypt' is deprecated and slated for removal in Python 3.13
  from crypt import crypt as _crypt
/Users/user/Documents/resturantOS/frappe-bench/env/lib/python3.12/site-packages/rq/worker.py:1302: DeprecationWarning: This process (pid=78576) is multi-threaded, use of fork() may lead to deadlocks in the child.
  child_pid = os.fork()
/Users/user/Documents/resturantOS/frappe-bench/env/lib/python3.12/site-packages/passlib/utils/__init__.py:854: DeprecationWarning: 'crypt' is deprecated and slated for removal in Python 3.13
  from crypt import crypt as _crypt
/Users/user/Documents/resturantOS/frappe-bench/env/lib/python3.12/site-packages/rq/worker.py:1302: DeprecationWarning: This process (pid=78576) is multi-threaded, use of fork() may lead to deadlocks in the child.
  child_pid = os.fork()
/Users/user/Documents/resturantOS/frappe-bench/env/lib/python3.12/site-packages/passlib/utils/__init__.py:854: DeprecationWarning: 'crypt' is deprecated and slated for removal in Python 3.13
  from crypt import crypt as _crypt
/Users/user/Documents/resturantOS/frappe-bench/env/lib/python3.12/site-packages/rq/worker.py:1302: DeprecationWarning: This process (pid=78576) is multi-threaded, use of fork() may lead to deadlocks in the child.
  child_pid = os.fork()
/Users/user/Documents/resturantOS/frappe-bench/env/lib/python3.12/site-packages/passlib/utils/__init__.py:854: DeprecationWarning: 'crypt' is deprecated and slated for removal in Python 3.13
  from crypt import crypt as _crypt
/Users/user/Documents/resturantOS/frappe-bench/env/lib/python3.12/site-packages/rq/worker.py:1302: DeprecationWarning: This process (pid=78576) is multi-threaded, use of fork() may lead to deadlocks in the child.
  child_pid = os.fork()
/Users/user/Documents/resturantOS/frappe-bench/env/lib/python3.12/site-packages/passlib/utils/__init__.py:854: DeprecationWarning: 'crypt' is deprecated and slated for removal in Python 3.13
  from crypt import crypt as _crypt
/Users/user/Documents/resturantOS/frappe-bench/env/lib/python3.12/site-packages/rq/worker.py:1302: DeprecationWarning: This process (pid=78576) is multi-threaded, use of fork() may lead to deadlocks in the child.
  child_pid = os.fork()
/Users/user/Documents/resturantOS/frappe-bench/env/lib/python3.12/site-packages/passlib/utils/__init__.py:854: DeprecationWarning: 'crypt' is deprecated and slated for removal in Python 3.13
  from crypt import crypt as _crypt
/Users/user/Documents/resturantOS/frappe-bench/env/lib/python3.12/site-packages/rq/worker.py:1302: DeprecationWarning: This process (pid=78576) is multi-threaded, use of fork() may lead to deadlocks in the child.
  child_pid = os.fork()
/Users/user/Documents/resturantOS/frappe-bench/env/lib/python3.12/site-packages/passlib/utils/__init__.py:854: DeprecationWarning: 'crypt' is deprecated and slated for removal in Python 3.13
  from crypt import crypt as _crypt
/Users/user/Documents/resturantOS/frappe-bench/env/lib/python3.12/site-packages/rq/worker.py:1302: DeprecationWarning: This process (pid=78576) is multi-threaded, use of fork() may lead to deadlocks in the child.
  child_pid = os.fork()
/Users/user/Documents/resturantOS/frappe-bench/env/lib/python3.12/site-packages/passlib/utils/__init__.py:854: DeprecationWarning: 'crypt' is deprecated and slated for removal in Python 3.13
  from crypt import crypt as _crypt
/Users/user/Documents/resturantOS/frappe-bench/env/lib/python3.12/site-packages/rq/worker.py:1302: DeprecationWarning: This process (pid=78576) is multi-threaded, use of fork() may lead to deadlocks in the child.
  child_pid = os.fork()
/Users/user/Documents/resturantOS/frappe-bench/env/lib/python3.12/site-packages/passlib/utils/__init__.py:854: DeprecationWarning: 'crypt' is deprecated and slated for removal in Python 3.13
  from crypt import crypt as _crypt
/Users/user/Documents/resturantOS/frappe-bench/env/lib/python3.12/site-packages/rq/worker.py:1302: DeprecationWarning: This process (pid=78576) is multi-threaded, use of fork() may lead to deadlocks in the child.
  child_pid = os.fork()
/Users/user/Documents/resturantOS/frappe-bench/env/lib/python3.12/site-packages/passlib/utils/__init__.py:854: DeprecationWarning: 'crypt' is deprecated and slated for removal in Python 3.13
  from crypt import crypt as _crypt
/Users/user/Documents/resturantOS/frappe-bench/env/lib/python3.12/site-packages/rq/worker.py:1302: DeprecationWarning: This process (pid=78576) is multi-threaded, use of fork() may lead to deadlocks in the child.
  child_pid = os.fork()
/Users/user/Documents/resturantOS/frappe-bench/env/lib/python3.12/site-packages/passlib/utils/__init__.py:854: DeprecationWarning: 'crypt' is deprecated and slated for removal in Python 3.13
  from crypt import crypt as _crypt
/Users/user/Documents/resturantOS/frappe-bench/env/lib/python3.12/site-packages/rq/worker.py:1302: DeprecationWarning: This process (pid=78576) is multi-threaded, use of fork() may lead to deadlocks in the child.
  child_pid = os.fork()
/Users/user/Documents/resturantOS/frappe-bench/env/lib/python3.12/site-packages/passlib/utils/__init__.py:854: DeprecationWarning: 'crypt' is deprecated and slated for removal in Python 3.13
  from crypt import crypt as _crypt
/Users/user/Documents/resturantOS/frappe-bench/env/lib/python3.12/site-packages/rq/worker.py:1302: DeprecationWarning: This process (pid=78576) is multi-threaded, use of fork() may lead to deadlocks in the child.
  child_pid = os.fork()
/Users/user/Documents/resturantOS/frappe-bench/env/lib/python3.12/site-packages/passlib/utils/__init__.py:854: DeprecationWarning: 'crypt' is deprecated and slated for removal in Python 3.13
  from crypt import crypt as _crypt
/Users/user/Documents/resturantOS/frappe-bench/env/lib/python3.12/site-packages/rq/worker.py:1302: DeprecationWarning: This process (pid=78576) is multi-threaded, use of fork() may lead to deadlocks in the child.
  child_pid = os.fork()
/Users/user/Documents/resturantOS/frappe-bench/env/lib/python3.12/site-packages/passlib/utils/__init__.py:854: DeprecationWarning: 'crypt' is deprecated and slated for removal in Python 3.13
  from crypt import crypt as _crypt
/Users/user/Documents/resturantOS/frappe-bench/env/lib/python3.12/site-packages/rq/worker.py:1302: DeprecationWarning: This process (pid=78576) is multi-threaded, use of fork() may lead to deadlocks in the child.
  child_pid = os.fork()
/Users/user/Documents/resturantOS/frappe-bench/env/lib/python3.12/site-packages/passlib/utils/__init__.py:854: DeprecationWarning: 'crypt' is deprecated and slated for removal in Python 3.13
  from crypt import crypt as _crypt
/Users/user/Documents/resturantOS/frappe-bench/env/lib/python3.12/site-packages/rq/worker.py:1302: DeprecationWarning: This process (pid=78576) is multi-threaded, use of fork() may lead to deadlocks in the child.
  child_pid = os.fork()
/Users/user/Documents/resturantOS/frappe-bench/env/lib/python3.12/site-packages/passlib/utils/__init__.py:854: DeprecationWarning: 'crypt' is deprecated and slated for removal in Python 3.13
  from crypt import crypt as _crypt
/Users/user/Documents/resturantOS/frappe-bench/env/lib/python3.12/site-packages/rq/worker.py:1302: DeprecationWarning: This process (pid=78576) is multi-threaded, use of fork() may lead to deadlocks in the child.
  child_pid = os.fork()
/Users/user/Documents/resturantOS/frappe-bench/env/lib/python3.12/site-packages/passlib/utils/__init__.py:854: DeprecationWarning: 'crypt' is deprecated and slated for removal in Python 3.13
  from crypt import crypt as _crypt
/Users/user/Documents/resturantOS/frappe-bench/env/lib/python3.12/site-packages/rq/worker.py:1302: DeprecationWarning: This process (pid=78576) is multi-threaded, use of fork() may lead to deadlocks in the child.
  child_pid = os.fork()
/Users/user/Documents/resturantOS/frappe-bench/env/lib/python3.12/site-packages/passlib/utils/__init__.py:854: DeprecationWarning: 'crypt' is deprecated and slated for removal in Python 3.13
  from crypt import crypt as _crypt
/Users/user/Documents/resturantOS/frappe-bench/env/lib/python3.12/site-packages/rq/worker.py:1302: DeprecationWarning: This process (pid=78576) is multi-threaded, use of fork() may lead to deadlocks in the child.
  child_pid = os.fork()
/Users/user/Documents/resturantOS/frappe-bench/env/lib/python3.12/site-packages/passlib/utils/__init__.py:854: DeprecationWarning: 'crypt' is deprecated and slated for removal in Python 3.13
  from crypt import crypt as _crypt
/Users/user/Documents/resturantOS/frappe-bench/env/lib/python3.12/site-packages/rq/worker.py:1302: DeprecationWarning: This process (pid=78576) is multi-threaded, use of fork() may lead to deadlocks in the child.
  child_pid = os.fork()
/Users/user/Documents/resturantOS/frappe-bench/env/lib/python3.12/site-packages/passlib/utils/__init__.py:854: DeprecationWarning: 'crypt' is deprecated and slated for removal in Python 3.13
  from crypt import crypt as _crypt
/Users/user/Documents/resturantOS/frappe-bench/env/lib/python3.12/site-packages/rq/worker.py:1302: DeprecationWarning: This process (pid=78576) is multi-threaded, use of fork() may lead to deadlocks in the child.
  child_pid = os.fork()
/Users/user/Documents/resturantOS/frappe-bench/env/lib/python3.12/site-packages/passlib/utils/__init__.py:854: DeprecationWarning: 'crypt' is deprecated and slated for removal in Python 3.13
  from crypt import crypt as _crypt
/Users/user/Documents/resturantOS/frappe-bench/env/lib/python3.12/site-packages/rq/worker.py:1302: DeprecationWarning: This process (pid=78576) is multi-threaded, use of fork() may lead to deadlocks in the child.
  child_pid = os.fork()
/Users/user/Documents/resturantOS/frappe-bench/env/lib/python3.12/site-packages/passlib/utils/__init__.py:854: DeprecationWarning: 'crypt' is deprecated and slated for removal in Python 3.13
  from crypt import crypt as _crypt
/Users/user/Documents/resturantOS/frappe-bench/env/lib/python3.12/site-packages/rq/worker.py:1302: DeprecationWarning: This process (pid=78576) is multi-threaded, use of fork() may lead to deadlocks in the child.
  child_pid = os.fork()
/Users/user/Documents/resturantOS/frappe-bench/env/lib/python3.12/site-packages/passlib/utils/__init__.py:854: DeprecationWarning: 'crypt' is deprecated and slated for removal in Python 3.13
  from crypt import crypt as _crypt
/Users/user/Documents/resturantOS/frappe-bench/env/lib/python3.12/site-packages/rq/worker.py:1302: DeprecationWarning: This process (pid=78576) is multi-threaded, use of fork() may lead to deadlocks in the child.
  child_pid = os.fork()
/Users/user/Documents/resturantOS/frappe-bench/env/lib/python3.12/site-packages/passlib/utils/__init__.py:854: DeprecationWarning: 'crypt' is deprecated and slated for removal in Python 3.13
  from crypt import crypt as _crypt
/Users/user/Documents/resturantOS/frappe-bench/env/lib/python3.12/site-packages/rq/worker.py:1302: DeprecationWarning: This process (pid=78576) is multi-threaded, use of fork() may lead to deadlocks in the child.
  child_pid = os.fork()
/Users/user/Documents/resturantOS/frappe-bench/env/lib/python3.12/site-packages/passlib/utils/__init__.py:854: DeprecationWarning: 'crypt' is deprecated and slated for removal in Python 3.13
  from crypt import crypt as _crypt
/Users/user/Documents/resturantOS/frappe-bench/env/lib/python3.12/site-packages/rq/worker.py:1302: DeprecationWarning: This process (pid=78576) is multi-threaded, use of fork() may lead to deadlocks in the child.
  child_pid = os.fork()
/Users/user/Documents/resturantOS/frappe-bench/env/lib/python3.12/site-packages/passlib/utils/__init__.py:854: DeprecationWarning: 'crypt' is deprecated and slated for removal in Python 3.13
  from crypt import crypt as _crypt
/Users/user/Documents/resturantOS/frappe-bench/env/lib/python3.12/site-packages/rq/worker.py:1302: DeprecationWarning: This process (pid=78576) is multi-threaded, use of fork() may lead to deadlocks in the child.
  child_pid = os.fork()
/Users/user/Documents/resturantOS/frappe-bench/env/lib/python3.12/site-packages/passlib/utils/__init__.py:854: DeprecationWarning: 'crypt' is deprecated and slated for removal in Python 3.13
  from crypt import crypt as _crypt
/Users/user/Documents/resturantOS/frappe-bench/env/lib/python3.12/site-packages/rq/worker.py:1302: DeprecationWarning: This process (pid=78576) is multi-threaded, use of fork() may lead to deadlocks in the child.
  child_pid = os.fork()
/Users/user/Documents/resturantOS/frappe-bench/env/lib/python3.12/site-packages/passlib/utils/__init__.py:854: DeprecationWarning: 'crypt' is deprecated and slated for removal in Python 3.13
  from crypt import crypt as _crypt
/Users/user/Documents/resturantOS/frappe-bench/env/lib/python3.12/site-packages/rq/worker.py:1302: DeprecationWarning: This process (pid=78576) is multi-threaded, use of fork() may lead to deadlocks in the child.
  child_pid = os.fork()
/Users/user/Documents/resturantOS/frappe-bench/env/lib/python3.12/site-packages/passlib/utils/__init__.py:854: DeprecationWarning: 'crypt' is deprecated and slated for removal in Python 3.13
  from crypt import crypt as _crypt
/Users/user/Documents/resturantOS/frappe-bench/env/lib/python3.12/site-packages/rq/worker.py:1302: DeprecationWarning: This process (pid=78576) is multi-threaded, use of fork() may lead to deadlocks in the child.
  child_pid = os.fork()
/Users/user/Documents/resturantOS/frappe-bench/env/lib/python3.12/site-packages/passlib/utils/__init__.py:854: DeprecationWarning: 'crypt' is deprecated and slated for removal in Python 3.13
  from crypt import crypt as _crypt
/Users/user/Documents/resturantOS/frappe-bench/env/lib/python3.12/site-packages/rq/worker.py:1302: DeprecationWarning: This process (pid=78576) is multi-threaded, use of fork() may lead to deadlocks in the child.
  child_pid = os.fork()
/Users/user/Documents/resturantOS/frappe-bench/env/lib/python3.12/site-packages/passlib/utils/__init__.py:854: DeprecationWarning: 'crypt' is deprecated and slated for removal in Python 3.13
  from crypt import crypt as _crypt
/Users/user/Documents/resturantOS/frappe-bench/env/lib/python3.12/site-packages/rq/worker.py:1302: DeprecationWarning: This process (pid=78576) is multi-threaded, use of fork() may lead to deadlocks in the child.
  child_pid = os.fork()
/Users/user/Documents/resturantOS/frappe-bench/env/lib/python3.12/site-packages/passlib/utils/__init__.py:854: DeprecationWarning: 'crypt' is deprecated and slated for removal in Python 3.13
  from crypt import crypt as _crypt
/Users/user/Documents/resturantOS/frappe-bench/env/lib/python3.12/site-packages/rq/worker.py:1302: DeprecationWarning: This process (pid=78576) is multi-threaded, use of fork() may lead to deadlocks in the child.
  child_pid = os.fork()
/Users/user/Documents/resturantOS/frappe-bench/env/lib/python3.12/site-packages/passlib/utils/__init__.py:854: DeprecationWarning: 'crypt' is deprecated and slated for removal in Python 3.13
  from crypt import crypt as _crypt
/Users/user/Documents/resturantOS/frappe-bench/env/lib/python3.12/site-packages/rq/worker.py:1302: DeprecationWarning: This process (pid=78576) is multi-threaded, use of fork() may lead to deadlocks in the child.
  child_pid = os.fork()
/Users/user/Documents/resturantOS/frappe-bench/env/lib/python3.12/site-packages/passlib/utils/__init__.py:854: DeprecationWarning: 'crypt' is deprecated and slated for removal in Python 3.13
  from crypt import crypt as _crypt
/Users/user/Documents/resturantOS/frappe-bench/env/lib/python3.12/site-packages/rq/worker.py:1302: DeprecationWarning: This process (pid=78576) is multi-threaded, use of fork() may lead to deadlocks in the child.
  child_pid = os.fork()
/Users/user/Documents/resturantOS/frappe-bench/env/lib/python3.12/site-packages/passlib/utils/__init__.py:854: DeprecationWarning: 'crypt' is deprecated and slated for removal in Python 3.13
  from crypt import crypt as _crypt
/Users/user/Documents/resturantOS/frappe-bench/env/lib/python3.12/site-packages/rq/worker.py:1302: DeprecationWarning: This process (pid=78576) is multi-threaded, use of fork() may lead to deadlocks in the child.
  child_pid = os.fork()
/Users/user/Documents/resturantOS/frappe-bench/env/lib/python3.12/site-packages/passlib/utils/__init__.py:854: DeprecationWarning: 'crypt' is deprecated and slated for removal in Python 3.13
  from crypt import crypt as _crypt
/Users/user/Documents/resturantOS/frappe-bench/env/lib/python3.12/site-packages/rq/worker.py:1302: DeprecationWarning: This process (pid=78576) is multi-threaded, use of fork() may lead to deadlocks in the child.
  child_pid = os.fork()
/Users/user/Documents/resturantOS/frappe-bench/env/lib/python3.12/site-packages/passlib/utils/__init__.py:854: DeprecationWarning: 'crypt' is deprecated and slated for removal in Python 3.13
  from crypt import crypt as _crypt
/Users/user/Documents/resturantOS/frappe-bench/env/lib/python3.12/site-packages/rq/worker.py:1302: DeprecationWarning: This process (pid=78576) is multi-threaded, use of fork() may lead to deadlocks in the child.
  child_pid = os.fork()
/Users/user/Documents/resturantOS/frappe-bench/env/lib/python3.12/site-packages/passlib/utils/__init__.py:854: DeprecationWarning: 'crypt' is deprecated and slated for removal in Python 3.13
  from crypt import crypt as _crypt
/Users/user/Documents/resturantOS/frappe-bench/env/lib/python3.12/site-packages/rq/worker.py:1302: DeprecationWarning: This process (pid=78576) is multi-threaded, use of fork() may lead to deadlocks in the child.
  child_pid = os.fork()
/Users/user/Documents/resturantOS/frappe-bench/env/lib/python3.12/site-packages/passlib/utils/__init__.py:854: DeprecationWarning: 'crypt' is deprecated and slated for removal in Python 3.13
  from crypt import crypt as _crypt
/Users/user/Documents/resturantOS/frappe-bench/env/lib/python3.12/site-packages/rq/worker.py:1302: DeprecationWarning: This process (pid=78576) is multi-threaded, use of fork() may lead to deadlocks in the child.
  child_pid = os.fork()
/Users/user/Documents/resturantOS/frappe-bench/env/lib/python3.12/site-packages/passlib/utils/__init__.py:854: DeprecationWarning: 'crypt' is deprecated and slated for removal in Python 3.13
  from crypt import crypt as _crypt
/Users/user/Documents/resturantOS/frappe-bench/env/lib/python3.12/site-packages/rq/worker.py:1302: DeprecationWarning: This process (pid=78576) is multi-threaded, use of fork() may lead to deadlocks in the child.
  child_pid = os.fork()
/Users/user/Documents/resturantOS/frappe-bench/env/lib/python3.12/site-packages/passlib/utils/__init__.py:854: DeprecationWarning: 'crypt' is deprecated and slated for removal in Python 3.13
  from crypt import crypt as _crypt
/Users/user/Documents/resturantOS/frappe-bench/env/lib/python3.12/site-packages/rq/worker.py:1302: DeprecationWarning: This process (pid=78576) is multi-threaded, use of fork() may lead to deadlocks in the child.
  child_pid = os.fork()
/Users/user/Documents/resturantOS/frappe-bench/env/lib/python3.12/site-packages/passlib/utils/__init__.py:854: DeprecationWarning: 'crypt' is deprecated and slated for removal in Python 3.13
  from crypt import crypt as _crypt
/Users/user/Documents/resturantOS/frappe-bench/env/lib/python3.12/site-packages/rq/worker.py:1302: DeprecationWarning: This process (pid=78576) is multi-threaded, use of fork() may lead to deadlocks in the child.
  child_pid = os.fork()
/Users/user/Documents/resturantOS/frappe-bench/env/lib/python3.12/site-packages/passlib/utils/__init__.py:854: DeprecationWarning: 'crypt' is deprecated and slated for removal in Python 3.13
  from crypt import crypt as _crypt
/Users/user/Documents/resturantOS/frappe-bench/env/lib/python3.12/site-packages/rq/worker.py:1302: DeprecationWarning: This process (pid=78576) is multi-threaded, use of fork() may lead to deadlocks in the child.
  child_pid = os.fork()
/Users/user/Documents/resturantOS/frappe-bench/env/lib/python3.12/site-packages/passlib/utils/__init__.py:854: DeprecationWarning: 'crypt' is deprecated and slated for removal in Python 3.13
  from crypt import crypt as _crypt
/Users/user/Documents/resturantOS/frappe-bench/env/lib/python3.12/site-packages/rq/worker.py:1302: DeprecationWarning: This process (pid=78576) is multi-threaded, use of fork() may lead to deadlocks in the child.
  child_pid = os.fork()
/Users/user/Documents/resturantOS/frappe-bench/env/lib/python3.12/site-packages/passlib/utils/__init__.py:854: DeprecationWarning: 'crypt' is deprecated and slated for removal in Python 3.13
  from crypt import crypt as _crypt
/Users/user/Documents/resturantOS/frappe-bench/env/lib/python3.12/site-packages/rq/worker.py:1302: DeprecationWarning: This process (pid=78576) is multi-threaded, use of fork() may lead to deadlocks in the child.
  child_pid = os.fork()
/Users/user/Documents/resturantOS/frappe-bench/env/lib/python3.12/site-packages/passlib/utils/__init__.py:854: DeprecationWarning: 'crypt' is deprecated and slated for removal in Python 3.13
  from crypt import crypt as _crypt
/Users/user/Documents/resturantOS/frappe-bench/env/lib/python3.12/site-packages/rq/worker.py:1302: DeprecationWarning: This process (pid=78576) is multi-threaded, use of fork() may lead to deadlocks in the child.
  child_pid = os.fork()
/Users/user/Documents/resturantOS/frappe-bench/env/lib/python3.12/site-packages/passlib/utils/__init__.py:854: DeprecationWarning: 'crypt' is deprecated and slated for removal in Python 3.13
  from crypt import crypt as _crypt
/Users/user/Documents/resturantOS/frappe-bench/env/lib/python3.12/site-packages/rq/worker.py:1302: DeprecationWarning: This process (pid=78576) is multi-threaded, use of fork() may lead to deadlocks in the child.
  child_pid = os.fork()
/Users/user/Documents/resturantOS/frappe-bench/env/lib/python3.12/site-packages/passlib/utils/__init__.py:854: DeprecationWarning: 'crypt' is deprecated and slated for removal in Python 3.13
  from crypt import crypt as _crypt
/Users/user/Documents/resturantOS/frappe-bench/env/lib/python3.12/site-packages/rq/worker.py:1302: DeprecationWarning: This process (pid=78576) is multi-threaded, use of fork() may lead to deadlocks in the child.
  child_pid = os.fork()
/Users/user/Documents/resturantOS/frappe-bench/env/lib/python3.12/site-packages/passlib/utils/__init__.py:854: DeprecationWarning: 'crypt' is deprecated and slated for removal in Python 3.13
  from crypt import crypt as _crypt
/Users/user/Documents/resturantOS/frappe-bench/env/lib/python3.12/site-packages/rq/worker.py:1302: DeprecationWarning: This process (pid=78576) is multi-threaded, use of fork() may lead to deadlocks in the child.
  child_pid = os.fork()
/Users/user/Documents/resturantOS/frappe-bench/env/lib/python3.12/site-packages/passlib/utils/__init__.py:854: DeprecationWarning: 'crypt' is deprecated and slated for removal in Python 3.13
  from crypt import crypt as _crypt
/Users/user/Documents/resturantOS/frappe-bench/env/lib/python3.12/site-packages/rq/worker.py:1302: DeprecationWarning: This process (pid=78576) is multi-threaded, use of fork() may lead to deadlocks in the child.
  child_pid = os.fork()
/Users/user/Documents/resturantOS/frappe-bench/env/lib/python3.12/site-packages/passlib/utils/__init__.py:854: DeprecationWarning: 'crypt' is deprecated and slated for removal in Python 3.13
  from crypt import crypt as _crypt
/Users/user/Documents/resturantOS/frappe-bench/env/lib/python3.12/site-packages/rq/worker.py:1302: DeprecationWarning: This process (pid=78576) is multi-threaded, use of fork() may lead to deadlocks in the child.
  child_pid = os.fork()
/Users/user/Documents/resturantOS/frappe-bench/env/lib/python3.12/site-packages/passlib/utils/__init__.py:854: DeprecationWarning: 'crypt' is deprecated and slated for removal in Python 3.13
  from crypt import crypt as _crypt
/Users/user/Documents/resturantOS/frappe-bench/env/lib/python3.12/site-packages/rq/worker.py:1302: DeprecationWarning: This process (pid=78576) is multi-threaded, use of fork() may lead to deadlocks in the child.
  child_pid = os.fork()
/Users/user/Documents/resturantOS/frappe-bench/env/lib/python3.12/site-packages/passlib/utils/__init__.py:854: DeprecationWarning: 'crypt' is deprecated and slated for removal in Python 3.13
  from crypt import crypt as _crypt
/Users/user/Documents/resturantOS/frappe-bench/env/lib/python3.12/site-packages/rq/worker.py:1302: DeprecationWarning: This process (pid=78576) is multi-threaded, use of fork() may lead to deadlocks in the child.
  child_pid = os.fork()
/Users/user/Documents/resturantOS/frappe-bench/env/lib/python3.12/site-packages/passlib/utils/__init__.py:854: DeprecationWarning: 'crypt' is deprecated and slated for removal in Python 3.13
  from crypt import crypt as _crypt
/Users/user/Documents/resturantOS/frappe-bench/env/lib/python3.12/site-packages/rq/worker.py:1302: DeprecationWarning: This process (pid=78576) is multi-threaded, use of fork() may lead to deadlocks in the child.
  child_pid = os.fork()
/Users/user/Documents/resturantOS/frappe-bench/env/lib/python3.12/site-packages/passlib/utils/__init__.py:854: DeprecationWarning: 'crypt' is deprecated and slated for removal in Python 3.13
  from crypt import crypt as _crypt
/Users/user/Documents/resturantOS/frappe-bench/env/lib/python3.12/site-packages/rq/worker.py:1302: DeprecationWarning: This process (pid=78576) is multi-threaded, use of fork() may lead to deadlocks in the child.
  child_pid = os.fork()
/Users/user/Documents/resturantOS/frappe-bench/env/lib/python3.12/site-packages/passlib/utils/__init__.py:854: DeprecationWarning: 'crypt' is deprecated and slated for removal in Python 3.13
  from crypt import crypt as _crypt
/Users/user/Documents/resturantOS/frappe-bench/env/lib/python3.12/site-packages/rq/worker.py:1302: DeprecationWarning: This process (pid=78576) is multi-threaded, use of fork() may lead to deadlocks in the child.
  child_pid = os.fork()
/Users/user/Documents/resturantOS/frappe-bench/env/lib/python3.12/site-packages/passlib/utils/__init__.py:854: DeprecationWarning: 'crypt' is deprecated and slated for removal in Python 3.13
  from crypt import crypt as _crypt
/Users/user/Documents/resturantOS/frappe-bench/env/lib/python3.12/site-packages/rq/worker.py:1302: DeprecationWarning: This process (pid=78576) is multi-threaded, use of fork() may lead to deadlocks in the child.
  child_pid = os.fork()
/Users/user/Documents/resturantOS/frappe-bench/env/lib/python3.12/site-packages/passlib/utils/__init__.py:854: DeprecationWarning: 'crypt' is deprecated and slated for removal in Python 3.13
  from crypt import crypt as _crypt
/Users/user/Documents/resturantOS/frappe-bench/env/lib/python3.12/site-packages/rq/worker.py:1302: DeprecationWarning: This process (pid=78576) is multi-threaded, use of fork() may lead to deadlocks in the child.
  child_pid = os.fork()
/Users/user/Documents/resturantOS/frappe-bench/env/lib/python3.12/site-packages/passlib/utils/__init__.py:854: DeprecationWarning: 'crypt' is deprecated and slated for removal in Python 3.13
  from crypt import crypt as _crypt
/Users/user/Documents/resturantOS/frappe-bench/env/lib/python3.12/site-packages/rq/worker.py:1302: DeprecationWarning: This process (pid=78576) is multi-threaded, use of fork() may lead to deadlocks in the child.
  child_pid = os.fork()
/Users/user/Documents/resturantOS/frappe-bench/env/lib/python3.12/site-packages/passlib/utils/__init__.py:854: DeprecationWarning: 'crypt' is deprecated and slated for removal in Python 3.13
  from crypt import crypt as _crypt
/Users/user/Documents/resturantOS/frappe-bench/env/lib/python3.12/site-packages/rq/worker.py:1302: DeprecationWarning: This process (pid=78576) is multi-threaded, use of fork() may lead to deadlocks in the child.
  child_pid = os.fork()
/Users/user/Documents/resturantOS/frappe-bench/env/lib/python3.12/site-packages/passlib/utils/__init__.py:854: DeprecationWarning: 'crypt' is deprecated and slated for removal in Python 3.13
  from crypt import crypt as _crypt
/Users/user/Documents/resturantOS/frappe-bench/env/lib/python3.12/site-packages/rq/worker.py:1302: DeprecationWarning: This process (pid=78576) is multi-threaded, use of fork() may lead to deadlocks in the child.
  child_pid = os.fork()
/Users/user/Documents/resturantOS/frappe-bench/env/lib/python3.12/site-packages/passlib/utils/__init__.py:854: DeprecationWarning: 'crypt' is deprecated and slated for removal in Python 3.13
  from crypt import crypt as _crypt
/Users/user/Documents/resturantOS/frappe-bench/env/lib/python3.12/site-packages/rq/worker.py:1302: DeprecationWarning: This process (pid=78576) is multi-threaded, use of fork() may lead to deadlocks in the child.
  child_pid = os.fork()
/Users/user/Documents/resturantOS/frappe-bench/env/lib/python3.12/site-packages/passlib/utils/__init__.py:854: DeprecationWarning: 'crypt' is deprecated and slated for removal in Python 3.13
  from crypt import crypt as _crypt
/Users/user/Documents/resturantOS/frappe-bench/env/lib/python3.12/site-packages/rq/worker.py:1302: DeprecationWarning: This process (pid=78576) is multi-threaded, use of fork() may lead to deadlocks in the child.
  child_pid = os.fork()
/Users/user/Documents/resturantOS/frappe-bench/env/lib/python3.12/site-packages/passlib/utils/__init__.py:854: DeprecationWarning: 'crypt' is deprecated and slated for removal in Python 3.13
  from crypt import crypt as _crypt
/Users/user/Documents/resturantOS/frappe-bench/env/lib/python3.12/site-packages/rq/worker.py:1302: DeprecationWarning: This process (pid=78576) is multi-threaded, use of fork() may lead to deadlocks in the child.
  child_pid = os.fork()
/Users/user/Documents/resturantOS/frappe-bench/env/lib/python3.12/site-packages/passlib/utils/__init__.py:854: DeprecationWarning: 'crypt' is deprecated and slated for removal in Python 3.13
  from crypt import crypt as _crypt
/Users/user/Documents/resturantOS/frappe-bench/env/lib/python3.12/site-packages/rq/worker.py:1302: DeprecationWarning: This process (pid=78576) is multi-threaded, use of fork() may lead to deadlocks in the child.
  child_pid = os.fork()
/Users/user/Documents/resturantOS/frappe-bench/env/lib/python3.12/site-packages/passlib/utils/__init__.py:854: DeprecationWarning: 'crypt' is deprecated and slated for removal in Python 3.13
  from crypt import crypt as _crypt
/Users/user/Documents/resturantOS/frappe-bench/env/lib/python3.12/site-packages/rq/worker.py:1302: DeprecationWarning: This process (pid=78576) is multi-threaded, use of fork() may lead to deadlocks in the child.
  child_pid = os.fork()
/Users/user/Documents/resturantOS/frappe-bench/env/lib/python3.12/site-packages/passlib/utils/__init__.py:854: DeprecationWarning: 'crypt' is deprecated and slated for removal in Python 3.13
  from crypt import crypt as _crypt
/Users/user/Documents/resturantOS/frappe-bench/env/lib/python3.12/site-packages/rq/worker.py:1302: DeprecationWarning: This process (pid=78576) is multi-threaded, use of fork() may lead to deadlocks in the child.
  child_pid = os.fork()
/Users/user/Documents/resturantOS/frappe-bench/env/lib/python3.12/site-packages/passlib/utils/__init__.py:854: DeprecationWarning: 'crypt' is deprecated and slated for removal in Python 3.13
  from crypt import crypt as _crypt
/Users/user/Documents/resturantOS/frappe-bench/env/lib/python3.12/site-packages/rq/worker.py:1302: DeprecationWarning: This process (pid=78576) is multi-threaded, use of fork() may lead to deadlocks in the child.
  child_pid = os.fork()
/Users/user/Documents/resturantOS/frappe-bench/env/lib/python3.12/site-packages/passlib/utils/__init__.py:854: DeprecationWarning: 'crypt' is deprecated and slated for removal in Python 3.13
  from crypt import crypt as _crypt
/Users/user/Documents/resturantOS/frappe-bench/env/lib/python3.12/site-packages/rq/worker.py:1302: DeprecationWarning: This process (pid=78576) is multi-threaded, use of fork() may lead to deadlocks in the child.
  child_pid = os.fork()
/Users/user/Documents/resturantOS/frappe-bench/env/lib/python3.12/site-packages/passlib/utils/__init__.py:854: DeprecationWarning: 'crypt' is deprecated and slated for removal in Python 3.13
  from crypt import crypt as _crypt
/Users/user/Documents/resturantOS/frappe-bench/env/lib/python3.12/site-packages/rq/worker.py:1302: DeprecationWarning: This process (pid=78576) is multi-threaded, use of fork() may lead to deadlocks in the child.
  child_pid = os.fork()
/Users/user/Documents/resturantOS/frappe-bench/env/lib/python3.12/site-packages/passlib/utils/__init__.py:854: DeprecationWarning: 'crypt' is deprecated and slated for removal in Python 3.13
  from crypt import crypt as _crypt
/Users/user/Documents/resturantOS/frappe-bench/env/lib/python3.12/site-packages/rq/worker.py:1302: DeprecationWarning: This process (pid=78576) is multi-threaded, use of fork() may lead to deadlocks in the child.
  child_pid = os.fork()
/Users/user/Documents/resturantOS/frappe-bench/env/lib/python3.12/site-packages/passlib/utils/__init__.py:854: DeprecationWarning: 'crypt' is deprecated and slated for removal in Python 3.13
  from crypt import crypt as _crypt
/Users/user/Documents/resturantOS/frappe-bench/env/lib/python3.12/site-packages/rq/worker.py:1302: DeprecationWarning: This process (pid=78576) is multi-threaded, use of fork() may lead to deadlocks in the child.
  child_pid = os.fork()
/Users/user/Documents/resturantOS/frappe-bench/env/lib/python3.12/site-packages/passlib/utils/__init__.py:854: DeprecationWarning: 'crypt' is deprecated and slated for removal in Python 3.13
  from crypt import crypt as _crypt
/Users/user/Documents/resturantOS/frappe-bench/env/lib/python3.12/site-packages/rq/worker.py:1302: DeprecationWarning: This process (pid=78576) is multi-threaded, use of fork() may lead to deadlocks in the child.
  child_pid = os.fork()
/Users/user/Documents/resturantOS/frappe-bench/env/lib/python3.12/site-packages/passlib/utils/__init__.py:854: DeprecationWarning: 'crypt' is deprecated and slated for removal in Python 3.13
  from crypt import crypt as _crypt
/Users/user/Documents/resturantOS/frappe-bench/env/lib/python3.12/site-packages/rq/worker.py:1302: DeprecationWarning: This process (pid=78576) is multi-threaded, use of fork() may lead to deadlocks in the child.
  child_pid = os.fork()
/Users/user/Documents/resturantOS/frappe-bench/env/lib/python3.12/site-packages/passlib/utils/__init__.py:854: DeprecationWarning: 'crypt' is deprecated and slated for removal in Python 3.13
  from crypt import crypt as _crypt
/Users/user/Documents/resturantOS/frappe-bench/env/lib/python3.12/site-packages/rq/worker.py:1302: DeprecationWarning: This process (pid=78576) is multi-threaded, use of fork() may lead to deadlocks in the child.
  child_pid = os.fork()
/Users/user/Documents/resturantOS/frappe-bench/env/lib/python3.12/site-packages/passlib/utils/__init__.py:854: DeprecationWarning: 'crypt' is deprecated and slated for removal in Python 3.13
  from crypt import crypt as _crypt
/Users/user/Documents/resturantOS/frappe-bench/env/lib/python3.12/site-packages/rq/worker.py:1302: DeprecationWarning: This process (pid=78576) is multi-threaded, use of fork() may lead to deadlocks in the child.
  child_pid = os.fork()
/Users/user/Documents/resturantOS/frappe-bench/env/lib/python3.12/site-packages/passlib/utils/__init__.py:854: DeprecationWarning: 'crypt' is deprecated and slated for removal in Python 3.13
  from crypt import crypt as _crypt
/Users/user/Documents/resturantOS/frappe-bench/env/lib/python3.12/site-packages/rq/worker.py:1302: DeprecationWarning: This process (pid=78576) is multi-threaded, use of fork() may lead to deadlocks in the child.
  child_pid = os.fork()
/Users/user/Documents/resturantOS/frappe-bench/env/lib/python3.12/site-packages/passlib/utils/__init__.py:854: DeprecationWarning: 'crypt' is deprecated and slated for removal in Python 3.13
  from crypt import crypt as _crypt
/Users/user/Documents/resturantOS/frappe-bench/env/lib/python3.12/site-packages/rq/worker.py:1302: DeprecationWarning: This process (pid=78576) is multi-threaded, use of fork() may lead to deadlocks in the child.
  child_pid = os.fork()
/Users/user/Documents/resturantOS/frappe-bench/env/lib/python3.12/site-packages/passlib/utils/__init__.py:854: DeprecationWarning: 'crypt' is deprecated and slated for removal in Python 3.13
  from crypt import crypt as _crypt
/Users/user/Documents/resturantOS/frappe-bench/env/lib/python3.12/site-packages/rq/worker.py:1302: DeprecationWarning: This process (pid=78576) is multi-threaded, use of fork() may lead to deadlocks in the child.
  child_pid = os.fork()
/Users/user/Documents/resturantOS/frappe-bench/env/lib/python3.12/site-packages/passlib/utils/__init__.py:854: DeprecationWarning: 'crypt' is deprecated and slated for removal in Python 3.13
  from crypt import crypt as _crypt
/Users/user/Documents/resturantOS/frappe-bench/env/lib/python3.12/site-packages/rq/worker.py:1302: DeprecationWarning: This process (pid=78576) is multi-threaded, use of fork() may lead to deadlocks in the child.
  child_pid = os.fork()
/Users/user/Documents/resturantOS/frappe-bench/env/lib/python3.12/site-packages/passlib/utils/__init__.py:854: DeprecationWarning: 'crypt' is deprecated and slated for removal in Python 3.13
  from crypt import crypt as _crypt
/Users/user/Documents/resturantOS/frappe-bench/env/lib/python3.12/site-packages/rq/worker.py:1302: DeprecationWarning: This process (pid=78576) is multi-threaded, use of fork() may lead to deadlocks in the child.
  child_pid = os.fork()
/Users/user/Documents/resturantOS/frappe-bench/env/lib/python3.12/site-packages/passlib/utils/__init__.py:854: DeprecationWarning: 'crypt' is deprecated and slated for removal in Python 3.13
  from crypt import crypt as _crypt
/Users/user/Documents/resturantOS/frappe-bench/env/lib/python3.12/site-packages/rq/worker.py:1302: DeprecationWarning: This process (pid=78576) is multi-threaded, use of fork() may lead to deadlocks in the child.
  child_pid = os.fork()
/Users/user/Documents/resturantOS/frappe-bench/env/lib/python3.12/site-packages/passlib/utils/__init__.py:854: DeprecationWarning: 'crypt' is deprecated and slated for removal in Python 3.13
  from crypt import crypt as _crypt
/Users/user/Documents/resturantOS/frappe-bench/env/lib/python3.12/site-packages/rq/worker.py:1302: DeprecationWarning: This process (pid=78576) is multi-threaded, use of fork() may lead to deadlocks in the child.
  child_pid = os.fork()
/Users/user/Documents/resturantOS/frappe-bench/env/lib/python3.12/site-packages/passlib/utils/__init__.py:854: DeprecationWarning: 'crypt' is deprecated and slated for removal in Python 3.13
  from crypt import crypt as _crypt
/Users/user/Documents/resturantOS/frappe-bench/env/lib/python3.12/site-packages/rq/worker.py:1302: DeprecationWarning: This process (pid=78576) is multi-threaded, use of fork() may lead to deadlocks in the child.
  child_pid = os.fork()
/Users/user/Documents/resturantOS/frappe-bench/env/lib/python3.12/site-packages/passlib/utils/__init__.py:854: DeprecationWarning: 'crypt' is deprecated and slated for removal in Python 3.13
  from crypt import crypt as _crypt
/Users/user/Documents/resturantOS/frappe-bench/env/lib/python3.12/site-packages/rq/worker.py:1302: DeprecationWarning: This process (pid=78576) is multi-threaded, use of fork() may lead to deadlocks in the child.
  child_pid = os.fork()
/Users/user/Documents/resturantOS/frappe-bench/env/lib/python3.12/site-packages/passlib/utils/__init__.py:854: DeprecationWarning: 'crypt' is deprecated and slated for removal in Python 3.13
  from crypt import crypt as _crypt
/Users/user/Documents/resturantOS/frappe-bench/env/lib/python3.12/site-packages/rq/worker.py:1302: DeprecationWarning: This process (pid=78576) is multi-threaded, use of fork() may lead to deadlocks in the child.
  child_pid = os.fork()
/Users/user/Documents/resturantOS/frappe-bench/env/lib/python3.12/site-packages/passlib/utils/__init__.py:854: DeprecationWarning: 'crypt' is deprecated and slated for removal in Python 3.13
  from crypt import crypt as _crypt
/Users/user/Documents/resturantOS/frappe-bench/env/lib/python3.12/site-packages/rq/worker.py:1302: DeprecationWarning: This process (pid=78576) is multi-threaded, use of fork() may lead to deadlocks in the child.
  child_pid = os.fork()
/Users/user/Documents/resturantOS/frappe-bench/env/lib/python3.12/site-packages/passlib/utils/__init__.py:854: DeprecationWarning: 'crypt' is deprecated and slated for removal in Python 3.13
  from crypt import crypt as _crypt
/Users/user/Documents/resturantOS/frappe-bench/env/lib/python3.12/site-packages/rq/worker.py:1302: DeprecationWarning: This process (pid=78576) is multi-threaded, use of fork() may lead to deadlocks in the child.
  child_pid = os.fork()
/Users/user/Documents/resturantOS/frappe-bench/env/lib/python3.12/site-packages/passlib/utils/__init__.py:854: DeprecationWarning: 'crypt' is deprecated and slated for removal in Python 3.13
  from crypt import crypt as _crypt
/Users/user/Documents/resturantOS/frappe-bench/env/lib/python3.12/site-packages/rq/worker.py:1302: DeprecationWarning: This process (pid=78576) is multi-threaded, use of fork() may lead to deadlocks in the child.
  child_pid = os.fork()
/Users/user/Documents/resturantOS/frappe-bench/env/lib/python3.12/site-packages/passlib/utils/__init__.py:854: DeprecationWarning: 'crypt' is deprecated and slated for removal in Python 3.13
  from crypt import crypt as _crypt
/Users/user/Documents/resturantOS/frappe-bench/env/lib/python3.12/site-packages/rq/worker.py:1302: DeprecationWarning: This process (pid=78576) is multi-threaded, use of fork() may lead to deadlocks in the child.
  child_pid = os.fork()
/Users/user/Documents/resturantOS/frappe-bench/env/lib/python3.12/site-packages/passlib/utils/__init__.py:854: DeprecationWarning: 'crypt' is deprecated and slated for removal in Python 3.13
  from crypt import crypt as _crypt
/Users/user/Documents/resturantOS/frappe-bench/env/lib/python3.12/site-packages/rq/worker.py:1302: DeprecationWarning: This process (pid=78576) is multi-threaded, use of fork() may lead to deadlocks in the child.
  child_pid = os.fork()
/Users/user/Documents/resturantOS/frappe-bench/env/lib/python3.12/site-packages/passlib/utils/__init__.py:854: DeprecationWarning: 'crypt' is deprecated and slated for removal in Python 3.13
  from crypt import crypt as _crypt
/Users/user/Documents/resturantOS/frappe-bench/env/lib/python3.12/site-packages/rq/worker.py:1302: DeprecationWarning: This process (pid=78576) is multi-threaded, use of fork() may lead to deadlocks in the child.
  child_pid = os.fork()
/Users/user/Documents/resturantOS/frappe-bench/env/lib/python3.12/site-packages/passlib/utils/__init__.py:854: DeprecationWarning: 'crypt' is deprecated and slated for removal in Python 3.13
  from crypt import crypt as _crypt
/Users/user/Documents/resturantOS/frappe-bench/env/lib/python3.12/site-packages/rq/worker.py:1302: DeprecationWarning: This process (pid=78576) is multi-threaded, use of fork() may lead to deadlocks in the child.
  child_pid = os.fork()
/Users/user/Documents/resturantOS/frappe-bench/env/lib/python3.12/site-packages/passlib/utils/__init__.py:854: DeprecationWarning: 'crypt' is deprecated and slated for removal in Python 3.13
  from crypt import crypt as _crypt
/Users/user/Documents/resturantOS/frappe-bench/env/lib/python3.12/site-packages/rq/worker.py:1302: DeprecationWarning: This process (pid=78576) is multi-threaded, use of fork() may lead to deadlocks in the child.
  child_pid = os.fork()
/Users/user/Documents/resturantOS/frappe-bench/env/lib/python3.12/site-packages/passlib/utils/__init__.py:854: DeprecationWarning: 'crypt' is deprecated and slated for removal in Python 3.13
  from crypt import crypt as _crypt
/Users/user/Documents/resturantOS/frappe-bench/env/lib/python3.12/site-packages/rq/worker.py:1302: DeprecationWarning: This process (pid=78576) is multi-threaded, use of fork() may lead to deadlocks in the child.
  child_pid = os.fork()
/Users/user/Documents/resturantOS/frappe-bench/env/lib/python3.12/site-packages/passlib/utils/__init__.py:854: DeprecationWarning: 'crypt' is deprecated and slated for removal in Python 3.13
  from crypt import crypt as _crypt
/Users/user/Documents/resturantOS/frappe-bench/env/lib/python3.12/site-packages/rq/worker.py:1302: DeprecationWarning: This process (pid=78576) is multi-threaded, use of fork() may lead to deadlocks in the child.
  child_pid = os.fork()
/Users/user/Documents/resturantOS/frappe-bench/env/lib/python3.12/site-packages/passlib/utils/__init__.py:854: DeprecationWarning: 'crypt' is deprecated and slated for removal in Python 3.13
  from crypt import crypt as _crypt
/Users/user/Documents/resturantOS/frappe-bench/env/lib/python3.12/site-packages/rq/worker.py:1302: DeprecationWarning: This process (pid=78576) is multi-threaded, use of fork() may lead to deadlocks in the child.
  child_pid = os.fork()
/Users/user/Documents/resturantOS/frappe-bench/env/lib/python3.12/site-packages/passlib/utils/__init__.py:854: DeprecationWarning: 'crypt' is deprecated and slated for removal in Python 3.13
  from crypt import crypt as _crypt
/Users/user/Documents/resturantOS/frappe-bench/env/lib/python3.12/site-packages/rq/worker.py:1302: DeprecationWarning: This process (pid=78576) is multi-threaded, use of fork() may lead to deadlocks in the child.
  child_pid = os.fork()
/Users/user/Documents/resturantOS/frappe-bench/env/lib/python3.12/site-packages/passlib/utils/__init__.py:854: DeprecationWarning: 'crypt' is deprecated and slated for removal in Python 3.13
  from crypt import crypt as _crypt
/Users/user/Documents/resturantOS/frappe-bench/env/lib/python3.12/site-packages/rq/worker.py:1302: DeprecationWarning: This process (pid=78576) is multi-threaded, use of fork() may lead to deadlocks in the child.
  child_pid = os.fork()
/Users/user/Documents/resturantOS/frappe-bench/env/lib/python3.12/site-packages/passlib/utils/__init__.py:854: DeprecationWarning: 'crypt' is deprecated and slated for removal in Python 3.13
  from crypt import crypt as _crypt
/Users/user/Documents/resturantOS/frappe-bench/env/lib/python3.12/site-packages/rq/worker.py:1302: DeprecationWarning: This process (pid=78576) is multi-threaded, use of fork() may lead to deadlocks in the child.
  child_pid = os.fork()
/Users/user/Documents/resturantOS/frappe-bench/env/lib/python3.12/site-packages/passlib/utils/__init__.py:854: DeprecationWarning: 'crypt' is deprecated and slated for removal in Python 3.13
  from crypt import crypt as _crypt
/Users/user/Documents/resturantOS/frappe-bench/env/lib/python3.12/site-packages/rq/worker.py:1302: DeprecationWarning: This process (pid=78576) is multi-threaded, use of fork() may lead to deadlocks in the child.
  child_pid = os.fork()
/Users/user/Documents/resturantOS/frappe-bench/env/lib/python3.12/site-packages/passlib/utils/__init__.py:854: DeprecationWarning: 'crypt' is deprecated and slated for removal in Python 3.13
  from crypt import crypt as _crypt
/Users/user/Documents/resturantOS/frappe-bench/env/lib/python3.12/site-packages/rq/worker.py:1302: DeprecationWarning: This process (pid=78576) is multi-threaded, use of fork() may lead to deadlocks in the child.
  child_pid = os.fork()
/Users/user/Documents/resturantOS/frappe-bench/env/lib/python3.12/site-packages/passlib/utils/__init__.py:854: DeprecationWarning: 'crypt' is deprecated and slated for removal in Python 3.13
  from crypt import crypt as _crypt
/Users/user/Documents/resturantOS/frappe-bench/env/lib/python3.12/site-packages/rq/worker.py:1302: DeprecationWarning: This process (pid=78576) is multi-threaded, use of fork() may lead to deadlocks in the child.
  child_pid = os.fork()
/Users/user/Documents/resturantOS/frappe-bench/env/lib/python3.12/site-packages/passlib/utils/__init__.py:854: DeprecationWarning: 'crypt' is deprecated and slated for removal in Python 3.13
  from crypt import crypt as _crypt
/Users/user/Documents/resturantOS/frappe-bench/env/lib/python3.12/site-packages/rq/worker.py:1302: DeprecationWarning: This process (pid=78576) is multi-threaded, use of fork() may lead to deadlocks in the child.
  child_pid = os.fork()
/Users/user/Documents/resturantOS/frappe-bench/env/lib/python3.12/site-packages/passlib/utils/__init__.py:854: DeprecationWarning: 'crypt' is deprecated and slated for removal in Python 3.13
  from crypt import crypt as _crypt
/Users/user/Documents/resturantOS/frappe-bench/env/lib/python3.12/site-packages/rq/worker.py:1302: DeprecationWarning: This process (pid=78576) is multi-threaded, use of fork() may lead to deadlocks in the child.
  child_pid = os.fork()
/Users/user/Documents/resturantOS/frappe-bench/env/lib/python3.12/site-packages/passlib/utils/__init__.py:854: DeprecationWarning: 'crypt' is deprecated and slated for removal in Python 3.13
  from crypt import crypt as _crypt
/Users/user/Documents/resturantOS/frappe-bench/env/lib/python3.12/site-packages/rq/worker.py:1302: DeprecationWarning: This process (pid=78576) is multi-threaded, use of fork() may lead to deadlocks in the child.
  child_pid = os.fork()
/Users/user/Documents/resturantOS/frappe-bench/env/lib/python3.12/site-packages/passlib/utils/__init__.py:854: DeprecationWarning: 'crypt' is deprecated and slated for removal in Python 3.13
  from crypt import crypt as _crypt
/Users/user/Documents/resturantOS/frappe-bench/env/lib/python3.12/site-packages/rq/worker.py:1302: DeprecationWarning: This process (pid=78576) is multi-threaded, use of fork() may lead to deadlocks in the child.
  child_pid = os.fork()
/Users/user/Documents/resturantOS/frappe-bench/env/lib/python3.12/site-packages/passlib/utils/__init__.py:854: DeprecationWarning: 'crypt' is deprecated and slated for removal in Python 3.13
  from crypt import crypt as _crypt
/Users/user/Documents/resturantOS/frappe-bench/env/lib/python3.12/site-packages/rq/worker.py:1302: DeprecationWarning: This process (pid=78576) is multi-threaded, use of fork() may lead to deadlocks in the child.
  child_pid = os.fork()
/Users/user/Documents/resturantOS/frappe-bench/env/lib/python3.12/site-packages/passlib/utils/__init__.py:854: DeprecationWarning: 'crypt' is deprecated and slated for removal in Python 3.13
  from crypt import crypt as _crypt
/Users/user/Documents/resturantOS/frappe-bench/env/lib/python3.12/site-packages/rq/worker.py:1302: DeprecationWarning: This process (pid=78576) is multi-threaded, use of fork() may lead to deadlocks in the child.
  child_pid = os.fork()
/Users/user/Documents/resturantOS/frappe-bench/env/lib/python3.12/site-packages/passlib/utils/__init__.py:854: DeprecationWarning: 'crypt' is deprecated and slated for removal in Python 3.13
  from crypt import crypt as _crypt
/Users/user/Documents/resturantOS/frappe-bench/env/lib/python3.12/site-packages/rq/worker.py:1302: DeprecationWarning: This process (pid=78576) is multi-threaded, use of fork() may lead to deadlocks in the child.
  child_pid = os.fork()
/Users/user/Documents/resturantOS/frappe-bench/env/lib/python3.12/site-packages/passlib/utils/__init__.py:854: DeprecationWarning: 'crypt' is deprecated and slated for removal in Python 3.13
  from crypt import crypt as _crypt
/Users/user/Documents/resturantOS/frappe-bench/env/lib/python3.12/site-packages/rq/worker.py:1302: DeprecationWarning: This process (pid=78576) is multi-threaded, use of fork() may lead to deadlocks in the child.
  child_pid = os.fork()
/Users/user/Documents/resturantOS/frappe-bench/env/lib/python3.12/site-packages/passlib/utils/__init__.py:854: DeprecationWarning: 'crypt' is deprecated and slated for removal in Python 3.13
  from crypt import crypt as _crypt
/Users/user/Documents/resturantOS/frappe-bench/env/lib/python3.12/site-packages/rq/worker.py:1302: DeprecationWarning: This process (pid=78576) is multi-threaded, use of fork() may lead to deadlocks in the child.
  child_pid = os.fork()
/Users/user/Documents/resturantOS/frappe-bench/env/lib/python3.12/site-packages/passlib/utils/__init__.py:854: DeprecationWarning: 'crypt' is deprecated and slated for removal in Python 3.13
  from crypt import crypt as _crypt
/Users/user/Documents/resturantOS/frappe-bench/env/lib/python3.12/site-packages/rq/worker.py:1302: DeprecationWarning: This process (pid=78576) is multi-threaded, use of fork() may lead to deadlocks in the child.
  child_pid = os.fork()
/Users/user/Documents/resturantOS/frappe-bench/env/lib/python3.12/site-packages/passlib/utils/__init__.py:854: DeprecationWarning: 'crypt' is deprecated and slated for removal in Python 3.13
  from crypt import crypt as _crypt
/Users/user/Documents/resturantOS/frappe-bench/env/lib/python3.12/site-packages/rq/worker.py:1302: DeprecationWarning: This process (pid=78576) is multi-threaded, use of fork() may lead to deadlocks in the child.
  child_pid = os.fork()
/Users/user/Documents/resturantOS/frappe-bench/env/lib/python3.12/site-packages/passlib/utils/__init__.py:854: DeprecationWarning: 'crypt' is deprecated and slated for removal in Python 3.13
  from crypt import crypt as _crypt
/Users/user/Documents/resturantOS/frappe-bench/env/lib/python3.12/site-packages/rq/worker.py:1302: DeprecationWarning: This process (pid=78576) is multi-threaded, use of fork() may lead to deadlocks in the child.
  child_pid = os.fork()
/Users/user/Documents/resturantOS/frappe-bench/env/lib/python3.12/site-packages/passlib/utils/__init__.py:854: DeprecationWarning: 'crypt' is deprecated and slated for removal in Python 3.13
  from crypt import crypt as _crypt
/Users/user/Documents/resturantOS/frappe-bench/env/lib/python3.12/site-packages/rq/worker.py:1302: DeprecationWarning: This process (pid=78576) is multi-threaded, use of fork() may lead to deadlocks in the child.
  child_pid = os.fork()
/Users/user/Documents/resturantOS/frappe-bench/env/lib/python3.12/site-packages/passlib/utils/__init__.py:854: DeprecationWarning: 'crypt' is deprecated and slated for removal in Python 3.13
  from crypt import crypt as _crypt
/Users/user/Documents/resturantOS/frappe-bench/env/lib/python3.12/site-packages/rq/worker.py:1302: DeprecationWarning: This process (pid=78576) is multi-threaded, use of fork() may lead to deadlocks in the child.
  child_pid = os.fork()
/Users/user/Documents/resturantOS/frappe-bench/env/lib/python3.12/site-packages/passlib/utils/__init__.py:854: DeprecationWarning: 'crypt' is deprecated and slated for removal in Python 3.13
  from crypt import crypt as _crypt
/Users/user/Documents/resturantOS/frappe-bench/env/lib/python3.12/site-packages/rq/worker.py:1302: DeprecationWarning: This process (pid=78576) is multi-threaded, use of fork() may lead to deadlocks in the child.
  child_pid = os.fork()
/Users/user/Documents/resturantOS/frappe-bench/env/lib/python3.12/site-packages/passlib/utils/__init__.py:854: DeprecationWarning: 'crypt' is deprecated and slated for removal in Python 3.13
  from crypt import crypt as _crypt
/Users/user/Documents/resturantOS/frappe-bench/env/lib/python3.12/site-packages/rq/worker.py:1302: DeprecationWarning: This process (pid=78576) is multi-threaded, use of fork() may lead to deadlocks in the child.
  child_pid = os.fork()
/Users/user/Documents/resturantOS/frappe-bench/env/lib/python3.12/site-packages/passlib/utils/__init__.py:854: DeprecationWarning: 'crypt' is deprecated and slated for removal in Python 3.13
  from crypt import crypt as _crypt
/Users/user/Documents/resturantOS/frappe-bench/env/lib/python3.12/site-packages/rq/worker.py:1302: DeprecationWarning: This process (pid=78576) is multi-threaded, use of fork() may lead to deadlocks in the child.
  child_pid = os.fork()
/Users/user/Documents/resturantOS/frappe-bench/env/lib/python3.12/site-packages/passlib/utils/__init__.py:854: DeprecationWarning: 'crypt' is deprecated and slated for removal in Python 3.13
  from crypt import crypt as _crypt
/Users/user/Documents/resturantOS/frappe-bench/env/lib/python3.12/site-packages/rq/worker.py:1302: DeprecationWarning: This process (pid=78576) is multi-threaded, use of fork() may lead to deadlocks in the child.
  child_pid = os.fork()
/Users/user/Documents/resturantOS/frappe-bench/env/lib/python3.12/site-packages/passlib/utils/__init__.py:854: DeprecationWarning: 'crypt' is deprecated and slated for removal in Python 3.13
  from crypt import crypt as _crypt
2025-09-28 11:00:00,819 Could not connect to Redis instance: Error 61 connecting to 127.0.0.1:11000. Connection refused. Retrying in 2 seconds...
/Users/user/Documents/resturantOS/frappe-bench/env/lib/python3.12/site-packages/rq/worker.py:1302: DeprecationWarning: This process (pid=93053) is multi-threaded, use of fork() may lead to deadlocks in the child.
  child_pid = os.fork()
/Users/user/Documents/resturantOS/frappe-bench/env/lib/python3.12/site-packages/passlib/utils/__init__.py:854: DeprecationWarning: 'crypt' is deprecated and slated for removal in Python 3.13
  from crypt import crypt as _crypt
/Users/user/Documents/resturantOS/frappe-bench/env/lib/python3.12/site-packages/rq/worker.py:1302: DeprecationWarning: This process (pid=93053) is multi-threaded, use of fork() may lead to deadlocks in the child.
  child_pid = os.fork()
/Users/user/Documents/resturantOS/frappe-bench/env/lib/python3.12/site-packages/passlib/utils/__init__.py:854: DeprecationWarning: 'crypt' is deprecated and slated for removal in Python 3.13
  from crypt import crypt as _crypt
/Users/user/Documents/resturantOS/frappe-bench/env/lib/python3.12/site-packages/rq/worker.py:1302: DeprecationWarning: This process (pid=93053) is multi-threaded, use of fork() may lead to deadlocks in the child.
  child_pid = os.fork()
/Users/user/Documents/resturantOS/frappe-bench/env/lib/python3.12/site-packages/passlib/utils/__init__.py:854: DeprecationWarning: 'crypt' is deprecated and slated for removal in Python 3.13
  from crypt import crypt as _crypt
/Users/user/Documents/resturantOS/frappe-bench/env/lib/python3.12/site-packages/rq/worker.py:1302: DeprecationWarning: This process (pid=93053) is multi-threaded, use of fork() may lead to deadlocks in the child.
  child_pid = os.fork()
/Users/user/Documents/resturantOS/frappe-bench/env/lib/python3.12/site-packages/passlib/utils/__init__.py:854: DeprecationWarning: 'crypt' is deprecated and slated for removal in Python 3.13
  from crypt import crypt as _crypt
/Users/user/Documents/resturantOS/frappe-bench/env/lib/python3.12/site-packages/rq/worker.py:1302: DeprecationWarning: This process (pid=93053) is multi-threaded, use of fork() may lead to deadlocks in the child.
  child_pid = os.fork()
/Users/user/Documents/resturantOS/frappe-bench/env/lib/python3.12/site-packages/passlib/utils/__init__.py:854: DeprecationWarning: 'crypt' is deprecated and slated for removal in Python 3.13
  from crypt import crypt as _crypt
/Users/user/Documents/resturantOS/frappe-bench/env/lib/python3.12/site-packages/rq/worker.py:1302: DeprecationWarning: This process (pid=93053) is multi-threaded, use of fork() may lead to deadlocks in the child.
  child_pid = os.fork()
/Users/user/Documents/resturantOS/frappe-bench/env/lib/python3.12/site-packages/passlib/utils/__init__.py:854: DeprecationWarning: 'crypt' is deprecated and slated for removal in Python 3.13
  from crypt import crypt as _crypt
/Users/user/Documents/resturantOS/frappe-bench/env/lib/python3.12/site-packages/rq/worker.py:1302: DeprecationWarning: This process (pid=93053) is multi-threaded, use of fork() may lead to deadlocks in the child.
  child_pid = os.fork()
/Users/user/Documents/resturantOS/frappe-bench/env/lib/python3.12/site-packages/passlib/utils/__init__.py:854: DeprecationWarning: 'crypt' is deprecated and slated for removal in Python 3.13
  from crypt import crypt as _crypt
/Users/user/Documents/resturantOS/frappe-bench/env/lib/python3.12/site-packages/rq/worker.py:1302: DeprecationWarning: This process (pid=93053) is multi-threaded, use of fork() may lead to deadlocks in the child.
  child_pid = os.fork()
/Users/user/Documents/resturantOS/frappe-bench/env/lib/python3.12/site-packages/passlib/utils/__init__.py:854: DeprecationWarning: 'crypt' is deprecated and slated for removal in Python 3.13
  from crypt import crypt as _crypt
/Users/user/Documents/resturantOS/frappe-bench/env/lib/python3.12/site-packages/rq/worker.py:1302: DeprecationWarning: This process (pid=93053) is multi-threaded, use of fork() may lead to deadlocks in the child.
  child_pid = os.fork()
/Users/user/Documents/resturantOS/frappe-bench/env/lib/python3.12/site-packages/passlib/utils/__init__.py:854: DeprecationWarning: 'crypt' is deprecated and slated for removal in Python 3.13
  from crypt import crypt as _crypt
/Users/user/Documents/resturantOS/frappe-bench/env/lib/python3.12/site-packages/rq/worker.py:1302: DeprecationWarning: This process (pid=93053) is multi-threaded, use of fork() may lead to deadlocks in the child.
  child_pid = os.fork()
/Users/user/Documents/resturantOS/frappe-bench/env/lib/python3.12/site-packages/passlib/utils/__init__.py:854: DeprecationWarning: 'crypt' is deprecated and slated for removal in Python 3.13
  from crypt import crypt as _crypt
/Users/user/Documents/resturantOS/frappe-bench/env/lib/python3.12/site-packages/rq/worker.py:1302: DeprecationWarning: This process (pid=93053) is multi-threaded, use of fork() may lead to deadlocks in the child.
  child_pid = os.fork()
/Users/user/Documents/resturantOS/frappe-bench/env/lib/python3.12/site-packages/passlib/utils/__init__.py:854: DeprecationWarning: 'crypt' is deprecated and slated for removal in Python 3.13
  from crypt import crypt as _crypt
/Users/user/Documents/resturantOS/frappe-bench/env/lib/python3.12/site-packages/rq/worker.py:1302: DeprecationWarning: This process (pid=93053) is multi-threaded, use of fork() may lead to deadlocks in the child.
  child_pid = os.fork()
/Users/user/Documents/resturantOS/frappe-bench/env/lib/python3.12/site-packages/passlib/utils/__init__.py:854: DeprecationWarning: 'crypt' is deprecated and slated for removal in Python 3.13
  from crypt import crypt as _crypt
/Users/user/Documents/resturantOS/frappe-bench/env/lib/python3.12/site-packages/rq/worker.py:1302: DeprecationWarning: This process (pid=93053) is multi-threaded, use of fork() may lead to deadlocks in the child.
  child_pid = os.fork()
/Users/user/Documents/resturantOS/frappe-bench/env/lib/python3.12/site-packages/passlib/utils/__init__.py:854: DeprecationWarning: 'crypt' is deprecated and slated for removal in Python 3.13
  from crypt import crypt as _crypt
/Users/user/Documents/resturantOS/frappe-bench/env/lib/python3.12/site-packages/rq/worker.py:1302: DeprecationWarning: This process (pid=93053) is multi-threaded, use of fork() may lead to deadlocks in the child.
  child_pid = os.fork()
/Users/user/Documents/resturantOS/frappe-bench/env/lib/python3.12/site-packages/passlib/utils/__init__.py:854: DeprecationWarning: 'crypt' is deprecated and slated for removal in Python 3.13
  from crypt import crypt as _crypt
/Users/user/Documents/resturantOS/frappe-bench/env/lib/python3.12/site-packages/rq/worker.py:1302: DeprecationWarning: This process (pid=93053) is multi-threaded, use of fork() may lead to deadlocks in the child.
  child_pid = os.fork()
/Users/user/Documents/resturantOS/frappe-bench/env/lib/python3.12/site-packages/passlib/utils/__init__.py:854: DeprecationWarning: 'crypt' is deprecated and slated for removal in Python 3.13
  from crypt import crypt as _crypt
/Users/user/Documents/resturantOS/frappe-bench/env/lib/python3.12/site-packages/rq/worker.py:1302: DeprecationWarning: This process (pid=93053) is multi-threaded, use of fork() may lead to deadlocks in the child.
  child_pid = os.fork()
/Users/user/Documents/resturantOS/frappe-bench/env/lib/python3.12/site-packages/passlib/utils/__init__.py:854: DeprecationWarning: 'crypt' is deprecated and slated for removal in Python 3.13
  from crypt import crypt as _crypt
/Users/user/Documents/resturantOS/frappe-bench/env/lib/python3.12/site-packages/rq/worker.py:1302: DeprecationWarning: This process (pid=93053) is multi-threaded, use of fork() may lead to deadlocks in the child.
  child_pid = os.fork()
/Users/user/Documents/resturantOS/frappe-bench/env/lib/python3.12/site-packages/passlib/utils/__init__.py:854: DeprecationWarning: 'crypt' is deprecated and slated for removal in Python 3.13
  from crypt import crypt as _crypt
/Users/user/Documents/resturantOS/frappe-bench/env/lib/python3.12/site-packages/rq/worker.py:1302: DeprecationWarning: This process (pid=93053) is multi-threaded, use of fork() may lead to deadlocks in the child.
  child_pid = os.fork()
/Users/user/Documents/resturantOS/frappe-bench/env/lib/python3.12/site-packages/passlib/utils/__init__.py:854: DeprecationWarning: 'crypt' is deprecated and slated for removal in Python 3.13
  from crypt import crypt as _crypt
/Users/user/Documents/resturantOS/frappe-bench/env/lib/python3.12/site-packages/rq/worker.py:1302: DeprecationWarning: This process (pid=93053) is multi-threaded, use of fork() may lead to deadlocks in the child.
  child_pid = os.fork()
/Users/user/Documents/resturantOS/frappe-bench/env/lib/python3.12/site-packages/passlib/utils/__init__.py:854: DeprecationWarning: 'crypt' is deprecated and slated for removal in Python 3.13
  from crypt import crypt as _crypt
/Users/user/Documents/resturantOS/frappe-bench/env/lib/python3.12/site-packages/rq/worker.py:1302: DeprecationWarning: This process (pid=93053) is multi-threaded, use of fork() may lead to deadlocks in the child.
  child_pid = os.fork()
/Users/user/Documents/resturantOS/frappe-bench/env/lib/python3.12/site-packages/passlib/utils/__init__.py:854: DeprecationWarning: 'crypt' is deprecated and slated for removal in Python 3.13
  from crypt import crypt as _crypt
/Users/user/Documents/resturantOS/frappe-bench/env/lib/python3.12/site-packages/rq/worker.py:1302: DeprecationWarning: This process (pid=93053) is multi-threaded, use of fork() may lead to deadlocks in the child.
  child_pid = os.fork()
/Users/user/Documents/resturantOS/frappe-bench/env/lib/python3.12/site-packages/passlib/utils/__init__.py:854: DeprecationWarning: 'crypt' is deprecated and slated for removal in Python 3.13
  from crypt import crypt as _crypt
/Users/user/Documents/resturantOS/frappe-bench/env/lib/python3.12/site-packages/rq/worker.py:1302: DeprecationWarning: This process (pid=93053) is multi-threaded, use of fork() may lead to deadlocks in the child.
  child_pid = os.fork()
/Users/user/Documents/resturantOS/frappe-bench/env/lib/python3.12/site-packages/passlib/utils/__init__.py:854: DeprecationWarning: 'crypt' is deprecated and slated for removal in Python 3.13
  from crypt import crypt as _crypt
/Users/user/Documents/resturantOS/frappe-bench/env/lib/python3.12/site-packages/rq/worker.py:1302: DeprecationWarning: This process (pid=93053) is multi-threaded, use of fork() may lead to deadlocks in the child.
  child_pid = os.fork()
/Users/user/Documents/resturantOS/frappe-bench/env/lib/python3.12/site-packages/passlib/utils/__init__.py:854: DeprecationWarning: 'crypt' is deprecated and slated for removal in Python 3.13
  from crypt import crypt as _crypt
/Users/user/Documents/resturantOS/frappe-bench/env/lib/python3.12/site-packages/rq/worker.py:1302: DeprecationWarning: This process (pid=93053) is multi-threaded, use of fork() may lead to deadlocks in the child.
  child_pid = os.fork()
/Users/user/Documents/resturantOS/frappe-bench/env/lib/python3.12/site-packages/passlib/utils/__init__.py:854: DeprecationWarning: 'crypt' is deprecated and slated for removal in Python 3.13
  from crypt import crypt as _crypt
/Users/user/Documents/resturantOS/frappe-bench/env/lib/python3.12/site-packages/rq/worker.py:1302: DeprecationWarning: This process (pid=93053) is multi-threaded, use of fork() may lead to deadlocks in the child.
  child_pid = os.fork()
/Users/user/Documents/resturantOS/frappe-bench/env/lib/python3.12/site-packages/passlib/utils/__init__.py:854: DeprecationWarning: 'crypt' is deprecated and slated for removal in Python 3.13
  from crypt import crypt as _crypt
/Users/user/Documents/resturantOS/frappe-bench/env/lib/python3.12/site-packages/rq/worker.py:1302: DeprecationWarning: This process (pid=93053) is multi-threaded, use of fork() may lead to deadlocks in the child.
  child_pid = os.fork()
/Users/user/Documents/resturantOS/frappe-bench/env/lib/python3.12/site-packages/passlib/utils/__init__.py:854: DeprecationWarning: 'crypt' is deprecated and slated for removal in Python 3.13
  from crypt import crypt as _crypt
/Users/user/Documents/resturantOS/frappe-bench/env/lib/python3.12/site-packages/rq/worker.py:1302: DeprecationWarning: This process (pid=93053) is multi-threaded, use of fork() may lead to deadlocks in the child.
  child_pid = os.fork()
/Users/user/Documents/resturantOS/frappe-bench/env/lib/python3.12/site-packages/passlib/utils/__init__.py:854: DeprecationWarning: 'crypt' is deprecated and slated for removal in Python 3.13
  from crypt import crypt as _crypt
/Users/user/Documents/resturantOS/frappe-bench/env/lib/python3.12/site-packages/rq/worker.py:1302: DeprecationWarning: This process (pid=93053) is multi-threaded, use of fork() may lead to deadlocks in the child.
  child_pid = os.fork()
/Users/user/Documents/resturantOS/frappe-bench/env/lib/python3.12/site-packages/passlib/utils/__init__.py:854: DeprecationWarning: 'crypt' is deprecated and slated for removal in Python 3.13
  from crypt import crypt as _crypt
/Users/user/Documents/resturantOS/frappe-bench/env/lib/python3.12/site-packages/rq/worker.py:1302: DeprecationWarning: This process (pid=93053) is multi-threaded, use of fork() may lead to deadlocks in the child.
  child_pid = os.fork()
/Users/user/Documents/resturantOS/frappe-bench/env/lib/python3.12/site-packages/passlib/utils/__init__.py:854: DeprecationWarning: 'crypt' is deprecated and slated for removal in Python 3.13
  from crypt import crypt as _crypt
/Users/user/Documents/resturantOS/frappe-bench/env/lib/python3.12/site-packages/rq/worker.py:1302: DeprecationWarning: This process (pid=93053) is multi-threaded, use of fork() may lead to deadlocks in the child.
  child_pid = os.fork()
/Users/user/Documents/resturantOS/frappe-bench/env/lib/python3.12/site-packages/passlib/utils/__init__.py:854: DeprecationWarning: 'crypt' is deprecated and slated for removal in Python 3.13
  from crypt import crypt as _crypt
/Users/user/Documents/resturantOS/frappe-bench/env/lib/python3.12/site-packages/rq/worker.py:1302: DeprecationWarning: This process (pid=93053) is multi-threaded, use of fork() may lead to deadlocks in the child.
  child_pid = os.fork()
/Users/user/Documents/resturantOS/frappe-bench/env/lib/python3.12/site-packages/passlib/utils/__init__.py:854: DeprecationWarning: 'crypt' is deprecated and slated for removal in Python 3.13
  from crypt import crypt as _crypt
/Users/user/Documents/resturantOS/frappe-bench/env/lib/python3.12/site-packages/rq/worker.py:1302: DeprecationWarning: This process (pid=93053) is multi-threaded, use of fork() may lead to deadlocks in the child.
  child_pid = os.fork()
/Users/user/Documents/resturantOS/frappe-bench/env/lib/python3.12/site-packages/passlib/utils/__init__.py:854: DeprecationWarning: 'crypt' is deprecated and slated for removal in Python 3.13
  from crypt import crypt as _crypt
/Users/user/Documents/resturantOS/frappe-bench/env/lib/python3.12/site-packages/rq/worker.py:1302: DeprecationWarning: This process (pid=93053) is multi-threaded, use of fork() may lead to deadlocks in the child.
  child_pid = os.fork()
/Users/user/Documents/resturantOS/frappe-bench/env/lib/python3.12/site-packages/passlib/utils/__init__.py:854: DeprecationWarning: 'crypt' is deprecated and slated for removal in Python 3.13
  from crypt import crypt as _crypt
/Users/user/Documents/resturantOS/frappe-bench/env/lib/python3.12/site-packages/rq/worker.py:1302: DeprecationWarning: This process (pid=93053) is multi-threaded, use of fork() may lead to deadlocks in the child.
  child_pid = os.fork()
/Users/user/Documents/resturantOS/frappe-bench/env/lib/python3.12/site-packages/passlib/utils/__init__.py:854: DeprecationWarning: 'crypt' is deprecated and slated for removal in Python 3.13
  from crypt import crypt as _crypt
/Users/user/Documents/resturantOS/frappe-bench/env/lib/python3.12/site-packages/rq/worker.py:1302: DeprecationWarning: This process (pid=93053) is multi-threaded, use of fork() may lead to deadlocks in the child.
  child_pid = os.fork()
/Users/user/Documents/resturantOS/frappe-bench/env/lib/python3.12/site-packages/passlib/utils/__init__.py:854: DeprecationWarning: 'crypt' is deprecated and slated for removal in Python 3.13
  from crypt import crypt as _crypt
/Users/user/Documents/resturantOS/frappe-bench/env/lib/python3.12/site-packages/rq/worker.py:1302: DeprecationWarning: This process (pid=93053) is multi-threaded, use of fork() may lead to deadlocks in the child.
  child_pid = os.fork()
/Users/user/Documents/resturantOS/frappe-bench/env/lib/python3.12/site-packages/passlib/utils/__init__.py:854: DeprecationWarning: 'crypt' is deprecated and slated for removal in Python 3.13
  from crypt import crypt as _crypt
/Users/user/Documents/resturantOS/frappe-bench/env/lib/python3.12/site-packages/rq/worker.py:1302: DeprecationWarning: This process (pid=93053) is multi-threaded, use of fork() may lead to deadlocks in the child.
  child_pid = os.fork()
/Users/user/Documents/resturantOS/frappe-bench/env/lib/python3.12/site-packages/passlib/utils/__init__.py:854: DeprecationWarning: 'crypt' is deprecated and slated for removal in Python 3.13
  from crypt import crypt as _crypt
/Users/user/Documents/resturantOS/frappe-bench/env/lib/python3.12/site-packages/rq/worker.py:1302: DeprecationWarning: This process (pid=93053) is multi-threaded, use of fork() may lead to deadlocks in the child.
  child_pid = os.fork()
/Users/user/Documents/resturantOS/frappe-bench/env/lib/python3.12/site-packages/passlib/utils/__init__.py:854: DeprecationWarning: 'crypt' is deprecated and slated for removal in Python 3.13
  from crypt import crypt as _crypt
/Users/user/Documents/resturantOS/frappe-bench/env/lib/python3.12/site-packages/rq/worker.py:1302: DeprecationWarning: This process (pid=93053) is multi-threaded, use of fork() may lead to deadlocks in the child.
  child_pid = os.fork()
/Users/user/Documents/resturantOS/frappe-bench/env/lib/python3.12/site-packages/passlib/utils/__init__.py:854: DeprecationWarning: 'crypt' is deprecated and slated for removal in Python 3.13
  from crypt import crypt as _crypt
/Users/user/Documents/resturantOS/frappe-bench/env/lib/python3.12/site-packages/rq/worker.py:1302: DeprecationWarning: This process (pid=93053) is multi-threaded, use of fork() may lead to deadlocks in the child.
  child_pid = os.fork()
/Users/user/Documents/resturantOS/frappe-bench/env/lib/python3.12/site-packages/passlib/utils/__init__.py:854: DeprecationWarning: 'crypt' is deprecated and slated for removal in Python 3.13
  from crypt import crypt as _crypt
/Users/user/Documents/resturantOS/frappe-bench/env/lib/python3.12/site-packages/rq/worker.py:1302: DeprecationWarning: This process (pid=93053) is multi-threaded, use of fork() may lead to deadlocks in the child.
  child_pid = os.fork()
/Users/user/Documents/resturantOS/frappe-bench/env/lib/python3.12/site-packages/passlib/utils/__init__.py:854: DeprecationWarning: 'crypt' is deprecated and slated for removal in Python 3.13
  from crypt import crypt as _crypt
/Users/user/Documents/resturantOS/frappe-bench/env/lib/python3.12/site-packages/rq/worker.py:1302: DeprecationWarning: This process (pid=93053) is multi-threaded, use of fork() may lead to deadlocks in the child.
  child_pid = os.fork()
/Users/user/Documents/resturantOS/frappe-bench/env/lib/python3.12/site-packages/passlib/utils/__init__.py:854: DeprecationWarning: 'crypt' is deprecated and slated for removal in Python 3.13
  from crypt import crypt as _crypt
/Users/user/Documents/resturantOS/frappe-bench/env/lib/python3.12/site-packages/rq/worker.py:1302: DeprecationWarning: This process (pid=93053) is multi-threaded, use of fork() may lead to deadlocks in the child.
  child_pid = os.fork()
/Users/user/Documents/resturantOS/frappe-bench/env/lib/python3.12/site-packages/passlib/utils/__init__.py:854: DeprecationWarning: 'crypt' is deprecated and slated for removal in Python 3.13
  from crypt import crypt as _crypt
/Users/user/Documents/resturantOS/frappe-bench/env/lib/python3.12/site-packages/rq/worker.py:1302: DeprecationWarning: This process (pid=93053) is multi-threaded, use of fork() may lead to deadlocks in the child.
  child_pid = os.fork()
/Users/user/Documents/resturantOS/frappe-bench/env/lib/python3.12/site-packages/passlib/utils/__init__.py:854: DeprecationWarning: 'crypt' is deprecated and slated for removal in Python 3.13
  from crypt import crypt as _crypt
/Users/user/Documents/resturantOS/frappe-bench/env/lib/python3.12/site-packages/rq/worker.py:1302: DeprecationWarning: This process (pid=93053) is multi-threaded, use of fork() may lead to deadlocks in the child.
  child_pid = os.fork()
/Users/user/Documents/resturantOS/frappe-bench/env/lib/python3.12/site-packages/passlib/utils/__init__.py:854: DeprecationWarning: 'crypt' is deprecated and slated for removal in Python 3.13
  from crypt import crypt as _crypt
/Users/user/Documents/resturantOS/frappe-bench/env/lib/python3.12/site-packages/rq/worker.py:1302: DeprecationWarning: This process (pid=93053) is multi-threaded, use of fork() may lead to deadlocks in the child.
  child_pid = os.fork()
/Users/user/Documents/resturantOS/frappe-bench/env/lib/python3.12/site-packages/passlib/utils/__init__.py:854: DeprecationWarning: 'crypt' is deprecated and slated for removal in Python 3.13
  from crypt import crypt as _crypt
/Users/user/Documents/resturantOS/frappe-bench/env/lib/python3.12/site-packages/rq/worker.py:1302: DeprecationWarning: This process (pid=93053) is multi-threaded, use of fork() may lead to deadlocks in the child.
  child_pid = os.fork()
/Users/user/Documents/resturantOS/frappe-bench/env/lib/python3.12/site-packages/passlib/utils/__init__.py:854: DeprecationWarning: 'crypt' is deprecated and slated for removal in Python 3.13
  from crypt import crypt as _crypt
/Users/user/Documents/resturantOS/frappe-bench/env/lib/python3.12/site-packages/rq/worker.py:1302: DeprecationWarning: This process (pid=93053) is multi-threaded, use of fork() may lead to deadlocks in the child.
  child_pid = os.fork()
/Users/user/Documents/resturantOS/frappe-bench/env/lib/python3.12/site-packages/passlib/utils/__init__.py:854: DeprecationWarning: 'crypt' is deprecated and slated for removal in Python 3.13
  from crypt import crypt as _crypt
/Users/user/Documents/resturantOS/frappe-bench/env/lib/python3.12/site-packages/rq/worker.py:1302: DeprecationWarning: This process (pid=93053) is multi-threaded, use of fork() may lead to deadlocks in the child.
  child_pid = os.fork()
/Users/user/Documents/resturantOS/frappe-bench/env/lib/python3.12/site-packages/passlib/utils/__init__.py:854: DeprecationWarning: 'crypt' is deprecated and slated for removal in Python 3.13
  from crypt import crypt as _crypt
/Users/user/Documents/resturantOS/frappe-bench/env/lib/python3.12/site-packages/rq/worker.py:1302: DeprecationWarning: This process (pid=93053) is multi-threaded, use of fork() may lead to deadlocks in the child.
  child_pid = os.fork()
/Users/user/Documents/resturantOS/frappe-bench/env/lib/python3.12/site-packages/passlib/utils/__init__.py:854: DeprecationWarning: 'crypt' is deprecated and slated for removal in Python 3.13
  from crypt import crypt as _crypt
/Users/user/Documents/resturantOS/frappe-bench/env/lib/python3.12/site-packages/rq/worker.py:1302: DeprecationWarning: This process (pid=93053) is multi-threaded, use of fork() may lead to deadlocks in the child.
  child_pid = os.fork()
/Users/user/Documents/resturantOS/frappe-bench/env/lib/python3.12/site-packages/passlib/utils/__init__.py:854: DeprecationWarning: 'crypt' is deprecated and slated for removal in Python 3.13
  from crypt import crypt as _crypt
/Users/user/Documents/resturantOS/frappe-bench/env/lib/python3.12/site-packages/rq/worker.py:1302: DeprecationWarning: This process (pid=93053) is multi-threaded, use of fork() may lead to deadlocks in the child.
  child_pid = os.fork()
/Users/user/Documents/resturantOS/frappe-bench/env/lib/python3.12/site-packages/passlib/utils/__init__.py:854: DeprecationWarning: 'crypt' is deprecated and slated for removal in Python 3.13
  from crypt import crypt as _crypt
/Users/user/Documents/resturantOS/frappe-bench/env/lib/python3.12/site-packages/rq/worker.py:1302: DeprecationWarning: This process (pid=93053) is multi-threaded, use of fork() may lead to deadlocks in the child.
  child_pid = os.fork()
/Users/user/Documents/resturantOS/frappe-bench/env/lib/python3.12/site-packages/passlib/utils/__init__.py:854: DeprecationWarning: 'crypt' is deprecated and slated for removal in Python 3.13
  from crypt import crypt as _crypt
/Users/user/Documents/resturantOS/frappe-bench/env/lib/python3.12/site-packages/rq/worker.py:1302: DeprecationWarning: This process (pid=93053) is multi-threaded, use of fork() may lead to deadlocks in the child.
  child_pid = os.fork()
/Users/user/Documents/resturantOS/frappe-bench/env/lib/python3.12/site-packages/passlib/utils/__init__.py:854: DeprecationWarning: 'crypt' is deprecated and slated for removal in Python 3.13
  from crypt import crypt as _crypt
/Users/user/Documents/resturantOS/frappe-bench/env/lib/python3.12/site-packages/rq/worker.py:1302: DeprecationWarning: This process (pid=93053) is multi-threaded, use of fork() may lead to deadlocks in the child.
  child_pid = os.fork()
/Users/user/Documents/resturantOS/frappe-bench/env/lib/python3.12/site-packages/passlib/utils/__init__.py:854: DeprecationWarning: 'crypt' is deprecated and slated for removal in Python 3.13
  from crypt import crypt as _crypt
/Users/user/Documents/resturantOS/frappe-bench/env/lib/python3.12/site-packages/rq/worker.py:1302: DeprecationWarning: This process (pid=93053) is multi-threaded, use of fork() may lead to deadlocks in the child.
  child_pid = os.fork()
/Users/user/Documents/resturantOS/frappe-bench/env/lib/python3.12/site-packages/passlib/utils/__init__.py:854: DeprecationWarning: 'crypt' is deprecated and slated for removal in Python 3.13
  from crypt import crypt as _crypt
/Users/user/Documents/resturantOS/frappe-bench/env/lib/python3.12/site-packages/rq/worker.py:1302: DeprecationWarning: This process (pid=93053) is multi-threaded, use of fork() may lead to deadlocks in the child.
  child_pid = os.fork()
/Users/user/Documents/resturantOS/frappe-bench/env/lib/python3.12/site-packages/passlib/utils/__init__.py:854: DeprecationWarning: 'crypt' is deprecated and slated for removal in Python 3.13
  from crypt import crypt as _crypt
/Users/user/Documents/resturantOS/frappe-bench/env/lib/python3.12/site-packages/rq/worker.py:1302: DeprecationWarning: This process (pid=93053) is multi-threaded, use of fork() may lead to deadlocks in the child.
  child_pid = os.fork()
/Users/user/Documents/resturantOS/frappe-bench/env/lib/python3.12/site-packages/passlib/utils/__init__.py:854: DeprecationWarning: 'crypt' is deprecated and slated for removal in Python 3.13
  from crypt import crypt as _crypt
/Users/user/Documents/resturantOS/frappe-bench/env/lib/python3.12/site-packages/rq/worker.py:1302: DeprecationWarning: This process (pid=93053) is multi-threaded, use of fork() may lead to deadlocks in the child.
  child_pid = os.fork()
/Users/user/Documents/resturantOS/frappe-bench/env/lib/python3.12/site-packages/passlib/utils/__init__.py:854: DeprecationWarning: 'crypt' is deprecated and slated for removal in Python 3.13
  from crypt import crypt as _crypt
/Users/user/Documents/resturantOS/frappe-bench/env/lib/python3.12/site-packages/rq/worker.py:1302: DeprecationWarning: This process (pid=93053) is multi-threaded, use of fork() may lead to deadlocks in the child.
  child_pid = os.fork()
/Users/user/Documents/resturantOS/frappe-bench/env/lib/python3.12/site-packages/passlib/utils/__init__.py:854: DeprecationWarning: 'crypt' is deprecated and slated for removal in Python 3.13
  from crypt import crypt as _crypt
/Users/user/Documents/resturantOS/frappe-bench/env/lib/python3.12/site-packages/rq/worker.py:1302: DeprecationWarning: This process (pid=93053) is multi-threaded, use of fork() may lead to deadlocks in the child.
  child_pid = os.fork()
/Users/user/Documents/resturantOS/frappe-bench/env/lib/python3.12/site-packages/passlib/utils/__init__.py:854: DeprecationWarning: 'crypt' is deprecated and slated for removal in Python 3.13
  from crypt import crypt as _crypt
/Users/user/Documents/resturantOS/frappe-bench/env/lib/python3.12/site-packages/rq/worker.py:1302: DeprecationWarning: This process (pid=93053) is multi-threaded, use of fork() may lead to deadlocks in the child.
  child_pid = os.fork()
/Users/user/Documents/resturantOS/frappe-bench/env/lib/python3.12/site-packages/passlib/utils/__init__.py:854: DeprecationWarning: 'crypt' is deprecated and slated for removal in Python 3.13
  from crypt import crypt as _crypt
/Users/user/Documents/resturantOS/frappe-bench/env/lib/python3.12/site-packages/rq/worker.py:1302: DeprecationWarning: This process (pid=93053) is multi-threaded, use of fork() may lead to deadlocks in the child.
  child_pid = os.fork()
/Users/user/Documents/resturantOS/frappe-bench/env/lib/python3.12/site-packages/passlib/utils/__init__.py:854: DeprecationWarning: 'crypt' is deprecated and slated for removal in Python 3.13
  from crypt import crypt as _crypt
/Users/user/Documents/resturantOS/frappe-bench/env/lib/python3.12/site-packages/rq/worker.py:1302: DeprecationWarning: This process (pid=93053) is multi-threaded, use of fork() may lead to deadlocks in the child.
  child_pid = os.fork()
/Users/user/Documents/resturantOS/frappe-bench/env/lib/python3.12/site-packages/passlib/utils/__init__.py:854: DeprecationWarning: 'crypt' is deprecated and slated for removal in Python 3.13
  from crypt import crypt as _crypt
/Users/user/Documents/resturantOS/frappe-bench/env/lib/python3.12/site-packages/rq/worker.py:1302: DeprecationWarning: This process (pid=93053) is multi-threaded, use of fork() may lead to deadlocks in the child.
  child_pid = os.fork()
/Users/user/Documents/resturantOS/frappe-bench/env/lib/python3.12/site-packages/passlib/utils/__init__.py:854: DeprecationWarning: 'crypt' is deprecated and slated for removal in Python 3.13
  from crypt import crypt as _crypt
/Users/user/Documents/resturantOS/frappe-bench/env/lib/python3.12/site-packages/rq/worker.py:1302: DeprecationWarning: This process (pid=93053) is multi-threaded, use of fork() may lead to deadlocks in the child.
  child_pid = os.fork()
/Users/user/Documents/resturantOS/frappe-bench/env/lib/python3.12/site-packages/passlib/utils/__init__.py:854: DeprecationWarning: 'crypt' is deprecated and slated for removal in Python 3.13
  from crypt import crypt as _crypt
/Users/user/Documents/resturantOS/frappe-bench/env/lib/python3.12/site-packages/rq/worker.py:1302: DeprecationWarning: This process (pid=93053) is multi-threaded, use of fork() may lead to deadlocks in the child.
  child_pid = os.fork()
/Users/user/Documents/resturantOS/frappe-bench/env/lib/python3.12/site-packages/passlib/utils/__init__.py:854: DeprecationWarning: 'crypt' is deprecated and slated for removal in Python 3.13
  from crypt import crypt as _crypt
/Users/user/Documents/resturantOS/frappe-bench/env/lib/python3.12/site-packages/rq/worker.py:1302: DeprecationWarning: This process (pid=93053) is multi-threaded, use of fork() may lead to deadlocks in the child.
  child_pid = os.fork()
/Users/user/Documents/resturantOS/frappe-bench/env/lib/python3.12/site-packages/passlib/utils/__init__.py:854: DeprecationWarning: 'crypt' is deprecated and slated for removal in Python 3.13
  from crypt import crypt as _crypt
/Users/user/Documents/resturantOS/frappe-bench/env/lib/python3.12/site-packages/rq/worker.py:1302: DeprecationWarning: This process (pid=93053) is multi-threaded, use of fork() may lead to deadlocks in the child.
  child_pid = os.fork()
/Users/user/Documents/resturantOS/frappe-bench/env/lib/python3.12/site-packages/passlib/utils/__init__.py:854: DeprecationWarning: 'crypt' is deprecated and slated for removal in Python 3.13
  from crypt import crypt as _crypt
/Users/user/Documents/resturantOS/frappe-bench/env/lib/python3.12/site-packages/rq/worker.py:1302: DeprecationWarning: This process (pid=93053) is multi-threaded, use of fork() may lead to deadlocks in the child.
  child_pid = os.fork()
/Users/user/Documents/resturantOS/frappe-bench/env/lib/python3.12/site-packages/passlib/utils/__init__.py:854: DeprecationWarning: 'crypt' is deprecated and slated for removal in Python 3.13
  from crypt import crypt as _crypt
/Users/user/Documents/resturantOS/frappe-bench/env/lib/python3.12/site-packages/rq/worker.py:1302: DeprecationWarning: This process (pid=93053) is multi-threaded, use of fork() may lead to deadlocks in the child.
  child_pid = os.fork()
/Users/user/Documents/resturantOS/frappe-bench/env/lib/python3.12/site-packages/passlib/utils/__init__.py:854: DeprecationWarning: 'crypt' is deprecated and slated for removal in Python 3.13
  from crypt import crypt as _crypt
/Users/user/Documents/resturantOS/frappe-bench/env/lib/python3.12/site-packages/rq/worker.py:1302: DeprecationWarning: This process (pid=93053) is multi-threaded, use of fork() may lead to deadlocks in the child.
  child_pid = os.fork()
/Users/user/Documents/resturantOS/frappe-bench/env/lib/python3.12/site-packages/passlib/utils/__init__.py:854: DeprecationWarning: 'crypt' is deprecated and slated for removal in Python 3.13
  from crypt import crypt as _crypt
/Users/user/Documents/resturantOS/frappe-bench/env/lib/python3.12/site-packages/rq/worker.py:1302: DeprecationWarning: This process (pid=93053) is multi-threaded, use of fork() may lead to deadlocks in the child.
  child_pid = os.fork()
/Users/user/Documents/resturantOS/frappe-bench/env/lib/python3.12/site-packages/passlib/utils/__init__.py:854: DeprecationWarning: 'crypt' is deprecated and slated for removal in Python 3.13
  from crypt import crypt as _crypt
/Users/user/Documents/resturantOS/frappe-bench/env/lib/python3.12/site-packages/rq/worker.py:1302: DeprecationWarning: This process (pid=93053) is multi-threaded, use of fork() may lead to deadlocks in the child.
  child_pid = os.fork()
/Users/user/Documents/resturantOS/frappe-bench/env/lib/python3.12/site-packages/passlib/utils/__init__.py:854: DeprecationWarning: 'crypt' is deprecated and slated for removal in Python 3.13
  from crypt import crypt as _crypt
/Users/user/Documents/resturantOS/frappe-bench/env/lib/python3.12/site-packages/rq/worker.py:1302: DeprecationWarning: This process (pid=93053) is multi-threaded, use of fork() may lead to deadlocks in the child.
  child_pid = os.fork()
/Users/user/Documents/resturantOS/frappe-bench/env/lib/python3.12/site-packages/passlib/utils/__init__.py:854: DeprecationWarning: 'crypt' is deprecated and slated for removal in Python 3.13
  from crypt import crypt as _crypt
/Users/user/Documents/resturantOS/frappe-bench/env/lib/python3.12/site-packages/rq/worker.py:1302: DeprecationWarning: This process (pid=93053) is multi-threaded, use of fork() may lead to deadlocks in the child.
  child_pid = os.fork()
/Users/user/Documents/resturantOS/frappe-bench/env/lib/python3.12/site-packages/passlib/utils/__init__.py:854: DeprecationWarning: 'crypt' is deprecated and slated for removal in Python 3.13
  from crypt import crypt as _crypt
/Users/user/Documents/resturantOS/frappe-bench/env/lib/python3.12/site-packages/rq/worker.py:1302: DeprecationWarning: This process (pid=93053) is multi-threaded, use of fork() may lead to deadlocks in the child.
  child_pid = os.fork()
/Users/user/Documents/resturantOS/frappe-bench/env/lib/python3.12/site-packages/passlib/utils/__init__.py:854: DeprecationWarning: 'crypt' is deprecated and slated for removal in Python 3.13
  from crypt import crypt as _crypt
/Users/user/Documents/resturantOS/frappe-bench/env/lib/python3.12/site-packages/rq/worker.py:1302: DeprecationWarning: This process (pid=93053) is multi-threaded, use of fork() may lead to deadlocks in the child.
  child_pid = os.fork()
/Users/user/Documents/resturantOS/frappe-bench/env/lib/python3.12/site-packages/passlib/utils/__init__.py:854: DeprecationWarning: 'crypt' is deprecated and slated for removal in Python 3.13
  from crypt import crypt as _crypt
/Users/user/Documents/resturantOS/frappe-bench/env/lib/python3.12/site-packages/rq/worker.py:1302: DeprecationWarning: This process (pid=93053) is multi-threaded, use of fork() may lead to deadlocks in the child.
  child_pid = os.fork()
/Users/user/Documents/resturantOS/frappe-bench/env/lib/python3.12/site-packages/passlib/utils/__init__.py:854: DeprecationWarning: 'crypt' is deprecated and slated for removal in Python 3.13
  from crypt import crypt as _crypt
/Users/user/Documents/resturantOS/frappe-bench/env/lib/python3.12/site-packages/rq/worker.py:1302: DeprecationWarning: This process (pid=93053) is multi-threaded, use of fork() may lead to deadlocks in the child.
  child_pid = os.fork()
/Users/user/Documents/resturantOS/frappe-bench/env/lib/python3.12/site-packages/passlib/utils/__init__.py:854: DeprecationWarning: 'crypt' is deprecated and slated for removal in Python 3.13
  from crypt import crypt as _crypt
/Users/user/Documents/resturantOS/frappe-bench/env/lib/python3.12/site-packages/rq/worker.py:1302: DeprecationWarning: This process (pid=93053) is multi-threaded, use of fork() may lead to deadlocks in the child.
  child_pid = os.fork()
/Users/user/Documents/resturantOS/frappe-bench/env/lib/python3.12/site-packages/passlib/utils/__init__.py:854: DeprecationWarning: 'crypt' is deprecated and slated for removal in Python 3.13
  from crypt import crypt as _crypt
/Users/user/Documents/resturantOS/frappe-bench/env/lib/python3.12/site-packages/rq/worker.py:1302: DeprecationWarning: This process (pid=93053) is multi-threaded, use of fork() may lead to deadlocks in the child.
  child_pid = os.fork()
/Users/user/Documents/resturantOS/frappe-bench/env/lib/python3.12/site-packages/passlib/utils/__init__.py:854: DeprecationWarning: 'crypt' is deprecated and slated for removal in Python 3.13
  from crypt import crypt as _crypt
/Users/user/Documents/resturantOS/frappe-bench/env/lib/python3.12/site-packages/rq/worker.py:1302: DeprecationWarning: This process (pid=93053) is multi-threaded, use of fork() may lead to deadlocks in the child.
  child_pid = os.fork()
/Users/user/Documents/resturantOS/frappe-bench/env/lib/python3.12/site-packages/passlib/utils/__init__.py:854: DeprecationWarning: 'crypt' is deprecated and slated for removal in Python 3.13
  from crypt import crypt as _crypt
/Users/user/Documents/resturantOS/frappe-bench/env/lib/python3.12/site-packages/rq/worker.py:1302: DeprecationWarning: This process (pid=93053) is multi-threaded, use of fork() may lead to deadlocks in the child.
  child_pid = os.fork()
/Users/user/Documents/resturantOS/frappe-bench/env/lib/python3.12/site-packages/passlib/utils/__init__.py:854: DeprecationWarning: 'crypt' is deprecated and slated for removal in Python 3.13
  from crypt import crypt as _crypt
/Users/user/Documents/resturantOS/frappe-bench/env/lib/python3.12/site-packages/rq/worker.py:1302: DeprecationWarning: This process (pid=93053) is multi-threaded, use of fork() may lead to deadlocks in the child.
  child_pid = os.fork()
/Users/user/Documents/resturantOS/frappe-bench/env/lib/python3.12/site-packages/passlib/utils/__init__.py:854: DeprecationWarning: 'crypt' is deprecated and slated for removal in Python 3.13
  from crypt import crypt as _crypt
/Users/user/Documents/resturantOS/frappe-bench/env/lib/python3.12/site-packages/rq/worker.py:1302: DeprecationWarning: This process (pid=93053) is multi-threaded, use of fork() may lead to deadlocks in the child.
  child_pid = os.fork()
/Users/user/Documents/resturantOS/frappe-bench/env/lib/python3.12/site-packages/passlib/utils/__init__.py:854: DeprecationWarning: 'crypt' is deprecated and slated for removal in Python 3.13
  from crypt import crypt as _crypt
/Users/user/Documents/resturantOS/frappe-bench/env/lib/python3.12/site-packages/rq/worker.py:1302: DeprecationWarning: This process (pid=93053) is multi-threaded, use of fork() may lead to deadlocks in the child.
  child_pid = os.fork()
/Users/user/Documents/resturantOS/frappe-bench/env/lib/python3.12/site-packages/passlib/utils/__init__.py:854: DeprecationWarning: 'crypt' is deprecated and slated for removal in Python 3.13
  from crypt import crypt as _crypt
/Users/user/Documents/resturantOS/frappe-bench/env/lib/python3.12/site-packages/rq/worker.py:1302: DeprecationWarning: This process (pid=93053) is multi-threaded, use of fork() may lead to deadlocks in the child.
  child_pid = os.fork()
/Users/user/Documents/resturantOS/frappe-bench/env/lib/python3.12/site-packages/passlib/utils/__init__.py:854: DeprecationWarning: 'crypt' is deprecated and slated for removal in Python 3.13
  from crypt import crypt as _crypt
/Users/user/Documents/resturantOS/frappe-bench/env/lib/python3.12/site-packages/rq/worker.py:1302: DeprecationWarning: This process (pid=93053) is multi-threaded, use of fork() may lead to deadlocks in the child.
  child_pid = os.fork()
/Users/user/Documents/resturantOS/frappe-bench/env/lib/python3.12/site-packages/passlib/utils/__init__.py:854: DeprecationWarning: 'crypt' is deprecated and slated for removal in Python 3.13
  from crypt import crypt as _crypt
/Users/user/Documents/resturantOS/frappe-bench/env/lib/python3.12/site-packages/rq/worker.py:1302: DeprecationWarning: This process (pid=93053) is multi-threaded, use of fork() may lead to deadlocks in the child.
  child_pid = os.fork()
/Users/user/Documents/resturantOS/frappe-bench/env/lib/python3.12/site-packages/passlib/utils/__init__.py:854: DeprecationWarning: 'crypt' is deprecated and slated for removal in Python 3.13
  from crypt import crypt as _crypt
/Users/user/Documents/resturantOS/frappe-bench/env/lib/python3.12/site-packages/rq/worker.py:1302: DeprecationWarning: This process (pid=93053) is multi-threaded, use of fork() may lead to deadlocks in the child.
  child_pid = os.fork()
/Users/user/Documents/resturantOS/frappe-bench/env/lib/python3.12/site-packages/passlib/utils/__init__.py:854: DeprecationWarning: 'crypt' is deprecated and slated for removal in Python 3.13
  from crypt import crypt as _crypt
/Users/user/Documents/resturantOS/frappe-bench/env/lib/python3.12/site-packages/rq/worker.py:1302: DeprecationWarning: This process (pid=93053) is multi-threaded, use of fork() may lead to deadlocks in the child.
  child_pid = os.fork()
/Users/user/Documents/resturantOS/frappe-bench/env/lib/python3.12/site-packages/passlib/utils/__init__.py:854: DeprecationWarning: 'crypt' is deprecated and slated for removal in Python 3.13
  from crypt import crypt as _crypt
/Users/user/Documents/resturantOS/frappe-bench/env/lib/python3.12/site-packages/rq/worker.py:1302: DeprecationWarning: This process (pid=93053) is multi-threaded, use of fork() may lead to deadlocks in the child.
  child_pid = os.fork()
/Users/user/Documents/resturantOS/frappe-bench/env/lib/python3.12/site-packages/passlib/utils/__init__.py:854: DeprecationWarning: 'crypt' is deprecated and slated for removal in Python 3.13
  from crypt import crypt as _crypt
/Users/user/Documents/resturantOS/frappe-bench/env/lib/python3.12/site-packages/rq/worker.py:1302: DeprecationWarning: This process (pid=93053) is multi-threaded, use of fork() may lead to deadlocks in the child.
  child_pid = os.fork()
/Users/user/Documents/resturantOS/frappe-bench/env/lib/python3.12/site-packages/passlib/utils/__init__.py:854: DeprecationWarning: 'crypt' is deprecated and slated for removal in Python 3.13
  from crypt import crypt as _crypt
/Users/user/Documents/resturantOS/frappe-bench/env/lib/python3.12/site-packages/rq/worker.py:1302: DeprecationWarning: This process (pid=93053) is multi-threaded, use of fork() may lead to deadlocks in the child.
  child_pid = os.fork()
/Users/user/Documents/resturantOS/frappe-bench/env/lib/python3.12/site-packages/passlib/utils/__init__.py:854: DeprecationWarning: 'crypt' is deprecated and slated for removal in Python 3.13
  from crypt import crypt as _crypt
/Users/user/Documents/resturantOS/frappe-bench/env/lib/python3.12/site-packages/rq/worker.py:1302: DeprecationWarning: This process (pid=93053) is multi-threaded, use of fork() may lead to deadlocks in the child.
  child_pid = os.fork()
/Users/user/Documents/resturantOS/frappe-bench/env/lib/python3.12/site-packages/passlib/utils/__init__.py:854: DeprecationWarning: 'crypt' is deprecated and slated for removal in Python 3.13
  from crypt import crypt as _crypt
/Users/user/Documents/resturantOS/frappe-bench/env/lib/python3.12/site-packages/rq/worker.py:1302: DeprecationWarning: This process (pid=93053) is multi-threaded, use of fork() may lead to deadlocks in the child.
  child_pid = os.fork()
/Users/user/Documents/resturantOS/frappe-bench/env/lib/python3.12/site-packages/passlib/utils/__init__.py:854: DeprecationWarning: 'crypt' is deprecated and slated for removal in Python 3.13
  from crypt import crypt as _crypt
/Users/user/Documents/resturantOS/frappe-bench/env/lib/python3.12/site-packages/rq/worker.py:1302: DeprecationWarning: This process (pid=93053) is multi-threaded, use of fork() may lead to deadlocks in the child.
  child_pid = os.fork()
/Users/user/Documents/resturantOS/frappe-bench/env/lib/python3.12/site-packages/passlib/utils/__init__.py:854: DeprecationWarning: 'crypt' is deprecated and slated for removal in Python 3.13
  from crypt import crypt as _crypt
/Users/user/Documents/resturantOS/frappe-bench/env/lib/python3.12/site-packages/rq/worker.py:1302: DeprecationWarning: This process (pid=93053) is multi-threaded, use of fork() may lead to deadlocks in the child.
  child_pid = os.fork()
/Users/user/Documents/resturantOS/frappe-bench/env/lib/python3.12/site-packages/passlib/utils/__init__.py:854: DeprecationWarning: 'crypt' is deprecated and slated for removal in Python 3.13
  from crypt import crypt as _crypt
/Users/user/Documents/resturantOS/frappe-bench/env/lib/python3.12/site-packages/rq/worker.py:1302: DeprecationWarning: This process (pid=93053) is multi-threaded, use of fork() may lead to deadlocks in the child.
  child_pid = os.fork()
/Users/user/Documents/resturantOS/frappe-bench/env/lib/python3.12/site-packages/passlib/utils/__init__.py:854: DeprecationWarning: 'crypt' is deprecated and slated for removal in Python 3.13
  from crypt import crypt as _crypt
/Users/user/Documents/resturantOS/frappe-bench/env/lib/python3.12/site-packages/rq/worker.py:1302: DeprecationWarning: This process (pid=93053) is multi-threaded, use of fork() may lead to deadlocks in the child.
  child_pid = os.fork()
/Users/user/Documents/resturantOS/frappe-bench/env/lib/python3.12/site-packages/passlib/utils/__init__.py:854: DeprecationWarning: 'crypt' is deprecated and slated for removal in Python 3.13
  from crypt import crypt as _crypt
/Users/user/Documents/resturantOS/frappe-bench/env/lib/python3.12/site-packages/rq/worker.py:1302: DeprecationWarning: This process (pid=93053) is multi-threaded, use of fork() may lead to deadlocks in the child.
  child_pid = os.fork()
/Users/user/Documents/resturantOS/frappe-bench/env/lib/python3.12/site-packages/passlib/utils/__init__.py:854: DeprecationWarning: 'crypt' is deprecated and slated for removal in Python 3.13
  from crypt import crypt as _crypt
/Users/user/Documents/resturantOS/frappe-bench/env/lib/python3.12/site-packages/rq/worker.py:1302: DeprecationWarning: This process (pid=93053) is multi-threaded, use of fork() may lead to deadlocks in the child.
  child_pid = os.fork()
/Users/user/Documents/resturantOS/frappe-bench/env/lib/python3.12/site-packages/passlib/utils/__init__.py:854: DeprecationWarning: 'crypt' is deprecated and slated for removal in Python 3.13
  from crypt import crypt as _crypt
/Users/user/Documents/resturantOS/frappe-bench/env/lib/python3.12/site-packages/rq/worker.py:1302: DeprecationWarning: This process (pid=93053) is multi-threaded, use of fork() may lead to deadlocks in the child.
  child_pid = os.fork()
/Users/user/Documents/resturantOS/frappe-bench/env/lib/python3.12/site-packages/passlib/utils/__init__.py:854: DeprecationWarning: 'crypt' is deprecated and slated for removal in Python 3.13
  from crypt import crypt as _crypt
/Users/user/Documents/resturantOS/frappe-bench/env/lib/python3.12/site-packages/rq/worker.py:1302: DeprecationWarning: This process (pid=93053) is multi-threaded, use of fork() may lead to deadlocks in the child.
  child_pid = os.fork()
/Users/user/Documents/resturantOS/frappe-bench/env/lib/python3.12/site-packages/passlib/utils/__init__.py:854: DeprecationWarning: 'crypt' is deprecated and slated for removal in Python 3.13
  from crypt import crypt as _crypt
/Users/user/Documents/resturantOS/frappe-bench/env/lib/python3.12/site-packages/rq/worker.py:1302: DeprecationWarning: This process (pid=93053) is multi-threaded, use of fork() may lead to deadlocks in the child.
  child_pid = os.fork()
/Users/user/Documents/resturantOS/frappe-bench/env/lib/python3.12/site-packages/passlib/utils/__init__.py:854: DeprecationWarning: 'crypt' is deprecated and slated for removal in Python 3.13
  from crypt import crypt as _crypt
/Users/user/Documents/resturantOS/frappe-bench/env/lib/python3.12/site-packages/rq/worker.py:1302: DeprecationWarning: This process (pid=93053) is multi-threaded, use of fork() may lead to deadlocks in the child.
  child_pid = os.fork()
/Users/user/Documents/resturantOS/frappe-bench/env/lib/python3.12/site-packages/passlib/utils/__init__.py:854: DeprecationWarning: 'crypt' is deprecated and slated for removal in Python 3.13
  from crypt import crypt as _crypt
/Users/user/Documents/resturantOS/frappe-bench/env/lib/python3.12/site-packages/rq/worker.py:1302: DeprecationWarning: This process (pid=93053) is multi-threaded, use of fork() may lead to deadlocks in the child.
  child_pid = os.fork()
/Users/user/Documents/resturantOS/frappe-bench/env/lib/python3.12/site-packages/passlib/utils/__init__.py:854: DeprecationWarning: 'crypt' is deprecated and slated for removal in Python 3.13
  from crypt import crypt as _crypt
/Users/user/Documents/resturantOS/frappe-bench/env/lib/python3.12/site-packages/rq/worker.py:1302: DeprecationWarning: This process (pid=93053) is multi-threaded, use of fork() may lead to deadlocks in the child.
  child_pid = os.fork()
/Users/user/Documents/resturantOS/frappe-bench/env/lib/python3.12/site-packages/passlib/utils/__init__.py:854: DeprecationWarning: 'crypt' is deprecated and slated for removal in Python 3.13
  from crypt import crypt as _crypt
/Users/user/Documents/resturantOS/frappe-bench/env/lib/python3.12/site-packages/rq/worker.py:1302: DeprecationWarning: This process (pid=93053) is multi-threaded, use of fork() may lead to deadlocks in the child.
  child_pid = os.fork()
/Users/user/Documents/resturantOS/frappe-bench/env/lib/python3.12/site-packages/passlib/utils/__init__.py:854: DeprecationWarning: 'crypt' is deprecated and slated for removal in Python 3.13
  from crypt import crypt as _crypt
/Users/user/Documents/resturantOS/frappe-bench/env/lib/python3.12/site-packages/rq/worker.py:1302: DeprecationWarning: This process (pid=93053) is multi-threaded, use of fork() may lead to deadlocks in the child.
  child_pid = os.fork()
/Users/user/Documents/resturantOS/frappe-bench/env/lib/python3.12/site-packages/passlib/utils/__init__.py:854: DeprecationWarning: 'crypt' is deprecated and slated for removal in Python 3.13
  from crypt import crypt as _crypt
/Users/user/Documents/resturantOS/frappe-bench/env/lib/python3.12/site-packages/rq/worker.py:1302: DeprecationWarning: This process (pid=93053) is multi-threaded, use of fork() may lead to deadlocks in the child.
  child_pid = os.fork()
/Users/user/Documents/resturantOS/frappe-bench/env/lib/python3.12/site-packages/passlib/utils/__init__.py:854: DeprecationWarning: 'crypt' is deprecated and slated for removal in Python 3.13
  from crypt import crypt as _crypt
/Users/user/Documents/resturantOS/frappe-bench/env/lib/python3.12/site-packages/rq/worker.py:1302: DeprecationWarning: This process (pid=93053) is multi-threaded, use of fork() may lead to deadlocks in the child.
  child_pid = os.fork()
/Users/user/Documents/resturantOS/frappe-bench/env/lib/python3.12/site-packages/passlib/utils/__init__.py:854: DeprecationWarning: 'crypt' is deprecated and slated for removal in Python 3.13
  from crypt import crypt as _crypt
/Users/user/Documents/resturantOS/frappe-bench/env/lib/python3.12/site-packages/rq/worker.py:1302: DeprecationWarning: This process (pid=93053) is multi-threaded, use of fork() may lead to deadlocks in the child.
  child_pid = os.fork()
/Users/user/Documents/resturantOS/frappe-bench/env/lib/python3.12/site-packages/passlib/utils/__init__.py:854: DeprecationWarning: 'crypt' is deprecated and slated for removal in Python 3.13
  from crypt import crypt as _crypt
/Users/user/Documents/resturantOS/frappe-bench/env/lib/python3.12/site-packages/rq/worker.py:1302: DeprecationWarning: This process (pid=93053) is multi-threaded, use of fork() may lead to deadlocks in the child.
  child_pid = os.fork()
/Users/user/Documents/resturantOS/frappe-bench/env/lib/python3.12/site-packages/passlib/utils/__init__.py:854: DeprecationWarning: 'crypt' is deprecated and slated for removal in Python 3.13
  from crypt import crypt as _crypt
/Users/user/Documents/resturantOS/frappe-bench/env/lib/python3.12/site-packages/rq/worker.py:1302: DeprecationWarning: This process (pid=93053) is multi-threaded, use of fork() may lead to deadlocks in the child.
  child_pid = os.fork()
/Users/user/Documents/resturantOS/frappe-bench/env/lib/python3.12/site-packages/passlib/utils/__init__.py:854: DeprecationWarning: 'crypt' is deprecated and slated for removal in Python 3.13
  from crypt import crypt as _crypt
/Users/user/Documents/resturantOS/frappe-bench/env/lib/python3.12/site-packages/rq/worker.py:1302: DeprecationWarning: This process (pid=93053) is multi-threaded, use of fork() may lead to deadlocks in the child.
  child_pid = os.fork()
/Users/user/Documents/resturantOS/frappe-bench/env/lib/python3.12/site-packages/passlib/utils/__init__.py:854: DeprecationWarning: 'crypt' is deprecated and slated for removal in Python 3.13
  from crypt import crypt as _crypt
